tx_hash,tx_url,block,datetime_utc,from,from_url,to,to_url,value,txn_fee
0xe016684c77280ae8ab88ccb80da9785078ac9218b069edec00a5cc1a2fb252d3,https://bscscan.com/tx/0xe016684c77280ae8ab88ccb80da9785078ac9218b069edec00a5cc1a2fb252d3,Close Trade,2025-10-12 17:10:19,2025-10-12 17:10:19,,1760289019,,0x128C33C1...d89Aa0442,OUT
0x8ad9ec554cde7405f4a3aa59d3d18be097538dc5cc8fe2653cfaf72c58bda34e,https://bscscan.com/tx/0x8ad9ec554cde7405f4a3aa59d3d18be097538dc5cc8fe2653cfaf72c58bda34e,Open Market Trad...,2025-10-12 17:08:20,2025-10-12 17:08:20,,1760288900,,0x128C33C1...d89Aa0442,OUT
0xddae4e298a2e0163ed41d2434bf892a1bbefd58e2d4fa007895e43d45a14078d,https://bscscan.com/tx/0xddae4e298a2e0163ed41d2434bf892a1bbefd58e2d4fa007895e43d45a14078d,Deposit USDF,2025-10-11 14:30:57,2025-10-11 14:30:57,,1760193057,,0x128C33C1...d89Aa0442,OUT
0xbb99da1b07e915f9fdb1bc6fb20b249714253db3a06065eebf38e7b7d48cb182,https://bscscan.com/tx/0xbb99da1b07e915f9fdb1bc6fb20b249714253db3a06065eebf38e7b7d48cb182,Approve,2025-10-11 14:28:17,2025-10-11 14:28:17,,1760192897,,0x128C33C1...d89Aa0442,OUT
0x994a4eac53976d06b1108ef08aab9e6672f5ae8290cf6ea67b22b630d2d107a2,https://bscscan.com/tx/0x994a4eac53976d06b1108ef08aab9e6672f5ae8290cf6ea67b22b630d2d107a2,Transfer,2025-10-06 13:43:18,2025-10-06 13:43:18,,1759758198,,0x128C33C1...d89Aa0442,OUT
0x2b98d9fcfcadaf23a738100b0dba5f596793a1659ed3fe1544aaaa1e4b558e42,https://bscscan.com/tx/0x2b98d9fcfcadaf23a738100b0dba5f596793a1659ed3fe1544aaaa1e4b558e42,Transfer,2025-10-06 1:32:35,2025-10-06 1:32:35,,1759714355,,0x128C33C1...d89Aa0442,OUT
0xc4d88c7ea510ced00e221bd5467c31d6bfd658261346cf7258769c80ae954baf,https://bscscan.com/tx/0xc4d88c7ea510ced00e221bd5467c31d6bfd658261346cf7258769c80ae954baf,Swap,2025-10-06 1:31:57,2025-10-06 1:31:57,,1759714317,,0x128C33C1...d89Aa0442,OUT
0x2e804c4b231a6c4f0a71eaeac5b2296e7edd94bc15437e1f7c82d14d1e80d269,https://bscscan.com/tx/0x2e804c4b231a6c4f0a71eaeac5b2296e7edd94bc15437e1f7c82d14d1e80d269,Transfer,2025-10-06 1:31:57,2025-10-06 1:31:57,,1759714317,,MetaMask: Gas Station 2,IN
0xb4c6c89d39c5113969427adafc2fff52733f2ed36645dc3be1edbe6d74ce6c70,https://bscscan.com/tx/0xb4c6c89d39c5113969427adafc2fff52733f2ed36645dc3be1edbe6d74ce6c70,Transfer,2025-08-20 20:12:42,2025-08-20 20:12:42,,1755720762,,0x128C33C1...d89Aa0442,OUT
0x97a8bc9e14205ce1684b26fc6cb590b48e2ef6c03a5f03b7425b750b1c6b4fe4,https://bscscan.com/tx/0x97a8bc9e14205ce1684b26fc6cb590b48e2ef6c03a5f03b7425b750b1c6b4fe4,Transfer*,2025-08-20 20:10:45,2025-08-20 20:10:45,,1755720645,,0x128C33C1...d89Aa0442,SELF
0x3be4cfe651ed2ecaac3b2c6ac090664db33aca72d3a7d21e45f7854b86f71c2a,https://bscscan.com/tx/0x3be4cfe651ed2ecaac3b2c6ac090664db33aca72d3a7d21e45f7854b86f71c2a,Multicall,2025-08-20 20:09:50,2025-08-20 20:09:50,,1755720590,,0x128C33C1...d89Aa0442,OUT
0xb510d21daf843010951d08fb5bc071b6bc0aed10ad2c862f200b778cf423a42e,https://bscscan.com/tx/0xb510d21daf843010951d08fb5bc071b6bc0aed10ad2c862f200b778cf423a42e,Multicall,2025-08-20 20:09:31,2025-08-20 20:09:31,,1755720571,,0x128C33C1...d89Aa0442,OUT
0x2ff8d8c7accc7b9edfd0ac51fd52d5c3d4e0887fafe578400c859c8315614ce2,https://bscscan.com/tx/0x2ff8d8c7accc7b9edfd0ac51fd52d5c3d4e0887fafe578400c859c8315614ce2,Multicall,2025-08-20 0:59:56,2025-08-20 0:59:56,,1755651596,,0x128C33C1...d89Aa0442,OUT
0xc897ce1a17a5bb690114110361f0401222287225498df21368d146b17e97050c,https://bscscan.com/tx/0xc897ce1a17a5bb690114110361f0401222287225498df21368d146b17e97050c,Approve,2025-08-20 0:59:29,2025-08-20 0:59:29,,1755651569,,0x128C33C1...d89Aa0442,OUT
0x7c0cd735f99372e6758917695509010b1ff1c51e0c82b6d43e24e2c3b16bf82b,https://bscscan.com/tx/0x7c0cd735f99372e6758917695509010b1ff1c51e0c82b6d43e24e2c3b16bf82b,Approve,2025-08-20 0:58:10,2025-08-20 0:58:10,,1755651490,,0x128C33C1...d89Aa0442,OUT
0x3fb46af8a1bf9bd64b51f28132d53fd5c5a8c4825dd6c297b20129ce1a829765,https://bscscan.com/tx/0x3fb46af8a1bf9bd64b51f28132d53fd5c5a8c4825dd6c297b20129ce1a829765,Transfer*,2025-08-20 0:57:23,2025-08-20 0:57:23,,1755651443,,0x128C33C1...d89Aa0442,SELF
0x45c715037e024bb00e7df96adaf870dc5aa41e3755f4853df4f3e446e4e1b462,https://bscscan.com/tx/0x45c715037e024bb00e7df96adaf870dc5aa41e3755f4853df4f3e446e4e1b462,Transfer*,2025-08-20 0:55:56,2025-08-20 0:55:56,,1755651356,,0x128C33C1...d89Aa0442,SELF
0xdca708f1949dc64e764f613c9d62e95df8ea6b0e24519088b24717c6353f4883,https://bscscan.com/tx/0xdca708f1949dc64e764f613c9d62e95df8ea6b0e24519088b24717c6353f4883,Transfer,2025-08-13 1:42:39,2025-08-13 1:42:39,,1755049359,,0x128C33C1...d89Aa0442,OUT
0xf3f2c56077c5006ab483fb48d43ae6e2a4402f4adca16af02e6e48d743f74e40,https://bscscan.com/tx/0xf3f2c56077c5006ab483fb48d43ae6e2a4402f4adca16af02e6e48d743f74e40,Swap,2025-08-13 1:42:01,2025-08-13 1:42:01,,1755049321,,0x128C33C1...d89Aa0442,OUT
0x2f8878645606de96f9506b51a66cfe867be75c88a24e95764287eaa0045c9e71,https://bscscan.com/tx/0x2f8878645606de96f9506b51a66cfe867be75c88a24e95764287eaa0045c9e71,Transfer,2025-08-13 1:42:01,2025-08-13 1:42:01,,1755049321,,MetaMask: Gas Station 2,IN
0x5ea61bf0d0b41acaa29e62466c631fae41b25127ccff3a990ab080b99836afc1,https://bscscan.com/tx/0x5ea61bf0d0b41acaa29e62466c631fae41b25127ccff3a990ab080b99836afc1,Approve,2025-08-13 1:41:59,2025-08-13 1:41:59,,1755049319,,0x128C33C1...d89Aa0442,OUT
0x4e60568fc157588ebf510a9f9ed057b0482d1752fa0efa3ad8c53a4ac84a710e,https://bscscan.com/tx/0x4e60568fc157588ebf510a9f9ed057b0482d1752fa0efa3ad8c53a4ac84a710e,Swap,2025-08-13 1:39:50,2025-08-13 1:39:50,,1755049190,,0x128C33C1...d89Aa0442,OUT
0x31f375933c115c8ee4f249ff117162f5671bed4a2fc456d83265fce931ff86f3,https://bscscan.com/tx/0x31f375933c115c8ee4f249ff117162f5671bed4a2fc456d83265fce931ff86f3,Withdraw,2025-08-13 1:33:51,2025-08-13 1:33:51,,1755048831,,0x128C33C1...d89Aa0442,OUT
0xff2cdc087074b982e73a3ca5c23d07e6ea8c386e562b1153fa40a60a6746e470,https://bscscan.com/tx/0xff2cdc087074b982e73a3ca5c23d07e6ea8c386e562b1153fa40a60a6746e470,Swap,2025-08-13 1:33:19,2025-08-13 1:33:19,,1755048799,,0x128C33C1...d89Aa0442,OUT
0xd13a250aca2a819d6b91971bbea6d05ee326ec8d7dd5e8e1bb2091b7df465e96,https://bscscan.com/tx/0xd13a250aca2a819d6b91971bbea6d05ee326ec8d7dd5e8e1bb2091b7df465e96,Approve,2025-08-13 1:33:17,2025-08-13 1:33:17,,1755048797,,0x128C33C1...d89Aa0442,OUT
0x7bf8df2b29b66fd49300b4fb76006ec79e838663caf9fe89d8cab9341dfbd13f,https://bscscan.com/tx/0x7bf8df2b29b66fd49300b4fb76006ec79e838663caf9fe89d8cab9341dfbd13f,Execute Order,2025-08-13 1:07:56,2025-08-13 1:07:56,,1755047276,,0x128C33C1...d89Aa0442,OUT
0x57b51ab445dbc7ef2dbc97b075cb2fd8b61a32eb94193de605f15418c1c3581c,https://bscscan.com/tx/0x57b51ab445dbc7ef2dbc97b075cb2fd8b61a32eb94193de605f15418c1c3581c,Approve,2025-08-13 1:07:43,2025-08-13 1:07:43,,1755047263,,0x128C33C1...d89Aa0442,OUT
0xfe52f98513263dfdc8c63da42754643cf7c13e796398734c996d08ebb2d9b873,https://bscscan.com/tx/0xfe52f98513263dfdc8c63da42754643cf7c13e796398734c996d08ebb2d9b873,Execute Order,2025-08-13 1:04:47,2025-08-13 1:04:47,,1755047087,,0x128C33C1...d89Aa0442,OUT
0xcf107ef9c4c87835c8fdc3374baf38fccf81c2f19a1b5e8915f2562db96db04c,https://bscscan.com/tx/0xcf107ef9c4c87835c8fdc3374baf38fccf81c2f19a1b5e8915f2562db96db04c,Approve,2025-08-13 1:03:26,2025-08-13 1:03:26,,1755047006,,0x128C33C1...d89Aa0442,OUT
0x194dfaf3f48f748fa481f46b5c2b3393b53d70ebff12205646f60c4f0dbf6217,https://bscscan.com/tx/0x194dfaf3f48f748fa481f46b5c2b3393b53d70ebff12205646f60c4f0dbf6217,Transfer,2025-08-12 5:42:47,2025-08-12 5:42:47,,1754977367,,Binance: Hot Wallet 16,IN
0x4d37e1683339decfaf750249331ff0bcb33d740712b2415fa08a6d162bbe749c,https://bscscan.com/tx/0x4d37e1683339decfaf750249331ff0bcb33d740712b2415fa08a6d162bbe749c,Transfer,2025-04-06 23:52:04,2025-04-06 23:52:04,,1743983524,,0x128C33C1...d89Aa0442,OUT
0x37d2f69cddee89d2c62cbdd85cc3636528f200dd052d1ac80ae6386f7d91f234,https://bscscan.com/tx/0x37d2f69cddee89d2c62cbdd85cc3636528f200dd052d1ac80ae6386f7d91f234,Swap,2025-01-11 18:06:44,2025-01-11 18:06:44,,1736618804,,0x128C33C1...d89Aa0442,OUT
0x8b26a1e3e92e24f02b156312d5e61c076b8c7b29af119cb354bfff3560f7b790,https://bscscan.com/tx/0x8b26a1e3e92e24f02b156312d5e61c076b8c7b29af119cb354bfff3560f7b790,Approve,2025-01-11 18:06:44,2025-01-11 18:06:44,,1736618804,,0x128C33C1...d89Aa0442,OUT
0xcceba26ef8b2bc05811863d823dff955de9e772e87e95a0c00880b09a61622ac,https://bscscan.com/tx/0xcceba26ef8b2bc05811863d823dff955de9e772e87e95a0c00880b09a61622ac,Transfer*,2024-09-05 13:13:53,2024-09-05 13:13:53,,1725542033,,0x128C33C1...d89Aa0442,OUT
0xed20a61ca145d491032ba284c7c0f5bfce9ab36842627a465682a1cbd3b14109,https://bscscan.com/tx/0xed20a61ca145d491032ba284c7c0f5bfce9ab36842627a465682a1cbd3b14109,Transfer*,2024-09-05 13:13:44,2024-09-05 13:13:44,,1725542024,,0x128C33C1...d89Aa0442,OUT
0x5c53f3579bd9eb9ea0302a5d255089c30cbc22d147fa77a7fc17c09eb44fd34b,https://bscscan.com/tx/0x5c53f3579bd9eb9ea0302a5d255089c30cbc22d147fa77a7fc17c09eb44fd34b,Transfer,2024-04-04 23:08:06,2024-04-04 23:08:06,,1712272086,,0x128C33C1...d89Aa0442,OUT
0xea1dda76f6f348d8f7880ce864075028b7a8ff86ae6f6db5e66c5f154a486ebf,https://bscscan.com/tx/0xea1dda76f6f348d8f7880ce864075028b7a8ff86ae6f6db5e66c5f154a486ebf,Swap,2024-04-04 16:10:30,2024-04-04 16:10:30,,1712247030,,0x128C33C1...d89Aa0442,OUT
0x04f58c753980388a3cdc3d9dee4012b88bf96a9b79f9c6ad391b1832b4a7a5c4,https://bscscan.com/tx/0x04f58c753980388a3cdc3d9dee4012b88bf96a9b79f9c6ad391b1832b4a7a5c4,Strictly Swap An...,2024-03-30 4:22:39,2024-03-30 4:22:39,,1711772559,,0x128C33C1...d89Aa0442,OUT
0xb160870d2aad16b2f445e6bf198a1150ae036ca349ed73fa63ae44f96c85a675,https://bscscan.com/tx/0xb160870d2aad16b2f445e6bf198a1150ae036ca349ed73fa63ae44f96c85a675,Approve,2024-03-30 4:22:03,2024-03-30 4:22:03,,1711772523,,0x128C33C1...d89Aa0442,OUT
0x6958319f7b89b3c5dccb9a26aba177690441cb75c00f275d7fc3462e66a4f860,https://bscscan.com/tx/0x6958319f7b89b3c5dccb9a26aba177690441cb75c00f275d7fc3462e66a4f860,Transfer,2024-02-28 11:17:31,2024-02-28 11:17:31,,1709119051,,0x128C33C1...d89Aa0442,OUT
0x40901a959223eb66fa9a61cd3074d5c82b848f3a6cd7ed81ec5169be80e63920,https://bscscan.com/tx/0x40901a959223eb66fa9a61cd3074d5c82b848f3a6cd7ed81ec5169be80e63920,Swap Exact Token...,2024-02-28 11:13:58,2024-02-28 11:13:58,,1709118838,,0x128C33C1...d89Aa0442,OUT
0x2a6f0204e26f5cb8e2db4239d2c2ecdb8b026583c5e287dd45879e2cfaae75a5,https://bscscan.com/tx/0x2a6f0204e26f5cb8e2db4239d2c2ecdb8b026583c5e287dd45879e2cfaae75a5,Swap Exact Token...,2024-02-28 11:11:55,2024-02-28 11:11:55,,1709118715,,0x128C33C1...d89Aa0442,OUT
0xdc5fc4dd75b4645c3871f4602cfa9d83d463336c82d94b42ee1e4b76fb063b45,https://bscscan.com/tx/0xdc5fc4dd75b4645c3871f4602cfa9d83d463336c82d94b42ee1e4b76fb063b45,Approve,2024-02-28 11:11:25,2024-02-28 11:11:25,,1709118685,,0x128C33C1...d89Aa0442,OUT
0x98e91044af6c5e5aff74b61d3e38e2753c094cd3aca78400a757cf5a92d8cea4,https://bscscan.com/tx/0x98e91044af6c5e5aff74b61d3e38e2753c094cd3aca78400a757cf5a92d8cea4,Claim Rewards,2024-01-14 15:01:31,2024-01-14 15:01:31,,1705244491,,0x128C33C1...d89Aa0442,OUT
0x61463b9b64a643864568a9f7ccff9f042c3c1c9c566039b6d6d36f06b1667254,https://bscscan.com/tx/0x61463b9b64a643864568a9f7ccff9f042c3c1c9c566039b6d6d36f06b1667254,Claim Rewards,2024-01-14 14:59:46,2024-01-14 14:59:46,,1705244386,,0x128C33C1...d89Aa0442,OUT
0x6016d6a28cdafeaac6912d11369d608b6a07dbb25751a65852b3412c70fad3ac,https://bscscan.com/tx/0x6016d6a28cdafeaac6912d11369d608b6a07dbb25751a65852b3412c70fad3ac,0x0ebea81f,2024-01-14 14:57:07,2024-01-14 14:57:07,,1705244227,,0x128C33C1...d89Aa0442,OUT
0x36bf0a2eda43fc8eb39a81f33b0a5ecdf481ac31f275347f79743736f3c0a67c,https://bscscan.com/tx/0x36bf0a2eda43fc8eb39a81f33b0a5ecdf481ac31f275347f79743736f3c0a67c,Unstake Tokens,2024-01-14 14:54:10,2024-01-14 14:54:10,,1705244050,,0x128C33C1...d89Aa0442,OUT
0xa2447e33924d8acd88cc8d9eb791bf1dea6787e7fd75ec8226466b541f3c1c8b,https://bscscan.com/tx/0xa2447e33924d8acd88cc8d9eb791bf1dea6787e7fd75ec8226466b541f3c1c8b,Unlock Tokens,2024-01-14 14:51:45,2024-01-14 14:51:45,,1705243905,,0x128C33C1...d89Aa0442,OUT
0x3903b2e8a62ca24557e5c3a8642c469384373cc63dffe96d25fc2f8d2be5665d,https://bscscan.com/tx/0x3903b2e8a62ca24557e5c3a8642c469384373cc63dffe96d25fc2f8d2be5665d,0x960cbd41,2024-01-14 14:49:49,2024-01-14 14:49:49,,1705243789,,0x128C33C1...d89Aa0442,OUT
0xcb0b96e50dd756f941e2acd048ee1d04dc2e82660ad169738766b32e63d9a75e,https://bscscan.com/tx/0xcb0b96e50dd756f941e2acd048ee1d04dc2e82660ad169738766b32e63d9a75e,Transfer,2023-11-30 0:43:19,2023-11-30 0:43:19,,1701304999,,0x128C33C1...d89Aa0442,OUT
0xfd641a694710fe29c20efe35d0e8295472842a02b4999c4b6adeedbbb3f0f307,https://bscscan.com/tx/0xfd641a694710fe29c20efe35d0e8295472842a02b4999c4b6adeedbbb3f0f307,Transfer,2023-11-30 0:12:46,2023-11-30 0:12:46,,1701303166,,0x128C33C1...d89Aa0442,OUT
0x1b832eec101172d4d4b781e8fd6c2f479adb5ed3fe6ff65ce0e1c9b193f70f21,https://bscscan.com/tx/0x1b832eec101172d4d4b781e8fd6c2f479adb5ed3fe6ff65ce0e1c9b193f70f21,Multicall,2023-09-09 22:58:37,2023-09-09 22:58:37,,1694300317,,0x128C33C1...d89Aa0442,OUT
0x1e08e68eeafc6e42caa468248de8bdaf466cf999c7037d9accbf1ee281bfb13f,https://bscscan.com/tx/0x1e08e68eeafc6e42caa468248de8bdaf466cf999c7037d9accbf1ee281bfb13f,Multicall,2023-09-09 22:56:31,2023-09-09 22:56:31,,1694300191,,0x128C33C1...d89Aa0442,OUT
0x3431e6b1d833a6080836fbcee02d89115f8246b8bf2dfeb495786a5be4ac7216,https://bscscan.com/tx/0x3431e6b1d833a6080836fbcee02d89115f8246b8bf2dfeb495786a5be4ac7216,Transfer,2023-09-09 22:55:58,2023-09-09 22:55:58,,1694300158,,0xE42BE986...70D329C86,IN
0x50075d973429006c6559235d49e7c843bc993cd998f1c2875c7decc0c2411ab4,https://bscscan.com/tx/0x50075d973429006c6559235d49e7c843bc993cd998f1c2875c7decc0c2411ab4,Approve,2023-09-09 22:54:52,2023-09-09 22:54:52,,1694300092,,0x128C33C1...d89Aa0442,OUT
0x05532d6d3754a81f172a27c4ae4b5b6883a133894080d67c4bbdbc00f3be70ff,https://bscscan.com/tx/0x05532d6d3754a81f172a27c4ae4b5b6883a133894080d67c4bbdbc00f3be70ff,Approve,2023-09-09 22:53:37,2023-09-09 22:53:37,,1694300017,,0x128C33C1...d89Aa0442,OUT
0x73221e8e3f5c61761c6f3380219057c4816167c5240091ca77e625a756907ca6,https://bscscan.com/tx/0x73221e8e3f5c61761c6f3380219057c4816167c5240091ca77e625a756907ca6,Approve,2023-09-09 22:51:55,2023-09-09 22:51:55,,1694299915,,0x128C33C1...d89Aa0442,OUT
0xdc02d9f64905748d829fe6a923f535e1126d771033f8be1d7da96b03bf40c791,https://bscscan.com/tx/0xdc02d9f64905748d829fe6a923f535e1126d771033f8be1d7da96b03bf40c791,Claim All,2023-09-09 22:49:22,2023-09-09 22:49:22,,1694299762,,0x128C33C1...d89Aa0442,OUT
0x0ee32c5afef602cabb573e9faf119171744b346868df641e329b16b075babd2e,https://bscscan.com/tx/0x0ee32c5afef602cabb573e9faf119171744b346868df641e329b16b075babd2e,Claim Dividend,2023-09-09 22:48:58,2023-09-09 22:48:58,,1694299738,,0x128C33C1...d89Aa0442,OUT
0x6e19b389f131566aae14d8fefa4985f0568aae7bf4573ae3857b57e901a3a6c8,https://bscscan.com/tx/0x6e19b389f131566aae14d8fefa4985f0568aae7bf4573ae3857b57e901a3a6c8,Transfer,2023-07-24 10:53:33,2023-07-24 10:53:33,,1690196013,,0x128C33C1...d89Aa0442,OUT
0xadf10c9b06548a534cae0b1774ce0062a482ecd708ae4c9edc06226f957b15e3,https://bscscan.com/tx/0xadf10c9b06548a534cae0b1774ce0062a482ecd708ae4c9edc06226f957b15e3,Swap,2023-07-24 10:36:04,2023-07-24 10:36:04,,1690194964,,0x128C33C1...d89Aa0442,OUT
0xce13890c45887734d5b1541e2cc5de3fcb91899a91a1870def591ecf782eaf86,https://bscscan.com/tx/0xce13890c45887734d5b1541e2cc5de3fcb91899a91a1870def591ecf782eaf86,Swap,2023-07-24 10:28:02,2023-07-24 10:28:02,,1690194482,,0x128C33C1...d89Aa0442,OUT
0xa5d55da0f805b89ac3c265bdff544c693601bafcded6b31b734e3becfb33240a,https://bscscan.com/tx/0xa5d55da0f805b89ac3c265bdff544c693601bafcded6b31b734e3becfb33240a,Approve,2023-07-24 10:28:02,2023-07-24 10:28:02,,1690194482,,0x128C33C1...d89Aa0442,OUT
0xbb74af22c9c4bab5e244f2e3a0142d892062248c78bae71e61ebdbf5cbb08770,https://bscscan.com/tx/0xbb74af22c9c4bab5e244f2e3a0142d892062248c78bae71e61ebdbf5cbb08770,Swap,2023-07-24 10:26:05,2023-07-24 10:26:05,,1690194365,,0x128C33C1...d89Aa0442,OUT
0x3c804f7e477fc98e3191e17618f44ed064f12c26b9abcb36d7cc3d9f3f5b6634,https://bscscan.com/tx/0x3c804f7e477fc98e3191e17618f44ed064f12c26b9abcb36d7cc3d9f3f5b6634,Transfer,2023-07-24 1:36:53,2023-07-24 1:36:53,,1690162613,,0x128C33C1...d89Aa0442,OUT
0x7382e691a2216bf6eca6ece806c48d0c5fb0f52114e522830aba23dbfe6a0bc3,https://bscscan.com/tx/0x7382e691a2216bf6eca6ece806c48d0c5fb0f52114e522830aba23dbfe6a0bc3,Swap,2023-07-24 1:35:50,2023-07-24 1:35:50,,1690162550,,0x128C33C1...d89Aa0442,OUT
0x2c73c081fc65fe74b11bca30fae2f3b8c14fe4c26df5347dd884ff1dc39a7254,https://bscscan.com/tx/0x2c73c081fc65fe74b11bca30fae2f3b8c14fe4c26df5347dd884ff1dc39a7254,Approve,2023-07-24 1:35:47,2023-07-24 1:35:47,,1690162547,,0x128C33C1...d89Aa0442,OUT
0x7dc44873206dbbb06f2a0cbf7d8877812c209d17f1ecd510b6df705806a3d146,https://bscscan.com/tx/0x7dc44873206dbbb06f2a0cbf7d8877812c209d17f1ecd510b6df705806a3d146,Swap,2023-07-24 1:30:56,2023-07-24 1:30:56,,1690162256,,0x128C33C1...d89Aa0442,OUT
0xc369293801bc8c77961a945e1699fe93f9313d4372b449486db167393ea6a336,https://bscscan.com/tx/0xc369293801bc8c77961a945e1699fe93f9313d4372b449486db167393ea6a336,Approve,2023-07-24 1:30:53,2023-07-24 1:30:53,,1690162253,,0x128C33C1...d89Aa0442,OUT
0xbdfab56588edfe73ce16d0f98f9b4b1f5b83276d350851885978a5bb54aeb6d2,https://bscscan.com/tx/0xbdfab56588edfe73ce16d0f98f9b4b1f5b83276d350851885978a5bb54aeb6d2,Transfer,2023-07-24 1:21:30,2023-07-24 1:21:30,,1690161690,,Binance: Hot Wallet 13,IN
0xd9801177448629116368efe88c7a007b53f7ecd3ed6a3cd9c8def45934ed0981,https://bscscan.com/tx/0xd9801177448629116368efe88c7a007b53f7ecd3ed6a3cd9c8def45934ed0981,Multicall,2023-07-19 19:47:44,2023-07-19 19:47:44,,1689796064,,0x128C33C1...d89Aa0442,OUT
0x265b6de3b4e2de982dc79ede767137d50c0b1b28b542ad7c9004d0d1c0678aa3,https://bscscan.com/tx/0x265b6de3b4e2de982dc79ede767137d50c0b1b28b542ad7c9004d0d1c0678aa3,Approve,2023-07-19 19:46:50,2023-07-19 19:46:50,,1689796010,,0x128C33C1...d89Aa0442,OUT
0xc5a8b7cdc2dcf9a63e1f921fdaf67908ffe86f4e32bddb4e0ad64f4b8647d0f4,https://bscscan.com/tx/0xc5a8b7cdc2dcf9a63e1f921fdaf67908ffe86f4e32bddb4e0ad64f4b8647d0f4,Transfer,2023-07-18 22:06:36,2023-07-18 22:06:36,,1689717996,,0x128C33C1...d89Aa0442,OUT
0x08091eb49aababf18965ebc1c049ea383540c3b428fa9ffafe8b13c733ee290b,https://bscscan.com/tx/0x08091eb49aababf18965ebc1c049ea383540c3b428fa9ffafe8b13c733ee290b,Multicall,2023-07-18 22:00:12,2023-07-18 22:00:12,,1689717612,,0x128C33C1...d89Aa0442,OUT
0x53d6d033f5403b3c62979a0d1db5e50eb1698640b53632727955ad9a8fb19f6c,https://bscscan.com/tx/0x53d6d033f5403b3c62979a0d1db5e50eb1698640b53632727955ad9a8fb19f6c,Multicall,2023-07-18 20:01:39,2023-07-18 20:01:39,,1689710499,,0x128C33C1...d89Aa0442,OUT
0x867dd17f67550378ca49ae1eb5906839f8787b891ed4238ff0c0f846088f4919,https://bscscan.com/tx/0x867dd17f67550378ca49ae1eb5906839f8787b891ed4238ff0c0f846088f4919,Approve,2023-07-18 19:57:18,2023-07-18 19:57:18,,1689710238,,0x128C33C1...d89Aa0442,OUT
0x6d0412a06120a46e6a226bef379e4e36fc9c2d98bbde97d7d3bc598a05d14de3,https://bscscan.com/tx/0x6d0412a06120a46e6a226bef379e4e36fc9c2d98bbde97d7d3bc598a05d14de3,Multicall,2023-07-18 19:56:39,2023-07-18 19:56:39,,1689710199,,0x128C33C1...d89Aa0442,OUT
0xe73e14f138dc938e760015537d4108b99e5805369496c946a37975463e5245c7,https://bscscan.com/tx/0xe73e14f138dc938e760015537d4108b99e5805369496c946a37975463e5245c7,Multicall,2023-07-18 14:50:38,2023-07-18 14:50:38,,1689691838,,0x128C33C1...d89Aa0442,OUT
0xef55720701a37bc7d41308913a6e3e80401267f96b58ab9a593fa7651747dca2,https://bscscan.com/tx/0xef55720701a37bc7d41308913a6e3e80401267f96b58ab9a593fa7651747dca2,Multicall,2023-07-18 14:50:01,2023-07-18 14:50:01,,1689691801,,0x128C33C1...d89Aa0442,OUT
0x25b66d93940c9752aa7af3bb73f9c7addc2c2541029e072f5a64bf93b29e0c17,https://bscscan.com/tx/0x25b66d93940c9752aa7af3bb73f9c7addc2c2541029e072f5a64bf93b29e0c17,Approve,2023-07-18 14:49:25,2023-07-18 14:49:25,,1689691765,,0x128C33C1...d89Aa0442,OUT
0xf64ea31b07e3386c8ef4af0b45234c73e282b9f95fc82f5dadd1d45159939b69,https://bscscan.com/tx/0xf64ea31b07e3386c8ef4af0b45234c73e282b9f95fc82f5dadd1d45159939b69,Multicall,2023-07-18 14:44:51,2023-07-18 14:44:51,,1689691491,,0x128C33C1...d89Aa0442,OUT
0xd2d621ee08527125ad4521f8906514aafc0964b9b1e0e6e0b947b062e5de3563,https://bscscan.com/tx/0xd2d621ee08527125ad4521f8906514aafc0964b9b1e0e6e0b947b062e5de3563,Approve,2023-07-18 14:44:06,2023-07-18 14:44:06,,1689691446,,0x128C33C1...d89Aa0442,OUT
0xdbfedff79c761492eb5fd8edb12fc9d888fbc283057405a8fc1f5044597282cd,https://bscscan.com/tx/0xdbfedff79c761492eb5fd8edb12fc9d888fbc283057405a8fc1f5044597282cd,Transfer,2023-07-09 13:19:20,2023-07-09 13:19:20,,1688908760,,0x128C33C1...d89Aa0442,OUT
0x2454b1869fd283f7f7ce8898a3f52b7740a2c30542be6e103f4f82f6d12ff279,https://bscscan.com/tx/0x2454b1869fd283f7f7ce8898a3f52b7740a2c30542be6e103f4f82f6d12ff279,Transfer,2023-07-08 1:41:20,2023-07-08 1:41:20,,1688780480,,0x128C33C1...d89Aa0442,OUT
0x06955a72c0f89a2aaf82b5aab41cfe52114beb7bb1bfcf9ab1f4768238516c79,https://bscscan.com/tx/0x06955a72c0f89a2aaf82b5aab41cfe52114beb7bb1bfcf9ab1f4768238516c79,Multicall,2023-07-06 12:03:17,2023-07-06 12:03:17,,1688644997,,0x128C33C1...d89Aa0442,OUT
0xb9a89b09d2dfec2abd2c7a790c4ff113e04b62d4bbce767dbd579d9fe44038f9,https://bscscan.com/tx/0xb9a89b09d2dfec2abd2c7a790c4ff113e04b62d4bbce767dbd579d9fe44038f9,Approve,2023-07-06 12:03:02,2023-07-06 12:03:02,,1688644982,,0x128C33C1...d89Aa0442,OUT
0xaa329068dd1fd4d7fb542d5d8f760b67e99bc4bf21c668f7ee497321d5455a5b,https://bscscan.com/tx/0xaa329068dd1fd4d7fb542d5d8f760b67e99bc4bf21c668f7ee497321d5455a5b,Transfer,2023-07-06 12:00:57,2023-07-06 12:00:57,,1688644857,,0x128C33C1...d89Aa0442,OUT
0xf3e1126bc44467b92c4af56230326c5baa57ec5be7bfa45632af274a3679bcc5,https://bscscan.com/tx/0xf3e1126bc44467b92c4af56230326c5baa57ec5be7bfa45632af274a3679bcc5,Multicall,2023-07-05 20:08:06,2023-07-05 20:08:06,,1688587686,,0x128C33C1...d89Aa0442,OUT
0x678e1fe2127e4a3baff3a025a0e444e80bcc906bc697deb07274754c981e8963,https://bscscan.com/tx/0x678e1fe2127e4a3baff3a025a0e444e80bcc906bc697deb07274754c981e8963,Approve,2023-07-05 18:06:25,2023-07-05 18:06:25,,1688580385,,0x128C33C1...d89Aa0442,OUT
0x7519194f9b96b7f5d7492a57847d788bb94caa42686e2cd2770d285e378827da,https://bscscan.com/tx/0x7519194f9b96b7f5d7492a57847d788bb94caa42686e2cd2770d285e378827da,Multicall,2023-07-05 15:11:27,2023-07-05 15:11:27,,1688569887,,0x128C33C1...d89Aa0442,OUT
0x4e958a74ef50aef6adbc0888be544368f490a7d5774a203ada0eeb8ec6bab259,https://bscscan.com/tx/0x4e958a74ef50aef6adbc0888be544368f490a7d5774a203ada0eeb8ec6bab259,Multicall,2023-07-05 15:11:15,2023-07-05 15:11:15,,1688569875,,0x128C33C1...d89Aa0442,OUT
0x45c2e913b0fd122c973cdf85cbf286e5c625eea3cdb763e53a8c825243412867,https://bscscan.com/tx/0x45c2e913b0fd122c973cdf85cbf286e5c625eea3cdb763e53a8c825243412867,Approve,2023-07-05 15:10:39,2023-07-05 15:10:39,,1688569839,,0x128C33C1...d89Aa0442,OUT
0xb271900c1015e800eb515bc84d8731509d7fa08b54d1fdfc7d3b9e2552341f24,https://bscscan.com/tx/0xb271900c1015e800eb515bc84d8731509d7fa08b54d1fdfc7d3b9e2552341f24,Multicall,2023-07-05 15:10:06,2023-07-05 15:10:06,,1688569806,,0x128C33C1...d89Aa0442,OUT
0x9c1664e2856bef97ae934283d9167654e7d174e2aa5607070df6ed49a94d5df9,https://bscscan.com/tx/0x9c1664e2856bef97ae934283d9167654e7d174e2aa5607070df6ed49a94d5df9,Multicall,2023-07-05 14:59:15,2023-07-05 14:59:15,,1688569155,,0x128C33C1...d89Aa0442,OUT
0xab0d198647cb38727897dc1ceecc8ec00d945f27d26f0df315ef6236e288b657,https://bscscan.com/tx/0xab0d198647cb38727897dc1ceecc8ec00d945f27d26f0df315ef6236e288b657,Multicall,2023-07-05 14:58:51,2023-07-05 14:58:51,,1688569131,,0x128C33C1...d89Aa0442,OUT
0x398ea45d0356b6db732884e382c22c360f134d7eb99234a5a26c5b313c01bc4b,https://bscscan.com/tx/0x398ea45d0356b6db732884e382c22c360f134d7eb99234a5a26c5b313c01bc4b,Multicall,2023-07-05 14:58:27,2023-07-05 14:58:27,,1688569107,,0x128C33C1...d89Aa0442,OUT
0x2d09d903a3f5c59ee1b6cd52bef7fbf00cdfae07ec9198ece41feec71abc287b,https://bscscan.com/tx/0x2d09d903a3f5c59ee1b6cd52bef7fbf00cdfae07ec9198ece41feec71abc287b,Multicall,2023-07-05 14:56:03,2023-07-05 14:56:03,,1688568963,,0x128C33C1...d89Aa0442,OUT
0x18ea2716933ae9ca6e460783389d0a19e9d5c4880aa27edf8dbb1de472cc98d0,https://bscscan.com/tx/0x18ea2716933ae9ca6e460783389d0a19e9d5c4880aa27edf8dbb1de472cc98d0,Approve,2023-07-05 14:55:51,2023-07-05 14:55:51,,1688568951,,0x128C33C1...d89Aa0442,OUT
0x4b7cb04a41ca79360a2270996e9c47a45520e3ba813912d9ab00a4408cb8f28d,https://bscscan.com/tx/0x4b7cb04a41ca79360a2270996e9c47a45520e3ba813912d9ab00a4408cb8f28d,Multicall,2023-07-05 14:54:48,2023-07-05 14:54:48,,1688568888,,0x128C33C1...d89Aa0442,OUT
0xcb8ee2cda7ae3feb0b3b643ae1bcd301a331f6d396ac7ea5267b10a267b13a77,https://bscscan.com/tx/0xcb8ee2cda7ae3feb0b3b643ae1bcd301a331f6d396ac7ea5267b10a267b13a77,Transfer,2023-07-05 14:53:15,2023-07-05 14:53:15,,1688568795,,Bitget 3,IN
0xb0a231f6410e8d00610dd730fd8f77339a92476c5f63188056a586ed639df922,https://bscscan.com/tx/0xb0a231f6410e8d00610dd730fd8f77339a92476c5f63188056a586ed639df922,Transfer,2023-07-04 15:23:59,2023-07-04 15:23:59,,1688484239,,0x128C33C1...d89Aa0442,OUT
0xddf1d218c37ab1987042b1cdda254f9e159bd54ed752ec3dafd2e1a6fe6851d4,https://bscscan.com/tx/0xddf1d218c37ab1987042b1cdda254f9e159bd54ed752ec3dafd2e1a6fe6851d4,Multicall,2023-07-04 15:18:46,2023-07-04 15:18:46,,1688483926,,0x128C33C1...d89Aa0442,OUT
0xf456804acb287fb4f23b1d9b684e44fc75294bad0650078b693973bdb5c11537,https://bscscan.com/tx/0xf456804acb287fb4f23b1d9b684e44fc75294bad0650078b693973bdb5c11537,Approve,2023-07-04 15:18:31,2023-07-04 15:18:31,,1688483911,,0x128C33C1...d89Aa0442,OUT
0x6a334a606a60e8fba9e62ba184156cabc2dc34c22ed739adf686154e7d559205,https://bscscan.com/tx/0x6a334a606a60e8fba9e62ba184156cabc2dc34c22ed739adf686154e7d559205,Multicall,2023-07-04 14:57:36,2023-07-04 14:57:36,,1688482656,,0x128C33C1...d89Aa0442,OUT
0xb3eaeee7a16344cdf43c4c086ee1fdf0955b22c35fa75eb35be20251769b038e,https://bscscan.com/tx/0xb3eaeee7a16344cdf43c4c086ee1fdf0955b22c35fa75eb35be20251769b038e,Multicall,2023-07-04 14:29:11,2023-07-04 14:29:11,,1688480951,,0x128C33C1...d89Aa0442,OUT
0x3935f5e81c645b25bf587c7fbac0eb13f57e870444b2ed8faca5b2b3bad186dc,https://bscscan.com/tx/0x3935f5e81c645b25bf587c7fbac0eb13f57e870444b2ed8faca5b2b3bad186dc,Approve,2023-07-04 14:28:50,2023-07-04 14:28:50,,1688480930,,0x128C33C1...d89Aa0442,OUT
0x73b387feb1849cec7175e1410832c481f1503afaa112f35b1a3297c938410d25,https://bscscan.com/tx/0x73b387feb1849cec7175e1410832c481f1503afaa112f35b1a3297c938410d25,Multicall,2023-07-04 14:26:47,2023-07-04 14:26:47,,1688480807,,0x128C33C1...d89Aa0442,OUT
0x5e1713a6a27a9c50a75f77ee1389e734dc8b724944ffb21e495c4ce08aa8de5b,https://bscscan.com/tx/0x5e1713a6a27a9c50a75f77ee1389e734dc8b724944ffb21e495c4ce08aa8de5b,Multicall,2023-07-04 14:12:17,2023-07-04 14:12:17,,1688479937,,0x128C33C1...d89Aa0442,OUT
0xd6e0f75b7a9a4b388c152d277b99200702ca0bbd4df2f5bf1c9a414ca9798d5c,https://bscscan.com/tx/0xd6e0f75b7a9a4b388c152d277b99200702ca0bbd4df2f5bf1c9a414ca9798d5c,Multicall,2023-07-04 14:11:44,2023-07-04 14:11:44,,1688479904,,0x128C33C1...d89Aa0442,OUT
0x7084e194ee1c85c154a7650028d201664722d309fcfdc87f6619c1560d808f7e,https://bscscan.com/tx/0x7084e194ee1c85c154a7650028d201664722d309fcfdc87f6619c1560d808f7e,Approve,2023-07-04 14:10:56,2023-07-04 14:10:56,,1688479856,,0x128C33C1...d89Aa0442,OUT
0xba23762102ce9f4e2433a3d426b30e2a68e73096def04993d3720d1cfd68ef04,https://bscscan.com/tx/0xba23762102ce9f4e2433a3d426b30e2a68e73096def04993d3720d1cfd68ef04,Approve,2023-07-04 13:54:16,2023-07-04 13:54:16,,1688478856,,0x128C33C1...d89Aa0442,OUT
0x0c1d8aea955b04ca40ea7a95bac5bca972059a39739ebd424575229120248604,https://bscscan.com/tx/0x0c1d8aea955b04ca40ea7a95bac5bca972059a39739ebd424575229120248604,Multicall,2023-07-04 13:53:46,2023-07-04 13:53:46,,1688478826,,0x128C33C1...d89Aa0442,OUT
0xf0c70a37540c6e557ab23d0dadac8e9892b71aff9652b05e995bf17a24708a65,https://bscscan.com/tx/0xf0c70a37540c6e557ab23d0dadac8e9892b71aff9652b05e995bf17a24708a65,Multicall,2023-07-04 13:41:36,2023-07-04 13:41:36,,1688478096,,0x128C33C1...d89Aa0442,OUT
0xe198b08c1e61e044f30a39b5100bb1416bf64ea412b60b27c5596a6dfbb71dfb,https://bscscan.com/tx/0xe198b08c1e61e044f30a39b5100bb1416bf64ea412b60b27c5596a6dfbb71dfb,Approve,2023-07-04 13:41:15,2023-07-04 13:41:15,,1688478075,,0x128C33C1...d89Aa0442,OUT
0x4f340e2d7031c99cc1fd41c8f6ff26df6aa6fa40f2f22bdd389dc709c538f9ab,https://bscscan.com/tx/0x4f340e2d7031c99cc1fd41c8f6ff26df6aa6fa40f2f22bdd389dc709c538f9ab,Multicall,2023-07-04 12:27:31,2023-07-04 12:27:31,,1688473651,,0x128C33C1...d89Aa0442,OUT
0x2584fed091421735824ba73b4cefaae098bda1fa4b2c4b8bce771f016377ba3a,https://bscscan.com/tx/0x2584fed091421735824ba73b4cefaae098bda1fa4b2c4b8bce771f016377ba3a,Multicall,2023-07-04 0:21:11,2023-07-04 0:21:11,,1688430071,,0x128C33C1...d89Aa0442,OUT
0x5a5ca1fa1af764f137914762cea9034c9e979083daf1e58e68211bbd2503b40b,https://bscscan.com/tx/0x5a5ca1fa1af764f137914762cea9034c9e979083daf1e58e68211bbd2503b40b,Multicall,2023-07-03 23:46:55,2023-07-03 23:46:55,,1688428015,,0x128C33C1...d89Aa0442,OUT
0xfc0f7368d5e641c453fecf379a4af6c10d1e12ff420bf6516325614ea6d3b1ae,https://bscscan.com/tx/0xfc0f7368d5e641c453fecf379a4af6c10d1e12ff420bf6516325614ea6d3b1ae,Multicall,2023-07-03 22:14:05,2023-07-03 22:14:05,,1688422445,,0x128C33C1...d89Aa0442,OUT
0xf62ca6aae676c8839276e901d9bba5c3d57b736ef8d2455ed2e3112a1dae4551,https://bscscan.com/tx/0xf62ca6aae676c8839276e901d9bba5c3d57b736ef8d2455ed2e3112a1dae4551,Multicall,2023-07-03 22:11:56,2023-07-03 22:11:56,,1688422316,,0x128C33C1...d89Aa0442,OUT
0x6a0e0cc1384a47113ab0f2b36924b5dfcda6d4a4fde079e42c67eefaf6df1e86,https://bscscan.com/tx/0x6a0e0cc1384a47113ab0f2b36924b5dfcda6d4a4fde079e42c67eefaf6df1e86,Approve,2023-07-03 22:11:41,2023-07-03 22:11:41,,1688422301,,0x128C33C1...d89Aa0442,OUT
0xa29b503767aa1afb4dfe682a32edfbe7f9e11d4c289c3e7f7025e2e567eaf577,https://bscscan.com/tx/0xa29b503767aa1afb4dfe682a32edfbe7f9e11d4c289c3e7f7025e2e567eaf577,Multicall,2023-07-03 17:26:51,2023-07-03 17:26:51,,1688405211,,0x128C33C1...d89Aa0442,OUT
0xd43b2956183f7bec2a8b13dcb12a2cc45faad749ae543588cf4ba1b298c2217f,https://bscscan.com/tx/0xd43b2956183f7bec2a8b13dcb12a2cc45faad749ae543588cf4ba1b298c2217f,Multicall,2023-07-03 17:13:39,2023-07-03 17:13:39,,1688404419,,0x128C33C1...d89Aa0442,OUT
0x2bffa95a10f6f841d9f9a08f9f592fd6f4c658fa1c6894808b29d90e8c1f0d82,https://bscscan.com/tx/0x2bffa95a10f6f841d9f9a08f9f592fd6f4c658fa1c6894808b29d90e8c1f0d82,Multicall,2023-07-03 16:23:35,2023-07-03 16:23:35,,1688401415,,0x128C33C1...d89Aa0442,OUT
0xc046f3979e2804babd891c240e5300990ca52d06c544e816915e69941affff1e,https://bscscan.com/tx/0xc046f3979e2804babd891c240e5300990ca52d06c544e816915e69941affff1e,Multicall,2023-07-03 16:22:35,2023-07-03 16:22:35,,1688401355,,0x128C33C1...d89Aa0442,OUT
0x74a6c1225cf7d586984f3deb1065f996bc7d05acae03b4b04e8889d268865df3,https://bscscan.com/tx/0x74a6c1225cf7d586984f3deb1065f996bc7d05acae03b4b04e8889d268865df3,Multicall,2023-07-03 16:21:53,2023-07-03 16:21:53,,1688401313,,0x128C33C1...d89Aa0442,OUT
0xba56127d29701a8d7ac571fb0191dabbce7dccf56af33aa141d42d66b63290ab,https://bscscan.com/tx/0xba56127d29701a8d7ac571fb0191dabbce7dccf56af33aa141d42d66b63290ab,Multicall,2023-07-03 16:21:35,2023-07-03 16:21:35,,1688401295,,0x128C33C1...d89Aa0442,OUT
0xe5ee836e1fbe9454cd7f61a14b529bc6dc38e594a49f59de929f51dd0b7db9f8,https://bscscan.com/tx/0xe5ee836e1fbe9454cd7f61a14b529bc6dc38e594a49f59de929f51dd0b7db9f8,Multicall,2023-07-03 16:19:52,2023-07-03 16:19:52,,1688401192,,0x128C33C1...d89Aa0442,OUT
0x596e22e544ef2f65748451ae0c4537b7ca151f2c0a0e0cf9eda910b2c0317e7d,https://bscscan.com/tx/0x596e22e544ef2f65748451ae0c4537b7ca151f2c0a0e0cf9eda910b2c0317e7d,Approve,2023-07-03 16:18:43,2023-07-03 16:18:43,,1688401123,,0x128C33C1...d89Aa0442,OUT
0xde8a2e43b0dd9fe4b80e3f95bebfd6addb6cc30d82ca7843046d4ef78fbcc23e,https://bscscan.com/tx/0xde8a2e43b0dd9fe4b80e3f95bebfd6addb6cc30d82ca7843046d4ef78fbcc23e,Multicall,2023-07-03 15:11:30,2023-07-03 15:11:30,,1688397090,,0x128C33C1...d89Aa0442,OUT
0x409bda71a97478a5a567aa0c20ad9edbfaa5a00587800bb359607cdd66238c15,https://bscscan.com/tx/0x409bda71a97478a5a567aa0c20ad9edbfaa5a00587800bb359607cdd66238c15,Multicall,2023-07-03 14:27:36,2023-07-03 14:27:36,,1688394456,,0x128C33C1...d89Aa0442,OUT
0x7f2d98f1dc0587876c6e472894ded0db02249e2b33d96f520206782690e94ce1,https://bscscan.com/tx/0x7f2d98f1dc0587876c6e472894ded0db02249e2b33d96f520206782690e94ce1,Approve,2023-07-03 13:16:58,2023-07-03 13:16:58,,1688390218,,0x128C33C1...d89Aa0442,OUT
0xb604b41a82feb2fbd2b64645ecc1f96721099c6b0803a3e98e2205730f3841ab,https://bscscan.com/tx/0xb604b41a82feb2fbd2b64645ecc1f96721099c6b0803a3e98e2205730f3841ab,Multicall,2023-07-03 8:41:38,2023-07-03 8:41:38,,1688373698,,0x128C33C1...d89Aa0442,OUT
0x0e4f07a6c73379354762935bfcaf0bf4bd8cbf3d28034e816e06fac488fb1f63,https://bscscan.com/tx/0x0e4f07a6c73379354762935bfcaf0bf4bd8cbf3d28034e816e06fac488fb1f63,Multicall,2023-07-03 1:52:31,2023-07-03 1:52:31,,1688349151,,0x128C33C1...d89Aa0442,OUT
0xc956cb797e82657e89aaa5aded79b066a9d64a8bcdfeae41841aef99f30ffc5f,https://bscscan.com/tx/0xc956cb797e82657e89aaa5aded79b066a9d64a8bcdfeae41841aef99f30ffc5f,Approve,2023-07-03 1:52:22,2023-07-03 1:52:22,,1688349142,,0x128C33C1...d89Aa0442,OUT
0x1d0fd0c839d6763b9f3c9cbfdc7271380319c883ea1aef3cd90b08aaa8369831,https://bscscan.com/tx/0x1d0fd0c839d6763b9f3c9cbfdc7271380319c883ea1aef3cd90b08aaa8369831,Swap,2023-07-03 1:22:07,2023-07-03 1:22:07,,1688347327,,0x128C33C1...d89Aa0442,OUT
0x16bf4a9d12b29d4380168e0ee558535678decba40ef2ade0c9ef1c02e0acddef,https://bscscan.com/tx/0x16bf4a9d12b29d4380168e0ee558535678decba40ef2ade0c9ef1c02e0acddef,Swap,2023-07-03 1:21:43,2023-07-03 1:21:43,,1688347303,,0x128C33C1...d89Aa0442,OUT
0x5bad3da75c0fd53c30234b04cd4e998aadd6cf4e46af9ac25993b5f38fbd2318,https://bscscan.com/tx/0x5bad3da75c0fd53c30234b04cd4e998aadd6cf4e46af9ac25993b5f38fbd2318,Multicall,2023-07-02 23:22:16,2023-07-02 23:22:16,,1688340136,,0x128C33C1...d89Aa0442,OUT
0x5fb633ddf21d6546eec4dd4a17549c0bc219fe5e43e79d186ae3c9b596b263dc,https://bscscan.com/tx/0x5fb633ddf21d6546eec4dd4a17549c0bc219fe5e43e79d186ae3c9b596b263dc,Multicall,2023-07-02 21:54:19,2023-07-02 21:54:19,,1688334859,,0x128C33C1...d89Aa0442,OUT
0x51940174072dc61388ff2a0a4f98c97b4b8a4ae638e85a9863fd138a07067f31,https://bscscan.com/tx/0x51940174072dc61388ff2a0a4f98c97b4b8a4ae638e85a9863fd138a07067f31,Approve,2023-07-02 21:53:55,2023-07-02 21:53:55,,1688334835,,0x128C33C1...d89Aa0442,OUT
0x7e871501fa422b368e554691c12ed5b197ca84beea0d8894455a891a3e05aa08,https://bscscan.com/tx/0x7e871501fa422b368e554691c12ed5b197ca84beea0d8894455a891a3e05aa08,Multicall,2023-07-02 14:26:35,2023-07-02 14:26:35,,1688307995,,0x128C33C1...d89Aa0442,OUT
0x6df0c03f08b3bb791c282b58b58468f2f55918040cc909fc4c1c2788634d68ed,https://bscscan.com/tx/0x6df0c03f08b3bb791c282b58b58468f2f55918040cc909fc4c1c2788634d68ed,Multicall,2023-07-02 14:21:44,2023-07-02 14:21:44,,1688307704,,0x128C33C1...d89Aa0442,OUT
0x47a6f54183749334771ddaa222ee94d21e26c9d7ce803833a9d25b13f1af6b16,https://bscscan.com/tx/0x47a6f54183749334771ddaa222ee94d21e26c9d7ce803833a9d25b13f1af6b16,Swap,2023-07-02 14:20:47,2023-07-02 14:20:47,,1688307647,,0x128C33C1...d89Aa0442,OUT
0x6dd90ff31cdfad98074403559f902386501ab37e7e2d90edbcc835b402e42f5a,https://bscscan.com/tx/0x6dd90ff31cdfad98074403559f902386501ab37e7e2d90edbcc835b402e42f5a,Multicall,2023-07-02 14:16:05,2023-07-02 14:16:05,,1688307365,,0x128C33C1...d89Aa0442,OUT
0x178aaccdfd3a4dd11a1db4382447abde1b3a61a59aac09651d5ab9b53925c06f,https://bscscan.com/tx/0x178aaccdfd3a4dd11a1db4382447abde1b3a61a59aac09651d5ab9b53925c06f,Approve,2023-07-02 14:15:08,2023-07-02 14:15:08,,1688307308,,0x128C33C1...d89Aa0442,OUT
0x606c101c713cbeae5d79906bf2280280fdcceb20d5f7b8fa3550032fb55790fc,https://bscscan.com/tx/0x606c101c713cbeae5d79906bf2280280fdcceb20d5f7b8fa3550032fb55790fc,Multicall,2023-07-02 14:14:26,2023-07-02 14:14:26,,1688307266,,0x128C33C1...d89Aa0442,OUT
0xced39efca3334b081f719eb0920b1ffad8d4af782d028d360f089351cfcb997a,https://bscscan.com/tx/0xced39efca3334b081f719eb0920b1ffad8d4af782d028d360f089351cfcb997a,Multicall,2023-07-02 14:11:56,2023-07-02 14:11:56,,1688307116,,0x128C33C1...d89Aa0442,OUT
0x4aeafc823860814482e9c938f47c179282c7a389222fa31c29a8053a6253cfaa,https://bscscan.com/tx/0x4aeafc823860814482e9c938f47c179282c7a389222fa31c29a8053a6253cfaa,Approve,2023-07-02 13:55:02,2023-07-02 13:55:02,,1688306102,,0x128C33C1...d89Aa0442,OUT
0x6e8dbdbd4aa0cc0b350129ba964bdcb58ea036fd35a0a85e755d8bec695597bf,https://bscscan.com/tx/0x6e8dbdbd4aa0cc0b350129ba964bdcb58ea036fd35a0a85e755d8bec695597bf,Swap,2023-07-02 13:53:44,2023-07-02 13:53:44,,1688306024,,0x128C33C1...d89Aa0442,OUT
0x7ef3ad00c7ad764904b2a0b115cc7aec32027ac61b18249154c5beba9586f32b,https://bscscan.com/tx/0x7ef3ad00c7ad764904b2a0b115cc7aec32027ac61b18249154c5beba9586f32b,Swap,2023-07-02 13:52:56,2023-07-02 13:52:56,,1688305976,,0x128C33C1...d89Aa0442,OUT
0x97332096f78a9dc3d619b9b129a57578aaa15f276b25dd0ce316663d4078e02b,https://bscscan.com/tx/0x97332096f78a9dc3d619b9b129a57578aaa15f276b25dd0ce316663d4078e02b,Multicall,2023-07-02 13:52:08,2023-07-02 13:52:08,,1688305928,,0x128C33C1...d89Aa0442,OUT
0xad72712c4516ef46acd1169184a49b75eb98d661173766ad6ec467d2efcf86dd,https://bscscan.com/tx/0xad72712c4516ef46acd1169184a49b75eb98d661173766ad6ec467d2efcf86dd,Multicall,2023-07-02 13:49:32,2023-07-02 13:49:32,,1688305772,,0x128C33C1...d89Aa0442,OUT
0x0ec2c86cd00b3a3b8ce69f30a830e962341509232e3f118ddc80abe25bd47334,https://bscscan.com/tx/0x0ec2c86cd00b3a3b8ce69f30a830e962341509232e3f118ddc80abe25bd47334,Multicall,2023-07-02 13:48:59,2023-07-02 13:48:59,,1688305739,,0x128C33C1...d89Aa0442,OUT
0x93c33539d370323443ac4b16d51744a232c3dd53565f0be3aa3dc07cfc74414a,https://bscscan.com/tx/0x93c33539d370323443ac4b16d51744a232c3dd53565f0be3aa3dc07cfc74414a,Multicall,2023-07-02 13:48:29,2023-07-02 13:48:29,,1688305709,,0x128C33C1...d89Aa0442,OUT
0x95dc834a9ae02907eee058600e7527a01e372f41bd826e306e21faab8569a69f,https://bscscan.com/tx/0x95dc834a9ae02907eee058600e7527a01e372f41bd826e306e21faab8569a69f,Multicall,2023-07-02 13:47:38,2023-07-02 13:47:38,,1688305658,,0x128C33C1...d89Aa0442,OUT
0xe51720a34c3b037b2daf578fe242fd9edc13e755d6404261c0b0792d329ef8b1,https://bscscan.com/tx/0xe51720a34c3b037b2daf578fe242fd9edc13e755d6404261c0b0792d329ef8b1,Multicall,2023-07-02 13:47:17,2023-07-02 13:47:17,,1688305637,,0x128C33C1...d89Aa0442,OUT
0x4ee930ae10b5d77e2e96693b7a4d6375411fc7e7142572a649bf761e907e68d4,https://bscscan.com/tx/0x4ee930ae10b5d77e2e96693b7a4d6375411fc7e7142572a649bf761e907e68d4,Multicall,2023-07-02 13:46:59,2023-07-02 13:46:59,,1688305619,,0x128C33C1...d89Aa0442,OUT
0x6e362209aa148dffb57c80f9f7e361be10794364c2d6bca771cdcb2a29d5f28f,https://bscscan.com/tx/0x6e362209aa148dffb57c80f9f7e361be10794364c2d6bca771cdcb2a29d5f28f,Approve,2023-07-02 13:44:59,2023-07-02 13:44:59,,1688305499,,0x128C33C1...d89Aa0442,OUT
0x860ca4f3093ef88c318e318020e31e1d4eb620e18d8b22cf7c760bcb91d0df39,https://bscscan.com/tx/0x860ca4f3093ef88c318e318020e31e1d4eb620e18d8b22cf7c760bcb91d0df39,Multicall,2023-07-02 13:39:44,2023-07-02 13:39:44,,1688305184,,0x128C33C1...d89Aa0442,OUT
0xaa54e1a1e670c9f866135883d05997f687d65bf9980acf9f79834d4b4c22ad78,https://bscscan.com/tx/0xaa54e1a1e670c9f866135883d05997f687d65bf9980acf9f79834d4b4c22ad78,Multicall,2023-07-02 13:39:05,2023-07-02 13:39:05,,1688305145,,0x128C33C1...d89Aa0442,OUT
0xe4fa07fc30a558291938b29b1dfb6892fbab7f9a96f664573e4d2d51bd1e32ea,https://bscscan.com/tx/0xe4fa07fc30a558291938b29b1dfb6892fbab7f9a96f664573e4d2d51bd1e32ea,Multicall,2023-07-02 13:35:26,2023-07-02 13:35:26,,1688304926,,0x128C33C1...d89Aa0442,OUT
0xe50a5d87cc6c0a57f0b56b9ede6075765919edd9ee284f17ebfddb3a9c91fac8,https://bscscan.com/tx/0xe50a5d87cc6c0a57f0b56b9ede6075765919edd9ee284f17ebfddb3a9c91fac8,Multicall,2023-07-02 13:33:20,2023-07-02 13:33:20,,1688304800,,0x128C33C1...d89Aa0442,OUT
0xc4fc24d578b3090ec040757673fa035acb945175086dc0b589d37faaa5339c0c,https://bscscan.com/tx/0xc4fc24d578b3090ec040757673fa035acb945175086dc0b589d37faaa5339c0c,Approve,2023-07-02 13:23:53,2023-07-02 13:23:53,,1688304233,,0x128C33C1...d89Aa0442,OUT
0xb2c667cdc3b7c77d9226bb32efde7db40a0246dd7a909d807d7c046f7b71b94e,https://bscscan.com/tx/0xb2c667cdc3b7c77d9226bb32efde7db40a0246dd7a909d807d7c046f7b71b94e,Multicall,2023-07-02 13:22:52,2023-07-02 13:22:52,,1688304172,,0x128C33C1...d89Aa0442,OUT
0x1dde054ac2143138d68baf06593c0743d7bd61cab9139421da8e29eb975ff27c,https://bscscan.com/tx/0x1dde054ac2143138d68baf06593c0743d7bd61cab9139421da8e29eb975ff27c,Multicall,2023-07-02 13:22:25,2023-07-02 13:22:25,,1688304145,,0x128C33C1...d89Aa0442,OUT
0x3f21d1065ece3361cde7b976a922125d0e5b0537289f50f79ada87d5589ad09b,https://bscscan.com/tx/0x3f21d1065ece3361cde7b976a922125d0e5b0537289f50f79ada87d5589ad09b,Approve,2023-07-02 12:43:47,2023-07-02 12:43:47,,1688301827,,0x128C33C1...d89Aa0442,OUT
0xdc59b4fe6e0f5d0d3749e46ce8db64ca5cfca44588e48be917c24c6773ba48a0,https://bscscan.com/tx/0xdc59b4fe6e0f5d0d3749e46ce8db64ca5cfca44588e48be917c24c6773ba48a0,Multicall,2023-07-02 12:42:50,2023-07-02 12:42:50,,1688301770,,0x128C33C1...d89Aa0442,OUT
0xa3c1e84ec43341f42d922cda91b2d54cd9d70240f5e6336f65fafe0dd6f362f5,https://bscscan.com/tx/0xa3c1e84ec43341f42d922cda91b2d54cd9d70240f5e6336f65fafe0dd6f362f5,Multicall,2023-07-02 12:42:14,2023-07-02 12:42:14,,1688301734,,0x128C33C1...d89Aa0442,OUT
0x8ff0647ab3a3b33ad78f8f03220c695e56b8f6fef3d5eca4d0256c1c45ba378a,https://bscscan.com/tx/0x8ff0647ab3a3b33ad78f8f03220c695e56b8f6fef3d5eca4d0256c1c45ba378a,Multicall,2023-07-02 12:37:46,2023-07-02 12:37:46,,1688301466,,0x128C33C1...d89Aa0442,OUT
0xc6284a79372bb9bc5fbf4a99acea611df245e154c45978a8267f9f17ec87653b,https://bscscan.com/tx/0xc6284a79372bb9bc5fbf4a99acea611df245e154c45978a8267f9f17ec87653b,Multicall,2023-07-02 12:21:13,2023-07-02 12:21:13,,1688300473,,0x128C33C1...d89Aa0442,OUT
0x9eec74d337aa060ec3753598fb3cbbfad665450ddf9d1e8602d31f28372f9991,https://bscscan.com/tx/0x9eec74d337aa060ec3753598fb3cbbfad665450ddf9d1e8602d31f28372f9991,Approve,2023-07-02 12:20:55,2023-07-02 12:20:55,,1688300455,,0x128C33C1...d89Aa0442,OUT
0x66e235078a2246679d71015ae02fdd1ac560475f4d981088646a172968622084,https://bscscan.com/tx/0x66e235078a2246679d71015ae02fdd1ac560475f4d981088646a172968622084,Multicall,2023-07-02 12:00:04,2023-07-02 12:00:04,,1688299204,,0x128C33C1...d89Aa0442,OUT
0xb1493b82efb6963b5f2b229cae763de61f476c00e04ad025ac35998794c9d1dc,https://bscscan.com/tx/0xb1493b82efb6963b5f2b229cae763de61f476c00e04ad025ac35998794c9d1dc,Multicall,2023-07-02 9:29:06,2023-07-02 9:29:06,,1688290146,,0x128C33C1...d89Aa0442,OUT
0x126688ed7a81ebfc83c9d7aa72107b6d50a0b99c8707c7d9c867baa974798f41,https://bscscan.com/tx/0x126688ed7a81ebfc83c9d7aa72107b6d50a0b99c8707c7d9c867baa974798f41,Multicall,2023-07-02 4:09:36,2023-07-02 4:09:36,,1688270976,,0x128C33C1...d89Aa0442,OUT
0xc8b77d86d13af3bb2baa9769cd6178cb373ab6bcf1c77f62eaac88b53795a27f,https://bscscan.com/tx/0xc8b77d86d13af3bb2baa9769cd6178cb373ab6bcf1c77f62eaac88b53795a27f,Approve,2023-07-02 4:09:21,2023-07-02 4:09:21,,1688270961,,0x128C33C1...d89Aa0442,OUT
0x1d1a28f6ed6564715db708885191099a5a066992ecce6b4703af1db3277d7dc4,https://bscscan.com/tx/0x1d1a28f6ed6564715db708885191099a5a066992ecce6b4703af1db3277d7dc4,Multicall,2023-07-01 23:27:55,2023-07-01 23:27:55,,1688254075,,0x128C33C1...d89Aa0442,OUT
0x10de7bcb049349eafa72dad9b19f153fc0e8488b30fadd2ac05ff9a8110d8ca5,https://bscscan.com/tx/0x10de7bcb049349eafa72dad9b19f153fc0e8488b30fadd2ac05ff9a8110d8ca5,Multicall,2023-07-01 23:27:13,2023-07-01 23:27:13,,1688254033,,0x128C33C1...d89Aa0442,OUT
0xdad20963cfe127982d2efa0cc0b825c5c5c462a7cb007a6fe0bbf9fbc65aee73,https://bscscan.com/tx/0xdad20963cfe127982d2efa0cc0b825c5c5c462a7cb007a6fe0bbf9fbc65aee73,Multicall,2023-07-01 18:55:11,2023-07-01 18:55:11,,1688237711,,0x128C33C1...d89Aa0442,OUT
0x918c875ef74adbed27febe45efe39c3cee88d6b6e17e90bbe924ce16fe4a74db,https://bscscan.com/tx/0x918c875ef74adbed27febe45efe39c3cee88d6b6e17e90bbe924ce16fe4a74db,Multicall,2023-07-01 18:54:35,2023-07-01 18:54:35,,1688237675,,0x128C33C1...d89Aa0442,OUT
0x45a68d83a67f74ef7caf71ae038f8259ce63f0cb1ff8b68cfb5a54e16148e146,https://bscscan.com/tx/0x45a68d83a67f74ef7caf71ae038f8259ce63f0cb1ff8b68cfb5a54e16148e146,Approve,2023-07-01 18:53:50,2023-07-01 18:53:50,,1688237630,,0x128C33C1...d89Aa0442,OUT
0x22c64e69a4179e92d7b0725d69f8fb3782cc445335639215720ab285a37bf18f,https://bscscan.com/tx/0x22c64e69a4179e92d7b0725d69f8fb3782cc445335639215720ab285a37bf18f,Swap,2023-07-01 14:36:09,2023-07-01 14:36:09,,1688222169,,0x128C33C1...d89Aa0442,OUT
0x5420462854d3c97dcc26fdfc429e058f231c1cf9e098be3ab120e95b3b12b284,https://bscscan.com/tx/0x5420462854d3c97dcc26fdfc429e058f231c1cf9e098be3ab120e95b3b12b284,Multicall,2023-07-01 14:35:30,2023-07-01 14:35:30,,1688222130,,0x128C33C1...d89Aa0442,OUT
0x2fb7329e7bb54b04ed6270f0de4a8e8a1033241bcd6fb4898081ca8beab05f36,https://bscscan.com/tx/0x2fb7329e7bb54b04ed6270f0de4a8e8a1033241bcd6fb4898081ca8beab05f36,Multicall,2023-07-01 11:43:34,2023-07-01 11:43:34,,1688211814,,0x128C33C1...d89Aa0442,OUT
0x3d992b72504b9da7dbbf2629f23e622362e25d08813de6f7bc087276a6bf06cb,https://bscscan.com/tx/0x3d992b72504b9da7dbbf2629f23e622362e25d08813de6f7bc087276a6bf06cb,Multicall,2023-07-01 11:43:01,2023-07-01 11:43:01,,1688211781,,0x128C33C1...d89Aa0442,OUT
0xf7ed3f45bcee1a6356415e20d0ad57e8b214352a2f656d1cc7521bd88d88762d,https://bscscan.com/tx/0xf7ed3f45bcee1a6356415e20d0ad57e8b214352a2f656d1cc7521bd88d88762d,Multicall,2023-07-01 11:39:43,2023-07-01 11:39:43,,1688211583,,0x128C33C1...d89Aa0442,OUT
0xac7622b955615ac41862f4cbee9d48416fc13c704a9c7d79cf30fb6c6c7277de,https://bscscan.com/tx/0xac7622b955615ac41862f4cbee9d48416fc13c704a9c7d79cf30fb6c6c7277de,Approve,2023-07-01 11:36:55,2023-07-01 11:36:55,,1688211415,,0x128C33C1...d89Aa0442,OUT
0xb378e2135fdc11b749e3edefdacff0fe90e850b4e1aa7364fd456f0e7d01ba5d,https://bscscan.com/tx/0xb378e2135fdc11b749e3edefdacff0fe90e850b4e1aa7364fd456f0e7d01ba5d,Multicall,2023-07-01 11:34:16,2023-07-01 11:34:16,,1688211256,,0x128C33C1...d89Aa0442,OUT
0xbefc744611e47a7957d15c190a1b6ec8fbaf45e3a507e7d52395d63b4e34f93d,https://bscscan.com/tx/0xbefc744611e47a7957d15c190a1b6ec8fbaf45e3a507e7d52395d63b4e34f93d,Approve,2023-07-01 6:18:37,2023-07-01 6:18:37,,1688192317,,0x128C33C1...d89Aa0442,OUT
0x485d31ac85c50144610d08126d0bee4a71da16e17dd3692eae8cd7a6198068f1,https://bscscan.com/tx/0x485d31ac85c50144610d08126d0bee4a71da16e17dd3692eae8cd7a6198068f1,Multicall,2023-07-01 5:29:22,2023-07-01 5:29:22,,1688189362,,0x128C33C1...d89Aa0442,OUT
0x538a0b210e155eecbf489091ac298ed1b5aeb9f61a84d9dad360ac2d4df6ae38,https://bscscan.com/tx/0x538a0b210e155eecbf489091ac298ed1b5aeb9f61a84d9dad360ac2d4df6ae38,Multicall,2023-07-01 3:38:59,2023-07-01 3:38:59,,1688182739,,0x128C33C1...d89Aa0442,OUT
0xb73dc6a5af2c6f3018e872c52f19066eda53f1d6fdfdf57e3cb9f0410491f1f0,https://bscscan.com/tx/0xb73dc6a5af2c6f3018e872c52f19066eda53f1d6fdfdf57e3cb9f0410491f1f0,Approve,2023-07-01 3:38:47,2023-07-01 3:38:47,,1688182727,,0x128C33C1...d89Aa0442,OUT
0x32ec8519c9526cb3f3f3df422d4986a75500731168bff9d5cd91c8b98ec63907,https://bscscan.com/tx/0x32ec8519c9526cb3f3f3df422d4986a75500731168bff9d5cd91c8b98ec63907,Multicall,2023-07-01 2:39:10,2023-07-01 2:39:10,,1688179150,,0x128C33C1...d89Aa0442,OUT
0xe6d8dfc2df059f0789d8817c4aa2f40a6df9e793032e9c905d64f1a3b482e159,https://bscscan.com/tx/0xe6d8dfc2df059f0789d8817c4aa2f40a6df9e793032e9c905d64f1a3b482e159,Multicall,2023-07-01 0:48:34,2023-07-01 0:48:34,,1688172514,,0x128C33C1...d89Aa0442,OUT
0xb217551333d137020754fde24dcb6a77ae0d21c46b2c686ae1beed1df716a557,https://bscscan.com/tx/0xb217551333d137020754fde24dcb6a77ae0d21c46b2c686ae1beed1df716a557,Multicall,2023-06-30 20:50:32,2023-06-30 20:50:32,,1688158232,,0x128C33C1...d89Aa0442,OUT
0x0d37cd47150b3d59e22b0536edfacea7ef196091377fd58c2cfb3dc8b8689272,https://bscscan.com/tx/0x0d37cd47150b3d59e22b0536edfacea7ef196091377fd58c2cfb3dc8b8689272,Multicall,2023-06-30 20:50:16,2023-06-30 20:50:16,,1688158216,,0x128C33C1...d89Aa0442,OUT
0xbfccb7c1a52037c658953a784ac77b8daff2139604eaf9cf92046c4056be95a9,https://bscscan.com/tx/0xbfccb7c1a52037c658953a784ac77b8daff2139604eaf9cf92046c4056be95a9,Multicall,2023-06-30 16:48:59,2023-06-30 16:48:59,,1688143739,,0x128C33C1...d89Aa0442,OUT
0x10f85d60877a4db441f6b0c1d9a3959ab920a23706dc693211101bb39b50796a,https://bscscan.com/tx/0x10f85d60877a4db441f6b0c1d9a3959ab920a23706dc693211101bb39b50796a,Multicall,2023-06-30 16:48:26,2023-06-30 16:48:26,,1688143706,,0x128C33C1...d89Aa0442,OUT
0xb9008825bbe269119246f24ca1f1cd49604f455dda9756dfdcdcecf1e054bedc,https://bscscan.com/tx/0xb9008825bbe269119246f24ca1f1cd49604f455dda9756dfdcdcecf1e054bedc,Approve,2023-06-30 14:50:57,2023-06-30 14:50:57,,1688136657,,0x128C33C1...d89Aa0442,OUT
0x780fbbffbcc0407465632a33a2e0eb2bb75d07e85c322af385eacf5a3aa16652,https://bscscan.com/tx/0x780fbbffbcc0407465632a33a2e0eb2bb75d07e85c322af385eacf5a3aa16652,Multicall,2023-06-30 13:42:25,2023-06-30 13:42:25,,1688132545,,0x128C33C1...d89Aa0442,OUT
0x70a0ef25a5ffd0203edd6918b2b9a48627ddb94a855142d37c1b2cc893f8bc62,https://bscscan.com/tx/0x70a0ef25a5ffd0203edd6918b2b9a48627ddb94a855142d37c1b2cc893f8bc62,Approve,2023-06-30 13:39:06,2023-06-30 13:39:06,,1688132346,,0x128C33C1...d89Aa0442,OUT
0xbe08f6cd72f06c0cae3ca29318b7372837c0056cfa341cfb794cd19b88e73692,https://bscscan.com/tx/0xbe08f6cd72f06c0cae3ca29318b7372837c0056cfa341cfb794cd19b88e73692,0xcc5ade8d,2023-06-30 7:53:55,2023-06-30 7:53:55,,1688111635,,0x128C33C1...d89Aa0442,OUT
0x4555ffc72ece531a16c82d5196d006804730c563682ab3e1b41517092de9cbd0,https://bscscan.com/tx/0x4555ffc72ece531a16c82d5196d006804730c563682ab3e1b41517092de9cbd0,0xcc5ade8d,2023-06-30 7:52:13,2023-06-30 7:52:13,,1688111533,,0x128C33C1...d89Aa0442,OUT
0x4a9d42c9ea34bce96718830035a29f182511fe335c3449eac547ad0f670c0794,https://bscscan.com/tx/0x4a9d42c9ea34bce96718830035a29f182511fe335c3449eac547ad0f670c0794,Swap,2023-06-29 21:52:03,2023-06-29 21:52:03,,1688075523,,0x128C33C1...d89Aa0442,OUT
0xdd6f882284e5f2ef2bf763b33f881cd02d14640482dbc5a01bfb0e6c20311cc3,https://bscscan.com/tx/0xdd6f882284e5f2ef2bf763b33f881cd02d14640482dbc5a01bfb0e6c20311cc3,Transfer,2023-06-29 16:03:50,2023-06-29 16:03:50,,1688054630,,0x128C33C1...d89Aa0442,OUT
0x11c9e78dff7edb62e7efc14ed783d9996143f3aff4919356e92ec395d1f2a326,https://bscscan.com/tx/0x11c9e78dff7edb62e7efc14ed783d9996143f3aff4919356e92ec395d1f2a326,Multicall,2023-06-29 10:28:13,2023-06-29 10:28:13,,1688034493,,0x128C33C1...d89Aa0442,OUT
0xba3cd02aa20d7940e917afc334a80d14a5caf1d5de647ae7f59b6cab8e346fbc,https://bscscan.com/tx/0xba3cd02aa20d7940e917afc334a80d14a5caf1d5de647ae7f59b6cab8e346fbc,Multicall,2023-06-29 6:12:22,2023-06-29 6:12:22,,1688019142,,0x128C33C1...d89Aa0442,OUT
0x20289962241e1128ec3ec5b6637c3b84ef516c6b65dfe4562c8257bc80a45caa,https://bscscan.com/tx/0x20289962241e1128ec3ec5b6637c3b84ef516c6b65dfe4562c8257bc80a45caa,Multicall,2023-06-29 6:10:46,2023-06-29 6:10:46,,1688019046,,0x128C33C1...d89Aa0442,OUT
0xec43eac3145ffe6a912e24b8d7de3ef0a574a4562d4668639af88c841d74efe7,https://bscscan.com/tx/0xec43eac3145ffe6a912e24b8d7de3ef0a574a4562d4668639af88c841d74efe7,Approve,2023-06-29 6:09:25,2023-06-29 6:09:25,,1688018965,,0x128C33C1...d89Aa0442,OUT
0x7651f3858b7654a381ebfcf356883def958ab035d88c96669390ef8d75f20028,https://bscscan.com/tx/0x7651f3858b7654a381ebfcf356883def958ab035d88c96669390ef8d75f20028,Swap,2023-06-29 4:17:21,2023-06-29 4:17:21,,1688012241,,0x128C33C1...d89Aa0442,OUT
0x3a4c57dbd863f94ca80238042bb941ae4f697d7401ffd484bc69847b712dfdfd,https://bscscan.com/tx/0x3a4c57dbd863f94ca80238042bb941ae4f697d7401ffd484bc69847b712dfdfd,Multicall,2023-06-29 2:59:05,2023-06-29 2:59:05,,1688007545,,0x128C33C1...d89Aa0442,OUT
0x64a41999f2bdc03dfd6a938e64848d0353a0f726c643072a7a8ec5048c7792b1,https://bscscan.com/tx/0x64a41999f2bdc03dfd6a938e64848d0353a0f726c643072a7a8ec5048c7792b1,Multicall,2023-06-29 1:18:33,2023-06-29 1:18:33,,1688001513,,0x128C33C1...d89Aa0442,OUT
0x16004415f633ed14be776441ab4467ef9870f3d5c1e6ebe686e93a4bbd1e24c5,https://bscscan.com/tx/0x16004415f633ed14be776441ab4467ef9870f3d5c1e6ebe686e93a4bbd1e24c5,Multicall,2023-06-29 0:00:58,2023-06-29 0:00:58,,1687996858,,0x128C33C1...d89Aa0442,OUT
0xbbedfd3deab4d4878ba3a8763043d4252ef66559d8df22b3036068e71d96ed5e,https://bscscan.com/tx/0xbbedfd3deab4d4878ba3a8763043d4252ef66559d8df22b3036068e71d96ed5e,Multicall,2023-06-28 21:28:23,2023-06-28 21:28:23,,1687987703,,0x128C33C1...d89Aa0442,OUT
0x7082442cfc1ecffcc4e6d08fcf716dfaf0ac552edb9d3d7b343310182b847664,https://bscscan.com/tx/0x7082442cfc1ecffcc4e6d08fcf716dfaf0ac552edb9d3d7b343310182b847664,Multicall,2023-06-28 15:54:34,2023-06-28 15:54:34,,1687967674,,0x128C33C1...d89Aa0442,OUT
0x72aca79f751d640d7a77beb035d156ffad0ce00db78fee79a6cf068d03a62f25,https://bscscan.com/tx/0x72aca79f751d640d7a77beb035d156ffad0ce00db78fee79a6cf068d03a62f25,Multicall,2023-06-28 14:59:20,2023-06-28 14:59:20,,1687964360,,0x128C33C1...d89Aa0442,OUT
0xf847a15ee4235659cc487124f052ccea7907a92a2a8347f9b9c8eb134a419b73,https://bscscan.com/tx/0xf847a15ee4235659cc487124f052ccea7907a92a2a8347f9b9c8eb134a419b73,Swap,2023-06-28 12:48:05,2023-06-28 12:48:05,,1687956485,,0x128C33C1...d89Aa0442,OUT
0xe993ae5fa641a3d3143b390fd5b07be3bcb50a92cd39fb11f16d187cbc6bfe9e,https://bscscan.com/tx/0xe993ae5fa641a3d3143b390fd5b07be3bcb50a92cd39fb11f16d187cbc6bfe9e,Approve,2023-06-27 4:31:18,2023-06-27 4:31:18,,1687840278,,0x128C33C1...d89Aa0442,OUT
0x18e6d60d7fa6f99ae8736519ebad83cd92848d6e867eb2da30e0547b8919c355,https://bscscan.com/tx/0x18e6d60d7fa6f99ae8736519ebad83cd92848d6e867eb2da30e0547b8919c355,Multicall,2023-06-27 4:30:21,2023-06-27 4:30:21,,1687840221,,0x128C33C1...d89Aa0442,OUT
0x4d95a40eff9851d3905531ae6c7c7f0bf47fd50576625e64ebad50efa7fe3b76,https://bscscan.com/tx/0x4d95a40eff9851d3905531ae6c7c7f0bf47fd50576625e64ebad50efa7fe3b76,Transfer,2023-06-27 4:29:54,2023-06-27 4:29:54,,1687840194,,Binance: Hot Wallet 18,IN
0x51fa317449aaf231a38e5680b74f97ecd3529b7fa316f88f16dd7267afd9e1f9,https://bscscan.com/tx/0x51fa317449aaf231a38e5680b74f97ecd3529b7fa316f88f16dd7267afd9e1f9,Multicall,2023-06-27 3:41:38,2023-06-27 3:41:38,,1687837298,,0x128C33C1...d89Aa0442,OUT
0x58fa0f71e302c22ec6296bbef3ea0c323fe155f85c51a293541903eaf89fb72d,https://bscscan.com/tx/0x58fa0f71e302c22ec6296bbef3ea0c323fe155f85c51a293541903eaf89fb72d,Multicall,2023-06-27 3:39:47,2023-06-27 3:39:47,,1687837187,,0x128C33C1...d89Aa0442,OUT
0x8e9c4b1f1842b7323b36114e51e83c1e25a35f451ea2d5fa3c416c03c06dbc6f,https://bscscan.com/tx/0x8e9c4b1f1842b7323b36114e51e83c1e25a35f451ea2d5fa3c416c03c06dbc6f,Multicall,2023-06-27 3:38:53,2023-06-27 3:38:53,,1687837133,,0x128C33C1...d89Aa0442,OUT
0x620f477de4c75354c760bdfacdf15d1023faf92260de3b7250c172813ab75cb9,https://bscscan.com/tx/0x620f477de4c75354c760bdfacdf15d1023faf92260de3b7250c172813ab75cb9,Multicall,2023-06-27 3:19:54,2023-06-27 3:19:54,,1687835994,,0x128C33C1...d89Aa0442,OUT
0xdd68a92ac74566424718dfb4897d4c36ce65e61fd74624aa5e7e4f1d7550b697,https://bscscan.com/tx/0xdd68a92ac74566424718dfb4897d4c36ce65e61fd74624aa5e7e4f1d7550b697,Approve,2023-06-27 3:03:26,2023-06-27 3:03:26,,1687835006,,0x128C33C1...d89Aa0442,OUT
0x68ff0138852da05d01769a6ba5d3de63a08870be1bf7f37ac9fad2cfd1ac9d16,https://bscscan.com/tx/0x68ff0138852da05d01769a6ba5d3de63a08870be1bf7f37ac9fad2cfd1ac9d16,Swap,2023-06-27 3:01:02,2023-06-27 3:01:02,,1687834862,,0x128C33C1...d89Aa0442,OUT
0xadb13c9e1f446cadc2682be7889abdd836943c812c2e3ac40117f58d7e9bae17,https://bscscan.com/tx/0xadb13c9e1f446cadc2682be7889abdd836943c812c2e3ac40117f58d7e9bae17,Swap,2023-06-27 3:00:08,2023-06-27 3:00:08,,1687834808,,0x128C33C1...d89Aa0442,OUT
0xc603180168eebf17db42b0f66e957e4869b97d2e06f96183f9707967a16ad2dd,https://bscscan.com/tx/0xc603180168eebf17db42b0f66e957e4869b97d2e06f96183f9707967a16ad2dd,Cancel Order,2023-06-27 2:45:23,2023-06-27 2:45:23,,1687833923,,0x128C33C1...d89Aa0442,OUT
0x1bf6a73f9abb1be89425115da2e7aa8f580e3412c4c95d9cebc3a6ab6839630a,https://bscscan.com/tx/0x1bf6a73f9abb1be89425115da2e7aa8f580e3412c4c95d9cebc3a6ab6839630a,Swap,2023-06-27 1:58:52,2023-06-27 1:58:52,,1687831132,,0x128C33C1...d89Aa0442,OUT
0xbfa8b0c04db0f55492c96578e8b374d0442790f6699ab61d879c701cf83b0f80,https://bscscan.com/tx/0xbfa8b0c04db0f55492c96578e8b374d0442790f6699ab61d879c701cf83b0f80,Swap,2023-06-27 1:58:01,2023-06-27 1:58:01,,1687831081,,0x128C33C1...d89Aa0442,OUT
0x2de531ae46ba48388d7956161e708cb3970ef8409bbeda8e8b2d16e0c82f2f7d,https://bscscan.com/tx/0x2de531ae46ba48388d7956161e708cb3970ef8409bbeda8e8b2d16e0c82f2f7d,0xcc5ade8d,2023-06-26 13:52:18,2023-06-26 13:52:18,,1687787538,,0x128C33C1...d89Aa0442,OUT
0xa9cd4f5a271428fc8d5e6a1ff4f1cb87ee80e9db2ea6dbc268d389a0b700e913,https://bscscan.com/tx/0xa9cd4f5a271428fc8d5e6a1ff4f1cb87ee80e9db2ea6dbc268d389a0b700e913,0xcc5ade8d,2023-06-26 13:13:21,2023-06-26 13:13:21,,1687785201,,0x128C33C1...d89Aa0442,OUT
0x39021b4bb447855ba342232e9baa49e0e2d80898cf3fb7f5de6c3c71f026515c,https://bscscan.com/tx/0x39021b4bb447855ba342232e9baa49e0e2d80898cf3fb7f5de6c3c71f026515c,0xcc5ade8d,2023-06-26 13:13:00,2023-06-26 13:13:00,,1687785180,,0x128C33C1...d89Aa0442,OUT
0xabd05ded909789a9e63c8d8139305241c7a939e710ae2d36881597938c15d3bc,https://bscscan.com/tx/0xabd05ded909789a9e63c8d8139305241c7a939e710ae2d36881597938c15d3bc,0xcc5ade8d,2023-06-26 13:10:30,2023-06-26 13:10:30,,1687785030,,0x128C33C1...d89Aa0442,OUT
0x0031fbb5e320056ce860a9a9f7c7d05faf0763d1869e2bbbadd98a04dd0ee01e,https://bscscan.com/tx/0x0031fbb5e320056ce860a9a9f7c7d05faf0763d1869e2bbbadd98a04dd0ee01e,Approve,2023-06-26 12:59:57,2023-06-26 12:59:57,,1687784397,,0x128C33C1...d89Aa0442,OUT
0x4c681ddf7b557aa059f97e174a1af72a8159951cee50a08e24c272c06f69226f,https://bscscan.com/tx/0x4c681ddf7b557aa059f97e174a1af72a8159951cee50a08e24c272c06f69226f,Multicall,2023-06-25 22:01:22,2023-06-25 22:01:22,,1687730482,,0x128C33C1...d89Aa0442,OUT
0x3cd9864bec5b13e7b949064eca89fce0204c81326be08a6af5a3f39afe8c9a01,https://bscscan.com/tx/0x3cd9864bec5b13e7b949064eca89fce0204c81326be08a6af5a3f39afe8c9a01,Cancel Order,2023-06-25 1:04:07,2023-06-25 1:04:07,,1687655047,,0x128C33C1...d89Aa0442,OUT
0x37a4c5818855d7080a38eb4fd57a731620d47bf7d797d49f126585198ed01852,https://bscscan.com/tx/0x37a4c5818855d7080a38eb4fd57a731620d47bf7d797d49f126585198ed01852,Deposit Token,2023-06-25 1:03:25,2023-06-25 1:03:25,,1687655005,,0x128C33C1...d89Aa0442,OUT
0x0fc12054395154ae65c9116ee1e29f90db4650f685b853f5a26a72107737b126,https://bscscan.com/tx/0x0fc12054395154ae65c9116ee1e29f90db4650f685b853f5a26a72107737b126,Deposit Token,2023-06-25 1:02:43,2023-06-25 1:02:43,,1687654963,,0x128C33C1...d89Aa0442,OUT
0x253e223687ec0721224d2915d1cd862eb6ec7a02db97493e4431d7759cc7fcc1,https://bscscan.com/tx/0x253e223687ec0721224d2915d1cd862eb6ec7a02db97493e4431d7759cc7fcc1,Multicall,2023-06-24 19:42:48,2023-06-24 19:42:48,,1687635768,,0x128C33C1...d89Aa0442,OUT
0x2fcf2bbc007647b10e5de24046c34b77589c833e3ed4dbb8fd6453fd73536222,https://bscscan.com/tx/0x2fcf2bbc007647b10e5de24046c34b77589c833e3ed4dbb8fd6453fd73536222,Approve,2023-06-24 18:33:36,2023-06-24 18:33:36,,1687631616,,0x128C33C1...d89Aa0442,OUT
0x03266658e5e0bd112d43fcfd6de8ab27864e1a7740f1dfb57056620686cce954,https://bscscan.com/tx/0x03266658e5e0bd112d43fcfd6de8ab27864e1a7740f1dfb57056620686cce954,Multicall,2023-06-24 14:09:45,2023-06-24 14:09:45,,1687615785,,0x128C33C1...d89Aa0442,OUT
0x97a6bc4a6cefe56c42e4772266bdaaf7136fb99a070abcd854b78816c91707a0,https://bscscan.com/tx/0x97a6bc4a6cefe56c42e4772266bdaaf7136fb99a070abcd854b78816c91707a0,Multicall,2023-06-24 12:15:35,2023-06-24 12:15:35,,1687608935,,0x128C33C1...d89Aa0442,OUT
0x3a079be70386459768042cc91285d2134cd939a1ebc5bf41994a156837476575,https://bscscan.com/tx/0x3a079be70386459768042cc91285d2134cd939a1ebc5bf41994a156837476575,Multicall,2023-06-24 11:55:43,2023-06-24 11:55:43,,1687607743,,0x128C33C1...d89Aa0442,OUT
0xb559ec2e05cae4d92335f527cd20dd224723870773bb5fe2483e885a27af1e5e,https://bscscan.com/tx/0xb559ec2e05cae4d92335f527cd20dd224723870773bb5fe2483e885a27af1e5e,Multicall,2023-06-24 0:32:11,2023-06-24 0:32:11,,1687566731,,0x128C33C1...d89Aa0442,OUT
0xbcacd18d47427690c1b0d01e00a7a51a27e6e5aacda16d5ff80fc9448ec9af61,https://bscscan.com/tx/0xbcacd18d47427690c1b0d01e00a7a51a27e6e5aacda16d5ff80fc9448ec9af61,Approve,2023-06-24 0:31:56,2023-06-24 0:31:56,,1687566716,,0x128C33C1...d89Aa0442,OUT
0x78798358bc537ffce4a9e7adeed9683f95c4f64797198eaa22da6576db0a3664,https://bscscan.com/tx/0x78798358bc537ffce4a9e7adeed9683f95c4f64797198eaa22da6576db0a3664,Multicall,2023-06-23 16:05:41,2023-06-23 16:05:41,,1687536341,,0x128C33C1...d89Aa0442,OUT
0x96c800c6485c63bdf1f7438fcb0b2a03525e4956ee42a91ad2266a06210f2f9a,https://bscscan.com/tx/0x96c800c6485c63bdf1f7438fcb0b2a03525e4956ee42a91ad2266a06210f2f9a,Multicall,2023-06-23 8:23:48,2023-06-23 8:23:48,,1687508628,,0x128C33C1...d89Aa0442,OUT
0xd929860066a0cae6741be271db71be5f7d270e7f0ff6b6cbb80be41cfe58094b,https://bscscan.com/tx/0xd929860066a0cae6741be271db71be5f7d270e7f0ff6b6cbb80be41cfe58094b,Multicall,2023-06-23 7:52:12,2023-06-23 7:52:12,,1687506732,,0x128C33C1...d89Aa0442,OUT
0xec4e72286d9094b8f06eaa564532c8262409227cba84d01e1b7f9423812a3e7e,https://bscscan.com/tx/0xec4e72286d9094b8f06eaa564532c8262409227cba84d01e1b7f9423812a3e7e,Multicall,2023-06-22 20:40:42,2023-06-22 20:40:42,,1687466442,,0x128C33C1...d89Aa0442,OUT
0x50c5ef449929520a5c1a5e2cc2d841ed842cf7d64a9f6ab58e425ea9986b1cf4,https://bscscan.com/tx/0x50c5ef449929520a5c1a5e2cc2d841ed842cf7d64a9f6ab58e425ea9986b1cf4,Multicall,2023-06-22 19:33:18,2023-06-22 19:33:18,,1687462398,,0x128C33C1...d89Aa0442,OUT
0x955d03cc98e4963dff1c90da73629fa72bf2d151c02f5057529602c5cedbf551,https://bscscan.com/tx/0x955d03cc98e4963dff1c90da73629fa72bf2d151c02f5057529602c5cedbf551,Multicall,2023-06-22 10:18:19,2023-06-22 10:18:19,,1687429099,,0x128C33C1...d89Aa0442,OUT
0x963224cc5a760d88b5aee35fe67a01b716e4641002f0faa670bba1b490d9ee55,https://bscscan.com/tx/0x963224cc5a760d88b5aee35fe67a01b716e4641002f0faa670bba1b490d9ee55,Multicall,2023-06-22 10:08:30,2023-06-22 10:08:30,,1687428510,,0x128C33C1...d89Aa0442,OUT
0x45e3732520dc2c8bf3bf83cef30a68e5fda1d5d989d1464fbbbb92b1bc3d4c9b,https://bscscan.com/tx/0x45e3732520dc2c8bf3bf83cef30a68e5fda1d5d989d1464fbbbb92b1bc3d4c9b,Multicall,2023-06-22 10:08:12,2023-06-22 10:08:12,,1687428492,,0x128C33C1...d89Aa0442,OUT
0xe6e738a9988ef129feb3cf540d8c8fb71e505dda6dc1402adbf8999fc1a15948,https://bscscan.com/tx/0xe6e738a9988ef129feb3cf540d8c8fb71e505dda6dc1402adbf8999fc1a15948,Multicall,2023-06-22 4:29:41,2023-06-22 4:29:41,,1687408181,,0x128C33C1...d89Aa0442,OUT
0xa20177d5665169c8578bb59de28db54a192e7fb2772d19267cafabd0ebf0aed1,https://bscscan.com/tx/0xa20177d5665169c8578bb59de28db54a192e7fb2772d19267cafabd0ebf0aed1,Approve,2023-06-22 4:28:59,2023-06-22 4:28:59,,1687408139,,0x128C33C1...d89Aa0442,OUT
0x44c1839c245aeaeeae6e27cf139244ce32c8b7f7d5476d2d29a194dc43dd0bff,https://bscscan.com/tx/0x44c1839c245aeaeeae6e27cf139244ce32c8b7f7d5476d2d29a194dc43dd0bff,Multicall,2023-06-20 20:50:52,2023-06-20 20:50:52,,1687294252,,0x128C33C1...d89Aa0442,OUT
0xac7c4c13b499979f6841b77a3016bd51bf00b37be1f5363552dc68704f279dbd,https://bscscan.com/tx/0xac7c4c13b499979f6841b77a3016bd51bf00b37be1f5363552dc68704f279dbd,Multicall,2023-06-20 20:50:37,2023-06-20 20:50:37,,1687294237,,0x128C33C1...d89Aa0442,OUT
0x89926fc8375d0fac3c87e208c2fa0395afe6762958b975092968f9922271c901,https://bscscan.com/tx/0x89926fc8375d0fac3c87e208c2fa0395afe6762958b975092968f9922271c901,Multicall,2023-06-20 20:46:47,2023-06-20 20:46:47,,1687294007,,0x128C33C1...d89Aa0442,OUT
0x8eb5bb8e2f387901f8b819f830a94dc849a97a3ace841d55fd537ad0aad13725,https://bscscan.com/tx/0x8eb5bb8e2f387901f8b819f830a94dc849a97a3ace841d55fd537ad0aad13725,Multicall,2023-06-20 20:40:47,2023-06-20 20:40:47,,1687293647,,0x128C33C1...d89Aa0442,OUT
0x0d0573c026fd42dfb04a840fbaaafa63d6c74523a727b06f9aa8869371f285c4,https://bscscan.com/tx/0x0d0573c026fd42dfb04a840fbaaafa63d6c74523a727b06f9aa8869371f285c4,Multicall,2023-06-20 1:06:25,2023-06-20 1:06:25,,1687223185,,0x128C33C1...d89Aa0442,OUT
0x783e5bcb8a36e71aaa4d63e5cf8f3dabf0951824d211439328e0c3896ccd51ad,https://bscscan.com/tx/0x783e5bcb8a36e71aaa4d63e5cf8f3dabf0951824d211439328e0c3896ccd51ad,Approve,2023-06-20 1:06:13,2023-06-20 1:06:13,,1687223173,,0x128C33C1...d89Aa0442,OUT
0x2e69f60eea04005bcb1f6c742672c1e5342ad0cc6d1dd6b397af084dc382335a,https://bscscan.com/tx/0x2e69f60eea04005bcb1f6c742672c1e5342ad0cc6d1dd6b397af084dc382335a,Swap,2023-06-20 1:04:04,2023-06-20 1:04:04,,1687223044,,0x128C33C1...d89Aa0442,OUT
0xbf639de9f7632ddca3209b5908056299d471ea0a72238055ac3c835cdcc1d7f0,https://bscscan.com/tx/0xbf639de9f7632ddca3209b5908056299d471ea0a72238055ac3c835cdcc1d7f0,Swap,2023-06-19 18:29:56,2023-06-19 18:29:56,,1687199396,,0x128C33C1...d89Aa0442,OUT
0x82d6b76b1afda998547394caa42618cfe65b3f5180708f62f8c1c54f4cced32c,https://bscscan.com/tx/0x82d6b76b1afda998547394caa42618cfe65b3f5180708f62f8c1c54f4cced32c,Swap,2023-06-19 18:26:05,2023-06-19 18:26:05,,1687199165,,0x128C33C1...d89Aa0442,OUT
0x777b8372d7dae6aca989e25837e15c2b8a52d26810180f432083ec77dd04437c,https://bscscan.com/tx/0x777b8372d7dae6aca989e25837e15c2b8a52d26810180f432083ec77dd04437c,Multicall,2023-06-19 17:42:32,2023-06-19 17:42:32,,1687196552,,0x128C33C1...d89Aa0442,OUT
0xe662904aa9c05ec7e0155cb93430575e8e7eeb6ed2c832be036b92c6c2bc2947,https://bscscan.com/tx/0xe662904aa9c05ec7e0155cb93430575e8e7eeb6ed2c832be036b92c6c2bc2947,Approve,2023-06-19 17:42:05,2023-06-19 17:42:05,,1687196525,,0x128C33C1...d89Aa0442,OUT
0x2903f97fb5c56d6be5c8400608e6be83b102ba6f1bc302ca1a15042ded25c211,https://bscscan.com/tx/0x2903f97fb5c56d6be5c8400608e6be83b102ba6f1bc302ca1a15042ded25c211,Multicall,2023-06-19 17:41:20,2023-06-19 17:41:20,,1687196480,,0x128C33C1...d89Aa0442,OUT
0x2ec580e7017af859050aaa5167469584dceb63c6db2789e5ef13e3d81b68b881,https://bscscan.com/tx/0x2ec580e7017af859050aaa5167469584dceb63c6db2789e5ef13e3d81b68b881,Multicall,2023-06-19 17:40:34,2023-06-19 17:40:34,,1687196434,,0x128C33C1...d89Aa0442,OUT
0xb943c7749c7529c6a2fff501f8ca359cce872a965416be3ef9e681165d44d1bb,https://bscscan.com/tx/0xb943c7749c7529c6a2fff501f8ca359cce872a965416be3ef9e681165d44d1bb,Multicall,2023-06-19 17:39:58,2023-06-19 17:39:58,,1687196398,,0x128C33C1...d89Aa0442,OUT
0x89feb4b23db60641752da3739fe6e8ac5408ff3fb838642da3efa50dbd76dc0d,https://bscscan.com/tx/0x89feb4b23db60641752da3739fe6e8ac5408ff3fb838642da3efa50dbd76dc0d,Multicall,2023-06-19 17:39:25,2023-06-19 17:39:25,,1687196365,,0x128C33C1...d89Aa0442,OUT
0x05bc97171ad89117efc8d8bd5fe215e3091cc0fcfda69528a7e0ee1eb239e5a5,https://bscscan.com/tx/0x05bc97171ad89117efc8d8bd5fe215e3091cc0fcfda69528a7e0ee1eb239e5a5,Multicall,2023-06-19 17:38:07,2023-06-19 17:38:07,,1687196287,,0x128C33C1...d89Aa0442,OUT
0x72d946f7696c4f11c6e28922585d1b49d5cf5e032b5b7c4edc5c094f055e736e,https://bscscan.com/tx/0x72d946f7696c4f11c6e28922585d1b49d5cf5e032b5b7c4edc5c094f055e736e,Approve,2023-06-19 17:27:55,2023-06-19 17:27:55,,1687195675,,0x128C33C1...d89Aa0442,OUT
0x89787244162ac673b9d585002a799cbb9e34851896b6b659cf5ab51c5adfb6da,https://bscscan.com/tx/0x89787244162ac673b9d585002a799cbb9e34851896b6b659cf5ab51c5adfb6da,Approve,2023-06-19 16:44:41,2023-06-19 16:44:41,,1687193081,,0x128C33C1...d89Aa0442,OUT
0x2279c1ee804e1126880a611798b649e11344a450c6ed45fbda0719ef37848cdc,https://bscscan.com/tx/0x2279c1ee804e1126880a611798b649e11344a450c6ed45fbda0719ef37848cdc,Approve,2023-06-19 16:13:20,2023-06-19 16:13:20,,1687191200,,0x128C33C1...d89Aa0442,OUT
0x5fd9b6ed20c1bfaecb3d67b4888ce590e90c9307f7396c13c2312edc7b9e2f38,https://bscscan.com/tx/0x5fd9b6ed20c1bfaecb3d67b4888ce590e90c9307f7396c13c2312edc7b9e2f38,Approve,2023-06-19 15:04:09,2023-06-19 15:04:09,,1687187049,,0x128C33C1...d89Aa0442,OUT
0x48f48a767f5779c2730f4ac688cd7f44f52a9abf29b115152d0c38acf54cde2d,https://bscscan.com/tx/0x48f48a767f5779c2730f4ac688cd7f44f52a9abf29b115152d0c38acf54cde2d,Swap,2023-06-19 14:53:05,2023-06-19 14:53:05,,1687186385,,0x128C33C1...d89Aa0442,OUT
0x63f567223173d586406c4b51ced63db0e2b1d6caf903bd351568bfffdcd7d0a7,https://bscscan.com/tx/0x63f567223173d586406c4b51ced63db0e2b1d6caf903bd351568bfffdcd7d0a7,Swap,2023-06-19 14:17:51,2023-06-19 14:17:51,,1687184271,,0x128C33C1...d89Aa0442,OUT
0xa7466313115ef6061667374c6980d9548ad2508ea7146cb71cedcd684ee1952e,https://bscscan.com/tx/0xa7466313115ef6061667374c6980d9548ad2508ea7146cb71cedcd684ee1952e,Swap,2023-06-19 13:52:35,2023-06-19 13:52:35,,1687182755,,0x128C33C1...d89Aa0442,OUT
0x2e2880ba62ed58f046e2d27610de8ffb7bea3c4f50492c1189ae8a1dcabad33f,https://bscscan.com/tx/0x2e2880ba62ed58f046e2d27610de8ffb7bea3c4f50492c1189ae8a1dcabad33f,Multicall,2023-06-19 13:42:55,2023-06-19 13:42:55,,1687182175,,0x128C33C1...d89Aa0442,OUT
0xf34d89784747258a3a797c4f108170cbc45b7c376cd98bb5cc27aaca03ba8b43,https://bscscan.com/tx/0xf34d89784747258a3a797c4f108170cbc45b7c376cd98bb5cc27aaca03ba8b43,Approve,2023-06-19 13:42:34,2023-06-19 13:42:34,,1687182154,,0x128C33C1...d89Aa0442,OUT
0xd3ac0a910377978e08982824e498ad993ec54f0ab894ab90f97b39e4eb01651f,https://bscscan.com/tx/0xd3ac0a910377978e08982824e498ad993ec54f0ab894ab90f97b39e4eb01651f,Swap,2023-06-19 13:41:01,2023-06-19 13:41:01,,1687182061,,0x128C33C1...d89Aa0442,OUT
0xe9e50eb1fb867054dacead1dd215ef18cc007faf4b9cdb08a4072917fa691781,https://bscscan.com/tx/0xe9e50eb1fb867054dacead1dd215ef18cc007faf4b9cdb08a4072917fa691781,Swap,2023-06-19 13:39:01,2023-06-19 13:39:01,,1687181941,,0x128C33C1...d89Aa0442,OUT
0xb27023401886b1fc9499fdb6e16a294c3614154dba315de74fef003dae2ff7e3,https://bscscan.com/tx/0xb27023401886b1fc9499fdb6e16a294c3614154dba315de74fef003dae2ff7e3,Swap,2023-06-19 13:38:37,2023-06-19 13:38:37,,1687181917,,0x128C33C1...d89Aa0442,OUT
0x71d4ef95a0930d8286fc8e88cca9eaa72f935ff3718accf69aa3fc2debb4faec,https://bscscan.com/tx/0x71d4ef95a0930d8286fc8e88cca9eaa72f935ff3718accf69aa3fc2debb4faec,Multicall,2023-06-19 11:08:35,2023-06-19 11:08:35,,1687172915,,0x128C33C1...d89Aa0442,OUT
0xa8ea7c50336c70095d6c4ab388c2ba6c68049dd8cf9005a421d88e9a0bb2372c,https://bscscan.com/tx/0xa8ea7c50336c70095d6c4ab388c2ba6c68049dd8cf9005a421d88e9a0bb2372c,Approve,2023-06-19 11:07:56,2023-06-19 11:07:56,,1687172876,,0x128C33C1...d89Aa0442,OUT
0xa48097bc3c559558dbdacbc503f7f7ae39d0f0b6119b1f2987757c9d303f23ba,https://bscscan.com/tx/0xa48097bc3c559558dbdacbc503f7f7ae39d0f0b6119b1f2987757c9d303f23ba,Approve,2023-06-19 10:44:02,2023-06-19 10:44:02,,1687171442,,0x128C33C1...d89Aa0442,OUT
0x537909f7ba6b286f0f8d0f62df98b5244ba77240813339af1677981cf74028a8,https://bscscan.com/tx/0x537909f7ba6b286f0f8d0f62df98b5244ba77240813339af1677981cf74028a8,Multicall,2023-06-18 10:25:10,2023-06-18 10:25:10,,1687083910,,0x128C33C1...d89Aa0442,OUT
0x76b849e329fa954f227516af6034081c019d3da7355f1bd4170a98a4a1fac8c1,https://bscscan.com/tx/0x76b849e329fa954f227516af6034081c019d3da7355f1bd4170a98a4a1fac8c1,Swap,2023-06-17 20:11:51,2023-06-17 20:11:51,,1687032711,,0x128C33C1...d89Aa0442,OUT
0x8229c9ef648f7d2074e462c0a47f45f3e15afc6e6588057ebbc4d411eba2ebdb,https://bscscan.com/tx/0x8229c9ef648f7d2074e462c0a47f45f3e15afc6e6588057ebbc4d411eba2ebdb,Swap,2023-06-17 14:42:36,2023-06-17 14:42:36,,1687012956,,0x128C33C1...d89Aa0442,OUT
0xcae5e269301dafa6d70b0373d5886b772ab30a7383f0502c518fd606f6f9251e,https://bscscan.com/tx/0xcae5e269301dafa6d70b0373d5886b772ab30a7383f0502c518fd606f6f9251e,Multicall,2023-06-17 12:54:15,2023-06-17 12:54:15,,1687006455,,0x128C33C1...d89Aa0442,OUT
0xeb9d39b9c1ea5a7cb190c2aacd5347468f3136728c1eb1f040b8f8c938f58076,https://bscscan.com/tx/0xeb9d39b9c1ea5a7cb190c2aacd5347468f3136728c1eb1f040b8f8c938f58076,Multicall,2023-06-17 12:47:48,2023-06-17 12:47:48,,1687006068,,0x128C33C1...d89Aa0442,OUT
0xa4aaa302695a676efd0a7b0c5065481948ceb8a62278a802fdecb0e7e3425086,https://bscscan.com/tx/0xa4aaa302695a676efd0a7b0c5065481948ceb8a62278a802fdecb0e7e3425086,Swap,2023-06-16 19:01:47,2023-06-16 19:01:47,,1686942107,,0x128C33C1...d89Aa0442,OUT
0x3da6268ffdaaa0c74e232562bb0b57f42ccb921dffd6f4c0cce137f234953218,https://bscscan.com/tx/0x3da6268ffdaaa0c74e232562bb0b57f42ccb921dffd6f4c0cce137f234953218,Transfer,2023-06-16 18:46:29,2023-06-16 18:46:29,,1686941189,,Binance: Hot Wallet 13,IN
0x79bde17db7cac9b4b105910711ab9ac95d1df6f3ad1cb4809826cbd64486f846,https://bscscan.com/tx/0x79bde17db7cac9b4b105910711ab9ac95d1df6f3ad1cb4809826cbd64486f846,Swap,2023-06-16 18:41:13,2023-06-16 18:41:13,,1686940873,,0x128C33C1...d89Aa0442,OUT
0x51f37177157ba3ecf80e9fd748fde5fd5614bf4f26f4049f5ef367a4c7624b6f,https://bscscan.com/tx/0x51f37177157ba3ecf80e9fd748fde5fd5614bf4f26f4049f5ef367a4c7624b6f,Swap,2023-06-16 18:36:27,2023-06-16 18:36:27,,1686940587,,0x128C33C1...d89Aa0442,OUT
0x445e27c48d97fb9874859900b9c69724787163475c6e619bdf189883d46f6fe5,https://bscscan.com/tx/0x445e27c48d97fb9874859900b9c69724787163475c6e619bdf189883d46f6fe5,Multicall,2023-06-16 18:35:57,2023-06-16 18:35:57,,1686940557,,0x128C33C1...d89Aa0442,OUT
0x76643c4221ef3457d9586004046fbc42d9da1e941b19e6ac552c60f7e47ae40b,https://bscscan.com/tx/0x76643c4221ef3457d9586004046fbc42d9da1e941b19e6ac552c60f7e47ae40b,Multicall,2023-06-16 18:22:39,2023-06-16 18:22:39,,1686939759,,0x128C33C1...d89Aa0442,OUT
0x5a5cb28113b45f8e4f14ea31228fb6c833e30ded9dc16d44c2571008395cc398,https://bscscan.com/tx/0x5a5cb28113b45f8e4f14ea31228fb6c833e30ded9dc16d44c2571008395cc398,Approve,2023-06-16 18:01:54,2023-06-16 18:01:54,,1686938514,,0x128C33C1...d89Aa0442,OUT
0x3ea5b8d43c60d041a39aa5f0e502d32b510e9d09973c5b3b2e29eb49748ce854,https://bscscan.com/tx/0x3ea5b8d43c60d041a39aa5f0e502d32b510e9d09973c5b3b2e29eb49748ce854,Approve,2023-06-16 17:56:45,2023-06-16 17:56:45,,1686938205,,0x128C33C1...d89Aa0442,OUT
0xef07d47e1b3255fa0694c2b00c253acf9d3ad536cb98bee6f20767a914e4a11d,https://bscscan.com/tx/0xef07d47e1b3255fa0694c2b00c253acf9d3ad536cb98bee6f20767a914e4a11d,Enter Pot,2023-06-10 19:21:56,2023-06-10 19:21:56,,1686424916,,0x128C33C1...d89Aa0442,OUT
0x4d4bb40f9d5a2a639e9ece050b9ab42878f9aeed84dae6773286a9bee62b2d9c,https://bscscan.com/tx/0x4d4bb40f9d5a2a639e9ece050b9ab42878f9aeed84dae6773286a9bee62b2d9c,Approve,2023-06-10 15:05:55,2023-06-10 15:05:55,,1686409555,,0x128C33C1...d89Aa0442,OUT
0xea03e62244a768519fd0ef2efc2d3236512226eb031f6be2b682a93e9cb67581,https://bscscan.com/tx/0xea03e62244a768519fd0ef2efc2d3236512226eb031f6be2b682a93e9cb67581,Multicall,2023-06-10 15:04:34,2023-06-10 15:04:34,,1686409474,,0x128C33C1...d89Aa0442,OUT
0xfcdaa2ef5e12d0bb8d8511298a8bdc4572cf62abd2988297e7879d9ff69c5030,https://bscscan.com/tx/0xfcdaa2ef5e12d0bb8d8511298a8bdc4572cf62abd2988297e7879d9ff69c5030,Enter Pot,2023-06-10 15:00:07,2023-06-10 15:00:07,,1686409207,,0x128C33C1...d89Aa0442,OUT
0x62625c0424721e7b5c3a57d9b5c98dc514a736e42d99247df25726e4ebf2d004,https://bscscan.com/tx/0x62625c0424721e7b5c3a57d9b5c98dc514a736e42d99247df25726e4ebf2d004,Enter Pot,2023-06-10 14:59:40,2023-06-10 14:59:40,,1686409180,,0x128C33C1...d89Aa0442,OUT
0x6937d5e35e2d25b378a8d66e8163485f890e3d019ba98027ffd626555f63630a,https://bscscan.com/tx/0x6937d5e35e2d25b378a8d66e8163485f890e3d019ba98027ffd626555f63630a,Enter Pot,2023-06-10 14:59:13,2023-06-10 14:59:13,,1686409153,,0x128C33C1...d89Aa0442,OUT
0x9399e663cb06dbf3642422bd4f74677fa74cd6564caae1ba966be1c14c062670,https://bscscan.com/tx/0x9399e663cb06dbf3642422bd4f74677fa74cd6564caae1ba966be1c14c062670,Approve,2023-06-10 14:58:52,2023-06-10 14:58:52,,1686409132,,0x128C33C1...d89Aa0442,OUT
0x903f8416eea2671c44ba9cd4589ff583bd8258cee0cb607c24b1013913a558ac,https://bscscan.com/tx/0x903f8416eea2671c44ba9cd4589ff583bd8258cee0cb607c24b1013913a558ac,Multicall,2023-06-10 14:26:19,2023-06-10 14:26:19,,1686407179,,0x128C33C1...d89Aa0442,OUT
0x50725479d5862c0b079a87f76dcb3c31f15069b13441e59a6e6de171da358a21,https://bscscan.com/tx/0x50725479d5862c0b079a87f76dcb3c31f15069b13441e59a6e6de171da358a21,Multicall,2023-06-10 14:25:34,2023-06-10 14:25:34,,1686407134,,0x128C33C1...d89Aa0442,OUT
0x435c743ade0cc6aecd4d71f4b7296c12e6ecdc1f3d841cbad722b96e3bf2472c,https://bscscan.com/tx/0x435c743ade0cc6aecd4d71f4b7296c12e6ecdc1f3d841cbad722b96e3bf2472c,Multicall,2023-06-10 14:20:52,2023-06-10 14:20:52,,1686406852,,0x128C33C1...d89Aa0442,OUT
0x0c7dbadcb10b60f11cff828b788d999021136961ed7512b142fc0d19ca39f3dc,https://bscscan.com/tx/0x0c7dbadcb10b60f11cff828b788d999021136961ed7512b142fc0d19ca39f3dc,Transfer,2023-06-10 14:12:19,2023-06-10 14:12:19,,1686406339,,Binance: Hot Wallet 23,IN
0xb0258e99b09117dd848d70d950e1333b096b201b3de4d40cb57f301e7c931974,https://bscscan.com/tx/0xb0258e99b09117dd848d70d950e1333b096b201b3de4d40cb57f301e7c931974,Multicall,2023-06-09 7:40:43,2023-06-09 7:40:43,,1686296443,,0x128C33C1...d89Aa0442,OUT
0xc34308d12c92cb37cb207048a3f08205f39b0484fd1d937c195ce187230be56c,https://bscscan.com/tx/0xc34308d12c92cb37cb207048a3f08205f39b0484fd1d937c195ce187230be56c,Multicall,2023-06-09 7:40:03,2023-06-09 7:40:03,,1686296403,,0x128C33C1...d89Aa0442,OUT
0x1e374fe313711cc867b231198c0a4208def1ae269a0da084b2ce1236c28d055f,https://bscscan.com/tx/0x1e374fe313711cc867b231198c0a4208def1ae269a0da084b2ce1236c28d055f,Approve,2023-06-09 7:39:48,2023-06-09 7:39:48,,1686296388,,0x128C33C1...d89Aa0442,OUT
0x148b01d40cd0548a919c761dc88cee950bc3f1d22f8c216cbd249fabca13a494,https://bscscan.com/tx/0x148b01d40cd0548a919c761dc88cee950bc3f1d22f8c216cbd249fabca13a494,Transfer,2023-06-04 18:40:57,2023-06-04 18:40:57,,1685904057,,0x128C33C1...d89Aa0442,OUT
0x03ec0a7f158b81d8ad9a8ce7d8a7780ef41cc3f10d15468ef326331a02d1c114,https://bscscan.com/tx/0x03ec0a7f158b81d8ad9a8ce7d8a7780ef41cc3f10d15468ef326331a02d1c114,Transfer,2023-06-04 18:40:45,2023-06-04 18:40:45,,1685904045,,0x128C33C1...d89Aa0442,OUT
0x3c761c23daa12f827beb9a783556c5ff0ee5823e9fa98811b6451802bc8ca54e,https://bscscan.com/tx/0x3c761c23daa12f827beb9a783556c5ff0ee5823e9fa98811b6451802bc8ca54e,Multicall,2023-06-04 15:20:01,2023-06-04 15:20:01,,1685892001,,0x128C33C1...d89Aa0442,OUT
0x3afc5a2f9d6609861a51a2ac19ad4bb716716d96d5fbdd109d52977c556f3ee8,https://bscscan.com/tx/0x3afc5a2f9d6609861a51a2ac19ad4bb716716d96d5fbdd109d52977c556f3ee8,Transfer,2023-06-04 15:15:31,2023-06-04 15:15:31,,1685891731,,0x128C33C1...d89Aa0442,OUT
0xaddd989daa8b611e53c38be14721b4f70ee2c36c1596af622c9ea0a3981c17ce,https://bscscan.com/tx/0xaddd989daa8b611e53c38be14721b4f70ee2c36c1596af622c9ea0a3981c17ce,Transfer,2023-06-04 15:12:10,2023-06-04 15:12:10,,1685891530,,0x128C33C1...d89Aa0442,OUT
0x21c9d72153e1b0e9d7d38c0fa0aaaa3d5f2f1100245c90fe31ede170121cdc05,https://bscscan.com/tx/0x21c9d72153e1b0e9d7d38c0fa0aaaa3d5f2f1100245c90fe31ede170121cdc05,Transfer,2023-06-04 14:22:30,2023-06-04 14:22:30,,1685888550,,0x128C33C1...d89Aa0442,OUT
0xc90dda48aa2c0046ab79b02cdf59fc128b8122e7da62d4d26e43b096ed0ec176,https://bscscan.com/tx/0xc90dda48aa2c0046ab79b02cdf59fc128b8122e7da62d4d26e43b096ed0ec176,Transfer,2023-06-04 13:43:54,2023-06-04 13:43:54,,1685886234,,0xCC1785D9...D19a6cc38,IN
0x4aab21e2a99bfb0935520acbbc4d14233879adc498b99441afcb4c6a9ebb23f3,https://bscscan.com/tx/0x4aab21e2a99bfb0935520acbbc4d14233879adc498b99441afcb4c6a9ebb23f3,Transfer,2023-06-04 13:42:27,2023-06-04 13:42:27,,1685886147,,0x5e0f5bDC...2B40e6373,IN
0xc023b1ab78f591a5ee61233a1ea5fa1ed5402b8470789988e79aeffa2160f8a1,https://bscscan.com/tx/0xc023b1ab78f591a5ee61233a1ea5fa1ed5402b8470789988e79aeffa2160f8a1,Transfer,2023-06-04 13:40:45,2023-06-04 13:40:45,,1685886045,,0xE42BE986...70D329C86,IN
0xa12519ffa47afad522ae6d5e610c920e313e9b8e3bee50176f3d7f2797534052,https://bscscan.com/tx/0xa12519ffa47afad522ae6d5e610c920e313e9b8e3bee50176f3d7f2797534052,Multicall,2023-06-04 10:48:03,2023-06-04 10:48:03,,1685875683,,0x128C33C1...d89Aa0442,OUT
0x82eb7aef248400e735dc95706d977c52a017091824bbf4c8627228bb865fbb02,https://bscscan.com/tx/0x82eb7aef248400e735dc95706d977c52a017091824bbf4c8627228bb865fbb02,Approve,2023-06-04 0:25:11,2023-06-04 0:25:11,,1685838311,,0x128C33C1...d89Aa0442,OUT
0x6c62d8bba8842264ff958bc7764b530b9973731b35b217f47a44a296503a1678,https://bscscan.com/tx/0x6c62d8bba8842264ff958bc7764b530b9973731b35b217f47a44a296503a1678,Multicall,2023-06-04 0:19:17,2023-06-04 0:19:17,,1685837957,,0x128C33C1...d89Aa0442,OUT
0x28892860ca8cdc712b076b5dd86bfae20999d50ce133155d6862805481cef5b8,https://bscscan.com/tx/0x28892860ca8cdc712b076b5dd86bfae20999d50ce133155d6862805481cef5b8,Multicall,2023-06-04 0:16:08,2023-06-04 0:16:08,,1685837768,,0x128C33C1...d89Aa0442,OUT
0xee57bf79b58249871df30a1df5ee9a0ddd195371e82bf278c2a4a1cd593bb1a8,https://bscscan.com/tx/0xee57bf79b58249871df30a1df5ee9a0ddd195371e82bf278c2a4a1cd593bb1a8,Approve,2023-06-04 0:15:26,2023-06-04 0:15:26,,1685837726,,0x128C33C1...d89Aa0442,OUT
0x79d5076a8ab56816e2812fa3c4c8f0300f9f83774a32c8fe0f4868d7cef4f9ed,https://bscscan.com/tx/0x79d5076a8ab56816e2812fa3c4c8f0300f9f83774a32c8fe0f4868d7cef4f9ed,Multicall,2023-06-04 0:13:23,2023-06-04 0:13:23,,1685837603,,0x128C33C1...d89Aa0442,OUT
0x96f0cf4d23959f23233859eb5d0107aae81588029f41ec2c02747db1b04863c8,https://bscscan.com/tx/0x96f0cf4d23959f23233859eb5d0107aae81588029f41ec2c02747db1b04863c8,Multicall,2023-06-04 0:12:50,2023-06-04 0:12:50,,1685837570,,0x128C33C1...d89Aa0442,OUT
0xe75c809c73adbef4ba8d55073e127efe5c04564503c4b57bdb2f0882171b0794,https://bscscan.com/tx/0xe75c809c73adbef4ba8d55073e127efe5c04564503c4b57bdb2f0882171b0794,Multicall,2023-06-04 0:12:20,2023-06-04 0:12:20,,1685837540,,0x128C33C1...d89Aa0442,OUT
0x89e19e41d95c17d6de666e57dc4e49452d2ad36bf2b7b5f6df0567dfd5a1b1df,https://bscscan.com/tx/0x89e19e41d95c17d6de666e57dc4e49452d2ad36bf2b7b5f6df0567dfd5a1b1df,Multicall,2023-06-04 0:11:22,2023-06-04 0:11:22,,1685837482,,0x128C33C1...d89Aa0442,OUT
0xcd73a2a1f619a288d68e68121f1b77edb3f3fa00ec2f1d93a0dfd23bc1783513,https://bscscan.com/tx/0xcd73a2a1f619a288d68e68121f1b77edb3f3fa00ec2f1d93a0dfd23bc1783513,Multicall,2023-06-04 0:10:50,2023-06-04 0:10:50,,1685837450,,0x128C33C1...d89Aa0442,OUT
0xad894fa929802873e4831c32112978acca6892669b97adabeed356707dee5b18,https://bscscan.com/tx/0xad894fa929802873e4831c32112978acca6892669b97adabeed356707dee5b18,Multicall,2023-06-04 0:08:42,2023-06-04 0:08:42,,1685837322,,0x128C33C1...d89Aa0442,OUT
0x220a70204bdc513fef7fb7ce078e8ef4f10deb705591a37830fab02b8f0fe8bb,https://bscscan.com/tx/0x220a70204bdc513fef7fb7ce078e8ef4f10deb705591a37830fab02b8f0fe8bb,Multicall,2023-06-04 0:08:21,2023-06-04 0:08:21,,1685837301,,0x128C33C1...d89Aa0442,OUT
0x28ba2e0fd12261448f54eceaec276c353ad588d8da3e3cb0c6708724d6f29f51,https://bscscan.com/tx/0x28ba2e0fd12261448f54eceaec276c353ad588d8da3e3cb0c6708724d6f29f51,Approve,2023-06-04 0:08:21,2023-06-04 0:08:21,,1685837301,,0x128C33C1...d89Aa0442,OUT
0x5f4277b8ce09b2cf8f11d4e84009816ed86cec6046bfa89631b9aa5201368f28,https://bscscan.com/tx/0x5f4277b8ce09b2cf8f11d4e84009816ed86cec6046bfa89631b9aa5201368f28,Deposit,2023-06-02 1:10:37,2023-06-02 1:10:37,,1685668237,,0x128C33C1...d89Aa0442,OUT
0x63780d5c9b097bf5063227822fabc7097b2197a293d6aa429bf781aacbcf440b,https://bscscan.com/tx/0x63780d5c9b097bf5063227822fabc7097b2197a293d6aa429bf781aacbcf440b,Withdraw,2023-06-02 1:10:07,2023-06-02 1:10:07,,1685668207,,0x128C33C1...d89Aa0442,OUT
0x87ea27d9d5e912ddf455170c7ac9dbda84b834ae3816574afd49442655e11d1e,https://bscscan.com/tx/0x87ea27d9d5e912ddf455170c7ac9dbda84b834ae3816574afd49442655e11d1e,Multicall,2023-06-01 23:51:03,2023-06-01 23:51:03,,1685663463,,0x128C33C1...d89Aa0442,OUT
0x1607736212361594af50e86efbc6508b3865c308ef32a6d3f422f52d68cdb553,https://bscscan.com/tx/0x1607736212361594af50e86efbc6508b3865c308ef32a6d3f422f52d68cdb553,Approve,2023-06-01 23:39:48,2023-06-01 23:39:48,,1685662788,,0x128C33C1...d89Aa0442,OUT
0x4b3fe5b8a3a83a5832ad69991ec1ad4a22ecf836c540664fb8734443094a7d51,https://bscscan.com/tx/0x4b3fe5b8a3a83a5832ad69991ec1ad4a22ecf836c540664fb8734443094a7d51,Transfer,2023-06-01 11:36:16,2023-06-01 11:36:16,,1685619376,,0x128C33C1...d89Aa0442,OUT
0x2c03b04ca8ff4f4662a5a942f5833a48597cab75d48b5371fd04c7e313adb5b8,https://bscscan.com/tx/0x2c03b04ca8ff4f4662a5a942f5833a48597cab75d48b5371fd04c7e313adb5b8,Transfer,2023-06-01 11:35:25,2023-06-01 11:35:25,,1685619325,,0x128C33C1...d89Aa0442,OUT
0x4baf99cc20e3a29f477399b98041e7e25af1910804fe35225706639b8420b3e4,https://bscscan.com/tx/0x4baf99cc20e3a29f477399b98041e7e25af1910804fe35225706639b8420b3e4,Multicall,2023-06-01 11:28:52,2023-06-01 11:28:52,,1685618932,,0x128C33C1...d89Aa0442,OUT
0x557eb3d53bb2035539518fd94c51ffbbdd9c9abbb2335ea588662a373e492124,https://bscscan.com/tx/0x557eb3d53bb2035539518fd94c51ffbbdd9c9abbb2335ea588662a373e492124,Approve,2023-06-01 11:28:40,2023-06-01 11:28:40,,1685618920,,0x128C33C1...d89Aa0442,OUT
0xf1dc07756db128f09bb8e2fa8cc9767cc1eab22a4e5ca2cbb17ed2bb8a8bbad5,https://bscscan.com/tx/0xf1dc07756db128f09bb8e2fa8cc9767cc1eab22a4e5ca2cbb17ed2bb8a8bbad5,Multicall,2023-06-01 11:27:31,2023-06-01 11:27:31,,1685618851,,0x128C33C1...d89Aa0442,OUT
0x07196484e47d38507eb37ca22ceefd9edc29676fc0e7c29714f60273678fda24,https://bscscan.com/tx/0x07196484e47d38507eb37ca22ceefd9edc29676fc0e7c29714f60273678fda24,Multicall,2023-05-29 23:02:49,2023-05-29 23:02:49,,1685401369,,0x128C33C1...d89Aa0442,OUT
0xf93d66e9fb314b83426eb3b1e0f08d4665ebfa13f43f78d783b4606ec1942928,https://bscscan.com/tx/0xf93d66e9fb314b83426eb3b1e0f08d4665ebfa13f43f78d783b4606ec1942928,Approve,2023-05-29 20:05:40,2023-05-29 20:05:40,,1685390740,,0x128C33C1...d89Aa0442,OUT
0x7b74025fb087ddec986610a20b3ab5eee848de565ccd80dc40ee7bdd0ffa1184,https://bscscan.com/tx/0x7b74025fb087ddec986610a20b3ab5eee848de565ccd80dc40ee7bdd0ffa1184,Multicall,2023-05-29 19:52:37,2023-05-29 19:52:37,,1685389957,,0x128C33C1...d89Aa0442,OUT
0x995ec1a96d69014c381cb995c98c3f8194aaee8a8e657fe2bf1be68a226d14cf,https://bscscan.com/tx/0x995ec1a96d69014c381cb995c98c3f8194aaee8a8e657fe2bf1be68a226d14cf,Transfer,2023-05-28 22:12:44,2023-05-28 22:12:44,,1685311964,,0x128C33C1...d89Aa0442,OUT
0xe11dd64960646b2ffea79d6884f2ac810e649169a6799c70b684d2d981dbdbdb,https://bscscan.com/tx/0xe11dd64960646b2ffea79d6884f2ac810e649169a6799c70b684d2d981dbdbdb,Transfer,2023-05-28 21:48:02,2023-05-28 21:48:02,,1685310482,,0xe42bEEfD...10A139c86,IN
0xbd0242a1fcd93c26f29026a1c75f6861834519ae989f53b10d0af8bfb7f1a59d,https://bscscan.com/tx/0xbd0242a1fcd93c26f29026a1c75f6861834519ae989f53b10d0af8bfb7f1a59d,Transfer,2023-05-28 21:48:02,2023-05-28 21:48:02,,1685310482,,0xe42FC190...0eb899c86,IN
0x703f0145bd2bbe16b07f34f6d82d151a63625836d01ac9664f58319c9a38ea4d,https://bscscan.com/tx/0x703f0145bd2bbe16b07f34f6d82d151a63625836d01ac9664f58319c9a38ea4d,Transfer,2023-05-28 21:47:11,2023-05-28 21:47:11,,1685310431,,0x128C33C1...d89Aa0442,OUT
0xcbd622670324e1a824ee79762ca1cfd6ba3d5f150480bf821a69503b16386692,https://bscscan.com/tx/0xcbd622670324e1a824ee79762ca1cfd6ba3d5f150480bf821a69503b16386692,Transfer,2023-05-28 21:46:53,2023-05-28 21:46:53,,1685310413,,0x128C33C1...d89Aa0442,OUT
0x27f5dd50f1456a075e9ff3d38bddfc8f2413a27b86e39f0ccaf6812e3a0c25f2,https://bscscan.com/tx/0x27f5dd50f1456a075e9ff3d38bddfc8f2413a27b86e39f0ccaf6812e3a0c25f2,Transfer,2023-05-28 21:46:20,2023-05-28 21:46:20,,1685310380,,0x128C33C1...d89Aa0442,OUT
0x972d70bca0b12482bb72109fd7289a0b2a647c9260988cb845ddb1e9defb7b96,https://bscscan.com/tx/0x972d70bca0b12482bb72109fd7289a0b2a647c9260988cb845ddb1e9defb7b96,Multicall,2023-05-28 19:08:50,2023-05-28 19:08:50,,1685300930,,0x128C33C1...d89Aa0442,OUT
0xbbb2824868bf0eb2bc0d44e22f9bd20973c5c945f77d72cd6dbdd9b46538894c,https://bscscan.com/tx/0xbbb2824868bf0eb2bc0d44e22f9bd20973c5c945f77d72cd6dbdd9b46538894c,Multicall,2023-05-28 10:19:31,2023-05-28 10:19:31,,1685269171,,0x128C33C1...d89Aa0442,OUT
0x57c3671d8830db649b9869355fe28043866b9a9deb6d241b6eb825fdbfd4d72a,https://bscscan.com/tx/0x57c3671d8830db649b9869355fe28043866b9a9deb6d241b6eb825fdbfd4d72a,Approve,2023-05-28 9:25:35,2023-05-28 9:25:35,,1685265935,,0x128C33C1...d89Aa0442,OUT
0x6496491179b0541feb69987bb63c9ea37fcf08510a0a1d53844f24e40b7eebc9,https://bscscan.com/tx/0x6496491179b0541feb69987bb63c9ea37fcf08510a0a1d53844f24e40b7eebc9,Multicall,2023-05-27 22:22:13,2023-05-27 22:22:13,,1685226133,,0x128C33C1...d89Aa0442,OUT
0x4676f8bd52cf5d2b3f586e922003ac611a8d622184047126fb1937626ede614d,https://bscscan.com/tx/0x4676f8bd52cf5d2b3f586e922003ac611a8d622184047126fb1937626ede614d,Approve,2023-05-27 22:21:22,2023-05-27 22:21:22,,1685226082,,0x128C33C1...d89Aa0442,OUT
0xe8fd9c9c460b7e1e8dec88781e23229982fa2a5e0b879deb65283bfe464385a4,https://bscscan.com/tx/0xe8fd9c9c460b7e1e8dec88781e23229982fa2a5e0b879deb65283bfe464385a4,Transfer,2023-05-26 5:01:39,2023-05-26 5:01:39,,1685077299,,0x128C33C1...d89Aa0442,OUT
0xf10ceb33d8995603e3eaed812e2439409865fdad5bcc242096a9849de55627a1,https://bscscan.com/tx/0xf10ceb33d8995603e3eaed812e2439409865fdad5bcc242096a9849de55627a1,Multicall,2023-05-26 0:48:59,2023-05-26 0:48:59,,1685062139,,0x128C33C1...d89Aa0442,OUT
0x97bb34fb861f7ab9b9d40b0e4b30199792d03532758926908ac7468645194ec1,https://bscscan.com/tx/0x97bb34fb861f7ab9b9d40b0e4b30199792d03532758926908ac7468645194ec1,Approve,2023-05-26 0:48:38,2023-05-26 0:48:38,,1685062118,,0x128C33C1...d89Aa0442,OUT
0x262c2f66ab8f0cce11d59cd27f01ba6b714fdd16b4cf2849da1f3decf7b50723,https://bscscan.com/tx/0x262c2f66ab8f0cce11d59cd27f01ba6b714fdd16b4cf2849da1f3decf7b50723,Multicall,2023-05-26 0:46:23,2023-05-26 0:46:23,,1685061983,,0x128C33C1...d89Aa0442,OUT
0x7b0f5df00ed5b2a5635bafc62df9aa92ea8b0a057516ef8249983c225db67bc1,https://bscscan.com/tx/0x7b0f5df00ed5b2a5635bafc62df9aa92ea8b0a057516ef8249983c225db67bc1,Approve,2023-05-26 0:45:44,2023-05-26 0:45:44,,1685061944,,0x128C33C1...d89Aa0442,OUT
0x8862a49849be8396272b86711ad261bcfa1c0155e24fe00b12aa42ff8b5fd910,https://bscscan.com/tx/0x8862a49849be8396272b86711ad261bcfa1c0155e24fe00b12aa42ff8b5fd910,0xe3177b0e,2023-05-25 23:48:23,2023-05-25 23:48:23,,1685058503,,0x128C33C1...d89Aa0442,OUT
0xe59cd5e846f31929ffd39b79fa6e21579c5a334e6fdc8f4cb084ea508522d8f8,https://bscscan.com/tx/0xe59cd5e846f31929ffd39b79fa6e21579c5a334e6fdc8f4cb084ea508522d8f8,Approve,2023-05-25 23:48:02,2023-05-25 23:48:02,,1685058482,,0x128C33C1...d89Aa0442,OUT
0x34b9450e92e7fe464bf3a88474160e3842c84354f7280ceea015c1d6530178b5,https://bscscan.com/tx/0x34b9450e92e7fe464bf3a88474160e3842c84354f7280ceea015c1d6530178b5,0xe3177b0e,2023-05-25 23:42:29,2023-05-25 23:42:29,,1685058149,,0x128C33C1...d89Aa0442,OUT
0x6d7c11d96f15419f4b0154099b97c963770a34da06effbfe2d5ceb4e84881df5,https://bscscan.com/tx/0x6d7c11d96f15419f4b0154099b97c963770a34da06effbfe2d5ceb4e84881df5,Approve,2023-05-25 23:41:20,2023-05-25 23:41:20,,1685058080,,0x128C33C1...d89Aa0442,OUT
0x1b343734864914e3068d5deb5cccb3b090cdaf430fe9d0fa1711ea839c91b5d4,https://bscscan.com/tx/0x1b343734864914e3068d5deb5cccb3b090cdaf430fe9d0fa1711ea839c91b5d4,0xe3177b0e,2023-05-25 23:39:35,2023-05-25 23:39:35,,1685057975,,0x128C33C1...d89Aa0442,OUT
0xbcbe47dc084ea6d35eb49828fca1d576b5b6d6d14f8449ebd9a2dfb142abd2dd,https://bscscan.com/tx/0xbcbe47dc084ea6d35eb49828fca1d576b5b6d6d14f8449ebd9a2dfb142abd2dd,0xe3177b0e,2023-05-25 23:35:14,2023-05-25 23:35:14,,1685057714,,0x128C33C1...d89Aa0442,OUT
0x080a136cd2d863fe3282b11fb2c60e49bdd73a54d16e36a35878b356c8b35852,https://bscscan.com/tx/0x080a136cd2d863fe3282b11fb2c60e49bdd73a54d16e36a35878b356c8b35852,Approve,2023-05-25 23:33:47,2023-05-25 23:33:47,,1685057627,,0x128C33C1...d89Aa0442,OUT
0xe48849d1880e612e5e67ee4f06f39345baa346a5e05a4b84f21d3e74e784c410,https://bscscan.com/tx/0xe48849d1880e612e5e67ee4f06f39345baa346a5e05a4b84f21d3e74e784c410,0xe3177b0e,2023-05-25 23:32:59,2023-05-25 23:32:59,,1685057579,,0x128C33C1...d89Aa0442,OUT
0x6b4be9e7e1dd629fa1e45218e2377aef655bcd5f168561ccf4b3d697f9091182,https://bscscan.com/tx/0x6b4be9e7e1dd629fa1e45218e2377aef655bcd5f168561ccf4b3d697f9091182,Approve,2023-05-25 23:32:08,2023-05-25 23:32:08,,1685057528,,0x128C33C1...d89Aa0442,OUT
0x3273498e0034c11c224582d8bc6e9614776fd10b9707e485071f10981ed4b87b,https://bscscan.com/tx/0x3273498e0034c11c224582d8bc6e9614776fd10b9707e485071f10981ed4b87b,0xe3177b0e,2023-05-25 23:26:02,2023-05-25 23:26:02,,1685057162,,0x128C33C1...d89Aa0442,OUT
0xb30bf905ca53680f07b7eac9caee08775aab8717820a45c8207bb55d55ecf2ac,https://bscscan.com/tx/0xb30bf905ca53680f07b7eac9caee08775aab8717820a45c8207bb55d55ecf2ac,Approve,2023-05-25 23:25:41,2023-05-25 23:25:41,,1685057141,,0x128C33C1...d89Aa0442,OUT
0xc84b21817ff68a5e2d3d5be3b7cb6da20064108e1125e1af486dc7aec5de3594,https://bscscan.com/tx/0xc84b21817ff68a5e2d3d5be3b7cb6da20064108e1125e1af486dc7aec5de3594,Approve,2023-05-25 23:18:50,2023-05-25 23:18:50,,1685056730,,0x128C33C1...d89Aa0442,OUT
0x6bf632037ab5a1991ecf76f92d66755c2cb8832ebf9255d2129cf64ef634a03f,https://bscscan.com/tx/0x6bf632037ab5a1991ecf76f92d66755c2cb8832ebf9255d2129cf64ef634a03f,Multicall,2023-05-25 23:10:47,2023-05-25 23:10:47,,1685056247,,0x128C33C1...d89Aa0442,OUT
0xc420a618cd7e59b77fc12dbf0a9519c29ef31d2f0102b069e03e98a26b7192b7,https://bscscan.com/tx/0xc420a618cd7e59b77fc12dbf0a9519c29ef31d2f0102b069e03e98a26b7192b7,Buy With BNB,2023-05-25 3:27:01,2023-05-25 3:27:01,,1684985221,,0x128C33C1...d89Aa0442,OUT
0x582dbbabbb80948861a9577cdbb1a90a3ce08cb4f34269fca39d7ef42791a0a4,https://bscscan.com/tx/0x582dbbabbb80948861a9577cdbb1a90a3ce08cb4f34269fca39d7ef42791a0a4,Multicall,2023-05-25 3:24:34,2023-05-25 3:24:34,,1684985074,,0x128C33C1...d89Aa0442,OUT
0xd5dece288a855fc1da8de629924bb2eccad0d383e92787c7828506ecbf541c6c,https://bscscan.com/tx/0xd5dece288a855fc1da8de629924bb2eccad0d383e92787c7828506ecbf541c6c,Multicall,2023-05-25 3:13:16,2023-05-25 3:13:16,,1684984396,,0x128C33C1...d89Aa0442,OUT
0x9c16151c6b76e727a9a35452b087c14e95a276c4ca5a4b2cb6a0817be29931dc,https://bscscan.com/tx/0x9c16151c6b76e727a9a35452b087c14e95a276c4ca5a4b2cb6a0817be29931dc,Multicall,2023-05-25 3:12:07,2023-05-25 3:12:07,,1684984327,,0x128C33C1...d89Aa0442,OUT
0xfc4006388f50127c3fd0e3521c33225cab49dcd260cff1b8f26b125eb5315a15,https://bscscan.com/tx/0xfc4006388f50127c3fd0e3521c33225cab49dcd260cff1b8f26b125eb5315a15,Transfer,2023-05-25 1:59:55,2023-05-25 1:59:55,,1684979995,,0x128C33C1...d89Aa0442,OUT
0xe557e2c5a1d129de939d3d98405857d06af5d9ee3cabfc23c2652bce8229b15c,https://bscscan.com/tx/0xe557e2c5a1d129de939d3d98405857d06af5d9ee3cabfc23c2652bce8229b15c,Transfer,2023-05-25 1:59:43,2023-05-25 1:59:43,,1684979983,,0x128C33C1...d89Aa0442,OUT
0xc306431fbf229ec6a51520845c6f83b65249518e0ea375ccedfb926d87a8ccbe,https://bscscan.com/tx/0xc306431fbf229ec6a51520845c6f83b65249518e0ea375ccedfb926d87a8ccbe,Transfer,2023-05-25 1:59:31,2023-05-25 1:59:31,,1684979971,,0x128C33C1...d89Aa0442,OUT
0x981444add29a3a22e2095440658e1df34f77eede9031f4e5dbfc940e2e18d5f6,https://bscscan.com/tx/0x981444add29a3a22e2095440658e1df34f77eede9031f4e5dbfc940e2e18d5f6,Transfer,2023-05-25 1:59:19,2023-05-25 1:59:19,,1684979959,,0x128C33C1...d89Aa0442,OUT
0x846dc684d612fe08bd68998c237c1ee7ab3d09e1bb62bf2d236b712987b4dbe1,https://bscscan.com/tx/0x846dc684d612fe08bd68998c237c1ee7ab3d09e1bb62bf2d236b712987b4dbe1,Transfer,2023-05-25 1:58:19,2023-05-25 1:58:19,,1684979899,,0x128C33C1...d89Aa0442,OUT
0x0bf142c42b29595b8500c35ac105241d6cb9cb8ff69a42cf1b80b459428b2751,https://bscscan.com/tx/0x0bf142c42b29595b8500c35ac105241d6cb9cb8ff69a42cf1b80b459428b2751,Transfer,2023-05-25 1:58:04,2023-05-25 1:58:04,,1684979884,,0x128C33C1...d89Aa0442,OUT
0xd90bd8a151eeb96eee1c41ae8ad75bb2e050db3c179354ae1fc428b30f51140d,https://bscscan.com/tx/0xd90bd8a151eeb96eee1c41ae8ad75bb2e050db3c179354ae1fc428b30f51140d,Transfer,2023-05-25 1:57:46,2023-05-25 1:57:46,,1684979866,,0x128C33C1...d89Aa0442,OUT
0x890b2cb7973b4173a7b8f901a59b0f6e406a8b44fec05c7d1ed6a5167cb4fc7f,https://bscscan.com/tx/0x890b2cb7973b4173a7b8f901a59b0f6e406a8b44fec05c7d1ed6a5167cb4fc7f,Transfer,2023-05-25 1:57:22,2023-05-25 1:57:22,,1684979842,,0x128C33C1...d89Aa0442,OUT
0xcb089b50ea730a63cbd28bfe3543fffd8c968a35c6a85cfa10b75a17006814b0,https://bscscan.com/tx/0xcb089b50ea730a63cbd28bfe3543fffd8c968a35c6a85cfa10b75a17006814b0,Transfer,2023-05-25 1:52:58,2023-05-25 1:52:58,,1684979578,,0x128C33C1...d89Aa0442,OUT
0xf278c77adafb358f675bb5dff43e66e801385d586f307973d779bbdbc98eeb6d,https://bscscan.com/tx/0xf278c77adafb358f675bb5dff43e66e801385d586f307973d779bbdbc98eeb6d,Multicall,2023-05-25 1:30:58,2023-05-25 1:30:58,,1684978258,,0x128C33C1...d89Aa0442,OUT
0xaadfae1b1d947c112c8360b7676e83e7bbbd3c1d5c3d59e960ed822f734c09a0,https://bscscan.com/tx/0xaadfae1b1d947c112c8360b7676e83e7bbbd3c1d5c3d59e960ed822f734c09a0,Multicall,2023-05-25 1:30:55,2023-05-25 1:30:55,,1684978255,,0x128C33C1...d89Aa0442,OUT
0x29f8c2363fbeb9085f9b472dc5103905aa3f4cbeed5b09e40dc47745bd2b6ca7,https://bscscan.com/tx/0x29f8c2363fbeb9085f9b472dc5103905aa3f4cbeed5b09e40dc47745bd2b6ca7,Multicall,2023-05-25 1:30:19,2023-05-25 1:30:19,,1684978219,,0x128C33C1...d89Aa0442,OUT
0x3d1dac6f6477fde0d3d44f759f441824a1a276623cf53559268ddb0098eba6d6,https://bscscan.com/tx/0x3d1dac6f6477fde0d3d44f759f441824a1a276623cf53559268ddb0098eba6d6,Transfer,2023-05-25 0:55:14,2023-05-25 0:55:14,,1684976114,,0x128C33C1...d89Aa0442,OUT
0x24592c601c687ea362bc0d3d23c0e1edc82f9775801208ade0fdeb2c3d240ce3,https://bscscan.com/tx/0x24592c601c687ea362bc0d3d23c0e1edc82f9775801208ade0fdeb2c3d240ce3,Approve,2023-05-25 0:04:11,2023-05-25 0:04:11,,1684973051,,0x128C33C1...d89Aa0442,OUT
0x8372c75d4a904247a6c1dd4ae8477cc1d7020b20bee24d79e25ed96b3393a136,https://bscscan.com/tx/0x8372c75d4a904247a6c1dd4ae8477cc1d7020b20bee24d79e25ed96b3393a136,Multicall,2023-05-25 0:03:47,2023-05-25 0:03:47,,1684973027,,0x128C33C1...d89Aa0442,OUT
0xadc084a029e293a9cc9efa389309181e2ad1d3e53f9e88318eabd5d2f70f4d00,https://bscscan.com/tx/0xadc084a029e293a9cc9efa389309181e2ad1d3e53f9e88318eabd5d2f70f4d00,Multicall,2023-05-25 0:03:44,2023-05-25 0:03:44,,1684973024,,0x128C33C1...d89Aa0442,OUT
0x1fc2eaf4c2f295bf56e135c7da2bfbe8841b82453a6e8046d6dcb9bb8ec5ecb0,https://bscscan.com/tx/0x1fc2eaf4c2f295bf56e135c7da2bfbe8841b82453a6e8046d6dcb9bb8ec5ecb0,Multicall,2023-05-24 23:39:47,2023-05-24 23:39:47,,1684971587,,0x128C33C1...d89Aa0442,OUT
0x128e0b0489e7ccfe9a80c3498ddea3ab7a70b7e2178143293cf7d72c688a03d2,https://bscscan.com/tx/0x128e0b0489e7ccfe9a80c3498ddea3ab7a70b7e2178143293cf7d72c688a03d2,Multicall,2023-05-24 23:22:08,2023-05-24 23:22:08,,1684970528,,0x128C33C1...d89Aa0442,OUT
0x4e542beecfa5795c698258cbd688705b061e21f95f3b77796e4aa35d1d670ff2,https://bscscan.com/tx/0x4e542beecfa5795c698258cbd688705b061e21f95f3b77796e4aa35d1d670ff2,Swap,2023-05-24 23:15:20,2023-05-24 23:15:20,,1684970120,,0x128C33C1...d89Aa0442,OUT
0xb6f44e915631d43197c432527f931568b8545ba19f40f01f7a3cda1c5ffec5fd,https://bscscan.com/tx/0xb6f44e915631d43197c432527f931568b8545ba19f40f01f7a3cda1c5ffec5fd,Transfer,2023-05-24 23:14:20,2023-05-24 23:14:20,,1684970060,,Binance 47,IN
0x2beea11050858b1351f84c9e32ee9932aa9eb6bdead6edb14e0d6b0e42750671,https://bscscan.com/tx/0x2beea11050858b1351f84c9e32ee9932aa9eb6bdead6edb14e0d6b0e42750671,Approve,2023-05-24 21:49:49,2023-05-24 21:49:49,,1684964989,,0x128C33C1...d89Aa0442,OUT
0x24fc652d6cf900f880db4b3340f5995cf615af8297ca7bd02e403ac0141d0ad7,https://bscscan.com/tx/0x24fc652d6cf900f880db4b3340f5995cf615af8297ca7bd02e403ac0141d0ad7,Transfer,2023-05-23 12:37:54,2023-05-23 12:37:54,,1684845474,,0x128C33C1...d89Aa0442,OUT
0x918190686f53b3b4ee5d49fd6351ddae0bc5f183b9459f7a457f7e78d8db1417,https://bscscan.com/tx/0x918190686f53b3b4ee5d49fd6351ddae0bc5f183b9459f7a457f7e78d8db1417,Multicall,2023-05-23 12:37:09,2023-05-23 12:37:09,,1684845429,,0x128C33C1...d89Aa0442,OUT
0xa667ff4f60dbadd83b75607dfa765d3797064fac639ec43cee10882d8ee01a85,https://bscscan.com/tx/0xa667ff4f60dbadd83b75607dfa765d3797064fac639ec43cee10882d8ee01a85,Approve,2023-05-23 12:36:15,2023-05-23 12:36:15,,1684845375,,0x128C33C1...d89Aa0442,OUT
0x096772dccd7806c669cf83d4ae41ae6d19dd78aec468223768a00b17fca7c281,https://bscscan.com/tx/0x096772dccd7806c669cf83d4ae41ae6d19dd78aec468223768a00b17fca7c281,Claim Rewards,2023-05-23 1:28:42,2023-05-23 1:28:42,,1684805322,,0x128C33C1...d89Aa0442,OUT
0xcc89074fd1878eff93fadb342b1098b943e8e36f4a966b803178eedfbb5c5815,https://bscscan.com/tx/0xcc89074fd1878eff93fadb342b1098b943e8e36f4a966b803178eedfbb5c5815,Claim Rewards,2023-05-20 18:19:09,2023-05-20 18:19:09,,1684606749,,0x128C33C1...d89Aa0442,OUT
0xc3297b133fca5d08e8257175ef2ec27c76e36e867d6b5610811b89f7ba67fbf7,https://bscscan.com/tx/0xc3297b133fca5d08e8257175ef2ec27c76e36e867d6b5610811b89f7ba67fbf7,Approve,2023-05-08 0:38:21,2023-05-08 0:38:21,,1683506301,,0x128C33C1...d89Aa0442,OUT
0xae4046aa99873e8d4516ad77242d9ca2b021424e31c142524c3ca2a45d5221c3,https://bscscan.com/tx/0xae4046aa99873e8d4516ad77242d9ca2b021424e31c142524c3ca2a45d5221c3,Approve,2023-05-08 0:37:02,2023-05-08 0:37:02,,1683506222,,0x128C33C1...d89Aa0442,OUT
0xda7c73a870fc95664b67a5338c9f1e653b400fb15300bbc4617cfb5d95d21f58,https://bscscan.com/tx/0xda7c73a870fc95664b67a5338c9f1e653b400fb15300bbc4617cfb5d95d21f58,Approve,2023-05-08 0:36:59,2023-05-08 0:36:59,,1683506219,,0x128C33C1...d89Aa0442,OUT
0xca1760a43a0d35763f71c500249192d120e3262c36ca439fc916d33304f351f4,https://bscscan.com/tx/0xca1760a43a0d35763f71c500249192d120e3262c36ca439fc916d33304f351f4,Approve,2023-05-08 0:36:59,2023-05-08 0:36:59,,1683506219,,0x128C33C1...d89Aa0442,OUT
0xb81b0b7a6919fb317b6921002a4a8de664ce5597634f3c06688e8f9848379ed2,https://bscscan.com/tx/0xb81b0b7a6919fb317b6921002a4a8de664ce5597634f3c06688e8f9848379ed2,Approve,2023-05-08 0:36:56,2023-05-08 0:36:56,,1683506216,,0x128C33C1...d89Aa0442,OUT
0x3b0dc8688703f6eba969fbd141b55bff74313b5949e5639233a7747a1acf33ef,https://bscscan.com/tx/0x3b0dc8688703f6eba969fbd141b55bff74313b5949e5639233a7747a1acf33ef,Approve,2023-05-08 0:36:50,2023-05-08 0:36:50,,1683506210,,0x128C33C1...d89Aa0442,OUT
0x9f4606f611e80781874de28c85114a0bf59c26adbdc721748232627a9b796d42,https://bscscan.com/tx/0x9f4606f611e80781874de28c85114a0bf59c26adbdc721748232627a9b796d42,Approve,2023-05-08 0:36:41,2023-05-08 0:36:41,,1683506201,,0x128C33C1...d89Aa0442,OUT
0xf2cf3d01151a897c7801402e59b338f3412af957a08775a9be0f8ead05721e8e,https://bscscan.com/tx/0xf2cf3d01151a897c7801402e59b338f3412af957a08775a9be0f8ead05721e8e,Approve,2023-05-08 0:36:38,2023-05-08 0:36:38,,1683506198,,0x128C33C1...d89Aa0442,OUT
0x0f5ad441df6d74da3957081f5e137ca65c3bb76d0bc07e568618536b23f5b82e,https://bscscan.com/tx/0x0f5ad441df6d74da3957081f5e137ca65c3bb76d0bc07e568618536b23f5b82e,Approve,2023-05-08 0:36:35,2023-05-08 0:36:35,,1683506195,,0x128C33C1...d89Aa0442,OUT
0xb103775ea8e13eafc7e49d175dfbc4908556aff77392ff8d0ed45c3d8aa7e5e2,https://bscscan.com/tx/0xb103775ea8e13eafc7e49d175dfbc4908556aff77392ff8d0ed45c3d8aa7e5e2,Claim Rewards,2023-05-07 10:13:21,2023-05-07 10:13:21,,1683454401,,0x128C33C1...d89Aa0442,OUT
0xb8aa2aded1e1ba4e8315b8bf346ddcb0d71e7a4c8df3baf42ddf95ae52a75aa4,https://bscscan.com/tx/0xb8aa2aded1e1ba4e8315b8bf346ddcb0d71e7a4c8df3baf42ddf95ae52a75aa4,Transfer,2023-05-04 21:55:18,2023-05-04 21:55:18,,1683237318,,0x128C33C1...d89Aa0442,OUT
0x8d7ce48c488ced852a7b5f5fa8cd00e0b0ac590408e44246c0c61a79c7752368,https://bscscan.com/tx/0x8d7ce48c488ced852a7b5f5fa8cd00e0b0ac590408e44246c0c61a79c7752368,Swap,2023-05-04 21:54:36,2023-05-04 21:54:36,,1683237276,,0x128C33C1...d89Aa0442,OUT
0x2a3252095d506871dd7c1ca0d4acb0d70d3f9502490f3a90aa4a3f3c3115098b,https://bscscan.com/tx/0x2a3252095d506871dd7c1ca0d4acb0d70d3f9502490f3a90aa4a3f3c3115098b,Approve,2023-05-04 21:54:36,2023-05-04 21:54:36,,1683237276,,0x128C33C1...d89Aa0442,OUT
0x3230355f1c37c65c1facb087a479f8c5f92e985e22c6e0b76428b42b204aefaf,https://bscscan.com/tx/0x3230355f1c37c65c1facb087a479f8c5f92e985e22c6e0b76428b42b204aefaf,Claim Rewards,2023-05-04 21:53:57,2023-05-04 21:53:57,,1683237237,,0x128C33C1...d89Aa0442,OUT
0x4b8aae51d2f6504360668c4380f822ad3b385027ec65f5c4a29c310b2707ae39,https://bscscan.com/tx/0x4b8aae51d2f6504360668c4380f822ad3b385027ec65f5c4a29c310b2707ae39,Transfer,2023-05-03 19:49:48,2023-05-03 19:49:48,,1683143388,,0x128C33C1...d89Aa0442,OUT
0x754de83adf911216e6e65210b48528741aeaf2840a398901ce006cb68b8e1b55,https://bscscan.com/tx/0x754de83adf911216e6e65210b48528741aeaf2840a398901ce006cb68b8e1b55,Claim Rewards,2023-05-03 11:21:52,2023-05-03 11:21:52,,1683112912,,0x128C33C1...d89Aa0442,OUT
0x06e0710086ee62c5eb4bf4a61a195c882d2da41d1ff72e025997c312f5f3602d,https://bscscan.com/tx/0x06e0710086ee62c5eb4bf4a61a195c882d2da41d1ff72e025997c312f5f3602d,Multicall,2023-05-03 11:18:19,2023-05-03 11:18:19,,1683112699,,0x128C33C1...d89Aa0442,OUT
0x561fed0aab3a811a321888fd4b7b0b3d58306548d5b9b1517c6316214e29edba,https://bscscan.com/tx/0x561fed0aab3a811a321888fd4b7b0b3d58306548d5b9b1517c6316214e29edba,Approve,2023-05-03 11:18:04,2023-05-03 11:18:04,,1683112684,,0x128C33C1...d89Aa0442,OUT
0xa61cc0f7401421cc89009626e21fe016c3a96165e2d0a75d799a250c037dbd26,https://bscscan.com/tx/0xa61cc0f7401421cc89009626e21fe016c3a96165e2d0a75d799a250c037dbd26,Transfer,2023-05-02 2:03:57,2023-05-02 2:03:57,,1682993037,,0x128C33C1...d89Aa0442,OUT
0x8e39b16fcb489897066aae10c55fba6734de98eb51027a08ed56b287ab394b21,https://bscscan.com/tx/0x8e39b16fcb489897066aae10c55fba6734de98eb51027a08ed56b287ab394b21,Multicall,2023-05-01 8:49:27,2023-05-01 8:49:27,,1682930967,,0x128C33C1...d89Aa0442,OUT
0x0d3bb79f9810789760c4d9795bab1de78f19f8dc3e62821de018af8ad61dd6c5,https://bscscan.com/tx/0x0d3bb79f9810789760c4d9795bab1de78f19f8dc3e62821de018af8ad61dd6c5,Approve,2023-05-01 8:49:03,2023-05-01 8:49:03,,1682930943,,0x128C33C1...d89Aa0442,OUT
0x6c8102c6ed42bb5268e8df0f8056e0afbeb240067bac88a9a1bdb4a4bf7f4ad3,https://bscscan.com/tx/0x6c8102c6ed42bb5268e8df0f8056e0afbeb240067bac88a9a1bdb4a4bf7f4ad3,Cancel Order,2023-05-01 4:11:23,2023-05-01 4:11:23,,1682914283,,0x128C33C1...d89Aa0442,OUT
0x8d39a08589b6923cd86c4f45b36e39a45355599355306827d329c1976a7b7c7c,https://bscscan.com/tx/0x8d39a08589b6923cd86c4f45b36e39a45355599355306827d329c1976a7b7c7c,Claim Rewards,2023-04-29 2:26:31,2023-04-29 2:26:31,,1682735191,,0x128C33C1...d89Aa0442,OUT
0xb810a070876b548d35211e929896d99a968c66560fe558b4d2c072be2fefffbd,https://bscscan.com/tx/0xb810a070876b548d35211e929896d99a968c66560fe558b4d2c072be2fefffbd,Buy With USDT,2023-04-29 2:08:02,2023-04-29 2:08:02,,1682734082,,0x128C33C1...d89Aa0442,OUT
0x6b863be791386b382ca1527f5f5002d5451e9fb75000d1e501e99c756e67fa17,https://bscscan.com/tx/0x6b863be791386b382ca1527f5f5002d5451e9fb75000d1e501e99c756e67fa17,Approve,2023-04-29 2:07:41,2023-04-29 2:07:41,,1682734061,,0x128C33C1...d89Aa0442,OUT
0xf2008bcb447b78c6f097aae2aff0daba384236a302cf0f4bf5af22b756fde96e,https://bscscan.com/tx/0xf2008bcb447b78c6f097aae2aff0daba384236a302cf0f4bf5af22b756fde96e,Multicall,2023-04-27 18:44:44,2023-04-27 18:44:44,,1682621084,,0x128C33C1...d89Aa0442,OUT
0xbdf290fddebebd524144b30b5b3b142ccae458978f74c3b3e43338d2d24fa411,https://bscscan.com/tx/0xbdf290fddebebd524144b30b5b3b142ccae458978f74c3b3e43338d2d24fa411,Approve,2023-04-27 18:44:23,2023-04-27 18:44:23,,1682621063,,0x128C33C1...d89Aa0442,OUT
0x8f881927059417ed311c88ff9b2182a792a9ca8821e70309b9b08b96e19b7e5d,https://bscscan.com/tx/0x8f881927059417ed311c88ff9b2182a792a9ca8821e70309b9b08b96e19b7e5d,Deposit Token,2023-04-27 14:43:11,2023-04-27 14:43:11,,1682606591,,0x128C33C1...d89Aa0442,OUT
0x5dc781f0e9f0e91e4be92b8b78c3bac62f577f3f8e6d44c454c7d7fa30abf1cf,https://bscscan.com/tx/0x5dc781f0e9f0e91e4be92b8b78c3bac62f577f3f8e6d44c454c7d7fa30abf1cf,Cancel Order,2023-04-27 7:10:29,2023-04-27 7:10:29,,1682579429,,0x128C33C1...d89Aa0442,OUT
0x936795c7bc30ea7180c7bd127096cb472ab90f34ad3e18f5882a7d440003b54c,https://bscscan.com/tx/0x936795c7bc30ea7180c7bd127096cb472ab90f34ad3e18f5882a7d440003b54c,Deposit Token,2023-04-25 12:00:13,2023-04-25 12:00:13,,1682424013,,0x128C33C1...d89Aa0442,OUT
0xa4d313abd1fc0d1a0cda7a374abdd9f034a7a946faefec7ef47ce14c5bb17682,https://bscscan.com/tx/0xa4d313abd1fc0d1a0cda7a374abdd9f034a7a946faefec7ef47ce14c5bb17682,Approve,2023-04-25 11:59:46,2023-04-25 11:59:46,,1682423986,,0x128C33C1...d89Aa0442,OUT
0xb6e60d16d24e79f1ec8f7e7b1ba210ec55b907852a714a6d595b641d7f5a5f9d,https://bscscan.com/tx/0xb6e60d16d24e79f1ec8f7e7b1ba210ec55b907852a714a6d595b641d7f5a5f9d,Cancel Order,2023-04-25 11:57:58,2023-04-25 11:57:58,,1682423878,,0x128C33C1...d89Aa0442,OUT
0x13e9566872d0ef9f0d1c5d8a37428cd789f6d811b777084d74c67634d0a150a7,https://bscscan.com/tx/0x13e9566872d0ef9f0d1c5d8a37428cd789f6d811b777084d74c67634d0a150a7,Transfer,2023-04-24 21:00:47,2023-04-24 21:00:47,,1682370047,,0x128C33C1...d89Aa0442,OUT
0x9290798daf01946b5fa50d2c0f2f8187a3cacf2276e31e782fc1f5326094f297,https://bscscan.com/tx/0x9290798daf01946b5fa50d2c0f2f8187a3cacf2276e31e782fc1f5326094f297,Deposit Token,2023-04-24 14:01:08,2023-04-24 14:01:08,,1682344868,,0x128C33C1...d89Aa0442,OUT
0xa323c169760c7043e334987930962d120105885840ea21778892a6f9d81ae27b,https://bscscan.com/tx/0xa323c169760c7043e334987930962d120105885840ea21778892a6f9d81ae27b,Cancel Order,2023-04-24 13:56:38,2023-04-24 13:56:38,,1682344598,,0x128C33C1...d89Aa0442,OUT
0x56315f2127bcfb4d47705d6bb276e9a4b135248df98371d05f37f5323c309c93,https://bscscan.com/tx/0x56315f2127bcfb4d47705d6bb276e9a4b135248df98371d05f37f5323c309c93,Deposit Token,2023-04-24 6:49:26,2023-04-24 6:49:26,,1682318966,,0x128C33C1...d89Aa0442,OUT
0x85d35c8d6af29e853d5f19f349142c0d4490b0cbdf8fb33de33d0df8c4eb8aa0,https://bscscan.com/tx/0x85d35c8d6af29e853d5f19f349142c0d4490b0cbdf8fb33de33d0df8c4eb8aa0,Approve,2023-04-24 6:49:08,2023-04-24 6:49:08,,1682318948,,0x128C33C1...d89Aa0442,OUT
0x8d0ef60a5affee103ebd2ee43680dc4f6152e4370e568dfcd5b4647922b250d6,https://bscscan.com/tx/0x8d0ef60a5affee103ebd2ee43680dc4f6152e4370e568dfcd5b4647922b250d6,Claim Rewards,2023-04-24 6:39:17,2023-04-24 6:39:17,,1682318357,,0x128C33C1...d89Aa0442,OUT
0x8173ce1b34e492051a4603838d16287ff67905e731b457e103f09c8eb406599d,https://bscscan.com/tx/0x8173ce1b34e492051a4603838d16287ff67905e731b457e103f09c8eb406599d,Multicall,2023-04-24 6:37:35,2023-04-24 6:37:35,,1682318255,,0x128C33C1...d89Aa0442,OUT
0xbb2e6446c31706badce3cb9b6323c1135bddb87d1ef50d46cf794076d71d3bff,https://bscscan.com/tx/0xbb2e6446c31706badce3cb9b6323c1135bddb87d1ef50d46cf794076d71d3bff,Approve,2023-04-24 6:37:17,2023-04-24 6:37:17,,1682318237,,0x128C33C1...d89Aa0442,OUT
0xc7d26152b5300793d710b935cf88bec646a41b184be923172dfedac227b597e9,https://bscscan.com/tx/0xc7d26152b5300793d710b935cf88bec646a41b184be923172dfedac227b597e9,Cancel Order,2023-04-24 6:35:47,2023-04-24 6:35:47,,1682318147,,0x128C33C1...d89Aa0442,OUT
0x26a5622d77021c00f4269f6d48f4c3577a31b6646a5f4caef0f61737106fce38,https://bscscan.com/tx/0x26a5622d77021c00f4269f6d48f4c3577a31b6646a5f4caef0f61737106fce38,Deposit Token,2023-04-22 15:45:20,2023-04-22 15:45:20,,1682178320,,0x128C33C1...d89Aa0442,OUT
0x6108ed94e3f31c4cd1cfba480cd170b03434a65a6be1a2fd4a0d325813e87508,https://bscscan.com/tx/0x6108ed94e3f31c4cd1cfba480cd170b03434a65a6be1a2fd4a0d325813e87508,Approve,2023-04-22 15:44:59,2023-04-22 15:44:59,,1682178299,,0x128C33C1...d89Aa0442,OUT
0xac5cdf97c7e3df49d0d8be026b68a0445e1fc018304ee7ae666b02265f8f03a7,https://bscscan.com/tx/0xac5cdf97c7e3df49d0d8be026b68a0445e1fc018304ee7ae666b02265f8f03a7,Cancel Order,2023-04-22 15:43:53,2023-04-22 15:43:53,,1682178233,,0x128C33C1...d89Aa0442,OUT
0x9b154e31cfd6829981118e9b5782dd87304de7daae030af03fd1978a726b6e03,https://bscscan.com/tx/0x9b154e31cfd6829981118e9b5782dd87304de7daae030af03fd1978a726b6e03,Cancel Order,2023-04-22 15:43:44,2023-04-22 15:43:44,,1682178224,,0x128C33C1...d89Aa0442,OUT
0x4181b40c167e385903e27f75973196e90cfdd2704b585940fa0d728ebb406867,https://bscscan.com/tx/0x4181b40c167e385903e27f75973196e90cfdd2704b585940fa0d728ebb406867,Deposit Token,2023-04-22 4:58:23,2023-04-22 4:58:23,,1682139503,,0x128C33C1...d89Aa0442,OUT
0x8372f4b7f3f71062a1742e692cebd091765434b56e549d31f28a730ab7b09c84,https://bscscan.com/tx/0x8372f4b7f3f71062a1742e692cebd091765434b56e549d31f28a730ab7b09c84,Approve,2023-04-22 4:57:32,2023-04-22 4:57:32,,1682139452,,0x128C33C1...d89Aa0442,OUT
0x0acb0fa891a712e507fd1baa4ad1f15f01df2c2ae6412dd4d54b83f6d72b3ca6,https://bscscan.com/tx/0x0acb0fa891a712e507fd1baa4ad1f15f01df2c2ae6412dd4d54b83f6d72b3ca6,Multicall,2023-04-22 4:55:53,2023-04-22 4:55:53,,1682139353,,0x128C33C1...d89Aa0442,OUT
0x4ac6b99b4d011e732b23084e720cc167899fb4f4af242e2035c64d039e57db86,https://bscscan.com/tx/0x4ac6b99b4d011e732b23084e720cc167899fb4f4af242e2035c64d039e57db86,Approve,2023-04-22 4:55:29,2023-04-22 4:55:29,,1682139329,,0x128C33C1...d89Aa0442,OUT
0xf2656c23d1d56c56deb9b6887f70c9c8aa0878c1d7b5a036a50843333f9899aa,https://bscscan.com/tx/0xf2656c23d1d56c56deb9b6887f70c9c8aa0878c1d7b5a036a50843333f9899aa,Cancel Order,2023-04-22 4:54:23,2023-04-22 4:54:23,,1682139263,,0x128C33C1...d89Aa0442,OUT
0x485b38bdafb76da8316c9ad448b572d96ea9810c1a0d499639c88dfd5a9742dd,https://bscscan.com/tx/0x485b38bdafb76da8316c9ad448b572d96ea9810c1a0d499639c88dfd5a9742dd,Deposit Token,2023-04-21 17:41:36,2023-04-21 17:41:36,,1682098896,,0x128C33C1...d89Aa0442,OUT
0x83a6b6fa24bc21dcb972bf0c98b5b23703e4be47cd859e2d5f6fdd603c84b199,https://bscscan.com/tx/0x83a6b6fa24bc21dcb972bf0c98b5b23703e4be47cd859e2d5f6fdd603c84b199,Approve,2023-04-21 17:39:51,2023-04-21 17:39:51,,1682098791,,0x128C33C1...d89Aa0442,OUT
0x17e2a5bb1efb61292144e4a950d7b0ec78e690d919d294572cd4867837b0af3c,https://bscscan.com/tx/0x17e2a5bb1efb61292144e4a950d7b0ec78e690d919d294572cd4867837b0af3c,Deposit Token,2023-04-21 17:34:21,2023-04-21 17:34:21,,1682098461,,0x128C33C1...d89Aa0442,OUT
0xecc3f84207037529869389b065c51ef73154c002218d372d5ba0600803c6d346,https://bscscan.com/tx/0xecc3f84207037529869389b065c51ef73154c002218d372d5ba0600803c6d346,Approve,2023-04-21 17:33:51,2023-04-21 17:33:51,,1682098431,,0x128C33C1...d89Aa0442,OUT
0xfd202421d8779f8a9235e2e192aca96d5e9e0f31491dbbe475f6b49ec5584cf6,https://bscscan.com/tx/0xfd202421d8779f8a9235e2e192aca96d5e9e0f31491dbbe475f6b49ec5584cf6,Approve,2023-04-21 17:33:45,2023-04-21 17:33:45,,1682098425,,0x128C33C1...d89Aa0442,OUT
0xd2327c329b879a2d15667646d8e26b4485c9646b8a2d1045d75564f751160e21,https://bscscan.com/tx/0xd2327c329b879a2d15667646d8e26b4485c9646b8a2d1045d75564f751160e21,Mint,2023-04-21 12:04:02,2023-04-21 12:04:02,,1682078642,,0x128C33C1...d89Aa0442,OUT
0x7f4e0e080a05c741e44e9d58959e0e417269d91bd99f8d44533c0fd3b7e71447,https://bscscan.com/tx/0x7f4e0e080a05c741e44e9d58959e0e417269d91bd99f8d44533c0fd3b7e71447,Swap,2023-04-21 12:03:41,2023-04-21 12:03:41,,1682078621,,0x128C33C1...d89Aa0442,OUT
0x14e0f4d91586763bc1ad64502cb2ae78b462e5fe5e6ddb6d08295e14e63ec9be,https://bscscan.com/tx/0x14e0f4d91586763bc1ad64502cb2ae78b462e5fe5e6ddb6d08295e14e63ec9be,Claim Rewards,2023-04-18 22:11:40,2023-04-18 22:11:40,,1681855900,,0x128C33C1...d89Aa0442,OUT
0x1168398927731c4cee0a43b019a2ed4d721f629982b7f02c8131c0337c3d3d27,https://bscscan.com/tx/0x1168398927731c4cee0a43b019a2ed4d721f629982b7f02c8131c0337c3d3d27,Swap,2023-04-18 5:36:14,2023-04-18 5:36:14,,1681796174,,0x128C33C1...d89Aa0442,OUT
0xeafa71c186b7f5b0a7659e60f0f637f048d264b8ef38ef683e169982e0f0cd5c,https://bscscan.com/tx/0xeafa71c186b7f5b0a7659e60f0f637f048d264b8ef38ef683e169982e0f0cd5c,Multicall,2023-04-18 5:35:20,2023-04-18 5:35:20,,1681796120,,0x128C33C1...d89Aa0442,OUT
0xf02a2e06ec6aaabd352dca866c553c6e5d8f2a4b788f07f0f31d42d34dc8e86c,https://bscscan.com/tx/0xf02a2e06ec6aaabd352dca866c553c6e5d8f2a4b788f07f0f31d42d34dc8e86c,Approve,2023-04-18 5:34:02,2023-04-18 5:34:02,,1681796042,,0x128C33C1...d89Aa0442,OUT
0xe9311bdab1277b1e7b014bbea6489f1cf05709a7a7547f2a9859ef198ed697ad,https://bscscan.com/tx/0xe9311bdab1277b1e7b014bbea6489f1cf05709a7a7547f2a9859ef198ed697ad,Transfer,2023-04-17 22:00:20,2023-04-17 22:00:20,,1681768820,,0x128C33C1...d89Aa0442,OUT
0x0640ceaf901c0e62fa3a632b0bc7b8e04e617dd92769b4694f7486cb42e23b66,https://bscscan.com/tx/0x0640ceaf901c0e62fa3a632b0bc7b8e04e617dd92769b4694f7486cb42e23b66,Transfer,2023-04-17 14:13:15,2023-04-17 14:13:15,,1681740795,,0x128C33C1...d89Aa0442,OUT
0x18a14c46d2b696af5a3db2fcc00309f4df588c7b5b38cb3f2d7f6fb0ca62de2f,https://bscscan.com/tx/0x18a14c46d2b696af5a3db2fcc00309f4df588c7b5b38cb3f2d7f6fb0ca62de2f,Claim Rewards,2023-04-15 14:10:18,2023-04-15 14:10:18,,1681567818,,0x128C33C1...d89Aa0442,OUT
0x1ca45bb993bcc131c699c7acbd21c87a97976fb65267f8291ea90a5235ec8ea4,https://bscscan.com/tx/0x1ca45bb993bcc131c699c7acbd21c87a97976fb65267f8291ea90a5235ec8ea4,Transfer,2023-04-15 0:44:02,2023-04-15 0:44:02,,1681519442,,0x128C33C1...d89Aa0442,OUT
0x00380e542d6b63fda79a774b3d9c755fd4f1dad55315ac223a8e9d97a537af8d,https://bscscan.com/tx/0x00380e542d6b63fda79a774b3d9c755fd4f1dad55315ac223a8e9d97a537af8d,Transfer,2023-04-14 21:03:30,2023-04-14 21:03:30,,1681506210,,0x128C33C1...d89Aa0442,OUT
0x23585787ede8a0b3198f2e6493b1dc2b8ec9363e442798b18191d307102f0df5,https://bscscan.com/tx/0x23585787ede8a0b3198f2e6493b1dc2b8ec9363e442798b18191d307102f0df5,Claim Rewards,2023-04-14 3:07:44,2023-04-14 3:07:44,,1681441664,,0x128C33C1...d89Aa0442,OUT
0xb2b4206626a1ab878fac70374efb3c36b27109368c3ff358e65fff3aac1fdd32,https://bscscan.com/tx/0xb2b4206626a1ab878fac70374efb3c36b27109368c3ff358e65fff3aac1fdd32,Transfer,2023-04-13 23:35:57,2023-04-13 23:35:57,,1681428957,,0x128C33C1...d89Aa0442,OUT
0xe0a8e1e1599d2baafd6afd207a05802ae21f32373aff5858294978a99b68bef7,https://bscscan.com/tx/0xe0a8e1e1599d2baafd6afd207a05802ae21f32373aff5858294978a99b68bef7,Transfer,2023-04-13 19:20:18,2023-04-13 19:20:18,,1681413618,,0x128C33C1...d89Aa0442,OUT
0x7b57c1213f78c594e530d9092931fca2c7e8dc8c88d1693ce7bc78501e9c5e37,https://bscscan.com/tx/0x7b57c1213f78c594e530d9092931fca2c7e8dc8c88d1693ce7bc78501e9c5e37,Swap,2023-04-13 14:38:57,2023-04-13 14:38:57,,1681396737,,0x128C33C1...d89Aa0442,OUT
0x7afd80aaa20840e713a4b8a789a05b9ee3bad1b4e78dff5d7e9eb1ff10ba6f60,https://bscscan.com/tx/0x7afd80aaa20840e713a4b8a789a05b9ee3bad1b4e78dff5d7e9eb1ff10ba6f60,Swap,2023-04-13 11:09:14,2023-04-13 11:09:14,,1681384154,,0x128C33C1...d89Aa0442,OUT
0xc445ed09b1eb0a3b5c51709c1c7c981de5e3bb1f74d864a383fdfd42cfde6ef8,https://bscscan.com/tx/0xc445ed09b1eb0a3b5c51709c1c7c981de5e3bb1f74d864a383fdfd42cfde6ef8,Swap,2023-04-13 4:34:49,2023-04-13 4:34:49,,1681360489,,0x128C33C1...d89Aa0442,OUT
0x513e1734c7db0ec10d065852a48d890e539fcea1ca47b813c80abe9fda1fa16a,https://bscscan.com/tx/0x513e1734c7db0ec10d065852a48d890e539fcea1ca47b813c80abe9fda1fa16a,Swap,2023-04-12 9:25:14,2023-04-12 9:25:14,,1681291514,,0x128C33C1...d89Aa0442,OUT
0xa29857965729cfbbadaaecce15260607538721233b3de2e9abf23be3dcec932e,https://bscscan.com/tx/0xa29857965729cfbbadaaecce15260607538721233b3de2e9abf23be3dcec932e,Approve,2023-04-12 9:24:47,2023-04-12 9:24:47,,1681291487,,0x128C33C1...d89Aa0442,OUT
0x8045e7c4364d032469c1cd323a27bd22109b91fb2440f17efe0e3fc552c512d8,https://bscscan.com/tx/0x8045e7c4364d032469c1cd323a27bd22109b91fb2440f17efe0e3fc552c512d8,Transfer,2023-04-12 7:47:11,2023-04-12 7:47:11,,1681285631,,0x128C33C1...d89Aa0442,OUT
0x3d8a88a657fce471c5fcdad4dee9fae57e809e6d8b7112d49a9e52a2e30d057a,https://bscscan.com/tx/0x3d8a88a657fce471c5fcdad4dee9fae57e809e6d8b7112d49a9e52a2e30d057a,Transfer,2023-04-12 4:06:29,2023-04-12 4:06:29,,1681272389,,0x128C33C1...d89Aa0442,OUT
0x7775127a9b228d76119a92e7efb656cbd78f41f4364c99560149bb8bd98ab64e,https://bscscan.com/tx/0x7775127a9b228d76119a92e7efb656cbd78f41f4364c99560149bb8bd98ab64e,Swap,2023-04-12 4:00:28,2023-04-12 4:00:28,,1681272028,,0x128C33C1...d89Aa0442,OUT
0xa919d6af7796adb2777413b6aa55d5866b99d797d01cffb130a57b05cb7a92dd,https://bscscan.com/tx/0xa919d6af7796adb2777413b6aa55d5866b99d797d01cffb130a57b05cb7a92dd,Transfer,2023-04-11 21:39:07,2023-04-11 21:39:07,,1681249147,,0x128C33C1...d89Aa0442,OUT
0x46ab8c07a1bc9f6ce2a37a2db60ceab582e37a97955ecc1cb8cf67cae3dcc51b,https://bscscan.com/tx/0x46ab8c07a1bc9f6ce2a37a2db60ceab582e37a97955ecc1cb8cf67cae3dcc51b,Swap,2023-04-11 11:32:45,2023-04-11 11:32:45,,1681212765,,0x128C33C1...d89Aa0442,OUT
0xd7cd72d3f80f586b03d33e0b45a90bd7341399142202a925c4a8cffc13a051ca,https://bscscan.com/tx/0xd7cd72d3f80f586b03d33e0b45a90bd7341399142202a925c4a8cffc13a051ca,Swap Exact Token...,2023-04-10 22:27:53,2023-04-10 22:27:53,,1681165673,,0x128C33C1...d89Aa0442,OUT
0x9e4fa820a23b1e7bb6a8796f41ac5662761d335a38140c51daec7e8112e4ce46,https://bscscan.com/tx/0x9e4fa820a23b1e7bb6a8796f41ac5662761d335a38140c51daec7e8112e4ce46,Claim Rewards,2023-04-10 15:00:17,2023-04-10 15:00:17,,1681138817,,0x128C33C1...d89Aa0442,OUT
0x2b662087c33fb9d90dcf21705ae3487fd96993a332620198d01b7ce6fbdefc24,https://bscscan.com/tx/0x2b662087c33fb9d90dcf21705ae3487fd96993a332620198d01b7ce6fbdefc24,Swap Exact ETH F...,2023-04-09 22:47:43,2023-04-09 22:47:43,,1681080463,,0x128C33C1...d89Aa0442,OUT
0x78f1ffd234163fb72749c23453fa28d61ac9396cb432ff177ec03fd588964d73,https://bscscan.com/tx/0x78f1ffd234163fb72749c23453fa28d61ac9396cb432ff177ec03fd588964d73,Swap Exact Token...,2023-04-09 14:05:23,2023-04-09 14:05:23,,1681049123,,0x128C33C1...d89Aa0442,OUT
0xee78c1ad3ce589d816864df3eaf39b8c2c7dbc0c0a7834aceb7ca360dca682c1,https://bscscan.com/tx/0xee78c1ad3ce589d816864df3eaf39b8c2c7dbc0c0a7834aceb7ca360dca682c1,Transfer,2023-04-08 14:50:35,2023-04-08 14:50:35,,1680965435,,0x128C33C1...d89Aa0442,OUT
0x07ef09faa9b0a87912cf226d13b56526dad7ad6380066cc7a149826e9e54a5a2,https://bscscan.com/tx/0x07ef09faa9b0a87912cf226d13b56526dad7ad6380066cc7a149826e9e54a5a2,Multicall,2023-04-08 8:38:46,2023-04-08 8:38:46,,1680943126,,0x128C33C1...d89Aa0442,OUT
0x440cf51a0c80872b45e5f578682ce5778389bdb626e95d060e3fd58797c03675,https://bscscan.com/tx/0x440cf51a0c80872b45e5f578682ce5778389bdb626e95d060e3fd58797c03675,Approve,2023-04-08 8:37:49,2023-04-08 8:37:49,,1680943069,,0x128C33C1...d89Aa0442,OUT
0x2363d0ad86a1acf874b7b82182a78d69aeaae5b92135e270947d6e46bdcababc,https://bscscan.com/tx/0x2363d0ad86a1acf874b7b82182a78d69aeaae5b92135e270947d6e46bdcababc,Claim Rewards,2023-04-08 8:17:31,2023-04-08 8:17:31,,1680941851,,0x128C33C1...d89Aa0442,OUT
0x8074c398259ca3493dfbc21bd8060bc32590099731b08c26ef2c827e205efd7b,https://bscscan.com/tx/0x8074c398259ca3493dfbc21bd8060bc32590099731b08c26ef2c827e205efd7b,Transfer,2023-04-08 7:58:37,2023-04-08 7:58:37,,1680940717,,0x128C33C1...d89Aa0442,OUT
0x4fab287d660ee70443adb3d77115d5a4b44afa95f5479b82cd0d257a4946ad20,https://bscscan.com/tx/0x4fab287d660ee70443adb3d77115d5a4b44afa95f5479b82cd0d257a4946ad20,Multicall,2023-04-08 3:23:09,2023-04-08 3:23:09,,1680924189,,0x128C33C1...d89Aa0442,OUT
0xe4fcda677c4f5b40753d0e728ca28c96dcd9df8243e1a2ffbded010ae31dc402,https://bscscan.com/tx/0xe4fcda677c4f5b40753d0e728ca28c96dcd9df8243e1a2ffbded010ae31dc402,Claim Rewards,2023-04-08 0:37:14,2023-04-08 0:37:14,,1680914234,,0x128C33C1...d89Aa0442,OUT
0x00a694826ab4b0c3a06bffe9391e5357ce34e392ba0a0d9b5dbb37d59f07f7c6,https://bscscan.com/tx/0x00a694826ab4b0c3a06bffe9391e5357ce34e392ba0a0d9b5dbb37d59f07f7c6,Multicall,2023-04-07 23:51:50,2023-04-07 23:51:50,,1680911510,,0x128C33C1...d89Aa0442,OUT
0x363d91f135b2a5a5d9a01b7e23b19923c59e31ba451cfc54540fea27fbf41639,https://bscscan.com/tx/0x363d91f135b2a5a5d9a01b7e23b19923c59e31ba451cfc54540fea27fbf41639,Transfer,2023-04-07 23:50:53,2023-04-07 23:50:53,,1680911453,,Binance: Withdrawals 7,IN
0xe6ca801ae98c97050d901d97d986c9d58288580bc87440faedba6bb624811a98,https://bscscan.com/tx/0xe6ca801ae98c97050d901d97d986c9d58288580bc87440faedba6bb624811a98,Multicall,2023-04-07 23:46:59,2023-04-07 23:46:59,,1680911219,,0x128C33C1...d89Aa0442,OUT
0x6b93273329a1bd2eb3cc8b2b01e1e06803fcbc4dea84e5e1c59e970a307bd839,https://bscscan.com/tx/0x6b93273329a1bd2eb3cc8b2b01e1e06803fcbc4dea84e5e1c59e970a307bd839,Approve,2023-04-07 23:43:23,2023-04-07 23:43:23,,1680911003,,0x128C33C1...d89Aa0442,OUT
0x1a8854a5f89cad8c04ac6eb69de82a475c469c2df634927e7d9940ae2202121a,https://bscscan.com/tx/0x1a8854a5f89cad8c04ac6eb69de82a475c469c2df634927e7d9940ae2202121a,Claim Rewards,2023-04-07 20:31:05,2023-04-07 20:31:05,,1680899465,,0x128C33C1...d89Aa0442,OUT
0x8264f4fbe21e45e24626f6fffaa8654c93d20179ea61fb108d859119f00b6f9a,https://bscscan.com/tx/0x8264f4fbe21e45e24626f6fffaa8654c93d20179ea61fb108d859119f00b6f9a,Transfer,2023-04-07 17:10:12,2023-04-07 17:10:12,,1680887412,,0x128C33C1...d89Aa0442,OUT
0x9ab57a4f062c645c34c407bfec498165d94fbd4ffb59d39f35f43c79be07b59f,https://bscscan.com/tx/0x9ab57a4f062c645c34c407bfec498165d94fbd4ffb59d39f35f43c79be07b59f,Transfer,2023-04-07 17:09:24,2023-04-07 17:09:24,,1680887364,,0x128C33C1...d89Aa0442,OUT
0x6e0693cde3b0937e5bba9f54bf41f70846686e60c4e198fdb3d765b0970ed2e7,https://bscscan.com/tx/0x6e0693cde3b0937e5bba9f54bf41f70846686e60c4e198fdb3d765b0970ed2e7,Swap Exact ETH F...,2023-04-07 17:05:03,2023-04-07 17:05:03,,1680887103,,0x128C33C1...d89Aa0442,OUT
0xc281698fc88537f75d2486171f0e88bd6eabf7b8511b76ad3d3b505c3dd2dbd0,https://bscscan.com/tx/0xc281698fc88537f75d2486171f0e88bd6eabf7b8511b76ad3d3b505c3dd2dbd0,Swap,2023-04-07 17:04:00,2023-04-07 17:04:00,,1680887040,,0x128C33C1...d89Aa0442,OUT
0x0919c3263d7098d1fb3b6e197619e39fb4ba7ee46c69f708ed06e93ffd09b780,https://bscscan.com/tx/0x0919c3263d7098d1fb3b6e197619e39fb4ba7ee46c69f708ed06e93ffd09b780,Multicall,2023-04-07 16:59:42,2023-04-07 16:59:42,,1680886782,,0x128C33C1...d89Aa0442,OUT
0x481bc6084e1f80b8719e006e52043ddbb2394a106641fa9f32c7096ae7ae0d02,https://bscscan.com/tx/0x481bc6084e1f80b8719e006e52043ddbb2394a106641fa9f32c7096ae7ae0d02,Deposit,2023-04-07 11:12:58,2023-04-07 11:12:58,,1680865978,,0x128C33C1...d89Aa0442,OUT
0xd8d5eda02a2fb3487796aabd0c1592022e986e39506a49ad8a0943f8c57f834c,https://bscscan.com/tx/0xd8d5eda02a2fb3487796aabd0c1592022e986e39506a49ad8a0943f8c57f834c,Set Approval For...,2023-04-07 11:12:46,2023-04-07 11:12:46,,1680865966,,0x128C33C1...d89Aa0442,OUT
0x7a6a9410d815da3a1f6141797e06a58686afd0f241c3986a6ef380c9c4ecf720,https://bscscan.com/tx/0x7a6a9410d815da3a1f6141797e06a58686afd0f241c3986a6ef380c9c4ecf720,Approve,2023-04-07 5:14:29,2023-04-07 5:14:29,,1680844469,,0x128C33C1...d89Aa0442,OUT
0x0e787ce9c9140f85cb509b7954a415c5e234c1a17f4410af3dd8ffca21c4dc8f,https://bscscan.com/tx/0x0e787ce9c9140f85cb509b7954a415c5e234c1a17f4410af3dd8ffca21c4dc8f,Approve,2023-04-07 5:14:14,2023-04-07 5:14:14,,1680844454,,0x128C33C1...d89Aa0442,OUT
0x2ce606694a06755083753ace244ddb60d610c7cd6079e3330ed426e743054f84,https://bscscan.com/tx/0x2ce606694a06755083753ace244ddb60d610c7cd6079e3330ed426e743054f84,Approve,2023-04-07 5:09:28,2023-04-07 5:09:28,,1680844168,,0x128C33C1...d89Aa0442,OUT
0x62aa9fa1d5801a9eddebbb88551e18556c9ba38569399b3f113e980b256f61fe,https://bscscan.com/tx/0x62aa9fa1d5801a9eddebbb88551e18556c9ba38569399b3f113e980b256f61fe,Approve,2023-04-07 5:08:28,2023-04-07 5:08:28,,1680844108,,0x128C33C1...d89Aa0442,OUT
0xb22b593bdb538225219766ee8a666b01bc94c8fbb925b0d41102c6b8372a14a6,https://bscscan.com/tx/0xb22b593bdb538225219766ee8a666b01bc94c8fbb925b0d41102c6b8372a14a6,Approve,2023-04-07 5:07:37,2023-04-07 5:07:37,,1680844057,,0x128C33C1...d89Aa0442,OUT
0x52879e880dc91a58174be04383a0cf086f520b4f8a622d229c4b6b87bed7890d,https://bscscan.com/tx/0x52879e880dc91a58174be04383a0cf086f520b4f8a622d229c4b6b87bed7890d,Approve,2023-04-07 5:07:01,2023-04-07 5:07:01,,1680844021,,0x128C33C1...d89Aa0442,OUT
0x8406751187c4616dc981ac785a4d6e1d78b435e2d7b06e2052b26ef48280926c,https://bscscan.com/tx/0x8406751187c4616dc981ac785a4d6e1d78b435e2d7b06e2052b26ef48280926c,Approve,2023-04-07 5:06:40,2023-04-07 5:06:40,,1680844000,,0x128C33C1...d89Aa0442,OUT
0x920bbeefc172fc07079ccf5e7dd2622347c0f5a434a8f4eecfd35232105a0a0d,https://bscscan.com/tx/0x920bbeefc172fc07079ccf5e7dd2622347c0f5a434a8f4eecfd35232105a0a0d,Swap,2023-04-07 5:06:10,2023-04-07 5:06:10,,1680843970,,0x128C33C1...d89Aa0442,OUT
0x9e10d5df638c0ceed22c6071b990dcd53dbb58ced7b09e0da141ea3260c01f79,https://bscscan.com/tx/0x9e10d5df638c0ceed22c6071b990dcd53dbb58ced7b09e0da141ea3260c01f79,Mint,2023-04-07 5:00:01,2023-04-07 5:00:01,,1680843601,,0x128C33C1...d89Aa0442,OUT
0x6d0fcb8efc2dbec2f40f10644952c0056ba86fbfa6d4fd1228f41b6eac8d486c,https://bscscan.com/tx/0x6d0fcb8efc2dbec2f40f10644952c0056ba86fbfa6d4fd1228f41b6eac8d486c,Swap Exact ETH F...,2023-04-07 2:37:34,2023-04-07 2:37:34,,1680835054,,0x128C33C1...d89Aa0442,OUT
0x082b35e31514726f1df7df6a3e30962b6f4386c63f1804a8e071169d16d6c03a,https://bscscan.com/tx/0x082b35e31514726f1df7df6a3e30962b6f4386c63f1804a8e071169d16d6c03a,Swap Exact ETH F...,2023-04-07 2:37:28,2023-04-07 2:37:28,,1680835048,,0x128C33C1...d89Aa0442,OUT
0x971d968a570bd2d23acd386568833bd123707137d87a778192ff3dcea5911317,https://bscscan.com/tx/0x971d968a570bd2d23acd386568833bd123707137d87a778192ff3dcea5911317,Swap Exact Token...,2023-04-06 10:12:49,2023-04-06 10:12:49,,1680775969,,0x128C33C1...d89Aa0442,OUT
0xe321894674da170048148c7f2a2c52dc6ab3219399266b8fea137d6c70e26214,https://bscscan.com/tx/0xe321894674da170048148c7f2a2c52dc6ab3219399266b8fea137d6c70e26214,Swap,2023-04-06 7:04:51,2023-04-06 7:04:51,,1680764691,,0x128C33C1...d89Aa0442,OUT
0x99d6a8889366c093c56be592121d4aa245eacbe54b5de83a3cba1726e45af877,https://bscscan.com/tx/0x99d6a8889366c093c56be592121d4aa245eacbe54b5de83a3cba1726e45af877,Approve,2023-04-06 7:04:15,2023-04-06 7:04:15,,1680764655,,0x128C33C1...d89Aa0442,OUT
0x61285e3fda4575353f297754757916ddcb29c0aa189e3fd48ea6a0b2c2d9ec45,https://bscscan.com/tx/0x61285e3fda4575353f297754757916ddcb29c0aa189e3fd48ea6a0b2c2d9ec45,Multicall,2023-04-06 7:02:24,2023-04-06 7:02:24,,1680764544,,0x128C33C1...d89Aa0442,OUT
0x8179c2e0c7a00a75a27cb3cf92be9fff0fe910df7b4a91f3cbae46a4871720bd,https://bscscan.com/tx/0x8179c2e0c7a00a75a27cb3cf92be9fff0fe910df7b4a91f3cbae46a4871720bd,Approve,2023-04-06 7:02:03,2023-04-06 7:02:03,,1680764523,,0x128C33C1...d89Aa0442,OUT
0x131205dbd9892b5fdd76c0ec4372ef429e55e0a57957b9648256bb66f8f4af1a,https://bscscan.com/tx/0x131205dbd9892b5fdd76c0ec4372ef429e55e0a57957b9648256bb66f8f4af1a,Claim Dividend,2023-04-06 7:00:18,2023-04-06 7:00:18,,1680764418,,0x128C33C1...d89Aa0442,OUT
0x6ef01cfac797577f0a4ae572d34b7c45314a461754f2d8af82e97b30d1a83cfa,https://bscscan.com/tx/0x6ef01cfac797577f0a4ae572d34b7c45314a461754f2d8af82e97b30d1a83cfa,Release,2023-04-06 6:59:54,2023-04-06 6:59:54,,1680764394,,0x128C33C1...d89Aa0442,OUT
0x5e812357c811778edbc377d673d821e6bc9ef5fb0394354a0b3ac9ec4b4a6d07,https://bscscan.com/tx/0x5e812357c811778edbc377d673d821e6bc9ef5fb0394354a0b3ac9ec4b4a6d07,Swap Exact ETH F...,2023-04-02 17:46:54,2023-04-02 17:46:54,,1680457614,,0x128C33C1...d89Aa0442,OUT
0x81c1bae06c18374b950a266839c8929e04793fe46887a65044907d0dcab0c065,https://bscscan.com/tx/0x81c1bae06c18374b950a266839c8929e04793fe46887a65044907d0dcab0c065,Transfer,2023-04-02 17:43:00,2023-04-02 17:43:00,,1680457380,,Binance: Withdrawals 2,IN
0xc6c1ff827984dd204d6b54656fc2522910d58fefbc2727e8202b6689b738efe0,https://bscscan.com/tx/0xc6c1ff827984dd204d6b54656fc2522910d58fefbc2727e8202b6689b738efe0,Swap Exact ETH F...,2023-04-02 15:16:12,2023-04-02 15:16:12,,1680448572,,0x128C33C1...d89Aa0442,OUT
0x63b21e0dcf285630128b376e2ecda522749f9c551276014da213e1e106795954,https://bscscan.com/tx/0x63b21e0dcf285630128b376e2ecda522749f9c551276014da213e1e106795954,Transfer,2023-04-02 15:12:40,2023-04-02 15:12:40,,1680448360,,Binance: Hot Wallet 16,IN
0xd259748fbe47e587f8598cd3c86d5fb7ed4103c56f4da66b0c22e98280365426,https://bscscan.com/tx/0xd259748fbe47e587f8598cd3c86d5fb7ed4103c56f4da66b0c22e98280365426,0x75f6a969,2023-03-28 8:53:23,2023-03-28 8:53:23,,1679993603,,0x128C33C1...d89Aa0442,OUT
0x06da86e9300361e07e3cf481b294c43dd76ae4a08f6414c9ed20596b5499007a,https://bscscan.com/tx/0x06da86e9300361e07e3cf481b294c43dd76ae4a08f6414c9ed20596b5499007a,Approve,2023-03-28 8:53:05,2023-03-28 8:53:05,,1679993585,,0x128C33C1...d89Aa0442,OUT
0xcd13e9fd32338ca97447cdb09b1925f46526f42d14d9847f9707383b24f1c18c,https://bscscan.com/tx/0xcd13e9fd32338ca97447cdb09b1925f46526f42d14d9847f9707383b24f1c18c,Swap Exact ETH F...,2023-03-12 3:16:55,2023-03-12 3:16:55,,1678591015,,0x128C33C1...d89Aa0442,OUT
0x440185a93a12aff9730907b6ceb1f62e282880257286fa2edc7fc0cf7c4cc067,https://bscscan.com/tx/0x440185a93a12aff9730907b6ceb1f62e282880257286fa2edc7fc0cf7c4cc067,Transfer,2023-03-12 3:13:43,2023-03-12 3:13:43,,1678590823,,Binance: Hot Wallet 11,IN
0xf3641f3bf97acc645892265f505293b6cb2d8d396a5ea1e7a0f4e1c234d2b9f7,https://bscscan.com/tx/0xf3641f3bf97acc645892265f505293b6cb2d8d396a5ea1e7a0f4e1c234d2b9f7,Transfer,2023-03-12 2:52:25,2023-03-12 2:52:25,,1678589545,,0x128C33C1...d89Aa0442,OUT
0xa83f6b18821fd0860e0e4c42b0c41e0c76a772cf0ca05bd079cf53e872e8de7d,https://bscscan.com/tx/0xa83f6b18821fd0860e0e4c42b0c41e0c76a772cf0ca05bd079cf53e872e8de7d,Transfer,2023-03-12 2:48:34,2023-03-12 2:48:34,,1678589314,,Binance: Withdrawals 7,IN
0xda1685e24eb9f5f23d0cd42b4d002b1484cb2c4691fa6dd76eab086d39c811cf,https://bscscan.com/tx/0xda1685e24eb9f5f23d0cd42b4d002b1484cb2c4691fa6dd76eab086d39c811cf,Bet Bear,2023-02-22 22:44:55,2023-02-22 22:44:55,,1677105895,,0x128C33C1...d89Aa0442,OUT
0x51534f4818f48b9d40d82692ba98e8ae4251a3e9e3e45635455a7cd25314c506,https://bscscan.com/tx/0x51534f4818f48b9d40d82692ba98e8ae4251a3e9e3e45635455a7cd25314c506,Bet Bear,2023-02-22 22:40:13,2023-02-22 22:40:13,,1677105613,,0x128C33C1...d89Aa0442,OUT
0x76f98b97347ecb06d727ad65ced5a15bd7e352da1edb9db6782f22f683a52856,https://bscscan.com/tx/0x76f98b97347ecb06d727ad65ced5a15bd7e352da1edb9db6782f22f683a52856,Transfer,2023-02-22 7:52:31,2023-02-22 7:52:31,,1677052351,,0x128C33C1...d89Aa0442,OUT
0x7d84dd25a23046ff2875bcb0539194c5a7b8d4db0633297f440e5f97afc3896b,https://bscscan.com/tx/0x7d84dd25a23046ff2875bcb0539194c5a7b8d4db0633297f440e5f97afc3896b,Bet Bear,2023-02-22 7:48:01,2023-02-22 7:48:01,,1677052081,,0x128C33C1...d89Aa0442,OUT
0xc44b6bc3576c4ec361adcd464b48714e422846355f79e51a5b86947410c2b402,https://bscscan.com/tx/0xc44b6bc3576c4ec361adcd464b48714e422846355f79e51a5b86947410c2b402,Transfer,2023-02-22 3:53:44,2023-02-22 3:53:44,,1677038024,,0x128C33C1...d89Aa0442,OUT
0xcb1337127ac1786a6a182523b5e6dd3c8ddcd34d83d7c62a42813a07a1a064c6,https://bscscan.com/tx/0xcb1337127ac1786a6a182523b5e6dd3c8ddcd34d83d7c62a42813a07a1a064c6,Bet Bull,2023-02-22 3:52:56,2023-02-22 3:52:56,,1677037976,,0x128C33C1...d89Aa0442,OUT
0x6359d0e25f37a480ff9f58718036a6de5b7dba6c71effbc78faad1ce1031aba4,https://bscscan.com/tx/0x6359d0e25f37a480ff9f58718036a6de5b7dba6c71effbc78faad1ce1031aba4,Transfer,2023-02-22 3:49:08,2023-02-22 3:49:08,,1677037748,,Binance: Hot Wallet 19,IN
0x04d75e654c1f5e3e997d6ef401281ff742391108b605ae0d30e1b43ed4244da3,https://bscscan.com/tx/0x04d75e654c1f5e3e997d6ef401281ff742391108b605ae0d30e1b43ed4244da3,Transfer,2023-02-11 1:12:16,2023-02-11 1:12:16,,1676077936,,0x128C33C1...d89Aa0442,OUT
0x6eb1f044f587016e51a0d90904eb2552dbb52617677f8ee70f95aa6733a0f187,https://bscscan.com/tx/0x6eb1f044f587016e51a0d90904eb2552dbb52617677f8ee70f95aa6733a0f187,Approve,2023-02-10 22:38:32,2023-02-10 22:38:32,,1676068712,,0x128C33C1...d89Aa0442,OUT
0xd9d6cb9d4e239ad13e15ea76e8b3cdb5b827ad1d06bb20c5cb183cf13af233fe,https://bscscan.com/tx/0xd9d6cb9d4e239ad13e15ea76e8b3cdb5b827ad1d06bb20c5cb183cf13af233fe,Approve,2023-02-10 22:37:11,2023-02-10 22:37:11,,1676068631,,0x128C33C1...d89Aa0442,OUT
0x911698eb94572e8f1a5362e43cfc6f01a6c649f7224eb2a1a0948b80bed4dc53,https://bscscan.com/tx/0x911698eb94572e8f1a5362e43cfc6f01a6c649f7224eb2a1a0948b80bed4dc53,Swap,2023-01-30 5:25:48,2023-01-30 5:25:48,,1675056348,,0x128C33C1...d89Aa0442,OUT
0x2ef76ce8683c13f74ac937618b1c5c2bf19abec20bc0c88d00d5b4df7fefe96e,https://bscscan.com/tx/0x2ef76ce8683c13f74ac937618b1c5c2bf19abec20bc0c88d00d5b4df7fefe96e,Transfer,2023-01-30 5:22:42,2023-01-30 5:22:42,,1675056162,,Binance: Hot Wallet 16,IN
0x25ec93ee9583c0f1b553cb770697fbcf532d60e32482a868b027f391f04c08c9,https://bscscan.com/tx/0x25ec93ee9583c0f1b553cb770697fbcf532d60e32482a868b027f391f04c08c9,Transfer,2023-01-30 5:08:29,2023-01-30 5:08:29,,1675055309,,0x128C33C1...d89Aa0442,OUT
0x403b60406ab52b3bdad9568c43def4caa0487e77e5f8dd48fb0690f17f87c86a,https://bscscan.com/tx/0x403b60406ab52b3bdad9568c43def4caa0487e77e5f8dd48fb0690f17f87c86a,Claim Dividend,2023-01-30 0:23:22,2023-01-30 0:23:22,,1675038202,,0x128C33C1...d89Aa0442,OUT
0xbfac9e8a4340ee3f42fbcbbb7fe3802e897da29f714c5a2ee0ad995bd9e5b318,https://bscscan.com/tx/0xbfac9e8a4340ee3f42fbcbbb7fe3802e897da29f714c5a2ee0ad995bd9e5b318,Transfer,2023-01-19 23:55:23,2023-01-19 23:55:23,,1674172523,,0x128C33C1...d89Aa0442,OUT
0xa80bba7f5c75f64720f008ef9488e42b2f77f60b3645c5543b2c313034e8b12b,https://bscscan.com/tx/0xa80bba7f5c75f64720f008ef9488e42b2f77f60b3645c5543b2c313034e8b12b,Swap Exact Token...,2023-01-19 23:53:32,2023-01-19 23:53:32,,1674172412,,0x128C33C1...d89Aa0442,OUT
0x04814b45027f6e97b451ab7cdfa1d12862fbf6d6e6134e99c380173b245e6865,https://bscscan.com/tx/0x04814b45027f6e97b451ab7cdfa1d12862fbf6d6e6134e99c380173b245e6865,Release,2023-01-16 16:05:41,2023-01-16 16:05:41,,1673885141,,0x128C33C1...d89Aa0442,OUT
0xdcd1099c44c809131a8ccb9422cba8052fe6ac3df63dab93df0fde956505a218,https://bscscan.com/tx/0xdcd1099c44c809131a8ccb9422cba8052fe6ac3df63dab93df0fde956505a218,Claim All Reward,2023-01-16 16:04:38,2023-01-16 16:04:38,,1673885078,,0x128C33C1...d89Aa0442,OUT
0x9ee1709cf234ad2e3c2944852b17e0281ca4482591d41ff617e8d84c94f70784,https://bscscan.com/tx/0x9ee1709cf234ad2e3c2944852b17e0281ca4482591d41ff617e8d84c94f70784,Claim All,2023-01-15 15:15:04,2023-01-15 15:15:04,,1673795704,,0x128C33C1...d89Aa0442,OUT
0x04dc299265446e93b979d12e08fd3271efc2ef2dd73420fbde823c11e4f196bb,https://bscscan.com/tx/0x04dc299265446e93b979d12e08fd3271efc2ef2dd73420fbde823c11e4f196bb,Claim Dividend,2023-01-15 15:14:37,2023-01-15 15:14:37,,1673795677,,0x128C33C1...d89Aa0442,OUT
0xc8f4a479c9c983223f0570c972a76eacae25ee99fd65498198c005d4b2de78b5,https://bscscan.com/tx/0xc8f4a479c9c983223f0570c972a76eacae25ee99fd65498198c005d4b2de78b5,Claim All Reward,2023-01-15 15:12:37,2023-01-15 15:12:37,,1673795557,,0x128C33C1...d89Aa0442,OUT
0xe822396fcd92ef4098a0597dc3ea56b1640f43ab4d9d4ab1faf329f7274f9176,https://bscscan.com/tx/0xe822396fcd92ef4098a0597dc3ea56b1640f43ab4d9d4ab1faf329f7274f9176,Transfer,2023-01-13 18:07:07,2023-01-13 18:07:07,,1673633227,,0x128C33C1...d89Aa0442,OUT
0xa973a151cd84d243706948003b7153de7bc50b33b06467427bbf6fbfb71c2b55,https://bscscan.com/tx/0xa973a151cd84d243706948003b7153de7bc50b33b06467427bbf6fbfb71c2b55,Transfer,2023-01-13 16:12:17,2023-01-13 16:12:17,,1673626337,,0x128C33C1...d89Aa0442,OUT
0xed11a9b1144815f109a1f63faf2905a932cf7021e2a5ee9edb7ef1ab8a019fa1,https://bscscan.com/tx/0xed11a9b1144815f109a1f63faf2905a932cf7021e2a5ee9edb7ef1ab8a019fa1,Swap Exact Token...,2023-01-13 16:10:53,2023-01-13 16:10:53,,1673626253,,0x128C33C1...d89Aa0442,OUT
0xdf5c270a502fbe33f75ac1f0c1b17206278b72bd9c20f71ce6bfeb2867dab941,https://bscscan.com/tx/0xdf5c270a502fbe33f75ac1f0c1b17206278b72bd9c20f71ce6bfeb2867dab941,Cancel Order,2023-01-13 16:09:08,2023-01-13 16:09:08,,1673626148,,0x128C33C1...d89Aa0442,OUT
0x174d763aac42ff0014039c47be41709c28739807b794d166abb7554a4bc90003,https://bscscan.com/tx/0x174d763aac42ff0014039c47be41709c28739807b794d166abb7554a4bc90003,Transfer,2023-01-13 16:07:16,2023-01-13 16:07:16,,1673626036,,Binance 47,IN
0x1953887dd9061fdb0105df3b907899aad870774e4cd24dd27a2cbb538f83a385,https://bscscan.com/tx/0x1953887dd9061fdb0105df3b907899aad870774e4cd24dd27a2cbb538f83a385,Transfer,2023-01-13 14:45:49,2023-01-13 14:45:49,,1673621149,,0x128C33C1...d89Aa0442,OUT
0xb088a4be039fc68d6752859f39fbafd8e57e16f3c6da7d8e99d517e769b04f18,https://bscscan.com/tx/0xb088a4be039fc68d6752859f39fbafd8e57e16f3c6da7d8e99d517e769b04f18,Claim All Reward,2023-01-13 14:45:10,2023-01-13 14:45:10,,1673621110,,0x128C33C1...d89Aa0442,OUT
0xd1c7398d05e18dfa018439625a13bbc49f7942e43fe1f4680ef3dd0f5b907a1f,https://bscscan.com/tx/0xd1c7398d05e18dfa018439625a13bbc49f7942e43fe1f4680ef3dd0f5b907a1f,Approve,2023-01-13 13:37:57,2023-01-13 13:37:57,,1673617077,,0x128C33C1...d89Aa0442,OUT
0xdb31785dc36c77e027267ffb32081c1c5cec9f43f887f3ad7eef5b91c234b1ea,https://bscscan.com/tx/0xdb31785dc36c77e027267ffb32081c1c5cec9f43f887f3ad7eef5b91c234b1ea,Transfer,2023-01-12 22:54:50,2023-01-12 22:54:50,,1673564090,,0x128C33C1...d89Aa0442,OUT
0x8a727b29b5df6deb15d5cc536f2afe03d8a9a154334e77c8df26b16de7b04467,https://bscscan.com/tx/0x8a727b29b5df6deb15d5cc536f2afe03d8a9a154334e77c8df26b16de7b04467,Claim All Reward,2023-01-12 22:53:44,2023-01-12 22:53:44,,1673564024,,0x128C33C1...d89Aa0442,OUT
0x9a44ff216e8eb9fe544e09ec60f6acb7a8844fceb633ee3edea0e35b86b493b6,https://bscscan.com/tx/0x9a44ff216e8eb9fe544e09ec60f6acb7a8844fceb633ee3edea0e35b86b493b6,Deposit Token,2023-01-12 3:25:00,2023-01-12 3:25:00,,1673493900,,0x128C33C1...d89Aa0442,OUT
0x306045df0ddb7e03d34d8446883bc3bb09f88d8cbf42bddf6bf26198d7e6b735,https://bscscan.com/tx/0x306045df0ddb7e03d34d8446883bc3bb09f88d8cbf42bddf6bf26198d7e6b735,Claim All Reward,2023-01-11 9:09:36,2023-01-11 9:09:36,,1673428176,,0x128C33C1...d89Aa0442,OUT
0xa4d7abccbf39546bf469572d9d0f9d159afaf34d616a46c468fd041e843a6b92,https://bscscan.com/tx/0xa4d7abccbf39546bf469572d9d0f9d159afaf34d616a46c468fd041e843a6b92,Transfer,2023-01-09 21:31:10,2023-01-09 21:31:10,,1673299870,,0x128C33C1...d89Aa0442,OUT
0x53219a3f344858648f979e1e801c693c1447cef1469372de3662a74ba61a5361,https://bscscan.com/tx/0x53219a3f344858648f979e1e801c693c1447cef1469372de3662a74ba61a5361,Swap Exact Token...,2023-01-09 21:30:14,2023-01-09 21:30:14,,1673299814,,0x128C33C1...d89Aa0442,OUT
0xc786661069f8e2c2273de136ae0b46a2eb2612c83b64118c8a011d1977d186fd,https://bscscan.com/tx/0xc786661069f8e2c2273de136ae0b46a2eb2612c83b64118c8a011d1977d186fd,Transfer,2023-01-09 20:20:16,2023-01-09 20:20:16,,1673295616,,0x128C33C1...d89Aa0442,OUT
0x05058e72fd50bfd7d579d1c3f41abfec02f7da7ac4ade46a40e1beedbb56eb8d,https://bscscan.com/tx/0x05058e72fd50bfd7d579d1c3f41abfec02f7da7ac4ade46a40e1beedbb56eb8d,Swap Exact Token...,2023-01-09 20:17:25,2023-01-09 20:17:25,,1673295445,,0x128C33C1...d89Aa0442,OUT
0x5e7b43bfb89e3091273cc4d74aa30c9ea6b314f25031fcef4c580cd9c5b43df8,https://bscscan.com/tx/0x5e7b43bfb89e3091273cc4d74aa30c9ea6b314f25031fcef4c580cd9c5b43df8,Cancel Order,2023-01-09 20:15:49,2023-01-09 20:15:49,,1673295349,,0x128C33C1...d89Aa0442,OUT
0x3f5239c2809434a93adb970259fe062fe407b0c65f52bfaa6a9a8376d515efd4,https://bscscan.com/tx/0x3f5239c2809434a93adb970259fe062fe407b0c65f52bfaa6a9a8376d515efd4,Cancel Order,2023-01-09 20:15:34,2023-01-09 20:15:34,,1673295334,,0x128C33C1...d89Aa0442,OUT
0x7f9b6b1ac91108d3977afc07fb90038eaefe98d68706c9d3d6d66423a8220edf,https://bscscan.com/tx/0x7f9b6b1ac91108d3977afc07fb90038eaefe98d68706c9d3d6d66423a8220edf,Transfer,2023-01-09 16:46:17,2023-01-09 16:46:17,,1673282777,,0x128C33C1...d89Aa0442,OUT
0x513e2d75a54022f826cc4c43b32a414309c0e4e364105e8a04a2ab54d96d5896,https://bscscan.com/tx/0x513e2d75a54022f826cc4c43b32a414309c0e4e364105e8a04a2ab54d96d5896,Transfer,2023-01-09 14:46:28,2023-01-09 14:46:28,,1673275588,,0x128C33C1...d89Aa0442,OUT
0x49204e46e9bb11227e5a890edb62674eb8e5f1ea988c879a3e41d87d25873d3b,https://bscscan.com/tx/0x49204e46e9bb11227e5a890edb62674eb8e5f1ea988c879a3e41d87d25873d3b,Swap Exact Token...,2023-01-09 14:41:34,2023-01-09 14:41:34,,1673275294,,0x128C33C1...d89Aa0442,OUT
0x07e1eff24fd204d0b21543d8036fc6f591fec06d0c2866f2aa973ad507f7cad8,https://bscscan.com/tx/0x07e1eff24fd204d0b21543d8036fc6f591fec06d0c2866f2aa973ad507f7cad8,Cancel Order,2023-01-09 12:24:44,2023-01-09 12:24:44,,1673267084,,0x128C33C1...d89Aa0442,OUT
0x3258f72d383bed3768af3ee7b2a725674b587ccd527d8d6090632c48a288f821,https://bscscan.com/tx/0x3258f72d383bed3768af3ee7b2a725674b587ccd527d8d6090632c48a288f821,Transfer,2023-01-09 6:14:59,2023-01-09 6:14:59,,1673244899,,0x128C33C1...d89Aa0442,OUT
0xf22f74222f1fcfababf6d0d82b17af92aa4894b1ad8d69193cb9761d72f29fab,https://bscscan.com/tx/0xf22f74222f1fcfababf6d0d82b17af92aa4894b1ad8d69193cb9761d72f29fab,Claim All Reward,2023-01-09 6:09:23,2023-01-09 6:09:23,,1673244563,,0x128C33C1...d89Aa0442,OUT
0x1d46edce8a10af217946a4810df399ababd522c520d5f71ae6d640ee005a6d25,https://bscscan.com/tx/0x1d46edce8a10af217946a4810df399ababd522c520d5f71ae6d640ee005a6d25,Deposit Token,2023-01-09 1:26:27,2023-01-09 1:26:27,,1673227587,,0x128C33C1...d89Aa0442,OUT
0xc3ec52e65c79f09585191be3065bf42e109d760de6b2439bca1af30ee3698cd7,https://bscscan.com/tx/0xc3ec52e65c79f09585191be3065bf42e109d760de6b2439bca1af30ee3698cd7,Transfer,2023-01-08 19:06:11,2023-01-08 19:06:11,,1673204771,,0x128C33C1...d89Aa0442,OUT
0xcf93cbdab11897252f7a5ebe1e953e0a010530469ae3a8d0f25896f31d3e1195,https://bscscan.com/tx/0xcf93cbdab11897252f7a5ebe1e953e0a010530469ae3a8d0f25896f31d3e1195,Transfer,2023-01-08 19:02:59,2023-01-08 19:02:59,,1673204579,,0x128C33C1...d89Aa0442,OUT
0xb2e90f736c9db28e991f14bc6dfa6fa724e0d2432e06e4e81f5a02f51c349d1b,https://bscscan.com/tx/0xb2e90f736c9db28e991f14bc6dfa6fa724e0d2432e06e4e81f5a02f51c349d1b,Claim All Reward,2023-01-08 2:30:34,2023-01-08 2:30:34,,1673145034,,0x128C33C1...d89Aa0442,OUT
0xebaf0c8f6f95cdbc0aca912ec82fe0c7a9af58c944efea4e37228e8417a7e7bd,https://bscscan.com/tx/0xebaf0c8f6f95cdbc0aca912ec82fe0c7a9af58c944efea4e37228e8417a7e7bd,Claim All Reward,2023-01-08 2:29:43,2023-01-08 2:29:43,,1673144983,,0x128C33C1...d89Aa0442,OUT
0x9b806e6897fbdbabe3dbeed2415306496deb28fab6811742b29ef9e58bf6cf36,https://bscscan.com/tx/0x9b806e6897fbdbabe3dbeed2415306496deb28fab6811742b29ef9e58bf6cf36,Deposit Token,2023-01-07 0:02:52,2023-01-07 0:02:52,,1673049772,,0x128C33C1...d89Aa0442,OUT
0x9a7c6ecc2954fa22ab2b20f49f857a61cab918e544f1c53e64e069388c538603,https://bscscan.com/tx/0x9a7c6ecc2954fa22ab2b20f49f857a61cab918e544f1c53e64e069388c538603,Claim All Reward,2023-01-06 11:37:48,2023-01-06 11:37:48,,1673005068,,0x128C33C1...d89Aa0442,OUT
0xa2764f39156234bfc7b02c8495ba4dad0b3075f3893c776c00eafb0fde89f310,https://bscscan.com/tx/0xa2764f39156234bfc7b02c8495ba4dad0b3075f3893c776c00eafb0fde89f310,Transfer,2023-01-05 10:29:38,2023-01-05 10:29:38,,1672914578,,0x128C33C1...d89Aa0442,OUT
0x33fcac5278a49b319e2a570720c8c9c72a429d9d15bd4cccce15ce36c821ab93,https://bscscan.com/tx/0x33fcac5278a49b319e2a570720c8c9c72a429d9d15bd4cccce15ce36c821ab93,0x75f6a969,2023-01-05 1:31:06,2023-01-05 1:31:06,,1672882266,,0x128C33C1...d89Aa0442,OUT
0xff2af9bb681b814b2de8b2a963fc1e5376d9f7c33fade46dd0afa9155f6b5a31,https://bscscan.com/tx/0xff2af9bb681b814b2de8b2a963fc1e5376d9f7c33fade46dd0afa9155f6b5a31,Approve,2023-01-05 1:30:33,2023-01-05 1:30:33,,1672882233,,0x128C33C1...d89Aa0442,OUT
0x79f9b2726764ffccb4eedadc698ec565eadf82ea8883f5b017f1666fafc156e2,https://bscscan.com/tx/0x79f9b2726764ffccb4eedadc698ec565eadf82ea8883f5b017f1666fafc156e2,Claim All Reward,2023-01-05 1:24:51,2023-01-05 1:24:51,,1672881891,,0x128C33C1...d89Aa0442,OUT
0xc27077c68ee377f109e143b63760b7bb189e32148515218bdc782a3f737777c0,https://bscscan.com/tx/0xc27077c68ee377f109e143b63760b7bb189e32148515218bdc782a3f737777c0,Claim All,2023-01-03 23:51:24,2023-01-03 23:51:24,,1672789884,,0x128C33C1...d89Aa0442,OUT
0x4eb3df0e4a2a0dc759d2593183f86b33d600cd99852be8f051bdffc929888a52,https://bscscan.com/tx/0x4eb3df0e4a2a0dc759d2593183f86b33d600cd99852be8f051bdffc929888a52,Deposit Token,2023-01-03 18:53:50,2023-01-03 18:53:50,,1672772030,,0x128C33C1...d89Aa0442,OUT
0xfda0edff58d0903646b54cb126a2aa5fe96adb2a3d73b09d0352e9e83ac88cad,https://bscscan.com/tx/0xfda0edff58d0903646b54cb126a2aa5fe96adb2a3d73b09d0352e9e83ac88cad,Claim All Reward,2023-01-02 13:03:50,2023-01-02 13:03:50,,1672664630,,0x128C33C1...d89Aa0442,OUT
0xaa03bbad445efebed1a33bf6c549d829afd28975ce9a294447142150fd1e23e0,https://bscscan.com/tx/0xaa03bbad445efebed1a33bf6c549d829afd28975ce9a294447142150fd1e23e0,Deposit,2023-01-02 0:39:05,2023-01-02 0:39:05,,1672619945,,0x128C33C1...d89Aa0442,OUT
0x22f7486729be63aeb0014952b6e92fc30304c2948a94351778bc84b116e2d821,https://bscscan.com/tx/0x22f7486729be63aeb0014952b6e92fc30304c2948a94351778bc84b116e2d821,Swap,2023-01-02 0:38:20,2023-01-02 0:38:20,,1672619900,,0x128C33C1...d89Aa0442,OUT
0x86331df4312dec35aeb852392bae8695208b39f333f0f5b48a1647ca7f133fb8,https://bscscan.com/tx/0x86331df4312dec35aeb852392bae8695208b39f333f0f5b48a1647ca7f133fb8,Claim All Reward,2023-01-01 19:05:23,2023-01-01 19:05:23,,1672599923,,0x128C33C1...d89Aa0442,OUT
0x0d0730dd7e6f1b77ef14e24d8c7171d1f488451f2344fabc8dc242dde0462c8e,https://bscscan.com/tx/0x0d0730dd7e6f1b77ef14e24d8c7171d1f488451f2344fabc8dc242dde0462c8e,Claim All Reward,2023-01-01 19:03:17,2023-01-01 19:03:17,,1672599797,,0x128C33C1...d89Aa0442,OUT
0x6791732205cda9ca0fba26825a1f1e1e465eef60b904fe2b3c2d342324236bf9,https://bscscan.com/tx/0x6791732205cda9ca0fba26825a1f1e1e465eef60b904fe2b3c2d342324236bf9,Swap Exact Token...,2022-12-31 9:32:01,2022-12-31 9:32:01,,1672479121,,0x128C33C1...d89Aa0442,OUT
0xe3697f06a730153a96ec26bfa7a009dc8a193aa0e8b12e8d422f74668d78258f,https://bscscan.com/tx/0xe3697f06a730153a96ec26bfa7a009dc8a193aa0e8b12e8d422f74668d78258f,Cancel Order,2022-12-27 14:33:53,2022-12-27 14:33:53,,1672151633,,0x128C33C1...d89Aa0442,OUT
0xb35ee2c4cd3fa5e3cdf98a6d7fc4f0955a734fced2b930c7b19a1b5f909bd2b9,https://bscscan.com/tx/0xb35ee2c4cd3fa5e3cdf98a6d7fc4f0955a734fced2b930c7b19a1b5f909bd2b9,Deposit,2022-12-27 13:06:40,2022-12-27 13:06:40,,1672146400,,0x128C33C1...d89Aa0442,OUT
0x65528226b964053c29b33fced7926ee05e737f40b285123e1b16ce7ae8f851e2,https://bscscan.com/tx/0x65528226b964053c29b33fced7926ee05e737f40b285123e1b16ce7ae8f851e2,Claim All Reward,2022-12-27 13:05:19,2022-12-27 13:05:19,,1672146319,,0x128C33C1...d89Aa0442,OUT
0xe2e02dd8216316ffc646737b9110543247e2ccc1a0f3ef9cc793ea8b09930f6d,https://bscscan.com/tx/0xe2e02dd8216316ffc646737b9110543247e2ccc1a0f3ef9cc793ea8b09930f6d,Deposit,2022-12-25 1:20:32,2022-12-25 1:20:32,,1671931232,,0x128C33C1...d89Aa0442,OUT
0x5b2adaa2fc369386aed2726eccd6a068f2daba3a76d9c80925dd992369291d69,https://bscscan.com/tx/0x5b2adaa2fc369386aed2726eccd6a068f2daba3a76d9c80925dd992369291d69,Approve,2022-12-25 1:20:04,2022-12-25 1:20:04,,1671931204,,0x128C33C1...d89Aa0442,OUT
0x34055ae190ddbf42535e15bc9e9222898210ef4f17a0faa61d7ef04e5723f712,https://bscscan.com/tx/0x34055ae190ddbf42535e15bc9e9222898210ef4f17a0faa61d7ef04e5723f712,Transfer,2022-12-24 16:27:55,2022-12-24 16:27:55,,1671899275,,0x128C33C1...d89Aa0442,OUT
0x89634539c5374d6de3905519500527fe5f3d3ff37beed4b9d8c7e73d871ad3bf,https://bscscan.com/tx/0x89634539c5374d6de3905519500527fe5f3d3ff37beed4b9d8c7e73d871ad3bf,Transfer,2022-12-24 15:17:15,2022-12-24 15:17:15,,1671895035,,0x128C33C1...d89Aa0442,OUT
0xac6dcbf7e43a37e8bb0b7a60ccea1a6230b926f86252b62e96864f5abedda151,https://bscscan.com/tx/0xac6dcbf7e43a37e8bb0b7a60ccea1a6230b926f86252b62e96864f5abedda151,Transfer,2022-12-22 21:05:39,2022-12-22 21:05:39,,1671743139,,0x128C33C1...d89Aa0442,OUT
0x53401a3b5e164f39c567cf10f8f247dd00248a74725db0af05dedae8e68cd2f0,https://bscscan.com/tx/0x53401a3b5e164f39c567cf10f8f247dd00248a74725db0af05dedae8e68cd2f0,Swap Exact Token...,2022-12-22 21:02:45,2022-12-22 21:02:45,,1671742965,,0x128C33C1...d89Aa0442,OUT
0x58925d9b3d737c8dc5ddedb1e43eac0c0dd1d28c9f8990991aeca6fbfb6a3d29,https://bscscan.com/tx/0x58925d9b3d737c8dc5ddedb1e43eac0c0dd1d28c9f8990991aeca6fbfb6a3d29,Transfer,2022-12-21 18:23:57,2022-12-21 18:23:57,,1671647037,,0x128C33C1...d89Aa0442,OUT
0x2ef2224c92672208dd59057847a2411f6521abb304586f7f8166f88a09d3d72f,https://bscscan.com/tx/0x2ef2224c92672208dd59057847a2411f6521abb304586f7f8166f88a09d3d72f,Swap Exact Token...,2022-12-21 18:22:03,2022-12-21 18:22:03,,1671646923,,0x128C33C1...d89Aa0442,OUT
0xd6ee400dfe7849a158fd01024b65d13d6d0734bd81f973df2c55dbcc53e2c48c,https://bscscan.com/tx/0xd6ee400dfe7849a158fd01024b65d13d6d0734bd81f973df2c55dbcc53e2c48c,Transfer,2022-12-21 17:46:50,2022-12-21 17:46:50,,1671644810,,0x128C33C1...d89Aa0442,OUT
0x9d2c4fe9aabd15b42ac887132f7960ee133b00adfbf1c567e2d7f28ccc5fe640,https://bscscan.com/tx/0x9d2c4fe9aabd15b42ac887132f7960ee133b00adfbf1c567e2d7f28ccc5fe640,Swap Exact Token...,2022-12-21 17:45:56,2022-12-21 17:45:56,,1671644756,,0x128C33C1...d89Aa0442,OUT
0x4be056d79561c96ab6b2979a05a5cfb3aa3741c49f7306cd5aa1e1f489c5be1b,https://bscscan.com/tx/0x4be056d79561c96ab6b2979a05a5cfb3aa3741c49f7306cd5aa1e1f489c5be1b,Cancel Order,2022-12-21 17:35:17,2022-12-21 17:35:17,,1671644117,,0x128C33C1...d89Aa0442,OUT
0x72c9627ea3d359b03a57a1af935b1d6f119b0cfb9eea52633896c5760f3773be,https://bscscan.com/tx/0x72c9627ea3d359b03a57a1af935b1d6f119b0cfb9eea52633896c5760f3773be,Deposit Token,2022-12-21 13:33:57,2022-12-21 13:33:57,,1671629637,,0x128C33C1...d89Aa0442,OUT
0xd3141d28b92dd5744ac4fb32b5ae835c512bdc1a8c82e7912ef172063da66dcd,https://bscscan.com/tx/0xd3141d28b92dd5744ac4fb32b5ae835c512bdc1a8c82e7912ef172063da66dcd,Deposit Token,2022-12-21 10:50:54,2022-12-21 10:50:54,,1671619854,,0x128C33C1...d89Aa0442,OUT
0x107783d9a991b813ca8510f4ce21b7934ad7efb172d1239d2faa11d4cf6c01bb,https://bscscan.com/tx/0x107783d9a991b813ca8510f4ce21b7934ad7efb172d1239d2faa11d4cf6c01bb,Approve,2022-12-21 10:48:54,2022-12-21 10:48:54,,1671619734,,0x128C33C1...d89Aa0442,OUT
0x66625c6c31ee99ff5b4d6a1cf31cad8bca68704d8a80008175e04e57e5ada032,https://bscscan.com/tx/0x66625c6c31ee99ff5b4d6a1cf31cad8bca68704d8a80008175e04e57e5ada032,Transfer,2022-12-21 10:32:51,2022-12-21 10:32:51,,1671618771,,0x128C33C1...d89Aa0442,OUT
0x9f43fc21ee5688f58d9f10529dfca808da76f9efd8bfc7b261c88b777f8737e6,https://bscscan.com/tx/0x9f43fc21ee5688f58d9f10529dfca808da76f9efd8bfc7b261c88b777f8737e6,Swap Exact Token...,2022-12-21 10:26:30,2022-12-21 10:26:30,,1671618390,,0x128C33C1...d89Aa0442,OUT
0x34a847836d97ae6a554151de0556010733d21f59728445afcdfb3c8d81cfcf27,https://bscscan.com/tx/0x34a847836d97ae6a554151de0556010733d21f59728445afcdfb3c8d81cfcf27,Claim All,2022-12-21 10:24:21,2022-12-21 10:24:21,,1671618261,,0x128C33C1...d89Aa0442,OUT
0x464f279da54f27b1cd83d661823fd51521643e72c082461eb9f6ab0e17117b05,https://bscscan.com/tx/0x464f279da54f27b1cd83d661823fd51521643e72c082461eb9f6ab0e17117b05,Swap Exact Token...,2022-12-20 18:43:05,2022-12-20 18:43:05,,1671561785,,0x128C33C1...d89Aa0442,OUT
0x0ff608b48a8e213442ef93dabd4f509f8d505bd7b7cb4234017b36da77dfef52,https://bscscan.com/tx/0x0ff608b48a8e213442ef93dabd4f509f8d505bd7b7cb4234017b36da77dfef52,Claim All,2022-12-20 18:32:09,2022-12-20 18:32:09,,1671561129,,0x128C33C1...d89Aa0442,OUT
0xc9cebc0aa33114a01d2d011dc796208818527e2c2f99f749fb5f55cbc630e96b,https://bscscan.com/tx/0xc9cebc0aa33114a01d2d011dc796208818527e2c2f99f749fb5f55cbc630e96b,Transfer,2022-12-18 14:26:07,2022-12-18 14:26:07,,1671373567,,0x128C33C1...d89Aa0442,OUT
0xdfa34837e79aa00d9c2be65807b0e1ea7ad39645450f8a0224b0f811244c1847,https://bscscan.com/tx/0xdfa34837e79aa00d9c2be65807b0e1ea7ad39645450f8a0224b0f811244c1847,Claim Dividend,2022-12-18 14:18:02,2022-12-18 14:18:02,,1671373082,,0x128C33C1...d89Aa0442,OUT
0xee3ad0d775baec8629077654933152ff20447d215fe6d64c92bd4210e44774c1,https://bscscan.com/tx/0xee3ad0d775baec8629077654933152ff20447d215fe6d64c92bd4210e44774c1,0xf8986457,2022-12-18 14:15:11,2022-12-18 14:15:11,,1671372911,,0x128C33C1...d89Aa0442,OUT
0xfd5a6b6fbbeec60b1e6e11d27bb527c533213af40d32a085c0069212b7feb50a,https://bscscan.com/tx/0xfd5a6b6fbbeec60b1e6e11d27bb527c533213af40d32a085c0069212b7feb50a,Claim All,2022-12-18 13:59:50,2022-12-18 13:59:50,,1671371990,,0x128C33C1...d89Aa0442,OUT
0xdfd45324f3a03da05e58dabd008681b0d23c861d4c91dbec0299c6581063e571,https://bscscan.com/tx/0xdfd45324f3a03da05e58dabd008681b0d23c861d4c91dbec0299c6581063e571,Transfer,2022-12-17 22:08:09,2022-12-17 22:08:09,,1671314889,,0x128C33C1...d89Aa0442,OUT
0x177b795f22c161d5054906f0fc77a38c560d1b60511dc0a89fcc604221e5b523,https://bscscan.com/tx/0x177b795f22c161d5054906f0fc77a38c560d1b60511dc0a89fcc604221e5b523,Transfer,2022-12-17 22:02:45,2022-12-17 22:02:45,,1671314565,,0x128C33C1...d89Aa0442,OUT
0xea9a027d09892c6dd366680fa0807b3f4261dd4a0baf4d362d862174b974e691,https://bscscan.com/tx/0xea9a027d09892c6dd366680fa0807b3f4261dd4a0baf4d362d862174b974e691,Claim All,2022-12-17 21:56:54,2022-12-17 21:56:54,,1671314214,,0x128C33C1...d89Aa0442,OUT
0x286bdd0444fe89db2df6259195bf2f28b1fccc43f0e3492b45429e0f6ded52f2,https://bscscan.com/tx/0x286bdd0444fe89db2df6259195bf2f28b1fccc43f0e3492b45429e0f6ded52f2,Transfer,2022-12-17 21:50:18,2022-12-17 21:50:18,,1671313818,,Binance: Withdrawals 2,IN
0xcdc7e7854df67c84fb35387ef490d271125b416a4172ab229a34b16d2d5a73ed,https://bscscan.com/tx/0xcdc7e7854df67c84fb35387ef490d271125b416a4172ab229a34b16d2d5a73ed,Transfer,2022-12-16 19:05:56,2022-12-16 19:05:56,,1671217556,,0x128C33C1...d89Aa0442,OUT
0xdda1ae3199f1c00ca459785a06278e0f6dd9040b23b61b28503da5516f858075,https://bscscan.com/tx/0xdda1ae3199f1c00ca459785a06278e0f6dd9040b23b61b28503da5516f858075,Approve,2022-12-16 19:03:50,2022-12-16 19:03:50,,1671217430,,0x128C33C1...d89Aa0442,OUT
0x657c66f5d285f94dbb40a292728846b79d882213a5fa28672fdc56a7ef15c64e,https://bscscan.com/tx/0x657c66f5d285f94dbb40a292728846b79d882213a5fa28672fdc56a7ef15c64e,0x75f6a969,2022-12-16 18:05:06,2022-12-16 18:05:06,,1671213906,,0x128C33C1...d89Aa0442,OUT
0xd1bc6b601f84a604ccd573b6bad6b1809ead92f9279e2f2b353e42c86967e746,https://bscscan.com/tx/0xd1bc6b601f84a604ccd573b6bad6b1809ead92f9279e2f2b353e42c86967e746,Approve,2022-12-16 18:04:39,2022-12-16 18:04:39,,1671213879,,0x128C33C1...d89Aa0442,OUT
0xf313cb46d356bf6e8be4223c49c65869a5031d0d6416f41fb28d99490774499a,https://bscscan.com/tx/0xf313cb46d356bf6e8be4223c49c65869a5031d0d6416f41fb28d99490774499a,Swap Exact Token...,2022-12-16 18:03:30,2022-12-16 18:03:30,,1671213810,,0x128C33C1...d89Aa0442,OUT
0x55fbda3f99b44d87a47c8ffdf5e1f2ef117eaeb13830972f005e001702fcb192,https://bscscan.com/tx/0x55fbda3f99b44d87a47c8ffdf5e1f2ef117eaeb13830972f005e001702fcb192,Claim All,2022-12-16 17:44:51,2022-12-16 17:44:51,,1671212691,,0x128C33C1...d89Aa0442,OUT
0x2bb86a93231b6a73ca59432613bd1df76cdde07a2c91b4438cb12f4f437cc2c4,https://bscscan.com/tx/0x2bb86a93231b6a73ca59432613bd1df76cdde07a2c91b4438cb12f4f437cc2c4,Transfer,2022-12-15 18:24:43,2022-12-15 18:24:43,,1671128683,,0x128C33C1...d89Aa0442,OUT
0xdfb18cfcc15bcf4c1bfb3d0812ef95f763e3bbe9a134a62d24a57ea7c29b4943,https://bscscan.com/tx/0xdfb18cfcc15bcf4c1bfb3d0812ef95f763e3bbe9a134a62d24a57ea7c29b4943,Swap Exact Token...,2022-12-15 18:24:04,2022-12-15 18:24:04,,1671128644,,0x128C33C1...d89Aa0442,OUT
0x6004e6ad9863ce9fdbad6d08101c995bd455581084a09d579d1d4183698a2020,https://bscscan.com/tx/0x6004e6ad9863ce9fdbad6d08101c995bd455581084a09d579d1d4183698a2020,Claim All,2022-12-15 18:22:13,2022-12-15 18:22:13,,1671128533,,0x128C33C1...d89Aa0442,OUT
0x9b384ef4aaf146b9858adbec5d6187473218f02a1dd5f06dde72986e68f8d6f0,https://bscscan.com/tx/0x9b384ef4aaf146b9858adbec5d6187473218f02a1dd5f06dde72986e68f8d6f0,0xd7616a02,2022-12-15 0:58:00,2022-12-15 0:58:00,,1671065880,,0x128C33C1...d89Aa0442,OUT
0xd6b680ca103e9ad296465d238d8efd4cae0ba66a7738cf992221fbbfd5f51218,https://bscscan.com/tx/0xd6b680ca103e9ad296465d238d8efd4cae0ba66a7738cf992221fbbfd5f51218,Approve,2022-12-15 0:55:39,2022-12-15 0:55:39,,1671065739,,0x128C33C1...d89Aa0442,OUT
0xf00f2ee056076a3016bba7abaf34b89f2a21ebaed2be62a1da569ba88eece412,https://bscscan.com/tx/0xf00f2ee056076a3016bba7abaf34b89f2a21ebaed2be62a1da569ba88eece412,Swap Exact Token...,2022-12-15 0:54:36,2022-12-15 0:54:36,,1671065676,,0x128C33C1...d89Aa0442,OUT
0xc5e772614c02bbf7e6f52bbb5c71b5965b44b8d64a972cea89f77740e4274ecd,https://bscscan.com/tx/0xc5e772614c02bbf7e6f52bbb5c71b5965b44b8d64a972cea89f77740e4274ecd,Claim All,2022-12-15 0:36:40,2022-12-15 0:36:40,,1671064600,,0x128C33C1...d89Aa0442,OUT
0x99ae813023ba78ddca856453c33d3dd56e048529dddb13121083b3fa3927ad85,https://bscscan.com/tx/0x99ae813023ba78ddca856453c33d3dd56e048529dddb13121083b3fa3927ad85,0xffd81907,2022-12-14 22:42:40,2022-12-14 22:42:40,,1671057760,,0x128C33C1...d89Aa0442,OUT
0xa14fabdff354d3ca921e8c3f399076fcdcd5e8be0dd62de76e79561d589d6ebc,https://bscscan.com/tx/0xa14fabdff354d3ca921e8c3f399076fcdcd5e8be0dd62de76e79561d589d6ebc,Approve,2022-12-14 22:41:10,2022-12-14 22:41:10,,1671057670,,0x128C33C1...d89Aa0442,OUT
0x12ba777c5b9eba40d34a43c5a77b071e7b5c9eafd88c9e3ea2c8df58a17cca62,https://bscscan.com/tx/0x12ba777c5b9eba40d34a43c5a77b071e7b5c9eafd88c9e3ea2c8df58a17cca62,Approve,2022-12-14 22:40:34,2022-12-14 22:40:34,,1671057634,,0x128C33C1...d89Aa0442,OUT
0x166f5bf9213cda4fe0ed1009ce4cabf0eb2d6166c1543cc21102eb81a800376c,https://bscscan.com/tx/0x166f5bf9213cda4fe0ed1009ce4cabf0eb2d6166c1543cc21102eb81a800376c,Transfer,2022-12-14 22:38:19,2022-12-14 22:38:19,,1671057499,,0x128C33C1...d89Aa0442,OUT
0x1c6e385a248843851ee2870da32e3a693452589d238979f449a8f7f51e33b5f2,https://bscscan.com/tx/0x1c6e385a248843851ee2870da32e3a693452589d238979f449a8f7f51e33b5f2,Swap Exact Token...,2022-12-14 22:36:43,2022-12-14 22:36:43,,1671057403,,0x128C33C1...d89Aa0442,OUT
0xfd0b04d0cd7dfc3b1282b78ff5dfa7ee3514800611a6e77a8c68e63c374a5dc6,https://bscscan.com/tx/0xfd0b04d0cd7dfc3b1282b78ff5dfa7ee3514800611a6e77a8c68e63c374a5dc6,0xffd81907,2022-12-14 22:18:55,2022-12-14 22:18:55,,1671056335,,0x128C33C1...d89Aa0442,OUT
0x1ad3524d8b7b7e81b21444eb23b533bea41f24c867b3a178a482a64d865a7558,https://bscscan.com/tx/0x1ad3524d8b7b7e81b21444eb23b533bea41f24c867b3a178a482a64d865a7558,Swap Exact Token...,2022-12-14 22:18:01,2022-12-14 22:18:01,,1671056281,,0x128C33C1...d89Aa0442,OUT
0x8084a31cadf74d44dccd2c96daf5114d4e91516ae3ee3b67151f32c32168a5ac,https://bscscan.com/tx/0x8084a31cadf74d44dccd2c96daf5114d4e91516ae3ee3b67151f32c32168a5ac,Approve,2022-12-14 22:15:22,2022-12-14 22:15:22,,1671056122,,0x128C33C1...d89Aa0442,OUT
0x80a98f20037115b031350f5c8d1ed79c71f7543d5e09f31c6cb1122759a129f4,https://bscscan.com/tx/0x80a98f20037115b031350f5c8d1ed79c71f7543d5e09f31c6cb1122759a129f4,Swap Exact Token...,2022-12-14 22:14:04,2022-12-14 22:14:04,,1671056044,,0x128C33C1...d89Aa0442,OUT
0xe9135a9c501e2aebe988e5a948240e113d54a1cf3537ea7ab9a30f6c45345455,https://bscscan.com/tx/0xe9135a9c501e2aebe988e5a948240e113d54a1cf3537ea7ab9a30f6c45345455,Remove Liquidity...,2022-12-14 21:55:01,2022-12-14 21:55:01,,1671054901,,0x128C33C1...d89Aa0442,OUT
0x6d81752b7fe8a7463838dddc1fe5e591479b444fbe5d6f771290c0b55cbaf346,https://bscscan.com/tx/0x6d81752b7fe8a7463838dddc1fe5e591479b444fbe5d6f771290c0b55cbaf346,Swap,2022-12-14 21:53:19,2022-12-14 21:53:19,,1671054799,,0x128C33C1...d89Aa0442,OUT
0x64b02baa52ccbe06cff4b2a6d75066ff85a464ae05984f3fe5bfbc50c087801d,https://bscscan.com/tx/0x64b02baa52ccbe06cff4b2a6d75066ff85a464ae05984f3fe5bfbc50c087801d,Withdraw,2022-12-14 21:51:22,2022-12-14 21:51:22,,1671054682,,0x128C33C1...d89Aa0442,OUT
0x8fe2bfe63166de9c022b0fbb2f3f9aae2e22dd7bfd9a82f2ffba975a9f46ea38,https://bscscan.com/tx/0x8fe2bfe63166de9c022b0fbb2f3f9aae2e22dd7bfd9a82f2ffba975a9f46ea38,Claim Rewards,2022-12-14 21:50:34,2022-12-14 21:50:34,,1671054634,,0x128C33C1...d89Aa0442,OUT
0x9b8113d5eb2374ee0177040b37279f745f8185afc9ff3ab9395f2959dd671489,https://bscscan.com/tx/0x9b8113d5eb2374ee0177040b37279f745f8185afc9ff3ab9395f2959dd671489,Withdraw,2022-12-14 21:47:46,2022-12-14 21:47:46,,1671054466,,0x128C33C1...d89Aa0442,OUT
0xd93a24b3f4dbfcb50d452290865d1f7f90d2afa398a819e4683906c2fda7cd10,https://bscscan.com/tx/0xd93a24b3f4dbfcb50d452290865d1f7f90d2afa398a819e4683906c2fda7cd10,Claim Rewards,2022-12-14 21:47:07,2022-12-14 21:47:07,,1671054427,,0x128C33C1...d89Aa0442,OUT
0xfe13cedd19cfbec6347e1adf04b804e1a210f916c113e65835927b8f48e8ccba,https://bscscan.com/tx/0xfe13cedd19cfbec6347e1adf04b804e1a210f916c113e65835927b8f48e8ccba,0xffd81907,2022-12-14 8:03:25,2022-12-14 8:03:25,,1671005005,,0x128C33C1...d89Aa0442,OUT
0xa132dc3ceb39445d5cddcca23355b7b9767166f8fae7081bca69146193f0318b,https://bscscan.com/tx/0xa132dc3ceb39445d5cddcca23355b7b9767166f8fae7081bca69146193f0318b,0xffd81907,2022-12-14 8:02:01,2022-12-14 8:02:01,,1671004921,,0x128C33C1...d89Aa0442,OUT
0xe35dd7db6a8aaa0b8af4092f0aa84828dd2346bcfd88fefa74d387a620374e01,https://bscscan.com/tx/0xe35dd7db6a8aaa0b8af4092f0aa84828dd2346bcfd88fefa74d387a620374e01,Approve,2022-12-14 8:01:28,2022-12-14 8:01:28,,1671004888,,0x128C33C1...d89Aa0442,OUT
0xd3fe5355f1a7eecdb93621360612873b4d89819b183f6593618d6dc63763ade0,https://bscscan.com/tx/0xd3fe5355f1a7eecdb93621360612873b4d89819b183f6593618d6dc63763ade0,Swap Exact Token...,2022-12-14 8:00:04,2022-12-14 8:00:04,,1671004804,,0x128C33C1...d89Aa0442,OUT
0x17c70832733d54bf855d2ccf68a3d3a952637481129d33cd7fc16092b6a7d887,https://bscscan.com/tx/0x17c70832733d54bf855d2ccf68a3d3a952637481129d33cd7fc16092b6a7d887,Swap Exact Token...,2022-12-14 7:37:01,2022-12-14 7:37:01,,1671003421,,0x128C33C1...d89Aa0442,OUT
0xa21cef96a0068e5287e3d34643290cb403a2bb6ef052f77ae17d258aeee69ea3,https://bscscan.com/tx/0xa21cef96a0068e5287e3d34643290cb403a2bb6ef052f77ae17d258aeee69ea3,Claim All,2022-12-14 7:35:22,2022-12-14 7:35:22,,1671003322,,0x128C33C1...d89Aa0442,OUT
0x706d0a1ac62b8eeb149f36d9ea678740d2d5b15c9ae7e0b3afdf53cf6dba29cf,https://bscscan.com/tx/0x706d0a1ac62b8eeb149f36d9ea678740d2d5b15c9ae7e0b3afdf53cf6dba29cf,Transfer,2022-12-12 23:14:08,2022-12-12 23:14:08,,1670886848,,0x128C33C1...d89Aa0442,OUT
0x5cb853878693e5474507b13bf679c38a3bd4984a246626e6441a5228ccb89a10,https://bscscan.com/tx/0x5cb853878693e5474507b13bf679c38a3bd4984a246626e6441a5228ccb89a10,0xd7616a02,2022-12-12 22:59:35,2022-12-12 22:59:35,,1670885975,,0x128C33C1...d89Aa0442,OUT
0x96d4538f1e943dd836160add64437f348fdb1bb86980fdd21e9e3320b9a30eab,https://bscscan.com/tx/0x96d4538f1e943dd836160add64437f348fdb1bb86980fdd21e9e3320b9a30eab,Swap,2022-12-12 22:55:24,2022-12-12 22:55:24,,1670885724,,0x128C33C1...d89Aa0442,OUT
0xb848ca0f2532790dcaa1447a69204c2fb52290a7b9c95b77c94758339fe5bca8,https://bscscan.com/tx/0xb848ca0f2532790dcaa1447a69204c2fb52290a7b9c95b77c94758339fe5bca8,Approve,2022-12-12 22:54:03,2022-12-12 22:54:03,,1670885643,,0x128C33C1...d89Aa0442,OUT
0xe1c308c5ad2565b74efd0b800b55c226fb83b805d28ef64cf2aa003c7d8ba8c3,https://bscscan.com/tx/0xe1c308c5ad2565b74efd0b800b55c226fb83b805d28ef64cf2aa003c7d8ba8c3,Swap Exact Token...,2022-12-12 20:34:49,2022-12-12 20:34:49,,1670877289,,0x128C33C1...d89Aa0442,OUT
0xfa4eda20a1e646a63bf1806215a16b8e358c518b2122df0be8bd9e1646b9a95d,https://bscscan.com/tx/0xfa4eda20a1e646a63bf1806215a16b8e358c518b2122df0be8bd9e1646b9a95d,Claim All,2022-12-12 20:29:10,2022-12-12 20:29:10,,1670876950,,0x128C33C1...d89Aa0442,OUT
0x2e7b29f5acf9c157c0fdbd21d6b0570a8d37c2921e90979993716f8202ce514e,https://bscscan.com/tx/0x2e7b29f5acf9c157c0fdbd21d6b0570a8d37c2921e90979993716f8202ce514e,Transfer,2022-12-11 17:32:05,2022-12-11 17:32:05,,1670779925,,0x128C33C1...d89Aa0442,OUT
0xd91b48a246f759e50e5764beabd6759b6dfbede6f2edac8177666c2023cfe78f,https://bscscan.com/tx/0xd91b48a246f759e50e5764beabd6759b6dfbede6f2edac8177666c2023cfe78f,Swap,2022-12-11 17:31:05,2022-12-11 17:31:05,,1670779865,,0x128C33C1...d89Aa0442,OUT
0x722105f7407755dbc52b638fab7e9f46c68885d1096c89024b70686a80526b41,https://bscscan.com/tx/0x722105f7407755dbc52b638fab7e9f46c68885d1096c89024b70686a80526b41,Transfer,2022-12-11 16:40:02,2022-12-11 16:40:02,,1670776802,,0x128C33C1...d89Aa0442,OUT
0xf13140e8912fc6f64c8ea4ed60e647691baa6ca2b2e6246e10a748f805021849,https://bscscan.com/tx/0xf13140e8912fc6f64c8ea4ed60e647691baa6ca2b2e6246e10a748f805021849,Swap Exact Token...,2022-12-11 16:38:14,2022-12-11 16:38:14,,1670776694,,0x128C33C1...d89Aa0442,OUT
0x6e74189a4b14aeae14e15e847522ffe170319d1e0af2d9a532da64b18cc0dbcf,https://bscscan.com/tx/0x6e74189a4b14aeae14e15e847522ffe170319d1e0af2d9a532da64b18cc0dbcf,Claim All,2022-12-11 8:13:48,2022-12-11 8:13:48,,1670746428,,0x128C33C1...d89Aa0442,OUT
0xa497e8507cdd4af6cc0e0d0cea3323cc27b0951bf13d2889f95cfbdb64273e8f,https://bscscan.com/tx/0xa497e8507cdd4af6cc0e0d0cea3323cc27b0951bf13d2889f95cfbdb64273e8f,Deposit,2022-12-10 21:18:34,2022-12-10 21:18:34,,1670707114,,0x128C33C1...d89Aa0442,OUT
0x1c3c7cb0d9e4e98f6bb4fb87692f5210ffbd831b4ecd0a6b1eef79418b130220,https://bscscan.com/tx/0x1c3c7cb0d9e4e98f6bb4fb87692f5210ffbd831b4ecd0a6b1eef79418b130220,Approve,2022-12-10 21:18:07,2022-12-10 21:18:07,,1670707087,,0x128C33C1...d89Aa0442,OUT
0xdc921f1b3d25aaf4dcfb2b43c0c8bb1ba4e3d37952b242a6820f0178677b87de,https://bscscan.com/tx/0xdc921f1b3d25aaf4dcfb2b43c0c8bb1ba4e3d37952b242a6820f0178677b87de,Stake,2022-12-10 21:15:01,2022-12-10 21:15:01,,1670706901,,0x128C33C1...d89Aa0442,OUT
0x334c8d5021f6e0925d73336efc4672425b8252ec32d39cbadc7304351c92a859,https://bscscan.com/tx/0x334c8d5021f6e0925d73336efc4672425b8252ec32d39cbadc7304351c92a859,Approve,2022-12-10 21:14:13,2022-12-10 21:14:13,,1670706853,,0x128C33C1...d89Aa0442,OUT
0x62c1ee174c654df8847652e9fa910cff53a07e254bc8dc634b22184ec3ccb165,https://bscscan.com/tx/0x62c1ee174c654df8847652e9fa910cff53a07e254bc8dc634b22184ec3ccb165,Add Liquidity,2022-12-10 21:13:42,2022-12-10 21:13:42,,1670706822,,0x128C33C1...d89Aa0442,OUT
0x51f717ec636816d68c4eea588f5bf09e38cb267861022add65f0ab29513e846f,https://bscscan.com/tx/0x51f717ec636816d68c4eea588f5bf09e38cb267861022add65f0ab29513e846f,Approve,2022-12-10 21:13:19,2022-12-10 21:13:19,,1670706799,,0x128C33C1...d89Aa0442,OUT
0xb97217a6d9a2dab14f722712eb943bf658099da0558bb073b60c4fca53c51244,https://bscscan.com/tx/0xb97217a6d9a2dab14f722712eb943bf658099da0558bb073b60c4fca53c51244,Swap,2022-12-10 20:46:51,2022-12-10 20:46:51,,1670705211,,0x128C33C1...d89Aa0442,OUT
0xf2dff715e6f0397dc96c16f12ac3324bc919568a13e53179b244708f2588ac9d,https://bscscan.com/tx/0xf2dff715e6f0397dc96c16f12ac3324bc919568a13e53179b244708f2588ac9d,Remove Liquidity...,2022-12-10 20:37:08,2022-12-10 20:37:08,,1670704628,,0x128C33C1...d89Aa0442,OUT
0xb1cb3e500034d8eb43c96f3129dcc7cbc30030e30ac32b72e27e3fa0acf194fc,https://bscscan.com/tx/0xb1cb3e500034d8eb43c96f3129dcc7cbc30030e30ac32b72e27e3fa0acf194fc,Transfer,2022-12-10 19:48:00,2022-12-10 19:48:00,,1670701680,,0x128C33C1...d89Aa0442,OUT
0x37b705bf50bdcaee2dbb870978de5d792dfd01c0b3715c53f242dcb399a112d3,https://bscscan.com/tx/0x37b705bf50bdcaee2dbb870978de5d792dfd01c0b3715c53f242dcb399a112d3,Add Liquidity ET...,2022-12-10 19:36:03,2022-12-10 19:36:03,,1670700963,,0x128C33C1...d89Aa0442,OUT
0x99aca6ba1455df49654d3fdd2542b1d31277e15bb671b717efc59c85152a7caf,https://bscscan.com/tx/0x99aca6ba1455df49654d3fdd2542b1d31277e15bb671b717efc59c85152a7caf,Remove Liquidity...,2022-12-10 19:34:24,2022-12-10 19:34:24,,1670700864,,0x128C33C1...d89Aa0442,OUT
0x81bbe7d0453e7e00932c383ab08f44f173c5cd3eaf52c8574875a2e5557f03c2,https://bscscan.com/tx/0x81bbe7d0453e7e00932c383ab08f44f173c5cd3eaf52c8574875a2e5557f03c2,Add Liquidity ET...,2022-12-10 19:22:59,2022-12-10 19:22:59,,1670700179,,0x128C33C1...d89Aa0442,OUT
0x3c7917c241bf14a9ffbceeb07649e438a6bffbdd01895ea560ed2a9c9a2f688e,https://bscscan.com/tx/0x3c7917c241bf14a9ffbceeb07649e438a6bffbdd01895ea560ed2a9c9a2f688e,Remove Liquidity...,2022-12-10 19:21:56,2022-12-10 19:21:56,,1670700116,,0x128C33C1...d89Aa0442,OUT
0x051d73c7a6ce9238a9212f2d6518258da51f7fc36aeda8e6c513fbd55ad88a9e,https://bscscan.com/tx/0x051d73c7a6ce9238a9212f2d6518258da51f7fc36aeda8e6c513fbd55ad88a9e,Add Liquidity ET...,2022-12-10 18:05:57,2022-12-10 18:05:57,,1670695557,,0x128C33C1...d89Aa0442,OUT
0x2afbeeb9e717bd8174fecbd163a2800ac5f174ac9697163e9c82d4e76e79a3e8,https://bscscan.com/tx/0x2afbeeb9e717bd8174fecbd163a2800ac5f174ac9697163e9c82d4e76e79a3e8,Approve,2022-12-10 18:04:39,2022-12-10 18:04:39,,1670695479,,0x128C33C1...d89Aa0442,OUT
0x290ff82a88566f29e376b831b532c77a6a0dc23af909fd89a665a731849a0dba,https://bscscan.com/tx/0x290ff82a88566f29e376b831b532c77a6a0dc23af909fd89a665a731849a0dba,Swap,2022-12-10 18:03:36,2022-12-10 18:03:36,,1670695416,,0x128C33C1...d89Aa0442,OUT
0x2e0a4bfbde018f2ee49f55910ca524cc1029f617f0b5436acd67e1d05f25fcce,https://bscscan.com/tx/0x2e0a4bfbde018f2ee49f55910ca524cc1029f617f0b5436acd67e1d05f25fcce,Approve,2022-12-10 18:03:33,2022-12-10 18:03:33,,1670695413,,0x128C33C1...d89Aa0442,OUT
0x8f86311bd754dc0556e09c8f020816c88b4f41ef3847aa334797407ee3a083da,https://bscscan.com/tx/0x8f86311bd754dc0556e09c8f020816c88b4f41ef3847aa334797407ee3a083da,Swap Exact Token...,2022-12-10 17:55:30,2022-12-10 17:55:30,,1670694930,,0x128C33C1...d89Aa0442,OUT
0x1a3b95cfcba572bf880d4cc5f04eba65a08e101b6b907b7ae74ec8a8013629e3,https://bscscan.com/tx/0x1a3b95cfcba572bf880d4cc5f04eba65a08e101b6b907b7ae74ec8a8013629e3,Approve,2022-12-10 17:38:08,2022-12-10 17:38:08,,1670693888,,0x128C33C1...d89Aa0442,OUT
0x717fa0f9d429a807bfbd7da84716b1a5529c204058164e02d1c2afa15a94b2ba,https://bscscan.com/tx/0x717fa0f9d429a807bfbd7da84716b1a5529c204058164e02d1c2afa15a94b2ba,Claim All,2022-12-10 17:31:55,2022-12-10 17:31:55,,1670693515,,0x128C33C1...d89Aa0442,OUT
0x7611ac7f8e28c50ef2b5c09205d626c0679894eeac02ffae8e60461688d4198f,https://bscscan.com/tx/0x7611ac7f8e28c50ef2b5c09205d626c0679894eeac02ffae8e60461688d4198f,Claim All,2022-12-09 21:44:32,2022-12-09 21:44:32,,1670622272,,0x128C33C1...d89Aa0442,OUT
0x658a98c536e31ffeb17e99b49f97e7bb128d3844ec66ccec0a2dbf0e8da361da,https://bscscan.com/tx/0x658a98c536e31ffeb17e99b49f97e7bb128d3844ec66ccec0a2dbf0e8da361da,Claim All,2022-12-09 10:47:13,2022-12-09 10:47:13,,1670582833,,0x128C33C1...d89Aa0442,OUT
0x62ea1d583daa5d885052c97ab9f066be264ff4739e2e53baa334e62b57c85bfd,https://bscscan.com/tx/0x62ea1d583daa5d885052c97ab9f066be264ff4739e2e53baa334e62b57c85bfd,0xffd81907,2022-12-07 23:29:26,2022-12-07 23:29:26,,1670455766,,0x128C33C1...d89Aa0442,OUT
0xb43418c3ff0cd4b38b1ec0de9cf529ab061ee6700a1e3bfc9b129bff929cf311,https://bscscan.com/tx/0xb43418c3ff0cd4b38b1ec0de9cf529ab061ee6700a1e3bfc9b129bff929cf311,Transfer,2022-12-07 23:06:06,2022-12-07 23:06:06,,1670454366,,Binance: Hot Wallet 16,IN
0xd10df2e31a6d4db9c72579ca81535fa0bb78a93dd1be3993208a3c530ad4ed5f,https://bscscan.com/tx/0xd10df2e31a6d4db9c72579ca81535fa0bb78a93dd1be3993208a3c530ad4ed5f,Transfer,2022-12-07 23:00:12,2022-12-07 23:00:12,,1670454012,,0x128C33C1...d89Aa0442,OUT
0x799f02f2f314143e09a7f467f99eb720bcdc9898341f2fbd05e71b518679fafb,https://bscscan.com/tx/0x799f02f2f314143e09a7f467f99eb720bcdc9898341f2fbd05e71b518679fafb,Approve,2022-12-07 22:56:42,2022-12-07 22:56:42,,1670453802,,0x128C33C1...d89Aa0442,OUT
0x0f84cad14eb8c317fb417d4ddb2b28c50529fd75499150bc6657eaed6ac68c31,https://bscscan.com/tx/0x0f84cad14eb8c317fb417d4ddb2b28c50529fd75499150bc6657eaed6ac68c31,0xffd81907,2022-12-07 19:14:14,2022-12-07 19:14:14,,1670440454,,0x128C33C1...d89Aa0442,OUT
0x31bbaf97eced3327e8036b7cb6181d570a14acb9d5255b2e80ac21089a847a0d,https://bscscan.com/tx/0x31bbaf97eced3327e8036b7cb6181d570a14acb9d5255b2e80ac21089a847a0d,Approve,2022-12-07 19:10:43,2022-12-07 19:10:43,,1670440243,,0x128C33C1...d89Aa0442,OUT
0x65a0297c3f46d67a283b87d200f6ac3580d5b11400122f625027eb5fb161df8b,https://bscscan.com/tx/0x65a0297c3f46d67a283b87d200f6ac3580d5b11400122f625027eb5fb161df8b,0x9a7b7c29,2022-12-07 19:03:54,2022-12-07 19:03:54,,1670439834,,0x128C33C1...d89Aa0442,OUT
0x8eb8bb55f58b81ec1797cb59474f594b588407c5eeb4c04196a19fc26d390837,https://bscscan.com/tx/0x8eb8bb55f58b81ec1797cb59474f594b588407c5eeb4c04196a19fc26d390837,Approve,2022-12-07 19:02:39,2022-12-07 19:02:39,,1670439759,,0x128C33C1...d89Aa0442,OUT
0xefdd4e65e75547c2afb0c0eff46849f108f68466357a10b912df097ddf398488,https://bscscan.com/tx/0xefdd4e65e75547c2afb0c0eff46849f108f68466357a10b912df097ddf398488,Swap Exact ETH F...,2022-11-27 19:17:03,2022-11-27 19:17:03,,1669576623,,0x128C33C1...d89Aa0442,OUT
0xc8b5ade82fd2f424948f89f8652586a2da35791784ca76765330dbe7d597557a,https://bscscan.com/tx/0xc8b5ade82fd2f424948f89f8652586a2da35791784ca76765330dbe7d597557a,Swap Exact ETH F...,2022-11-27 19:10:20,2022-11-27 19:10:20,,1669576220,,0x128C33C1...d89Aa0442,OUT
0x6ebac3d39dca0b793575011090311cba82a8ebba9dfd2689599476911c656a88,https://bscscan.com/tx/0x6ebac3d39dca0b793575011090311cba82a8ebba9dfd2689599476911c656a88,Swap,2022-11-27 19:08:32,2022-11-27 19:08:32,,1669576112,,0x128C33C1...d89Aa0442,OUT
0x2fe8ee686e000a6caba48d2f9cc78b83dc8f68760cb6215b92bad5a7569f447a,https://bscscan.com/tx/0x2fe8ee686e000a6caba48d2f9cc78b83dc8f68760cb6215b92bad5a7569f447a,Approve,2022-11-27 19:08:32,2022-11-27 19:08:32,,1669576112,,0x128C33C1...d89Aa0442,OUT
0x6b746aecf3335c5afdd1c5cc5c74daea9736fac83c3077285fd2dd1178d1cf86,https://bscscan.com/tx/0x6b746aecf3335c5afdd1c5cc5c74daea9736fac83c3077285fd2dd1178d1cf86,Transfer,2022-11-26 22:32:24,2022-11-26 22:32:24,,1669501944,,0x128C33C1...d89Aa0442,OUT
0x01c66c4b697a8064f34d4651db74d97c114b322d1f35303013bb3354ea06ca2d,https://bscscan.com/tx/0x01c66c4b697a8064f34d4651db74d97c114b322d1f35303013bb3354ea06ca2d,Transfer,2022-11-25 22:31:54,2022-11-25 22:31:54,,1669415514,,0x128C33C1...d89Aa0442,OUT
0x37a28bc92e25edab8641505bf21a9a72ac4cbaaf838f43dfae95d712d7263eef,https://bscscan.com/tx/0x37a28bc92e25edab8641505bf21a9a72ac4cbaaf838f43dfae95d712d7263eef,Transfer,2022-11-25 14:57:46,2022-11-25 14:57:46,,1669388266,,0x128C33C1...d89Aa0442,OUT
0x9a8829cd226c718872780f875e5af2e799c49fd416104f8c6a96d98b43689bbb,https://bscscan.com/tx/0x9a8829cd226c718872780f875e5af2e799c49fd416104f8c6a96d98b43689bbb,Transfer,2022-11-24 14:48:53,2022-11-24 14:48:53,,1669301333,,0x128C33C1...d89Aa0442,OUT
0x9deeaa1a86ccadd2028cb24df9b11031c9ddce612e2d4780acaf81942e59f522,https://bscscan.com/tx/0x9deeaa1a86ccadd2028cb24df9b11031c9ddce612e2d4780acaf81942e59f522,Transfer,2022-11-24 14:14:16,2022-11-24 14:14:16,,1669299256,,0x128C33C1...d89Aa0442,OUT
0xa4fb875eb77e208f5d5e600924f79d4742c1b8e4676651e86bcbea6e87b18636,https://bscscan.com/tx/0xa4fb875eb77e208f5d5e600924f79d4742c1b8e4676651e86bcbea6e87b18636,Swap,2022-11-22 13:48:55,2022-11-22 13:48:55,,1669124935,,0x128C33C1...d89Aa0442,OUT
0xefd88775be386ca479fce63641bc8d23ce54cd1703ab59cf2a7b2321a158a4d9,https://bscscan.com/tx/0xefd88775be386ca479fce63641bc8d23ce54cd1703ab59cf2a7b2321a158a4d9,Swap Exact Token...,2022-11-22 13:36:28,2022-11-22 13:36:28,,1669124188,,0x128C33C1...d89Aa0442,OUT
0x73a37a770fef05accfe677bc1e2841c1850f76add80d0e08ecbab0e367797f62,https://bscscan.com/tx/0x73a37a770fef05accfe677bc1e2841c1850f76add80d0e08ecbab0e367797f62,Swap Exact ETH F...,2022-11-22 13:23:55,2022-11-22 13:23:55,,1669123435,,0x128C33C1...d89Aa0442,OUT
0xa6d51951040b422a7d2499b9093888cc210a5a464925d50abc104b47a59a3de4,https://bscscan.com/tx/0xa6d51951040b422a7d2499b9093888cc210a5a464925d50abc104b47a59a3de4,Swap,2022-11-22 13:22:13,2022-11-22 13:22:13,,1669123333,,0x128C33C1...d89Aa0442,OUT
0x8995b25e99b63e5160350cfce865ffa383d4d61c7a39ee0d0a4439fe37417118,https://bscscan.com/tx/0x8995b25e99b63e5160350cfce865ffa383d4d61c7a39ee0d0a4439fe37417118,Swap Exact ETH F...,2022-11-22 10:39:09,2022-11-22 10:39:09,,1669113549,,0x128C33C1...d89Aa0442,OUT
0x41e31063802e1a69b802770e1b72835c46f7e2a34b20c9ddf1d81371f3742c93,https://bscscan.com/tx/0x41e31063802e1a69b802770e1b72835c46f7e2a34b20c9ddf1d81371f3742c93,Swap,2022-11-22 10:36:56,2022-11-22 10:36:56,,1669113416,,0x128C33C1...d89Aa0442,OUT
0x410942b56357d5493e045235b530a661c74870696be4f0a1a5e1b8bfb43069e9,https://bscscan.com/tx/0x410942b56357d5493e045235b530a661c74870696be4f0a1a5e1b8bfb43069e9,Swap Exact ETH F...,2022-11-22 9:29:21,2022-11-22 9:29:21,,1669109361,,0x128C33C1...d89Aa0442,OUT
0x8893ae8b736a4c7f7afc67eec62b760b2c6b19df9d91b535b6a6db5f415a0cd2,https://bscscan.com/tx/0x8893ae8b736a4c7f7afc67eec62b760b2c6b19df9d91b535b6a6db5f415a0cd2,Swap Exact ETH F...,2022-11-22 9:21:03,2022-11-22 9:21:03,,1669108863,,0x128C33C1...d89Aa0442,OUT
0x2d348454a9f00a23944fc860e072140f81a0bb01abff374f0e8b36544c03920d,https://bscscan.com/tx/0x2d348454a9f00a23944fc860e072140f81a0bb01abff374f0e8b36544c03920d,Swap,2022-11-22 9:12:09,2022-11-22 9:12:09,,1669108329,,0x128C33C1...d89Aa0442,OUT
0x641a4db23d2b32b5060aee4be3ddad6e4a4d4bd8df941b5d0da65558709265c6,https://bscscan.com/tx/0x641a4db23d2b32b5060aee4be3ddad6e4a4d4bd8df941b5d0da65558709265c6,Swap,2022-11-22 9:11:33,2022-11-22 9:11:33,,1669108293,,0x128C33C1...d89Aa0442,OUT
0x46b604f5dca069f38abe2d56f53d8d749f401793a9948a7229bda3a64bdb08c5,https://bscscan.com/tx/0x46b604f5dca069f38abe2d56f53d8d749f401793a9948a7229bda3a64bdb08c5,Deposit Safuu,2022-11-20 11:56:30,2022-11-20 11:56:30,,1668945390,,0x128C33C1...d89Aa0442,OUT
0xa759da5515e17287196407ce53a5c690305128371e75f75ac7313286f66a0796,https://bscscan.com/tx/0xa759da5515e17287196407ce53a5c690305128371e75f75ac7313286f66a0796,Approve,2022-11-20 11:56:06,2022-11-20 11:56:06,,1668945366,,0x128C33C1...d89Aa0442,OUT
0x3ec3e15ea6794a66fceb1a9513661465de98fe195fa7d2448001a206d540f138,https://bscscan.com/tx/0x3ec3e15ea6794a66fceb1a9513661465de98fe195fa7d2448001a206d540f138,Transfer,2022-11-20 11:55:15,2022-11-20 11:55:15,,1668945315,,0x2FAB0c7a...4d8BFE39D,IN
0x81777cc4f1afc3df5514e0709484da1c3a64bd333d0cc1ca2d6b585fda2b44ed,https://bscscan.com/tx/0x81777cc4f1afc3df5514e0709484da1c3a64bd333d0cc1ca2d6b585fda2b44ed,Transfer,2022-11-20 11:48:36,2022-11-20 11:48:36,,1668944916,,0x128C33C1...d89Aa0442,OUT
0xc98ba41a1b72650e088776bf999a7c38ab8daeedf9e970603240ddddb81c0d1b,https://bscscan.com/tx/0xc98ba41a1b72650e088776bf999a7c38ab8daeedf9e970603240ddddb81c0d1b,Deposit Safuu,2022-11-20 11:40:05,2022-11-20 11:40:05,,1668944405,,0x128C33C1...d89Aa0442,OUT
0x2bf1087e75f000b1c4f8a325211901a0ea824e44ba0e4ad7baeb2e4318cdab07,https://bscscan.com/tx/0x2bf1087e75f000b1c4f8a325211901a0ea824e44ba0e4ad7baeb2e4318cdab07,Approve,2022-11-20 11:39:47,2022-11-20 11:39:47,,1668944387,,0x128C33C1...d89Aa0442,OUT
0x2ddcc9dd4263aae6f5a3f9f69ccca91007416c2706193768b2a8d246a7ea8704,https://bscscan.com/tx/0x2ddcc9dd4263aae6f5a3f9f69ccca91007416c2706193768b2a8d246a7ea8704,Transfer,2022-11-17 22:14:27,2022-11-17 22:14:27,,1668723267,,0x128C33C1...d89Aa0442,OUT
0x22c45079d3575af32509df237bcace2eb3d49e5f78492524b1921710bcc8ea91,https://bscscan.com/tx/0x22c45079d3575af32509df237bcace2eb3d49e5f78492524b1921710bcc8ea91,Transfer,2022-11-17 22:06:36,2022-11-17 22:06:36,,1668722796,,0x128C33C1...d89Aa0442,OUT
0xc361aec922868735f877d53adefd4ca3e6ade7961c5433e25c6ae02cb201ae6b,https://bscscan.com/tx/0xc361aec922868735f877d53adefd4ca3e6ade7961c5433e25c6ae02cb201ae6b,Transfer,2022-11-16 12:52:46,2022-11-16 12:52:46,,1668603166,,0x128C33C1...d89Aa0442,OUT
0xbf10851272637ffe36a8f5bdf1625bf3890099fe82bc7cd452844bd2e949aea0,https://bscscan.com/tx/0xbf10851272637ffe36a8f5bdf1625bf3890099fe82bc7cd452844bd2e949aea0,Transfer,2022-11-15 23:43:09,2022-11-15 23:43:09,,1668555789,,0x128C33C1...d89Aa0442,OUT
0x51b4334c6b85ba6f078980bd4c1de1b61b9e70dcb4d345f4cdedb965aa1354a6,https://bscscan.com/tx/0x51b4334c6b85ba6f078980bd4c1de1b61b9e70dcb4d345f4cdedb965aa1354a6,Transfer,2022-11-15 20:42:45,2022-11-15 20:42:45,,1668544965,,0x128C33C1...d89Aa0442,OUT
0x7cd3d1987fc7b47f0a8a85a448b1990352bf4f72ab05dcb2ad30462a3c3a1de2,https://bscscan.com/tx/0x7cd3d1987fc7b47f0a8a85a448b1990352bf4f72ab05dcb2ad30462a3c3a1de2,Transfer,2022-11-14 16:50:16,2022-11-14 16:50:16,,1668444616,,0x128C33C1...d89Aa0442,OUT
0xf7fdb5a779ea7fddc40c36513a54ae779356062141394fb3a0df4ac6a4200f95,https://bscscan.com/tx/0xf7fdb5a779ea7fddc40c36513a54ae779356062141394fb3a0df4ac6a4200f95,Transfer,2022-11-14 9:27:28,2022-11-14 9:27:28,,1668418048,,Binance: Hot Wallet 16,IN
0x61bed606e586a6eef3adbf0df02cee2bda3ec2db24da5a51995f28fe39c32be9,https://bscscan.com/tx/0x61bed606e586a6eef3adbf0df02cee2bda3ec2db24da5a51995f28fe39c32be9,Transfer,2022-11-14 9:21:07,2022-11-14 9:21:07,,1668417667,,0x128C33C1...d89Aa0442,OUT
0xa0f7ce6da3a5f4f30bfbd446d47b66aeb5e87675519a416ec049071a3589bb4f,https://bscscan.com/tx/0xa0f7ce6da3a5f4f30bfbd446d47b66aeb5e87675519a416ec049071a3589bb4f,Transfer,2022-11-12 6:54:54,2022-11-12 6:54:54,,1668236094,,0x128C33C1...d89Aa0442,OUT
0x94638704c78f5a41f8341053a472eb9e5cfd7d43f4030fa5c8863f9623d5f31b,https://bscscan.com/tx/0x94638704c78f5a41f8341053a472eb9e5cfd7d43f4030fa5c8863f9623d5f31b,Transfer,2022-11-12 6:29:28,2022-11-12 6:29:28,,1668234568,,0x128C33C1...d89Aa0442,OUT
0x3cf5d7ef0bcbf5ece5abe8dc16e7c39c7296778cef1debdf701ee78320c18d23,https://bscscan.com/tx/0x3cf5d7ef0bcbf5ece5abe8dc16e7c39c7296778cef1debdf701ee78320c18d23,Transfer,2022-11-11 13:59:18,2022-11-11 13:59:18,,1668175158,,0x128C33C1...d89Aa0442,OUT
0x02672209df4707bb92de2b15dd7606cf6f9d0f1f84dc3b8f0ff5c47b6a95c780,https://bscscan.com/tx/0x02672209df4707bb92de2b15dd7606cf6f9d0f1f84dc3b8f0ff5c47b6a95c780,Swap,2022-11-11 11:01:18,2022-11-11 11:01:18,,1668164478,,0x128C33C1...d89Aa0442,OUT
0x02b0a3c84903c81ce8637664dc435912e8d816070f2494fd12254674c3b31043,https://bscscan.com/tx/0x02b0a3c84903c81ce8637664dc435912e8d816070f2494fd12254674c3b31043,Swap,2022-11-11 11:00:27,2022-11-11 11:00:27,,1668164427,,0x128C33C1...d89Aa0442,OUT
0x2a45aaacc0846e86a6db912c4e1d762702d22171b66f754dee4410556fbec289,https://bscscan.com/tx/0x2a45aaacc0846e86a6db912c4e1d762702d22171b66f754dee4410556fbec289,Transfer,2022-11-11 10:59:30,2022-11-11 10:59:30,,1668164370,,0x128C33C1...d89Aa0442,OUT
0x71b3066ad06e37894961e03c349307ae0d4fb4e3b727d13c94561f6abcb1fa02,https://bscscan.com/tx/0x71b3066ad06e37894961e03c349307ae0d4fb4e3b727d13c94561f6abcb1fa02,Swap,2022-11-11 10:58:33,2022-11-11 10:58:33,,1668164313,,0x128C33C1...d89Aa0442,OUT
0x4c5491eb6ff4384cc552340efb0046831f78c89d1675c3b542521d50c3dc1286,https://bscscan.com/tx/0x4c5491eb6ff4384cc552340efb0046831f78c89d1675c3b542521d50c3dc1286,Transfer,2022-11-10 20:33:53,2022-11-10 20:33:53,,1668112433,,0x128C33C1...d89Aa0442,OUT
0xe688d98003d633905cc113a2c6434cebf1782a7b91bcb1028f5e266ee7d91ca5,https://bscscan.com/tx/0xe688d98003d633905cc113a2c6434cebf1782a7b91bcb1028f5e266ee7d91ca5,Transfer,2022-11-10 9:14:36,2022-11-10 9:14:36,,1668071676,,0x128C33C1...d89Aa0442,OUT
0xd839588f78a092188a7533ac382caac591522f397bf13ec35cdfbb0a7e03b74d,https://bscscan.com/tx/0xd839588f78a092188a7533ac382caac591522f397bf13ec35cdfbb0a7e03b74d,Claim,2022-11-09 23:56:50,2022-11-09 23:56:50,,1668038210,,0x128C33C1...d89Aa0442,OUT
0xc86f9948bfa7b3c8f21390f5cd2c888de216644c2fda86fa0bfa91fe69ca6975,https://bscscan.com/tx/0xc86f9948bfa7b3c8f21390f5cd2c888de216644c2fda86fa0bfa91fe69ca6975,Swap Exact Token...,2022-11-09 23:44:35,2022-11-09 23:44:35,,1668037475,,0x128C33C1...d89Aa0442,OUT
0xdf5946a1ca7512ede97f4d53695e0d075096155911e898f7e1a0418af3da843d,https://bscscan.com/tx/0xdf5946a1ca7512ede97f4d53695e0d075096155911e898f7e1a0418af3da843d,Transfer,2022-11-08 17:56:27,2022-11-08 17:56:27,,1667930187,,Binance: Hot Wallet 12,IN
0xc3be659780574272f48ab62453601b9f73e917593fe37f0d00aef8322dc742b5,https://bscscan.com/tx/0xc3be659780574272f48ab62453601b9f73e917593fe37f0d00aef8322dc742b5,Donate,2022-11-08 12:02:01,2022-11-08 12:02:01,,1667908921,,0x128C33C1...d89Aa0442,OUT
0x5c5b7966dab38deb13b858fb18c36ddb05d366fee4d62d719100e54335144283,https://bscscan.com/tx/0x5c5b7966dab38deb13b858fb18c36ddb05d366fee4d62d719100e54335144283,Approve,2022-11-08 11:22:10,2022-11-08 11:22:10,,1667906530,,0x128C33C1...d89Aa0442,OUT
0xa6555a01b2451d0b6aa790fd995f1025708fb058478f142507c80067d2ab23ff,https://bscscan.com/tx/0xa6555a01b2451d0b6aa790fd995f1025708fb058478f142507c80067d2ab23ff,Swap Exact ETH F...,2022-11-06 11:00:11,2022-11-06 11:00:11,,1667732411,,0x128C33C1...d89Aa0442,OUT
0x98fe33e89cf1f2c52f9e7b560838b90ed56de80df20dbba23fbc0ae65b8d2192,https://bscscan.com/tx/0x98fe33e89cf1f2c52f9e7b560838b90ed56de80df20dbba23fbc0ae65b8d2192,Swap Exact ETH F...,2022-11-06 10:52:50,2022-11-06 10:52:50,,1667731970,,0x128C33C1...d89Aa0442,OUT
0x08c816b360703107185cdf8a77100b014c444ecd97eaf5f9c1b958e6fab4827f,https://bscscan.com/tx/0x08c816b360703107185cdf8a77100b014c444ecd97eaf5f9c1b958e6fab4827f,Transfer,2022-11-05 19:33:53,2022-11-05 19:33:53,,1667676833,,Binance: Hot Wallet 13,IN
0x387860ba0cabbd2761386b5c3c8e9bfe0ff5c7faf13be4d7a00b961cdd7d6e2e,https://bscscan.com/tx/0x387860ba0cabbd2761386b5c3c8e9bfe0ff5c7faf13be4d7a00b961cdd7d6e2e,Swap Exact ETH F...,2022-11-04 21:43:06,2022-11-04 21:43:06,,1667598186,,0x128C33C1...d89Aa0442,OUT
0x136a7b1ba60e891375d81792750fb580c2fa4b05c8b0ddc2cbb223447fb8e45a,https://bscscan.com/tx/0x136a7b1ba60e891375d81792750fb580c2fa4b05c8b0ddc2cbb223447fb8e45a,Transfer,2022-11-04 20:35:46,2022-11-04 20:35:46,,1667594146,,Binance: Hot Wallet 18,IN
0x88ebbd473624e3f50f1e534c5b68b5b2525e56cdc47a0c5598575c647a2023d0,https://bscscan.com/tx/0x88ebbd473624e3f50f1e534c5b68b5b2525e56cdc47a0c5598575c647a2023d0,Transfer,2022-11-04 18:26:12,2022-11-04 18:26:12,,1667586372,,0x128C33C1...d89Aa0442,OUT
0xfefb7ac2aa2d0129094e7a6da63d4b331a2e713e85b23502854e470e3c975fa0,https://bscscan.com/tx/0xfefb7ac2aa2d0129094e7a6da63d4b331a2e713e85b23502854e470e3c975fa0,Transfer,2022-11-04 18:25:15,2022-11-04 18:25:15,,1667586315,,Binance: Hot Wallet 16,IN
0x1f7da2aa6c19f5ba82e67d373d44fcbd7d52727cf41be1dd5953ee76dae8961b,https://bscscan.com/tx/0x1f7da2aa6c19f5ba82e67d373d44fcbd7d52727cf41be1dd5953ee76dae8961b,Swap Exact ETH F...,2022-10-30 8:20:54,2022-10-30 8:20:54,,1667118054,,0x128C33C1...d89Aa0442,OUT
0x599e796dd2319eb9c30b7a28d4975bcafafc89e93bef408e28b4e7400332d578,https://bscscan.com/tx/0x599e796dd2319eb9c30b7a28d4975bcafafc89e93bef408e28b4e7400332d578,Transfer,2022-10-30 7:29:01,2022-10-30 7:29:01,,1667114941,,Binance: Withdrawals 2,IN
0x3f7b561e7f000991029d1ff994e7fc45dc2620254aacde68d209da69bb33b986,https://bscscan.com/tx/0x3f7b561e7f000991029d1ff994e7fc45dc2620254aacde68d209da69bb33b986,Transfer,2022-10-30 6:39:21,2022-10-30 6:39:21,,1667111961,,0x128C33C1...d89Aa0442,OUT
0xa8bcc25f2c4cb13b7a5acfeddf3daf78c6f3de250767eb3eae50e4dab7c70f0c,https://bscscan.com/tx/0xa8bcc25f2c4cb13b7a5acfeddf3daf78c6f3de250767eb3eae50e4dab7c70f0c,Transfer,2022-10-29 23:42:40,2022-10-29 23:42:40,,1667086960,,Binance: Hot Wallet 11,IN
0x6f39031935e4dcc3ba997f57a23b55f23911b19e5b74a0defb0aea239b3c167a,https://bscscan.com/tx/0x6f39031935e4dcc3ba997f57a23b55f23911b19e5b74a0defb0aea239b3c167a,Swap Exact ETH F...,2022-10-29 15:16:43,2022-10-29 15:16:43,,1667056603,,0x128C33C1...d89Aa0442,OUT
0x8ef99cbec810a4cb28df9cce7377f21559d3f26a341022098743cb9234c6510e,https://bscscan.com/tx/0x8ef99cbec810a4cb28df9cce7377f21559d3f26a341022098743cb9234c6510e,Transfer,2022-10-29 15:14:07,2022-10-29 15:14:07,,1667056447,,Binance: Hot Wallet 12,IN
0x21254918f13933dc4ae217c0a15c54bb51fd8c7063705289ed95309ba96b01b2,https://bscscan.com/tx/0x21254918f13933dc4ae217c0a15c54bb51fd8c7063705289ed95309ba96b01b2,Swap Exact ETH F...,2022-10-25 21:27:41,2022-10-25 21:27:41,,1666733261,,0x128C33C1...d89Aa0442,OUT
0xd799635fd9b876dfb44a2eb69d814df8e28037fc7b0d78b3a47fdfb5ff070f21,https://bscscan.com/tx/0xd799635fd9b876dfb44a2eb69d814df8e28037fc7b0d78b3a47fdfb5ff070f21,Transfer,2022-10-25 20:12:29,2022-10-25 20:12:29,,1666728749,,Binance: Hot Wallet 23,IN
0x439db4085f800085c6584505f2b6acf32892c5808a2d16d2d7f2ed4505ff1869,https://bscscan.com/tx/0x439db4085f800085c6584505f2b6acf32892c5808a2d16d2d7f2ed4505ff1869,Transfer,2022-10-22 6:45:58,2022-10-22 6:45:58,,1666421158,,0x128C33C1...d89Aa0442,OUT
0xea7e54b2ffb60f06995d76d744842e8600ec0be244242d66e172b879f3b31517,https://bscscan.com/tx/0xea7e54b2ffb60f06995d76d744842e8600ec0be244242d66e172b879f3b31517,Transfer,2022-10-20 20:10:05,2022-10-20 20:10:05,,1666296605,,0x2FAB0c7a...4d8BFE39D,IN
0x8b2fb39a9cc04dee6b54c37ce4705dfac2316c48696456ac8de8a41da799269c,https://bscscan.com/tx/0x8b2fb39a9cc04dee6b54c37ce4705dfac2316c48696456ac8de8a41da799269c,Transfer,2022-10-20 19:29:50,2022-10-20 19:29:50,,1666294190,,0x128C33C1...d89Aa0442,OUT
0xa438c7e90307ab1e22fc3c5ef63bd4db9e83ccdb8b906d1008205a07de37c7e0,https://bscscan.com/tx/0xa438c7e90307ab1e22fc3c5ef63bd4db9e83ccdb8b906d1008205a07de37c7e0,Transfer,2022-10-20 19:27:29,2022-10-20 19:27:29,,1666294049,,Binance 51,IN
0x73826e2d8fd6dc6900f0364d78ef1a22818657cd2f4debb00cae62c87784b0c8,https://bscscan.com/tx/0x73826e2d8fd6dc6900f0364d78ef1a22818657cd2f4debb00cae62c87784b0c8,Transfer,2022-10-20 19:23:05,2022-10-20 19:23:05,,1666293785,,0x128C33C1...d89Aa0442,OUT
0x3f6f454a010ddd64343056179cc815c52dee36d292e9af140d63f4289271f610,https://bscscan.com/tx/0x3f6f454a010ddd64343056179cc815c52dee36d292e9af140d63f4289271f610,Deposit Safuu,2022-10-20 17:38:18,2022-10-20 17:38:18,,1666287498,,0x128C33C1...d89Aa0442,OUT
0xe77b802e18ab1ceb38c4e28ce63dd357f45dbcac3ab68ad68f8f176385f56958,https://bscscan.com/tx/0xe77b802e18ab1ceb38c4e28ce63dd357f45dbcac3ab68ad68f8f176385f56958,Approve,2022-10-20 17:37:57,2022-10-20 17:37:57,,1666287477,,0x128C33C1...d89Aa0442,OUT
0x1973a2a23e915f12ac7faa22590c82e5a83be062633935148b456eb5c55dcc1f,https://bscscan.com/tx/0x1973a2a23e915f12ac7faa22590c82e5a83be062633935148b456eb5c55dcc1f,Swap Exact ETH F...,2022-10-20 17:36:42,2022-10-20 17:36:42,,1666287402,,0x128C33C1...d89Aa0442,OUT
0x5c52e1209fd13975ee1fc0e0a3c762f88bdf3953422329e69de830a580983d33,https://bscscan.com/tx/0x5c52e1209fd13975ee1fc0e0a3c762f88bdf3953422329e69de830a580983d33,Deposit Safuu,2022-10-20 17:35:12,2022-10-20 17:35:12,,1666287312,,0x128C33C1...d89Aa0442,OUT
0xa63b28a196e10fa9b920df321e18a66272004398fede90c20b9b72990959d782,https://bscscan.com/tx/0xa63b28a196e10fa9b920df321e18a66272004398fede90c20b9b72990959d782,Approve,2022-10-20 17:34:45,2022-10-20 17:34:45,,1666287285,,0x128C33C1...d89Aa0442,OUT
0x00168490f1e1365fc52e2733afd34be97a31aa23a9478eaf940137c70bd6bb0e,https://bscscan.com/tx/0x00168490f1e1365fc52e2733afd34be97a31aa23a9478eaf940137c70bd6bb0e,Transfer,2022-10-20 17:27:36,2022-10-20 17:27:36,,1666286856,,0x8b206a40...4e0eAF63E,IN
0xec0f6ebe2843fbc8b8c29bbb9010358e8b4053dbb974d0b4308916f023f796da,https://bscscan.com/tx/0xec0f6ebe2843fbc8b8c29bbb9010358e8b4053dbb974d0b4308916f023f796da,Deposit Safuu,2022-10-20 17:18:51,2022-10-20 17:18:51,,1666286331,,0x128C33C1...d89Aa0442,OUT
0x7be816492164c56f6cc077cf11a930a023099d8a396b8a8043cccce8e93b33bf,https://bscscan.com/tx/0x7be816492164c56f6cc077cf11a930a023099d8a396b8a8043cccce8e93b33bf,Approve,2022-10-20 17:18:30,2022-10-20 17:18:30,,1666286310,,0x128C33C1...d89Aa0442,OUT
0x707376ec54ff8023df80d1aeede433dce7de80716b54b6f8161db38d293f6d68,https://bscscan.com/tx/0x707376ec54ff8023df80d1aeede433dce7de80716b54b6f8161db38d293f6d68,Deposit Safuu,2022-10-20 17:15:54,2022-10-20 17:15:54,,1666286154,,0x128C33C1...d89Aa0442,OUT
0xfbf8237100a7c9772f0dddfff04f61385e4993fe72cf2edd24c6156b0c720d7f,https://bscscan.com/tx/0xfbf8237100a7c9772f0dddfff04f61385e4993fe72cf2edd24c6156b0c720d7f,Approve,2022-10-20 17:15:27,2022-10-20 17:15:27,,1666286127,,0x128C33C1...d89Aa0442,OUT
0x0534eb798284e4f77d0320ef4d5cbb64861a63f65bbc6ac1fc770201ba5b2dfd,https://bscscan.com/tx/0x0534eb798284e4f77d0320ef4d5cbb64861a63f65bbc6ac1fc770201ba5b2dfd,Deposit Safuu,2022-10-20 17:13:03,2022-10-20 17:13:03,,1666285983,,0x128C33C1...d89Aa0442,OUT
0xb93bf2461711687b8be7fb9085661027d976a31c5e703cf96b903d301678b2e4,https://bscscan.com/tx/0xb93bf2461711687b8be7fb9085661027d976a31c5e703cf96b903d301678b2e4,Deposit Safuu,2022-10-20 17:12:48,2022-10-20 17:12:48,,1666285968,,0x128C33C1...d89Aa0442,OUT
0x9855e927117b57b069639a65b53ba4d54a825210aebb402b2210a6f648e90ab1,https://bscscan.com/tx/0x9855e927117b57b069639a65b53ba4d54a825210aebb402b2210a6f648e90ab1,Approve,2022-10-20 17:12:33,2022-10-20 17:12:33,,1666285953,,0x128C33C1...d89Aa0442,OUT
0x318be5bc73326b02ff39f0a24df84d3709781e49e85b552efd99b2c597cbe509,https://bscscan.com/tx/0x318be5bc73326b02ff39f0a24df84d3709781e49e85b552efd99b2c597cbe509,Approve,2022-10-20 17:12:12,2022-10-20 17:12:12,,1666285932,,0x128C33C1...d89Aa0442,OUT
0x80a91b7dada57635fc1b2393dbccd2c3a08ac7d887459adbacd47fa5d0cdb63d,https://bscscan.com/tx/0x80a91b7dada57635fc1b2393dbccd2c3a08ac7d887459adbacd47fa5d0cdb63d,Swap Exact ETH F...,2022-10-20 14:09:37,2022-10-20 14:09:37,,1666274977,,0x128C33C1...d89Aa0442,OUT
0xc96a62971e1b2f22d4bfbf82dc45930d844c3208c159434a469aa1148f0d3860,https://bscscan.com/tx/0xc96a62971e1b2f22d4bfbf82dc45930d844c3208c159434a469aa1148f0d3860,Transfer,2022-10-20 13:40:55,2022-10-20 13:40:55,,1666273255,,0x128C33C1...d89Aa0442,OUT
0x821b57d779f72f84fd1ce6e88b829f534d788e616a2258644c12e80a2d3947c2,https://bscscan.com/tx/0x821b57d779f72f84fd1ce6e88b829f534d788e616a2258644c12e80a2d3947c2,Transfer,2022-10-19 19:31:12,2022-10-19 19:31:12,,1666207872,,Binance: Hot Wallet 19,IN
0x63b4544ffae8d6b51240387115df0f1f768e3af214a5e505af3eada8620d174d,https://bscscan.com/tx/0x63b4544ffae8d6b51240387115df0f1f768e3af214a5e505af3eada8620d174d,Transfer,2022-10-19 19:26:35,2022-10-19 19:26:35,,1666207595,,0x8b206a40...4e0eAF63E,IN
0xb8a58b0f6da2d67bc8a27945411b61b14bea1f0cf03c64dad9256079ca1e4fdc,https://bscscan.com/tx/0xb8a58b0f6da2d67bc8a27945411b61b14bea1f0cf03c64dad9256079ca1e4fdc,Transfer,2022-10-19 19:24:23,2022-10-19 19:24:23,,1666207463,,0x8b206a40...4e0eAF63E,IN
0x34ff5b72367cbde698b84b4d94e090cbc48dafe946db24707ffc5f53a3ed4224,https://bscscan.com/tx/0x34ff5b72367cbde698b84b4d94e090cbc48dafe946db24707ffc5f53a3ed4224,Transfer,2022-10-19 18:35:47,2022-10-19 18:35:47,,1666204547,,0x128C33C1...d89Aa0442,OUT
0x5e3ec75ef44d5953b7eefebaeaa38680639404e012b14dd0be2c47a2423f7ca0,https://bscscan.com/tx/0x5e3ec75ef44d5953b7eefebaeaa38680639404e012b14dd0be2c47a2423f7ca0,Transfer,2022-10-19 18:31:47,2022-10-19 18:31:47,,1666204307,,0x128C33C1...d89Aa0442,OUT
0xf4f76f254226950e0dfe6d2888964e0a7573e18488cd3684978397754a76ed13,https://bscscan.com/tx/0xf4f76f254226950e0dfe6d2888964e0a7573e18488cd3684978397754a76ed13,Transfer,2022-10-19 18:29:20,2022-10-19 18:29:20,,1666204160,,0x128C33C1...d89Aa0442,OUT
0x1d7441267112261a906ad8bf96f788ba3c788ed9f0ee29e9c1e15ec5d5571263,https://bscscan.com/tx/0x1d7441267112261a906ad8bf96f788ba3c788ed9f0ee29e9c1e15ec5d5571263,Transfer,2022-10-19 18:29:08,2022-10-19 18:29:08,,1666204148,,0x128C33C1...d89Aa0442,OUT
0xc95f8f20cfcdebf36cc553e29694fd283b53cd1896667d90b48d2e263322ae9d,https://bscscan.com/tx/0xc95f8f20cfcdebf36cc553e29694fd283b53cd1896667d90b48d2e263322ae9d,Transfer,2022-10-19 18:27:59,2022-10-19 18:27:59,,1666204079,,0x128C33C1...d89Aa0442,OUT
0xe3b93af5148f6dffdcec363915f74f252a3d1fb8888775d5e7aff57be3a130b0,https://bscscan.com/tx/0xe3b93af5148f6dffdcec363915f74f252a3d1fb8888775d5e7aff57be3a130b0,Transfer,2022-10-19 18:26:17,2022-10-19 18:26:17,,1666203977,,0x128C33C1...d89Aa0442,OUT
0xc01af1a28eb129e2f684b6d2f2b875a2b82d85a0b44f5a5175346c08d0e40766,https://bscscan.com/tx/0xc01af1a28eb129e2f684b6d2f2b875a2b82d85a0b44f5a5175346c08d0e40766,Transfer,2022-10-19 18:25:43,2022-10-19 18:25:43,,1666203943,,0x128C33C1...d89Aa0442,OUT
0xe13d6ea6d2888f75d731cfd6eea7f6dc02bc2c5444611be52a967beca504ca35,https://bscscan.com/tx/0xe13d6ea6d2888f75d731cfd6eea7f6dc02bc2c5444611be52a967beca504ca35,Swap Exact ETH F...,2022-10-19 18:23:27,2022-10-19 18:23:27,,1666203807,,0x128C33C1...d89Aa0442,OUT
0x3a411367a574892ebc8598f4361ae3745f4552921578df948fe0bd581e6cf1de,https://bscscan.com/tx/0x3a411367a574892ebc8598f4361ae3745f4552921578df948fe0bd581e6cf1de,Swap Exact Token...,2022-10-19 7:53:57,2022-10-19 7:53:57,,1666166037,,0x128C33C1...d89Aa0442,OUT
0xc90f5e005eabe4e9e648f79b16fc4be87813cc47eec2ec42389f98f9195d988f,https://bscscan.com/tx/0xc90f5e005eabe4e9e648f79b16fc4be87813cc47eec2ec42389f98f9195d988f,Swap Exact Token...,2022-10-19 7:52:51,2022-10-19 7:52:51,,1666165971,,0x128C33C1...d89Aa0442,OUT
0xadc07e81fe824b33b44475fa709fc2911f2d41be06e82f392248f09b3b88d43d,https://bscscan.com/tx/0xadc07e81fe824b33b44475fa709fc2911f2d41be06e82f392248f09b3b88d43d,Transfer,2022-10-17 21:55:17,2022-10-17 21:55:17,,1666043717,,0x128C33C1...d89Aa0442,OUT
0x5ecb6916618d8630f562d498aca58c2d8c6c80f716eeac389d83b822c27725f8,https://bscscan.com/tx/0x5ecb6916618d8630f562d498aca58c2d8c6c80f716eeac389d83b822c27725f8,Swap Exact Token...,2022-10-17 21:54:44,2022-10-17 21:54:44,,1666043684,,0x128C33C1...d89Aa0442,OUT
0x151bce9d0c0aef7b44cfd88ce0f8721fa3e5aaca0323d0ca7bbe171f4ece71be,https://bscscan.com/tx/0x151bce9d0c0aef7b44cfd88ce0f8721fa3e5aaca0323d0ca7bbe171f4ece71be,Transfer,2022-10-17 21:53:08,2022-10-17 21:53:08,,1666043588,,0x128C33C1...d89Aa0442,OUT
0x5501a587a7f09d270fc5315ccefa9b292eff1f6e08f4a733b984ac8147d508da,https://bscscan.com/tx/0x5501a587a7f09d270fc5315ccefa9b292eff1f6e08f4a733b984ac8147d508da,Swap Exact ETH F...,2022-10-17 12:31:57,2022-10-17 12:31:57,,1666009917,,0x128C33C1...d89Aa0442,OUT
0x38adaacd7c98a7776853ec4913f99a28e025cbee6f03d18fa18f963f9fe9080b,https://bscscan.com/tx/0x38adaacd7c98a7776853ec4913f99a28e025cbee6f03d18fa18f963f9fe9080b,Transfer,2022-10-17 12:28:57,2022-10-17 12:28:57,,1666009737,,0x128C33C1...d89Aa0442,OUT
0x261faa83a0f2c79770ae81c86a76a8a4d182dfa7d2bc5316087527d76db7060c,https://bscscan.com/tx/0x261faa83a0f2c79770ae81c86a76a8a4d182dfa7d2bc5316087527d76db7060c,Transfer,2022-10-17 12:28:45,2022-10-17 12:28:45,,1666009725,,0x128C33C1...d89Aa0442,OUT
0xd7ec300c85f6ba478f3e22efb34667e99bac89f2917593c5df7681235bbfc261,https://bscscan.com/tx/0xd7ec300c85f6ba478f3e22efb34667e99bac89f2917593c5df7681235bbfc261,Transfer,2022-10-17 12:28:30,2022-10-17 12:28:30,,1666009710,,0x128C33C1...d89Aa0442,OUT
0x32d57d1c2537a31f2887853d498bb527f17688e3564d2fcbdab426ef07eea3b5,https://bscscan.com/tx/0x32d57d1c2537a31f2887853d498bb527f17688e3564d2fcbdab426ef07eea3b5,Transfer,2022-10-17 12:28:15,2022-10-17 12:28:15,,1666009695,,0x128C33C1...d89Aa0442,OUT
0x4469793125aafaa8be3e5be3e00dd7ea7031f666cb33d36489a89924414e7f6c,https://bscscan.com/tx/0x4469793125aafaa8be3e5be3e00dd7ea7031f666cb33d36489a89924414e7f6c,Transfer,2022-10-17 12:28:00,2022-10-17 12:28:00,,1666009680,,0x128C33C1...d89Aa0442,OUT
0x070b3935a9d8ae0dd8f9cffac26d30cf1227dfed5ed9c153da72f1c6d12d9cc5,https://bscscan.com/tx/0x070b3935a9d8ae0dd8f9cffac26d30cf1227dfed5ed9c153da72f1c6d12d9cc5,Transfer,2022-10-17 12:21:06,2022-10-17 12:21:06,,1666009266,,0x87C17151...0606a56bf,IN
0xe5f8d8394211817e6a738a5b4e3147387b06e827b98b8bdf5d4dc744d234c471,https://bscscan.com/tx/0xe5f8d8394211817e6a738a5b4e3147387b06e827b98b8bdf5d4dc744d234c471,Swap Exact ETH F...,2022-10-17 1:10:42,2022-10-17 1:10:42,,1665969042,,0x128C33C1...d89Aa0442,OUT
0x2d1bcab57fa979be8592659cb065f7c169cd9e0b9e02f3e7cd9f9ec0dae18d22,https://bscscan.com/tx/0x2d1bcab57fa979be8592659cb065f7c169cd9e0b9e02f3e7cd9f9ec0dae18d22,Transfer,2022-10-16 13:26:32,2022-10-16 13:26:32,,1665926792,,Binance: Hot Wallet 10,IN
0xc2ee90d759102ff102ecdc80be30867d890640d75064d3fea545c13361b338af,https://bscscan.com/tx/0xc2ee90d759102ff102ecdc80be30867d890640d75064d3fea545c13361b338af,Swap Exact ETH F...,2022-10-16 13:22:53,2022-10-16 13:22:53,,1665926573,,0x128C33C1...d89Aa0442,OUT
0x603eb73f90ce8eef7fc15b869f29391e631065b91f9360ddcafc1cfb8adf538f,https://bscscan.com/tx/0x603eb73f90ce8eef7fc15b869f29391e631065b91f9360ddcafc1cfb8adf538f,Swap Exact ETH F...,2022-10-16 12:30:03,2022-10-16 12:30:03,,1665923403,,0x128C33C1...d89Aa0442,OUT
0x6488893feda2d1c53cf07f6ef5a76833ed00122c9e51cac418ea3fad63265147,https://bscscan.com/tx/0x6488893feda2d1c53cf07f6ef5a76833ed00122c9e51cac418ea3fad63265147,Transfer,2022-10-13 20:18:06,2022-10-13 20:18:06,,1665692286,,Binance: Hot Wallet 11,IN
0xaa4a3cbeefe8fdafa65f230b167f004cac723666138c21911569a9beb24cb104,https://bscscan.com/tx/0xaa4a3cbeefe8fdafa65f230b167f004cac723666138c21911569a9beb24cb104,Swap Exact ETH F...,2022-10-13 20:12:51,2022-10-13 20:12:51,,1665691971,,0x128C33C1...d89Aa0442,OUT
0xaa68248a13d78c5d55580e2d61b99f91bfc53fce52a5ee67f7ced0db72f4e221,https://bscscan.com/tx/0xaa68248a13d78c5d55580e2d61b99f91bfc53fce52a5ee67f7ced0db72f4e221,Transfer,2022-10-13 19:03:58,2022-10-13 19:03:58,,1665687838,,Binance: Hot Wallet 13,IN
0x4e83595da7ed0781edb39c115b7c959c3329a56869badb3d0f81cbc0a114933f,https://bscscan.com/tx/0x4e83595da7ed0781edb39c115b7c959c3329a56869badb3d0f81cbc0a114933f,Swap Exact ETH F...,2022-10-13 18:31:31,2022-10-13 18:31:31,,1665685891,,0x128C33C1...d89Aa0442,OUT
0x4f1accaa5af52ce934d73d35a1d826bdf0b2aed361bf11e4cd19e5bc38c90582,https://bscscan.com/tx/0x4f1accaa5af52ce934d73d35a1d826bdf0b2aed361bf11e4cd19e5bc38c90582,Swap Exact ETH F...,2022-10-13 15:50:33,2022-10-13 15:50:33,,1665676233,,0x128C33C1...d89Aa0442,OUT
0xfcb6988e1388dc07962c719668e4bb20a475a4128fd50ef81b26dffe89c8e076,https://bscscan.com/tx/0xfcb6988e1388dc07962c719668e4bb20a475a4128fd50ef81b26dffe89c8e076,Swap Exact ETH F...,2022-10-13 15:49:45,2022-10-13 15:49:45,,1665676185,,0x128C33C1...d89Aa0442,OUT
0x359ef0bc55afd0b8f4f1fa0ddd5e4a3c62b177722bf62fda7668a3a7da89e6c1,https://bscscan.com/tx/0x359ef0bc55afd0b8f4f1fa0ddd5e4a3c62b177722bf62fda7668a3a7da89e6c1,Swap Exact ETH F...,2022-10-13 14:46:22,2022-10-13 14:46:22,,1665672382,,0x128C33C1...d89Aa0442,OUT
0x5a02cb49dd47a0e189a938ed48abdf638963e890cd5308574b4734f63b08e605,https://bscscan.com/tx/0x5a02cb49dd47a0e189a938ed48abdf638963e890cd5308574b4734f63b08e605,Swap Exact ETH F...,2022-10-13 14:46:10,2022-10-13 14:46:10,,1665672370,,0x128C33C1...d89Aa0442,OUT
0x3471644e2508a0d210f9e377fd49573637827cfd6bb449a10b60ade76574d5e5,https://bscscan.com/tx/0x3471644e2508a0d210f9e377fd49573637827cfd6bb449a10b60ade76574d5e5,Transfer,2022-10-13 14:43:34,2022-10-13 14:43:34,,1665672214,,Binance 51,IN
0xe2a2e5bc772493840c83f2bdc85be44fdda3f272e2ae0d99a31a93e953c3c29b,https://bscscan.com/tx/0xe2a2e5bc772493840c83f2bdc85be44fdda3f272e2ae0d99a31a93e953c3c29b,Swap Exact ETH F...,2022-10-13 14:27:53,2022-10-13 14:27:53,,1665671273,,0x128C33C1...d89Aa0442,OUT
0x9c8de2bb5d96ec8cd0fc1ff9e11556be92935c3ac872180301c04b8024ff606b,https://bscscan.com/tx/0x9c8de2bb5d96ec8cd0fc1ff9e11556be92935c3ac872180301c04b8024ff606b,Swap Exact ETH F...,2022-10-12 21:54:27,2022-10-12 21:54:27,,1665611667,,0x128C33C1...d89Aa0442,OUT
0x1955c86aec3d1d275ad484fcd5111cc88f4a417dd0a43ebe83e6f476b9b9bf56,https://bscscan.com/tx/0x1955c86aec3d1d275ad484fcd5111cc88f4a417dd0a43ebe83e6f476b9b9bf56,Swap Exact ETH F...,2022-10-12 18:18:23,2022-10-12 18:18:23,,1665598703,,0x128C33C1...d89Aa0442,OUT
0xdd54f5c9db090913848bec9c610451ec5019ae75de4f2b52cfce2b00fbcc5ccc,https://bscscan.com/tx/0xdd54f5c9db090913848bec9c610451ec5019ae75de4f2b52cfce2b00fbcc5ccc,Transfer,2022-10-12 18:12:19,2022-10-12 18:12:19,,1665598339,,Binance: Hot Wallet 11,IN
0xfb347818b6b81789433fc6f431954c4cd4765d47df71dd179a43d2bffe74d569,https://bscscan.com/tx/0xfb347818b6b81789433fc6f431954c4cd4765d47df71dd179a43d2bffe74d569,Transfer,2022-10-12 18:10:58,2022-10-12 18:10:58,,1665598258,,Binance: Hot Wallet 12,IN
0x67b349beb878ea7843cb2cfe41bd99a412057f6b1090a0c0473c3606b65359d3,https://bscscan.com/tx/0x67b349beb878ea7843cb2cfe41bd99a412057f6b1090a0c0473c3606b65359d3,Swap Exact ETH F...,2022-10-12 18:07:31,2022-10-12 18:07:31,,1665598051,,0x128C33C1...d89Aa0442,OUT
0x4e6dbc413fb8aef0de3b876ccea8085c8666d8e1de246072908b6aee53d2be61,https://bscscan.com/tx/0x4e6dbc413fb8aef0de3b876ccea8085c8666d8e1de246072908b6aee53d2be61,Swap Exact ETH F...,2022-10-12 15:21:07,2022-10-12 15:21:07,,1665588067,,0x128C33C1...d89Aa0442,OUT
0x0d1fef977daead1a463f63221c9d593d534be6390833b0f66e4d4efe1fc2cb6f,https://bscscan.com/tx/0x0d1fef977daead1a463f63221c9d593d534be6390833b0f66e4d4efe1fc2cb6f,Transfer,2022-10-12 13:30:43,2022-10-12 13:30:43,,1665581443,,Binance: Hot Wallet 23,IN
0xd9c12ef750fdb58c31bc9eecbe93fff98aeaca06fb6bb2a65d4f23b4380c23d0,https://bscscan.com/tx/0xd9c12ef750fdb58c31bc9eecbe93fff98aeaca06fb6bb2a65d4f23b4380c23d0,Transfer,2022-10-12 13:08:31,2022-10-12 13:08:31,,1665580111,,Binance: Hot Wallet 23,IN
0x9a391aa9ff59a83def9d3bc61e95fc78364d115762ff87215097988bc33e80ba,https://bscscan.com/tx/0x9a391aa9ff59a83def9d3bc61e95fc78364d115762ff87215097988bc33e80ba,Swap Exact ETH F...,2022-10-12 13:02:49,2022-10-12 13:02:49,,1665579769,,0x128C33C1...d89Aa0442,OUT
0x403517a01aa2238ef634db47a750d03d67972da5feca0c9242738c8ba3c8e127,https://bscscan.com/tx/0x403517a01aa2238ef634db47a750d03d67972da5feca0c9242738c8ba3c8e127,Transfer,2022-10-12 13:00:24,2022-10-12 13:00:24,,1665579624,,Binance 47,IN
0x35c9b1404fdab2432cf38d02e118d7501d62add77d65af2f956bd1d34985156f,https://bscscan.com/tx/0x35c9b1404fdab2432cf38d02e118d7501d62add77d65af2f956bd1d34985156f,Transfer,2022-10-12 12:45:58,2022-10-12 12:45:58,,1665578758,,Binance: Hot Wallet 16,IN
0x304b9687329fb236bfb3495d728ed4e5bb7829ce6b26197964dc84c7ba76b728,https://bscscan.com/tx/0x304b9687329fb236bfb3495d728ed4e5bb7829ce6b26197964dc84c7ba76b728,Transfer,2022-10-12 10:54:01,2022-10-12 10:54:01,,1665572041,,0x128C33C1...d89Aa0442,OUT
0x3b94d0cf1a814d61eac28267f7383910936e06abcf2164ae6bc19b6b3581bd80,https://bscscan.com/tx/0x3b94d0cf1a814d61eac28267f7383910936e06abcf2164ae6bc19b6b3581bd80,0x0ebea81f,2022-10-12 10:52:36,2022-10-12 10:52:36,,1665571956,,0x128C33C1...d89Aa0442,OUT
0x2ba2c69ba96fe9db8b9a658402db9e87997aa383d4e89a3c8658f2e10c2c774b,https://bscscan.com/tx/0x2ba2c69ba96fe9db8b9a658402db9e87997aa383d4e89a3c8658f2e10c2c774b,Approve,2022-10-12 10:52:18,2022-10-12 10:52:18,,1665571938,,0x128C33C1...d89Aa0442,OUT
0xa9fa6702156a921ccf1739e21ff9a9c6f8059f8a3674b05a0eb95f284dc1c362,https://bscscan.com/tx/0xa9fa6702156a921ccf1739e21ff9a9c6f8059f8a3674b05a0eb95f284dc1c362,Approve,2022-10-12 10:51:59,2022-10-12 10:51:59,,1665571919,,0x128C33C1...d89Aa0442,OUT
0x8cfeef390810721954a6e5f451f7862bbaf3383c19e5195770789eed95e5c8ed,https://bscscan.com/tx/0x8cfeef390810721954a6e5f451f7862bbaf3383c19e5195770789eed95e5c8ed,Collect Tokens,2022-10-12 10:14:17,2022-10-12 10:14:17,,1665569657,,0x128C33C1...d89Aa0442,OUT
0xfdf076458d67eacfa5bf55986cb2757a4213fd6af71dee09fd06bbe917e78ba6,https://bscscan.com/tx/0xfdf076458d67eacfa5bf55986cb2757a4213fd6af71dee09fd06bbe917e78ba6,Transfer,2022-10-11 10:22:41,2022-10-11 10:22:41,,1665483761,,Binance: Hot Wallet 23,IN
0x4151177c1d6f8a289664485f125c1896018fe4d1d21528517e642709fcd86a6f,https://bscscan.com/tx/0x4151177c1d6f8a289664485f125c1896018fe4d1d21528517e642709fcd86a6f,Unstake Tokens,2022-10-11 10:14:44,2022-10-11 10:14:44,,1665483284,,0x128C33C1...d89Aa0442,OUT
0x952f649b4059f18763d3e2adb728d9efcd0fcbe3baacd72882376b4762d5c2c4,https://bscscan.com/tx/0x952f649b4059f18763d3e2adb728d9efcd0fcbe3baacd72882376b4762d5c2c4,Unlock Tokens,2022-10-11 10:11:32,2022-10-11 10:11:32,,1665483092,,0x128C33C1...d89Aa0442,OUT
0x3b4ffb1459fdea8bd1bd5c14791780027e20fec7ce464cb036ca2fb1640d86d4,https://bscscan.com/tx/0x3b4ffb1459fdea8bd1bd5c14791780027e20fec7ce464cb036ca2fb1640d86d4,Transfer,2022-10-11 9:52:19,2022-10-11 9:52:19,,1665481939,,0x128C33C1...d89Aa0442,OUT
0xea8620afc941934ca0061d88b80924c3ca597dae9132580b145eaf17d8372530,https://bscscan.com/tx/0xea8620afc941934ca0061d88b80924c3ca597dae9132580b145eaf17d8372530,Swap Exact Token...,2022-10-11 9:50:34,2022-10-11 9:50:34,,1665481834,,0x128C33C1...d89Aa0442,OUT
0x957df08990ace2060776258600bac7412c0a1d5908f74ea8341994b68b597545,https://bscscan.com/tx/0x957df08990ace2060776258600bac7412c0a1d5908f74ea8341994b68b597545,Transfer,2022-10-11 9:50:01,2022-10-11 9:50:01,,1665481801,,Binance: Hot Wallet 19,IN
0x076269779661bda52f41a0c7ff215a194d82c9513fc4ebeba158f7c06e84b801,https://bscscan.com/tx/0x076269779661bda52f41a0c7ff215a194d82c9513fc4ebeba158f7c06e84b801,Transfer,2022-10-09 7:39:10,2022-10-09 7:39:10,,1665301150,,0x128C33C1...d89Aa0442,OUT
0xdc9ab0244f81e12a446f62c7a2fb0d1765ecaba6d2b822858c0583677f0901ae,https://bscscan.com/tx/0xdc9ab0244f81e12a446f62c7a2fb0d1765ecaba6d2b822858c0583677f0901ae,Swap,2022-10-09 7:38:28,2022-10-09 7:38:28,,1665301108,,0x128C33C1...d89Aa0442,OUT
0xb461c9a3955f0e59cdcaef650fb494c47e060524d98271beb4bc23f10ea7b199,https://bscscan.com/tx/0xb461c9a3955f0e59cdcaef650fb494c47e060524d98271beb4bc23f10ea7b199,Transfer,2022-10-09 7:26:58,2022-10-09 7:26:58,,1665300418,,Binance: Hot Wallet 12,IN
0xbe98342438e80d95480eaf56447200988fbd5c918ee5912071694d5cf5232ad3,https://bscscan.com/tx/0xbe98342438e80d95480eaf56447200988fbd5c918ee5912071694d5cf5232ad3,Transfer,2022-10-09 7:10:19,2022-10-09 7:10:19,,1665299419,,0x128C33C1...d89Aa0442,OUT
0xb37523d048658abff04f7c73aee0e2e37e0ab77cb6f3bf8023ac705cb55e1bbd,https://bscscan.com/tx/0xb37523d048658abff04f7c73aee0e2e37e0ab77cb6f3bf8023ac705cb55e1bbd,Transfer,2022-10-06 22:10:37,2022-10-06 22:10:37,,1665094237,,0x128C33C1...d89Aa0442,OUT
0x84d0f4f892895e7722fc78e1ef6d7c559299187520ac85febd5c3c460f9d1bcf,https://bscscan.com/tx/0x84d0f4f892895e7722fc78e1ef6d7c559299187520ac85febd5c3c460f9d1bcf,Swap,2022-10-06 22:10:07,2022-10-06 22:10:07,,1665094207,,0x128C33C1...d89Aa0442,OUT
0x683df47bfd588b0fd4ddbe453c5717a42671ab6fc6a8197772598f9f5bb4ec4f,https://bscscan.com/tx/0x683df47bfd588b0fd4ddbe453c5717a42671ab6fc6a8197772598f9f5bb4ec4f,Transfer,2022-10-06 22:04:03,2022-10-06 22:04:03,,1665093843,,Binance: Hot Wallet 12,IN
0x59e872fa8b10b7f228f92ddc9783a25c1b9a7d37a84ef738b7c4c16246de1926,https://bscscan.com/tx/0x59e872fa8b10b7f228f92ddc9783a25c1b9a7d37a84ef738b7c4c16246de1926,Transfer,2022-10-06 21:53:24,2022-10-06 21:53:24,,1665093204,,0x128C33C1...d89Aa0442,OUT
0xea96b4c2f05380379e7faede5031f102aa32259ad9d195b966594767942c7001,https://bscscan.com/tx/0xea96b4c2f05380379e7faede5031f102aa32259ad9d195b966594767942c7001,Transfer,2022-10-05 23:29:51,2022-10-05 23:29:51,,1665012591,,0x128C33C1...d89Aa0442,OUT
0xa7269826df2651c4bbe2e9ce45f7245a903d94b65203039e49626754c0976ef8,https://bscscan.com/tx/0xa7269826df2651c4bbe2e9ce45f7245a903d94b65203039e49626754c0976ef8,Swap,2022-10-05 22:55:00,2022-10-05 22:55:00,,1665010500,,0x128C33C1...d89Aa0442,OUT
0x16d646522d9dc95bec26711ac9488bd57f82d1c110b2d51118303ecf7aa2e8ac,https://bscscan.com/tx/0x16d646522d9dc95bec26711ac9488bd57f82d1c110b2d51118303ecf7aa2e8ac,Approve,2022-10-05 22:55:00,2022-10-05 22:55:00,,1665010500,,0x128C33C1...d89Aa0442,OUT
0x1b5cd714bf8567f39722ff03a55977f1bc62b55076d1ba787b4e5720001a82b5,https://bscscan.com/tx/0x1b5cd714bf8567f39722ff03a55977f1bc62b55076d1ba787b4e5720001a82b5,Transfer,2022-10-05 22:51:57,2022-10-05 22:51:57,,1665010317,,0x87C17151...0606a56bf,IN
0xbdb4b6680ff9379f7f27ad4c49621344dbab54c5799892cca2e121dcb184f603,https://bscscan.com/tx/0xbdb4b6680ff9379f7f27ad4c49621344dbab54c5799892cca2e121dcb184f603,Unstake Tokens,2022-10-05 22:19:12,2022-10-05 22:19:12,,1665008352,,0x128C33C1...d89Aa0442,OUT
0xbff4993080c5cba926b5c414cbe05c26e7146615bfa06dfb7843761b4778a08b,https://bscscan.com/tx/0xbff4993080c5cba926b5c414cbe05c26e7146615bfa06dfb7843761b4778a08b,Unlock Tokens,2022-10-05 15:28:25,2022-10-05 15:28:25,,1664983705,,0x128C33C1...d89Aa0442,OUT
0x47f16a63b1128ae81765873bcb84d33b84d39c64da8d266cbdb8fff17c79883d,https://bscscan.com/tx/0x47f16a63b1128ae81765873bcb84d33b84d39c64da8d266cbdb8fff17c79883d,Transfer,2022-10-05 12:07:14,2022-10-05 12:07:14,,1664971634,,0x128C33C1...d89Aa0442,OUT
0xf61a635770f116a8ee5fa05238ac5c4823f6e106746dfe49a5ee1fb831453f58,https://bscscan.com/tx/0xf61a635770f116a8ee5fa05238ac5c4823f6e106746dfe49a5ee1fb831453f58,Redeem,2022-10-05 9:43:28,2022-10-05 9:43:28,,1664963008,,0x128C33C1...d89Aa0442,OUT
0xd7c4fbd945dba51f1bfad54acd19918951bb037f421dc329ecc9c36dcdce901d,https://bscscan.com/tx/0xd7c4fbd945dba51f1bfad54acd19918951bb037f421dc329ecc9c36dcdce901d,Transfer,2022-10-05 9:31:13,2022-10-05 9:31:13,,1664962273,,0x128C33C1...d89Aa0442,OUT
0x53ea119876f92b9bbcf2bde45cd2eb76f3ce5be48faa5427218d0e90300e0f73,https://bscscan.com/tx/0x53ea119876f92b9bbcf2bde45cd2eb76f3ce5be48faa5427218d0e90300e0f73,Swap,2022-10-05 9:20:09,2022-10-05 9:20:09,,1664961609,,0x128C33C1...d89Aa0442,OUT
0xb7cb8f127179c15273489b3872acbc1b01774cfad64ca99a348793e9586d0a02,https://bscscan.com/tx/0xb7cb8f127179c15273489b3872acbc1b01774cfad64ca99a348793e9586d0a02,Transfer,2022-10-05 9:19:06,2022-10-05 9:19:06,,1664961546,,Binance: Hot Wallet 19,IN
0x4ed8e2b7670d7f50268f3640d56357c28b098f6a4db134868965057544e79a79,https://bscscan.com/tx/0x4ed8e2b7670d7f50268f3640d56357c28b098f6a4db134868965057544e79a79,Transfer,2022-10-04 21:26:49,2022-10-04 21:26:49,,1664918809,,0x128C33C1...d89Aa0442,OUT
0x0c6ba248bfa4e115fbacda95e3579bb7dfe879fca28f47ad0a4ebaf8584bc6f4,https://bscscan.com/tx/0x0c6ba248bfa4e115fbacda95e3579bb7dfe879fca28f47ad0a4ebaf8584bc6f4,Transfer,2022-10-04 21:25:06,2022-10-04 21:25:06,,1664918706,,Binance: Hot Wallet 16,IN
0x5f43a3cc71ca8a92cb78a8c6f369035214f12d154419905ef4ffcc77a3c3f1a4,https://bscscan.com/tx/0x5f43a3cc71ca8a92cb78a8c6f369035214f12d154419905ef4ffcc77a3c3f1a4,Transfer,2022-10-03 23:04:51,2022-10-03 23:04:51,,1664838291,,0x128C33C1...d89Aa0442,OUT
0x2a8880f1ffe29cd8e63d3891a3ddfdf5b5fb90e143c50ec23d0e900b462c8307,https://bscscan.com/tx/0x2a8880f1ffe29cd8e63d3891a3ddfdf5b5fb90e143c50ec23d0e900b462c8307,Swap,2022-10-03 23:02:39,2022-10-03 23:02:39,,1664838159,,0x128C33C1...d89Aa0442,OUT
0x60d68a8d2740a9bff3a0e0267e7dd8a463b5f2d10597257c772667298c3cfe79,https://bscscan.com/tx/0x60d68a8d2740a9bff3a0e0267e7dd8a463b5f2d10597257c772667298c3cfe79,Transfer,2022-10-03 23:01:42,2022-10-03 23:01:42,,1664838102,,Binance: Hot Wallet 18,IN
0xf728c29ced41885b28216433f0a3a407df4005cdb4c1316795e1fff56a05ac78,https://bscscan.com/tx/0xf728c29ced41885b28216433f0a3a407df4005cdb4c1316795e1fff56a05ac78,Transfer,2022-10-03 12:41:40,2022-10-03 12:41:40,,1664800900,,0x128C33C1...d89Aa0442,OUT
0x4bbd724ac43878ba2ac4770806beffb32ae5de07feb96ad4688fed3f81143974,https://bscscan.com/tx/0x4bbd724ac43878ba2ac4770806beffb32ae5de07feb96ad4688fed3f81143974,Swap,2022-10-03 12:40:22,2022-10-03 12:40:22,,1664800822,,0x128C33C1...d89Aa0442,OUT
0x82d7a0f49594e918ca567edeec07f77b3dce482c4e226ee2ca2db7515ea6927b,https://bscscan.com/tx/0x82d7a0f49594e918ca567edeec07f77b3dce482c4e226ee2ca2db7515ea6927b,Transfer,2022-10-02 16:21:52,2022-10-02 16:21:52,,1664727712,,0x128C33C1...d89Aa0442,OUT
0x19f0b21097b948c2976273d1975567baef35c475de9c8c60ef82876b484fd084,https://bscscan.com/tx/0x19f0b21097b948c2976273d1975567baef35c475de9c8c60ef82876b484fd084,Swap,2022-10-02 16:20:43,2022-10-02 16:20:43,,1664727643,,0x128C33C1...d89Aa0442,OUT
0xe13764dc574134c08af57dba26649565254e2992ab033f5f0481b22530e028d9,https://bscscan.com/tx/0xe13764dc574134c08af57dba26649565254e2992ab033f5f0481b22530e028d9,Transfer,2022-10-02 2:04:59,2022-10-02 2:04:59,,1664676299,,0x128C33C1...d89Aa0442,OUT
0xa2ec5d9815d231a1958b18d2083d4155c753c4dd9b71db56ebd8767b2e175d23,https://bscscan.com/tx/0xa2ec5d9815d231a1958b18d2083d4155c753c4dd9b71db56ebd8767b2e175d23,Swap,2022-10-02 1:34:26,2022-10-02 1:34:26,,1664674466,,0x128C33C1...d89Aa0442,OUT
0xaef40304c88563beb912d6627fdb59886c156210d5ca0aac0e4920bce95668a4,https://bscscan.com/tx/0xaef40304c88563beb912d6627fdb59886c156210d5ca0aac0e4920bce95668a4,Transfer,2022-10-01 15:31:11,2022-10-01 15:31:11,,1664638271,,0x128C33C1...d89Aa0442,OUT
0xaef653e4272117c962ed99bf10ce5f9000c6929c62e8ee3e661e73e0a79b5e52,https://bscscan.com/tx/0xaef653e4272117c962ed99bf10ce5f9000c6929c62e8ee3e661e73e0a79b5e52,Transfer,2022-10-01 1:54:09,2022-10-01 1:54:09,,1664589249,,Binance: Hot Wallet 10,IN
0x4839ac26d2996b8de5cd6626b08a6b086e8a47e5159419ed5885edf7bbc2c342,https://bscscan.com/tx/0x4839ac26d2996b8de5cd6626b08a6b086e8a47e5159419ed5885edf7bbc2c342,Transfer,2022-09-29 16:12:18,2022-09-29 16:12:18,,1664467938,,0x128C33C1...d89Aa0442,OUT
0x036f24038c14c6e4756e8ac79e2ff10aa292879477eac1f8be1c01e983a07f9c,https://bscscan.com/tx/0x036f24038c14c6e4756e8ac79e2ff10aa292879477eac1f8be1c01e983a07f9c,Swap,2022-09-29 16:11:33,2022-09-29 16:11:33,,1664467893,,0x128C33C1...d89Aa0442,OUT
0xf00dbf7c1ef89e71e9da7854ed30848b1e93e2549839b5043976b97c741ce7cc,https://bscscan.com/tx/0xf00dbf7c1ef89e71e9da7854ed30848b1e93e2549839b5043976b97c741ce7cc,Transfer,2022-09-28 21:26:52,2022-09-28 21:26:52,,1664400412,,0x128C33C1...d89Aa0442,OUT
0x4040c6cb0380a1f5e25a6c16b5497ad2eb15e82e82c28200618af8840a54424a,https://bscscan.com/tx/0x4040c6cb0380a1f5e25a6c16b5497ad2eb15e82e82c28200618af8840a54424a,Swap,2022-09-28 21:23:55,2022-09-28 21:23:55,,1664400235,,0x128C33C1...d89Aa0442,OUT
0xbba47595e63002d298ad2ac5258d788b4e985672ad20ea8cbf1e49538a7c5d76,https://bscscan.com/tx/0xbba47595e63002d298ad2ac5258d788b4e985672ad20ea8cbf1e49538a7c5d76,Transfer,2022-09-28 8:55:41,2022-09-28 8:55:41,,1664355341,,0x128C33C1...d89Aa0442,OUT
0xd417b31d2a7ac2a3de251e3285e85147229fe8f6039169c395996809fd05b3d2,https://bscscan.com/tx/0xd417b31d2a7ac2a3de251e3285e85147229fe8f6039169c395996809fd05b3d2,Swap Exact Token...,2022-09-28 8:54:26,2022-09-28 8:54:26,,1664355266,,0x128C33C1...d89Aa0442,OUT
0x68008de6d642dd0cc444564f312a50da3cd135781dd64f1ced6c235d2d2f4118,https://bscscan.com/tx/0x68008de6d642dd0cc444564f312a50da3cd135781dd64f1ced6c235d2d2f4118,Transfer,2022-09-27 22:03:46,2022-09-27 22:03:46,,1664316226,,0x128C33C1...d89Aa0442,OUT
0xede00c86dd6db6124384072773db6261055439c5688a5a57b32db1f63e34f2e5,https://bscscan.com/tx/0xede00c86dd6db6124384072773db6261055439c5688a5a57b32db1f63e34f2e5,Swap,2022-09-27 22:02:37,2022-09-27 22:02:37,,1664316157,,0x128C33C1...d89Aa0442,OUT
0x2987b5e7794075ba236c5879c917c888a3d7921e2d1bb83ee687f7afd97e2ed5,https://bscscan.com/tx/0x2987b5e7794075ba236c5879c917c888a3d7921e2d1bb83ee687f7afd97e2ed5,Transfer,2022-09-27 21:48:28,2022-09-27 21:48:28,,1664315308,,0x128C33C1...d89Aa0442,OUT
0x63971155c19269fd928301d73289573d51fcaa3e90db9713b4bd04f727d60726,https://bscscan.com/tx/0x63971155c19269fd928301d73289573d51fcaa3e90db9713b4bd04f727d60726,Stake Tokens,2022-09-27 3:37:02,2022-09-27 3:37:02,,1664249822,,0x128C33C1...d89Aa0442,OUT
0x1c17e99ac73a382eb1bb0c3ea9ee5805d52af3c904554ac1ad5cbea2af5b46dd,https://bscscan.com/tx/0x1c17e99ac73a382eb1bb0c3ea9ee5805d52af3c904554ac1ad5cbea2af5b46dd,Lock Tokens,2022-09-27 3:36:23,2022-09-27 3:36:23,,1664249783,,0x128C33C1...d89Aa0442,OUT
0xca0acabb785730cda959721c928771bd79ea0eb2882e18092363e687fb0f3c86,https://bscscan.com/tx/0xca0acabb785730cda959721c928771bd79ea0eb2882e18092363e687fb0f3c86,Lock Tokens,2022-09-27 2:59:52,2022-09-27 2:59:52,,1664247592,,0x128C33C1...d89Aa0442,OUT
0x5c2624a4ab9caf131764d54622d731b4eaf550b5063f0f5176fd91aa4c075e2a,https://bscscan.com/tx/0x5c2624a4ab9caf131764d54622d731b4eaf550b5063f0f5176fd91aa4c075e2a,Collect Tokens,2022-09-27 2:56:01,2022-09-27 2:56:01,,1664247361,,0x128C33C1...d89Aa0442,OUT
0x4e174dcdf3853c7db4b3e1146e236e6768abe8b69f4be57fb73078db6ee2020d,https://bscscan.com/tx/0x4e174dcdf3853c7db4b3e1146e236e6768abe8b69f4be57fb73078db6ee2020d,0x960cbd41,2022-09-26 23:09:15,2022-09-26 23:09:15,,1664233755,,0x128C33C1...d89Aa0442,OUT
0x232a718de1b4e4799a042df8892b710e4265f741ea6f960cbb0bf028c24b12eb,https://bscscan.com/tx/0x232a718de1b4e4799a042df8892b710e4265f741ea6f960cbb0bf028c24b12eb,Transfer,2022-09-26 15:35:07,2022-09-26 15:35:07,,1664206507,,0x128C33C1...d89Aa0442,OUT
0x71110665ddf541669a8bc2ff17c84d5d8ba63105c8b086f71dc331b16b158ab2,https://bscscan.com/tx/0x71110665ddf541669a8bc2ff17c84d5d8ba63105c8b086f71dc331b16b158ab2,Approve,2022-09-21 13:01:35,2022-09-21 13:01:35,,1663765295,,0x128C33C1...d89Aa0442,OUT
0x6545d4fdde4f00da43b611d2ace70c691113dfeeba822f15be16aaa560fd21d6,https://bscscan.com/tx/0x6545d4fdde4f00da43b611d2ace70c691113dfeeba822f15be16aaa560fd21d6,Approve,2022-09-21 12:48:14,2022-09-21 12:48:14,,1663764494,,0x128C33C1...d89Aa0442,OUT
0x0fec3a190226f315b3f530d278fd11d429b9c54dd48d6f446a5841ac7d0a1366,https://bscscan.com/tx/0x0fec3a190226f315b3f530d278fd11d429b9c54dd48d6f446a5841ac7d0a1366,Approve,2022-09-21 12:48:02,2022-09-21 12:48:02,,1663764482,,0x128C33C1...d89Aa0442,OUT
0x1db59b9f4a5032e78d69a19b9713389f6690c068bb51ec3b8ec76ec197ef0b45,https://bscscan.com/tx/0x1db59b9f4a5032e78d69a19b9713389f6690c068bb51ec3b8ec76ec197ef0b45,Withdraw,2022-09-20 23:17:57,2022-09-20 23:17:57,,1663715877,,0x128C33C1...d89Aa0442,OUT
0x95fd5f7ccc14a4913b749201b36db3d86b7785c5f0475648218b39f850478bf2,https://bscscan.com/tx/0x95fd5f7ccc14a4913b749201b36db3d86b7785c5f0475648218b39f850478bf2,Remove_liquidity...,2022-09-20 23:15:37,2022-09-20 23:15:37,,1663715737,,0x128C33C1...d89Aa0442,OUT
0x28447230843800fdf37417916bcdd2846a130cec5dbcc85796ca71878fb217db,https://bscscan.com/tx/0x28447230843800fdf37417916bcdd2846a130cec5dbcc85796ca71878fb217db,Approve,2022-09-20 23:15:04,2022-09-20 23:15:04,,1663715704,,0x128C33C1...d89Aa0442,OUT
0x93196e207372a6bf5cc0b5cf825c205648b796d8eb8fe81d2a903762ceb419a4,https://bscscan.com/tx/0x93196e207372a6bf5cc0b5cf825c205648b796d8eb8fe81d2a903762ceb419a4,Withdraw All,2022-09-20 23:14:07,2022-09-20 23:14:07,,1663715647,,0x128C33C1...d89Aa0442,OUT
0x6d4a503e0c2881e525ce39a0b35d51536345ca06fa421651ecd60e2e09765cf6,https://bscscan.com/tx/0x6d4a503e0c2881e525ce39a0b35d51536345ca06fa421651ecd60e2e09765cf6,Swap Exact Token...,2022-09-20 23:13:34,2022-09-20 23:13:34,,1663715614,,0x128C33C1...d89Aa0442,OUT
0xb283593542a3125450e86857869516497857293d20a1b7551b4e044596893aa3,https://bscscan.com/tx/0xb283593542a3125450e86857869516497857293d20a1b7551b4e044596893aa3,Approve,2022-09-20 23:13:19,2022-09-20 23:13:19,,1663715599,,0x128C33C1...d89Aa0442,OUT
0xb4e1d05ff431dff6acd393accdc98abaa9ef0447ce0eaab36a5a6ff5d644b47e,https://bscscan.com/tx/0xb4e1d05ff431dff6acd393accdc98abaa9ef0447ce0eaab36a5a6ff5d644b47e,Swap Exact Token...,2022-09-20 23:12:28,2022-09-20 23:12:28,,1663715548,,0x128C33C1...d89Aa0442,OUT
0xc3c59af8c7ada114c73945845c01f335ac082ae82e118e488ff006691c6fde66,https://bscscan.com/tx/0xc3c59af8c7ada114c73945845c01f335ac082ae82e118e488ff006691c6fde66,Approve,2022-09-20 23:12:10,2022-09-20 23:12:10,,1663715530,,0x128C33C1...d89Aa0442,OUT
0x15e46d58a33a4752ad38acf9ef6847dc3be046b2a8dd018f031cf6ccd72ba54e,https://bscscan.com/tx/0x15e46d58a33a4752ad38acf9ef6847dc3be046b2a8dd018f031cf6ccd72ba54e,Remove Liquidity...,2022-09-20 23:11:31,2022-09-20 23:11:31,,1663715491,,0x128C33C1...d89Aa0442,OUT
0xde3d92353f5ef1d5c59984679593467101efeacfce98d09bfcf9b179c95e60e2,https://bscscan.com/tx/0xde3d92353f5ef1d5c59984679593467101efeacfce98d09bfcf9b179c95e60e2,Withdraw All,2022-09-20 23:10:49,2022-09-20 23:10:49,,1663715449,,0x128C33C1...d89Aa0442,OUT
0x8e9b168aa1af24a0d591f730c8bb0ce0305c9db2e43bf6fd1d48c4722877ece2,https://bscscan.com/tx/0x8e9b168aa1af24a0d591f730c8bb0ce0305c9db2e43bf6fd1d48c4722877ece2,Remove Liquidity,2022-09-20 23:09:49,2022-09-20 23:09:49,,1663715389,,0x128C33C1...d89Aa0442,OUT
0x6fffb020bb51b12468071bf8856c2286330cc7a5f792c8a7c5300c6c657b5c5c,https://bscscan.com/tx/0x6fffb020bb51b12468071bf8856c2286330cc7a5f792c8a7c5300c6c657b5c5c,Approve,2022-09-20 23:09:25,2022-09-20 23:09:25,,1663715365,,0x128C33C1...d89Aa0442,OUT
0x020e7fa33e6c52e3e8d3d05be626383286ac26862fed0c983249e0f4c75365d4,https://bscscan.com/tx/0x020e7fa33e6c52e3e8d3d05be626383286ac26862fed0c983249e0f4c75365d4,Withdraw All,2022-09-20 23:07:22,2022-09-20 23:07:22,,1663715242,,0x128C33C1...d89Aa0442,OUT
0x868d885f1668615ceb271b7bc1bef0596828eb3141dd3c1ea1400ba451eb1b49,https://bscscan.com/tx/0x868d885f1668615ceb271b7bc1bef0596828eb3141dd3c1ea1400ba451eb1b49,Sell Power,2022-09-20 22:57:52,2022-09-20 22:57:52,,1663714672,,0x128C33C1...d89Aa0442,OUT
0xda948a39108fbf99d354e3e3737435b1ab6e9b20fadb9cb475fae7663402faef,https://bscscan.com/tx/0xda948a39108fbf99d354e3e3737435b1ab6e9b20fadb9cb475fae7663402faef,0x84d1d133,2022-09-20 20:42:21,2022-09-20 20:42:21,,1663706541,,0x128C33C1...d89Aa0442,OUT
0x818340e65cca877e86482f4763e8de2e4c89c4578547d1d8606c893dc8fa4e76,https://bscscan.com/tx/0x818340e65cca877e86482f4763e8de2e4c89c4578547d1d8606c893dc8fa4e76,Transfer,2022-09-20 20:19:15,2022-09-20 20:19:15,,1663705155,,Binance: Hot Wallet 12,IN
0xefecd4ea9620a88e8bde132c0315e4262afde1770a8fc3c8d75b0d2048dddd36,https://bscscan.com/tx/0xefecd4ea9620a88e8bde132c0315e4262afde1770a8fc3c8d75b0d2048dddd36,Swap,2022-09-15 10:27:32,2022-09-15 10:27:32,,1663237652,,0x128C33C1...d89Aa0442,OUT
0xc1da9b39a43561b5a6a4bc04fa5365bae9b9cebcf2fb9adcff0baa24d22b8e80,https://bscscan.com/tx/0xc1da9b39a43561b5a6a4bc04fa5365bae9b9cebcf2fb9adcff0baa24d22b8e80,Transfer,2022-09-15 10:25:59,2022-09-15 10:25:59,,1663237559,,Binance: Hot Wallet 16,IN
0xb91b5a5a70e3b246180d99f991f895730cc4c7512d5209261748a2b6fc8b07e8,https://bscscan.com/tx/0xb91b5a5a70e3b246180d99f991f895730cc4c7512d5209261748a2b6fc8b07e8,Swap,2022-09-14 3:46:35,2022-09-14 3:46:35,,1663127195,,0x128C33C1...d89Aa0442,OUT
0x646230a2f69c37a2d4fa3199374a5ed8f47ad3263aca815ada110cabbe6b3a2d,https://bscscan.com/tx/0x646230a2f69c37a2d4fa3199374a5ed8f47ad3263aca815ada110cabbe6b3a2d,Swap,2022-09-11 22:05:55,2022-09-11 22:05:55,,1662933955,,0x128C33C1...d89Aa0442,OUT
0xf5607d0eb6682046adaa038277e809e3dfb5bb5b7010b73aadaa77fbb7b7c025,https://bscscan.com/tx/0xf5607d0eb6682046adaa038277e809e3dfb5bb5b7010b73aadaa77fbb7b7c025,Swap,2022-09-11 13:33:10,2022-09-11 13:33:10,,1662903190,,0x128C33C1...d89Aa0442,OUT
0xe4385e3e15c8b7d02fdcc7d138c5d684bd940b58d73ec8957282c67a70dc3182,https://bscscan.com/tx/0xe4385e3e15c8b7d02fdcc7d138c5d684bd940b58d73ec8957282c67a70dc3182,Swap,2022-09-11 7:59:46,2022-09-11 7:59:46,,1662883186,,0x128C33C1...d89Aa0442,OUT
0xb648240f9b2d85b84c046d1c742b818d5b7995607a91bed01efba5220cd0a7fe,https://bscscan.com/tx/0xb648240f9b2d85b84c046d1c742b818d5b7995607a91bed01efba5220cd0a7fe,Transfer,2022-09-11 7:34:58,2022-09-11 7:34:58,,1662881698,,Binance: Hot Wallet 18,IN
0x8411a4deae404f15376a94a4cbbd703c79271f7db6e6112fa2a04cf4c4f047ab,https://bscscan.com/tx/0x8411a4deae404f15376a94a4cbbd703c79271f7db6e6112fa2a04cf4c4f047ab,Swap,2022-09-10 13:49:49,2022-09-10 13:49:49,,1662817789,,0x128C33C1...d89Aa0442,OUT
0x82448390bef074e7a03af0e9f31f68912aa12eac43054f44f275f2ca41bc8743,https://bscscan.com/tx/0x82448390bef074e7a03af0e9f31f68912aa12eac43054f44f275f2ca41bc8743,Transfer,2022-09-10 13:42:58,2022-09-10 13:42:58,,1662817378,,Binance: Hot Wallet 17,IN
0x9de89711f29da373e84dd534c64fc807ade12f4e908f3c45ee954f69e98efb7b,https://bscscan.com/tx/0x9de89711f29da373e84dd534c64fc807ade12f4e908f3c45ee954f69e98efb7b,Lock Tokens,2022-09-10 7:37:24,2022-09-10 7:37:24,,1662795444,,0x128C33C1...d89Aa0442,OUT
0xc963b164c837fc22a594cf712b6ddf362376c791022a90750caaaf798b997047,https://bscscan.com/tx/0xc963b164c837fc22a594cf712b6ddf362376c791022a90750caaaf798b997047,Stake Tokens,2022-09-10 7:36:15,2022-09-10 7:36:15,,1662795375,,0x128C33C1...d89Aa0442,OUT
0x3df3e8a753157719f712b10fd864429abe08c482e30171a5150d3766e249a787,https://bscscan.com/tx/0x3df3e8a753157719f712b10fd864429abe08c482e30171a5150d3766e249a787,Approve,2022-09-10 7:35:57,2022-09-10 7:35:57,,1662795357,,0x128C33C1...d89Aa0442,OUT
0x5a11a0b147aa9ad57fbb296f6a42338f891e4d66b7837b78e476603856de3d2d,https://bscscan.com/tx/0x5a11a0b147aa9ad57fbb296f6a42338f891e4d66b7837b78e476603856de3d2d,0x84d1d133,2022-09-10 7:35:18,2022-09-10 7:35:18,,1662795318,,0x128C33C1...d89Aa0442,OUT
0x412b542f7c233f343fdac59eee905118910fac877d6f58a92fa0f182d040fd3b,https://bscscan.com/tx/0x412b542f7c233f343fdac59eee905118910fac877d6f58a92fa0f182d040fd3b,Swap,2022-09-10 7:30:00,2022-09-10 7:30:00,,1662795000,,0x128C33C1...d89Aa0442,OUT
0xaf23035ef59551e7a419241b11733808870ec844cc87936a820b5d114d7b59d9,https://bscscan.com/tx/0xaf23035ef59551e7a419241b11733808870ec844cc87936a820b5d114d7b59d9,Swap,2022-09-08 0:36:01,2022-09-08 0:36:01,,1662597361,,0x128C33C1...d89Aa0442,OUT
0x68a69933027b598a8ac0210262fd39accb9014efda33ef7742e6ff73c4623f8b,https://bscscan.com/tx/0x68a69933027b598a8ac0210262fd39accb9014efda33ef7742e6ff73c4623f8b,Swap,2022-09-07 1:19:31,2022-09-07 1:19:31,,1662513571,,0x128C33C1...d89Aa0442,OUT
0xd5cdba6f76e52817372f2fb4f965f31b4a61958dd2f9162b07beb332ed5fc6e8,https://bscscan.com/tx/0xd5cdba6f76e52817372f2fb4f965f31b4a61958dd2f9162b07beb332ed5fc6e8,Transfer,2022-09-07 1:02:47,2022-09-07 1:02:47,,1662512567,,Binance 51,IN
0x00a272c2a94fff16994431b823181fc20fce1f1b3ab4501e255749da2f7ab427,https://bscscan.com/tx/0x00a272c2a94fff16994431b823181fc20fce1f1b3ab4501e255749da2f7ab427,Transfer,2022-09-07 0:42:02,2022-09-07 0:42:02,,1662511322,,0x128C33C1...d89Aa0442,OUT
0x0e90fbb33d123af488c9726b8dddb8070698db029ba6279bda4070bf1b841043,https://bscscan.com/tx/0x0e90fbb33d123af488c9726b8dddb8070698db029ba6279bda4070bf1b841043,Transfer,2022-09-07 0:38:44,2022-09-07 0:38:44,,1662511124,,Binance: Hot Wallet 13,IN
0x154c0cb655decf4251d3769da0565cd55915117b3e02586a0d91b9f5d895c05e,https://bscscan.com/tx/0x154c0cb655decf4251d3769da0565cd55915117b3e02586a0d91b9f5d895c05e,Deposit All,2022-09-06 1:19:01,2022-09-06 1:19:01,,1662427141,,0x128C33C1...d89Aa0442,OUT
0xe3d1fe5c2a3601cc454b1d7a0a6b8448f3d76b3e933adb3e03c594c276789804,https://bscscan.com/tx/0xe3d1fe5c2a3601cc454b1d7a0a6b8448f3d76b3e933adb3e03c594c276789804,Approve,2022-09-06 1:18:46,2022-09-06 1:18:46,,1662427126,,0x128C33C1...d89Aa0442,OUT
0xf42bd49b98d7d0e42a18302198bf286749e9ec372ade64fb60f7079733e26f46,https://bscscan.com/tx/0xf42bd49b98d7d0e42a18302198bf286749e9ec372ade64fb60f7079733e26f46,Add_liquidity,2022-09-06 1:17:49,2022-09-06 1:17:49,,1662427069,,0x128C33C1...d89Aa0442,OUT
0xdf1aa118d7c0297915db4706b7b8d5bd415663b8f039cedf95166f46f0632dff,https://bscscan.com/tx/0xdf1aa118d7c0297915db4706b7b8d5bd415663b8f039cedf95166f46f0632dff,Approve,2022-09-06 1:17:25,2022-09-06 1:17:25,,1662427045,,0x128C33C1...d89Aa0442,OUT
0x32728d2cf17ecc352d402b002f15b9c5115db6a340b5ce9ffa0f6a1f2520df24,https://bscscan.com/tx/0x32728d2cf17ecc352d402b002f15b9c5115db6a340b5ce9ffa0f6a1f2520df24,Exchange,2022-09-06 1:12:34,2022-09-06 1:12:34,,1662426754,,0x128C33C1...d89Aa0442,OUT
0xec0bd8a3163b4462637fe9b763f60dc7a14f2dcd66c7083f2b9c8cf7e3e28836,https://bscscan.com/tx/0xec0bd8a3163b4462637fe9b763f60dc7a14f2dcd66c7083f2b9c8cf7e3e28836,Approve,2022-09-06 1:10:25,2022-09-06 1:10:25,,1662426625,,0x128C33C1...d89Aa0442,OUT
0x5bd99a03a66e71bbf0235d3730530b951e8501e8643edf6cc7b2bac27954228f,https://bscscan.com/tx/0x5bd99a03a66e71bbf0235d3730530b951e8501e8643edf6cc7b2bac27954228f,Beef In,2022-09-06 1:09:46,2022-09-06 1:09:46,,1662426586,,0x128C33C1...d89Aa0442,OUT
0x3f9bf8d0e6cdd21c650ccd908f29b9a8faccb99146b4a5c36d8c1003522a2e34,https://bscscan.com/tx/0x3f9bf8d0e6cdd21c650ccd908f29b9a8faccb99146b4a5c36d8c1003522a2e34,Approve,2022-09-06 1:09:22,2022-09-06 1:09:22,,1662426562,,0x128C33C1...d89Aa0442,OUT
0xf288071580faee32a9bbe2b1b608218301f3143b55630234ac90a557e0fbb81e,https://bscscan.com/tx/0xf288071580faee32a9bbe2b1b608218301f3143b55630234ac90a557e0fbb81e,Swap Exact MATIC...,2022-09-06 1:08:55,2022-09-06 1:08:55,,1662426535,,0x128C33C1...d89Aa0442,OUT
0x68646f7b0cd4bd0ef22804421eb0f46a3ed6bda6833f1ff86a19ccec4a75de07,https://bscscan.com/tx/0x68646f7b0cd4bd0ef22804421eb0f46a3ed6bda6833f1ff86a19ccec4a75de07,Beef In,2022-09-06 1:03:52,2022-09-06 1:03:52,,1662426232,,0x128C33C1...d89Aa0442,OUT
0x832eb0f468d5b22703361dc5fd53c398fd91d387fe64147a1b723a24e660cb3a,https://bscscan.com/tx/0x832eb0f468d5b22703361dc5fd53c398fd91d387fe64147a1b723a24e660cb3a,Approve,2022-09-06 1:03:40,2022-09-06 1:03:40,,1662426220,,0x128C33C1...d89Aa0442,OUT
0xef07e3271c61a5ef5ba1873caf0962e1bcd463cde93878b2b23c6de8ff0166c7,https://bscscan.com/tx/0xef07e3271c61a5ef5ba1873caf0962e1bcd463cde93878b2b23c6de8ff0166c7,Swap Exact ETH F...,2022-09-06 1:02:19,2022-09-06 1:02:19,,1662426139,,0x128C33C1...d89Aa0442,OUT
0x02495f33782df0f738cbd3a03f8b1adcf5dfa39640ebe5672801f3bf692b3230,https://bscscan.com/tx/0x02495f33782df0f738cbd3a03f8b1adcf5dfa39640ebe5672801f3bf692b3230,Transfer,2022-09-06 0:56:52,2022-09-06 0:56:52,,1662425812,,0x128C33C1...d89Aa0442,OUT
0xecd4dd41d84684093c524e000d58193a2a7276f4452c622b773603666dfbf7a0,https://bscscan.com/tx/0xecd4dd41d84684093c524e000d58193a2a7276f4452c622b773603666dfbf7a0,Transfer,2022-09-06 0:49:49,2022-09-06 0:49:49,,1662425389,,0x128C33C1...d89Aa0442,OUT
0x5b9d558c69ad0ab8c45cb4cbcf67ff15d8f37174e9ea0e85dbc2e10a7ea5dab5,https://bscscan.com/tx/0x5b9d558c69ad0ab8c45cb4cbcf67ff15d8f37174e9ea0e85dbc2e10a7ea5dab5,Sell Power,2022-09-06 0:48:37,2022-09-06 0:48:37,,1662425317,,0x128C33C1...d89Aa0442,OUT
0xaba1514f7339a3d77e47642caff92a265c770b31c7aa8c95ca322c8d0954c026,https://bscscan.com/tx/0xaba1514f7339a3d77e47642caff92a265c770b31c7aa8c95ca322c8d0954c026,Swap,2022-09-06 0:41:37,2022-09-06 0:41:37,,1662424897,,0x128C33C1...d89Aa0442,OUT
0x7a2a8bd17d939552c484ef94f69a518e567b06392a75a9bb43f38f5892e78443,https://bscscan.com/tx/0x7a2a8bd17d939552c484ef94f69a518e567b06392a75a9bb43f38f5892e78443,Transfer,2022-09-06 0:34:40,2022-09-06 0:34:40,,1662424480,,0x128C33C1...d89Aa0442,OUT
0x572a93a9ae1b76f5036c9061920b98e85fd479b782a613c94448f0ee6abc34d3,https://bscscan.com/tx/0x572a93a9ae1b76f5036c9061920b98e85fd479b782a613c94448f0ee6abc34d3,Transfer,2022-09-05 21:36:00,2022-09-05 21:36:00,,1662413760,,Binance: Hot Wallet 13,IN
0xde2747905f833b84d82f5c438e5f834fadae0f46879678833d3ac78bf6257fbd,https://bscscan.com/tx/0xde2747905f833b84d82f5c438e5f834fadae0f46879678833d3ac78bf6257fbd,Transfer,2022-09-05 5:11:26,2022-09-05 5:11:26,,1662354686,,0x128C33C1...d89Aa0442,OUT
0x86c4ccc2ec82c4691745e1c943a592d7de25b81b948b6e08f78abee403983f6b,https://bscscan.com/tx/0x86c4ccc2ec82c4691745e1c943a592d7de25b81b948b6e08f78abee403983f6b,Transfer,2022-09-05 5:08:53,2022-09-05 5:08:53,,1662354533,,0x128C33C1...d89Aa0442,OUT
0x2889d4bd9f0b787bff00d0c9eca58c3b76ec76d785259fafc48ac04b3eb4db8b,https://bscscan.com/tx/0x2889d4bd9f0b787bff00d0c9eca58c3b76ec76d785259fafc48ac04b3eb4db8b,Approve,2022-09-05 1:45:35,2022-09-05 1:45:35,,1662342335,,0x128C33C1...d89Aa0442,OUT
0x4e0d382e3c572a42d48c9f35d54af4f9186c63604f82cb61701b2ae77a6a4d05,https://bscscan.com/tx/0x4e0d382e3c572a42d48c9f35d54af4f9186c63604f82cb61701b2ae77a6a4d05,Mint Lite Node,2022-09-05 1:20:38,2022-09-05 1:20:38,,1662340838,,0x128C33C1...d89Aa0442,OUT
0x6b5118e38ec78143cd23eefeaeaec221b6ffec8e23b82fad29aba9eb1cc3c622,https://bscscan.com/tx/0x6b5118e38ec78143cd23eefeaeaec221b6ffec8e23b82fad29aba9eb1cc3c622,Approve,2022-09-05 1:20:14,2022-09-05 1:20:14,,1662340814,,0x128C33C1...d89Aa0442,OUT
0xa27efdd8937f571178bc1e310654277c62e94ee1eb8298782df862e4eb98dca4,https://bscscan.com/tx/0xa27efdd8937f571178bc1e310654277c62e94ee1eb8298782df862e4eb98dca4,Swap,2022-09-04 23:05:59,2022-09-04 23:05:59,,1662332759,,0x128C33C1...d89Aa0442,OUT
0x7b0c5b520b839b5322728134908d0e195765d8542026fc1dddbd9cd98993fe05,https://bscscan.com/tx/0x7b0c5b520b839b5322728134908d0e195765d8542026fc1dddbd9cd98993fe05,Transfer,2022-09-04 18:54:56,2022-09-04 18:54:56,,1662317696,,Binance: Hot Wallet 17,IN
0x300b3e4cdd0282012f9592e2a65888ce1ba1f2dbd66940a5b0eb4f314ad1b108,https://bscscan.com/tx/0x300b3e4cdd0282012f9592e2a65888ce1ba1f2dbd66940a5b0eb4f314ad1b108,Transfer,2022-09-04 2:21:58,2022-09-04 2:21:58,,1662258118,,0x128C33C1...d89Aa0442,OUT
0xa6d3586387892e75382c89468e09d2eb05857fc26fa7b0b1175b02592e691815,https://bscscan.com/tx/0xa6d3586387892e75382c89468e09d2eb05857fc26fa7b0b1175b02592e691815,Swap,2022-09-04 2:21:28,2022-09-04 2:21:28,,1662258088,,0x128C33C1...d89Aa0442,OUT
0x7bda7f9e0a93d2d868daa50ddb4a62d71b2b3bc7433c450de640e3808fcca0b3,https://bscscan.com/tx/0x7bda7f9e0a93d2d868daa50ddb4a62d71b2b3bc7433c450de640e3808fcca0b3,Transfer,2022-09-04 2:17:46,2022-09-04 2:17:46,,1662257866,,0x128C33C1...d89Aa0442,OUT
0x608b954c47faf005f0c133203dd6e0f501fd1b0db018afb86c5056070133caad,https://bscscan.com/tx/0x608b954c47faf005f0c133203dd6e0f501fd1b0db018afb86c5056070133caad,Swap,2022-09-04 2:17:04,2022-09-04 2:17:04,,1662257824,,0x128C33C1...d89Aa0442,OUT
0xa09f2d94f2cfce2f5d8cb542b48c72c72ca718c8a51d2e39092bf9fcee55040e,https://bscscan.com/tx/0xa09f2d94f2cfce2f5d8cb542b48c72c72ca718c8a51d2e39092bf9fcee55040e,Swap,2022-09-01 20:49:45,2022-09-01 20:49:45,,1662065385,,0x128C33C1...d89Aa0442,OUT
0xeeb74a5f12cf2edddf8311fc69d4457ce88a469d6a7ecfb6d4180779f55e77cd,https://bscscan.com/tx/0xeeb74a5f12cf2edddf8311fc69d4457ce88a469d6a7ecfb6d4180779f55e77cd,Swap,2022-09-01 20:36:45,2022-09-01 20:36:45,,1662064605,,0x128C33C1...d89Aa0442,OUT
0x7dbfc25139f65907cf41f34c39d25c62f63e30ec9c6cef5cbac2e189ddecf07b,https://bscscan.com/tx/0x7dbfc25139f65907cf41f34c39d25c62f63e30ec9c6cef5cbac2e189ddecf07b,Swap,2022-09-01 20:35:12,2022-09-01 20:35:12,,1662064512,,0x128C33C1...d89Aa0442,OUT
0x08fe9dcadb4a133a16f32ab0660f64242d77f5222f0ab131ffcb17f21eeb4378,https://bscscan.com/tx/0x08fe9dcadb4a133a16f32ab0660f64242d77f5222f0ab131ffcb17f21eeb4378,Swap,2022-09-01 20:33:24,2022-09-01 20:33:24,,1662064404,,0x128C33C1...d89Aa0442,OUT
0x9a074b257303d7630f85b65d9001503f03dcfb6832f6203cf4275d5e577228cc,https://bscscan.com/tx/0x9a074b257303d7630f85b65d9001503f03dcfb6832f6203cf4275d5e577228cc,Transfer,2022-09-01 20:30:36,2022-09-01 20:30:36,,1662064236,,Binance: Hot Wallet 17,IN
0x767a10cdc992d5562de2877f179b6cd6835526e6671d29a3b456ff097a3be675,https://bscscan.com/tx/0x767a10cdc992d5562de2877f179b6cd6835526e6671d29a3b456ff097a3be675,Swap,2022-09-01 15:24:29,2022-09-01 15:24:29,,1662045869,,0x128C33C1...d89Aa0442,OUT
0xa2e03c2a0cf43ec9c13de454c443db6762b42614e0fe4f6f753761c6bf4d3512,https://bscscan.com/tx/0xa2e03c2a0cf43ec9c13de454c443db6762b42614e0fe4f6f753761c6bf4d3512,Transfer,2022-09-01 15:14:32,2022-09-01 15:14:32,,1662045272,,Binance: Hot Wallet 10,IN
0x5cb314f3a8465c12c90112d3a528b416bc393ef6e70fb2f75e3de0d7cb7820ba,https://bscscan.com/tx/0x5cb314f3a8465c12c90112d3a528b416bc393ef6e70fb2f75e3de0d7cb7820ba,Transfer,2022-09-01 3:47:37,2022-09-01 3:47:37,,1662004057,,0x128C33C1...d89Aa0442,OUT
0xf9c20275daad20653c37c244f89f3c30c0827a2b00f70347e62f6ba8c50a14f7,https://bscscan.com/tx/0xf9c20275daad20653c37c244f89f3c30c0827a2b00f70347e62f6ba8c50a14f7,Swap,2022-09-01 3:46:34,2022-09-01 3:46:34,,1662003994,,0x128C33C1...d89Aa0442,OUT
0x6e8981429a271da2cc756285f76b68d24614b8478cb122573eccca396bca66e6,https://bscscan.com/tx/0x6e8981429a271da2cc756285f76b68d24614b8478cb122573eccca396bca66e6,Transfer,2022-08-31 14:33:22,2022-08-31 14:33:22,,1661956402,,0x128C33C1...d89Aa0442,OUT
0x276d713511431bd1426e09f7652f76ae766774b3dd99e5376bce4ed16ed6c027,https://bscscan.com/tx/0x276d713511431bd1426e09f7652f76ae766774b3dd99e5376bce4ed16ed6c027,Swap,2022-08-31 14:31:01,2022-08-31 14:31:01,,1661956261,,0x128C33C1...d89Aa0442,OUT
0x55a05fdf2ea5625d1823a456130ae02eeece7caee1185c8c09a90629734cbc99,https://bscscan.com/tx/0x55a05fdf2ea5625d1823a456130ae02eeece7caee1185c8c09a90629734cbc99,Transfer,2022-08-31 14:27:30,2022-08-31 14:27:30,,1661956050,,Binance: Withdrawals 2,IN
0x5c2a2ca037536fb4f87684161b2c819ba853277540019951729a99e598daa453,https://bscscan.com/tx/0x5c2a2ca037536fb4f87684161b2c819ba853277540019951729a99e598daa453,Transfer,2022-08-30 20:34:12,2022-08-30 20:34:12,,1661891652,,0x128C33C1...d89Aa0442,OUT
0x344d00844c12fb8c957bd39331bc3e5695a3e8c4ebbcaeebad4e2fa50fd1e325,https://bscscan.com/tx/0x344d00844c12fb8c957bd39331bc3e5695a3e8c4ebbcaeebad4e2fa50fd1e325,Swap,2022-08-30 20:33:27,2022-08-30 20:33:27,,1661891607,,0x128C33C1...d89Aa0442,OUT
0xdb659a497921eba60695d9bfc2b1843bca083458ea13b05befc81c24b01b8078,https://bscscan.com/tx/0xdb659a497921eba60695d9bfc2b1843bca083458ea13b05befc81c24b01b8078,Transfer,2022-08-30 16:14:33,2022-08-30 16:14:33,,1661876073,,Binance: Hot Wallet 13,IN
0xf80f5df31fed96a99f49f0620353a70fd0558f2bcecd60dd143f9232988354fb,https://bscscan.com/tx/0xf80f5df31fed96a99f49f0620353a70fd0558f2bcecd60dd143f9232988354fb,Approve,2022-08-30 15:28:17,2022-08-30 15:28:17,,1661873297,,0x128C33C1...d89Aa0442,OUT
0xc4cae51beb9c50f97d86926f7272a60e4c4c10d7feaa21f1bb806522d75ff800,https://bscscan.com/tx/0xc4cae51beb9c50f97d86926f7272a60e4c4c10d7feaa21f1bb806522d75ff800,Transfer,2022-08-30 15:11:44,2022-08-30 15:11:44,,1661872304,,0xE42BE986...70D329C86,IN
0xfee58b79b0ef819c53df1bd67327054ab34dda602beabd6c073a49f0e00b0849,https://bscscan.com/tx/0xfee58b79b0ef819c53df1bd67327054ab34dda602beabd6c073a49f0e00b0849,Transfer,2022-08-30 1:55:24,2022-08-30 1:55:24,,1661824524,,0x128C33C1...d89Aa0442,OUT
0x0f7db2f60bd0ee42a32400d3ca8185443083e33674714226a1f112385c79078f,https://bscscan.com/tx/0x0f7db2f60bd0ee42a32400d3ca8185443083e33674714226a1f112385c79078f,Swap,2022-08-30 1:40:42,2022-08-30 1:40:42,,1661823642,,0x128C33C1...d89Aa0442,OUT
0x534945adb2546b620b043e7f860d8a4b35fecd9576dda7b9aeb5cbdaabf145da,https://bscscan.com/tx/0x534945adb2546b620b043e7f860d8a4b35fecd9576dda7b9aeb5cbdaabf145da,Transfer,2022-08-30 1:38:00,2022-08-30 1:38:00,,1661823480,,Binance: Hot Wallet 16,IN
0x51c41d066e88820e9efc0a4440b3d32faefaaa51542fe15552abd2b7aa1cc7a8,https://bscscan.com/tx/0x51c41d066e88820e9efc0a4440b3d32faefaaa51542fe15552abd2b7aa1cc7a8,Transfer,2022-08-29 20:53:12,2022-08-29 20:53:12,,1661806392,,0x128C33C1...d89Aa0442,OUT
0x812731f321dd1dbabb1836780eed70815236bcf497d205c92dc67b41e834f70c,https://bscscan.com/tx/0x812731f321dd1dbabb1836780eed70815236bcf497d205c92dc67b41e834f70c,Transfer,2022-08-29 20:36:36,2022-08-29 20:36:36,,1661805396,,0x128C33C1...d89Aa0442,OUT
0xe3e2df6ca54df227b9db9bd13a5e23307d8f89f04b9e80acd235a92a309d3ddf,https://bscscan.com/tx/0xe3e2df6ca54df227b9db9bd13a5e23307d8f89f04b9e80acd235a92a309d3ddf,Swap,2022-08-29 20:34:45,2022-08-29 20:34:45,,1661805285,,0x128C33C1...d89Aa0442,OUT
0xa1d6e0af202f27811a3686d9329126309f222f374502edcaec7b7c56d000d9bd,https://bscscan.com/tx/0xa1d6e0af202f27811a3686d9329126309f222f374502edcaec7b7c56d000d9bd,Withdraw,2022-08-29 20:19:42,2022-08-29 20:19:42,,1661804382,,0x128C33C1...d89Aa0442,OUT
0xb951e6fcccc2a2b646521d9e8b01c6746a53e0c33bc6b452e44d7b960a12c5f3,https://bscscan.com/tx/0xb951e6fcccc2a2b646521d9e8b01c6746a53e0c33bc6b452e44d7b960a12c5f3,Compound Power,2022-08-29 20:14:00,2022-08-29 20:14:00,,1661804040,,0x128C33C1...d89Aa0442,OUT
0xce8dbb3762b946bd10206bf8d82a530472461c0198be44a05f13babc6be9b4d2,https://bscscan.com/tx/0xce8dbb3762b946bd10206bf8d82a530472461c0198be44a05f13babc6be9b4d2,Transfer,2022-08-27 20:51:02,2022-08-27 20:51:02,,1661633462,,0x128C33C1...d89Aa0442,OUT
0x68842316e055dac83c876ce0a2aae4279dde339d90694c8d222cdca4a7b96881,https://bscscan.com/tx/0x68842316e055dac83c876ce0a2aae4279dde339d90694c8d222cdca4a7b96881,Compound Power,2022-08-27 20:21:53,2022-08-27 20:21:53,,1661631713,,0x128C33C1...d89Aa0442,OUT
0x4ff204eb21b0e7b284086fc41188131278fee3fcb8ecff2deae5413195d9dff2,https://bscscan.com/tx/0x4ff204eb21b0e7b284086fc41188131278fee3fcb8ecff2deae5413195d9dff2,Transfer,2022-08-27 7:52:39,2022-08-27 7:52:39,,1661586759,,0x128C33C1...d89Aa0442,OUT
0x3ff59f8aee1b1fe7a7289894275fa223d7053064a80714d6e9222942898ae168,https://bscscan.com/tx/0x3ff59f8aee1b1fe7a7289894275fa223d7053064a80714d6e9222942898ae168,Swap,2022-08-27 7:48:33,2022-08-27 7:48:33,,1661586513,,0x128C33C1...d89Aa0442,OUT
0x7f417e06be15e2393e3d7d0ec547193d624a16f6261779c46458b2f69ca10598,https://bscscan.com/tx/0x7f417e06be15e2393e3d7d0ec547193d624a16f6261779c46458b2f69ca10598,Transfer,2022-08-27 7:48:06,2022-08-27 7:48:06,,1661586486,,Binance: Hot Wallet 23,IN
0xfabf37bbbe7f14e2d24a0b9a826b524e2ebcca03ffca5707e74d88498fe6d87c,https://bscscan.com/tx/0xfabf37bbbe7f14e2d24a0b9a826b524e2ebcca03ffca5707e74d88498fe6d87c,Transfer,2022-08-27 7:44:18,2022-08-27 7:44:18,,1661586258,,0xE42BE986...70D329C86,IN
0xee8286f921049a884a75f49be937fcb3da78cc989144a398304343981be0547f,https://bscscan.com/tx/0xee8286f921049a884a75f49be937fcb3da78cc989144a398304343981be0547f,Transfer,2022-08-27 7:40:36,2022-08-27 7:40:36,,1661586036,,0x128C33C1...d89Aa0442,OUT
0x710107446ad5f9eef8562cd308f4e7d27fdbc6d0a7653ecc7c57ebc17ad7f4cd,https://bscscan.com/tx/0x710107446ad5f9eef8562cd308f4e7d27fdbc6d0a7653ecc7c57ebc17ad7f4cd,Swap,2022-08-27 7:38:15,2022-08-27 7:38:15,,1661585895,,0x128C33C1...d89Aa0442,OUT
0x45267fb206d59c72958032d378c2f60d39784ca5ed1eb051f5f5d397b2488b49,https://bscscan.com/tx/0x45267fb206d59c72958032d378c2f60d39784ca5ed1eb051f5f5d397b2488b49,Transfer,2022-08-27 7:32:45,2022-08-27 7:32:45,,1661585565,,0x128C33C1...d89Aa0442,OUT
0xe2d00c428cffc89953c1f7558cbbee38d4ce4677e515f0ae8094b490431c6ef2,https://bscscan.com/tx/0xe2d00c428cffc89953c1f7558cbbee38d4ce4677e515f0ae8094b490431c6ef2,Compound Power,2022-08-27 7:30:15,2022-08-27 7:30:15,,1661585415,,0x128C33C1...d89Aa0442,OUT
0x338e8fb84dcd1f4f6136cdb584602d7a61d165c584df8225d7fc2bc60488d710,https://bscscan.com/tx/0x338e8fb84dcd1f4f6136cdb584602d7a61d165c584df8225d7fc2bc60488d710,Compound Power,2022-08-25 16:23:46,2022-08-25 16:23:46,,1661444626,,0x128C33C1...d89Aa0442,OUT
0x54491017f2532932f2a6d8b586256de9be4312cdbe06db541bfeca2e78ca7cd1,https://bscscan.com/tx/0x54491017f2532932f2a6d8b586256de9be4312cdbe06db541bfeca2e78ca7cd1,Get Free1LP,2022-08-24 21:19:17,2022-08-24 21:19:17,,1661375957,,0x128C33C1...d89Aa0442,OUT
0xec5ea62873e05b964c338aa0c456990ab727e0ccd0243595069e10c2aae17007,https://bscscan.com/tx/0xec5ea62873e05b964c338aa0c456990ab727e0ccd0243595069e10c2aae17007,Compound Power,2022-08-24 20:44:05,2022-08-24 20:44:05,,1661373845,,0x128C33C1...d89Aa0442,OUT
0x294e7ea3a8d3bbcad17b54f5d83ecf3e7cd8928eeb2da5928a45f1c9c31b0290,https://bscscan.com/tx/0x294e7ea3a8d3bbcad17b54f5d83ecf3e7cd8928eeb2da5928a45f1c9c31b0290,Transfer,2022-08-24 3:35:49,2022-08-24 3:35:49,,1661312149,,0xE42BE986...70D329C86,IN
0xeb42ca67e1aa4a54ea5047325bf4a4ee9b189ec501bb7a94359e2c52f9b66686,https://bscscan.com/tx/0xeb42ca67e1aa4a54ea5047325bf4a4ee9b189ec501bb7a94359e2c52f9b66686,Transfer,2022-08-24 3:32:37,2022-08-24 3:32:37,,1661311957,,0x128C33C1...d89Aa0442,OUT
0xb22891709dc7ee7cb61d0f5d966006b11eea0ec58022b9f797d5200a15c35940,https://bscscan.com/tx/0xb22891709dc7ee7cb61d0f5d966006b11eea0ec58022b9f797d5200a15c35940,Sell Power,2022-08-24 3:30:34,2022-08-24 3:30:34,,1661311834,,0x128C33C1...d89Aa0442,OUT
0x595ba9cdd20d2c68732c6203831ef2b0b61d46c91fd82e9b5898afad3fe43b98,https://bscscan.com/tx/0x595ba9cdd20d2c68732c6203831ef2b0b61d46c91fd82e9b5898afad3fe43b98,Swap,2022-08-23 0:28:49,2022-08-23 0:28:49,,1661214529,,0x128C33C1...d89Aa0442,OUT
0x28dd94218b7ae85bb391fea984d3545268f3ac054bf4fb788063f790464673ec,https://bscscan.com/tx/0x28dd94218b7ae85bb391fea984d3545268f3ac054bf4fb788063f790464673ec,Transfer,2022-08-23 0:26:31,2022-08-23 0:26:31,,1661214391,,Binance: Withdrawals 2,IN
0xb4899793c1b50c05b28280a10bb3150da03668448bc1cf62e97de5240fee4597,https://bscscan.com/tx/0xb4899793c1b50c05b28280a10bb3150da03668448bc1cf62e97de5240fee4597,Transfer,2022-08-20 14:50:16,2022-08-20 14:50:16,,1661007016,,0x128C33C1...d89Aa0442,OUT
0xc1d44ccc0fe7ae5e1dae28418ef017d9fba51a4a7fc2ff6b8aa279bda5edd8c4,https://bscscan.com/tx/0xc1d44ccc0fe7ae5e1dae28418ef017d9fba51a4a7fc2ff6b8aa279bda5edd8c4,Transfer,2022-08-20 14:46:52,2022-08-20 14:46:52,,1661006812,,0xE42BE986...70D329C86,IN
0xbf8531ac36a859775ef1988efda30749a1d5da20374f65b0df89764dadbbcb24,https://bscscan.com/tx/0xbf8531ac36a859775ef1988efda30749a1d5da20374f65b0df89764dadbbcb24,Sell Power,2022-08-20 14:44:37,2022-08-20 14:44:37,,1661006677,,0x128C33C1...d89Aa0442,OUT
0xa108d8da6b0dbdad603a874c7f3a2989c0b48a12c6cf368677928144a877c921,https://bscscan.com/tx/0xa108d8da6b0dbdad603a874c7f3a2989c0b48a12c6cf368677928144a877c921,Compound Power,2022-08-18 22:49:19,2022-08-18 22:49:19,,1660862959,,0x128C33C1...d89Aa0442,OUT
0x7c5e0d0af7169af5e95351b6504295f39eca8cb4cc91bc425a4417050d2d2aba,https://bscscan.com/tx/0x7c5e0d0af7169af5e95351b6504295f39eca8cb4cc91bc425a4417050d2d2aba,Transfer,2022-08-18 21:51:40,2022-08-18 21:51:40,,1660859500,,0x128C33C1...d89Aa0442,OUT
0xf538dc141fb035792a00681c0f9a9ac3ea64d0df99eb75bcfba3a6c7d4dd6914,https://bscscan.com/tx/0xf538dc141fb035792a00681c0f9a9ac3ea64d0df99eb75bcfba3a6c7d4dd6914,Compound Power,2022-08-18 12:33:12,2022-08-18 12:33:12,,1660825992,,0x128C33C1...d89Aa0442,OUT
0x64269f4727136dc35cf0b20147e6d1357f5bb57852431542b7c9a30dad06cba7,https://bscscan.com/tx/0x64269f4727136dc35cf0b20147e6d1357f5bb57852431542b7c9a30dad06cba7,Compound Power,2022-08-17 23:09:18,2022-08-17 23:09:18,,1660777758,,0x128C33C1...d89Aa0442,OUT
0x89b809aff2a3dd7378590042f4dad00102dfa2b61dde530d6264941e89f0084e,https://bscscan.com/tx/0x89b809aff2a3dd7378590042f4dad00102dfa2b61dde530d6264941e89f0084e,Compound Power,2022-08-17 21:22:26,2022-08-17 21:22:26,,1660771346,,0x128C33C1...d89Aa0442,OUT
0x6a600557a8eb17ca9dac4729ed4ec9612bada9ef61e467149db3fe260eb9c9e8,https://bscscan.com/tx/0x6a600557a8eb17ca9dac4729ed4ec9612bada9ef61e467149db3fe260eb9c9e8,Transfer,2022-08-17 21:17:23,2022-08-17 21:17:23,,1660771043,,0x128C33C1...d89Aa0442,OUT
0xd58c4998a62e4995d7ad604a62f65b1f2a9849672b4151371478e7e852513943,https://bscscan.com/tx/0xd58c4998a62e4995d7ad604a62f65b1f2a9849672b4151371478e7e852513943,Swap,2022-08-17 21:01:23,2022-08-17 21:01:23,,1660770083,,0x128C33C1...d89Aa0442,OUT
0x16b578d8e3942b5d767d1a9909bc374adfa6d824f207626b6eebf5f3567d6976,https://bscscan.com/tx/0x16b578d8e3942b5d767d1a9909bc374adfa6d824f207626b6eebf5f3567d6976,Transfer,2022-08-17 20:58:32,2022-08-17 20:58:32,,1660769912,,Binance: Withdrawals 2,IN
0xed9cc692594b9b90818ad60675c849a919080faa4c900cb83ac7beb95438c5de,https://bscscan.com/tx/0xed9cc692594b9b90818ad60675c849a919080faa4c900cb83ac7beb95438c5de,Compound Power,2022-08-17 17:46:02,2022-08-17 17:46:02,,1660758362,,0x128C33C1...d89Aa0442,OUT
0xffb47789d8ed1cc2d03e0d564043ac414d681922971b7199650ab23cc6f87aab,https://bscscan.com/tx/0xffb47789d8ed1cc2d03e0d564043ac414d681922971b7199650ab23cc6f87aab,Transfer,2022-08-17 17:42:20,2022-08-17 17:42:20,,1660758140,,0x128C33C1...d89Aa0442,OUT
0x8f98711456352444df7b8ce5aa5ba896f58869e887878fcb916e1ed6e458fcd7,https://bscscan.com/tx/0x8f98711456352444df7b8ce5aa5ba896f58869e887878fcb916e1ed6e458fcd7,Swap,2022-08-17 17:35:53,2022-08-17 17:35:53,,1660757753,,0x128C33C1...d89Aa0442,OUT
0x8ea8abe40409afdb60ee3ea070daeffb34fb2f0299f1983194f9c22328880257,https://bscscan.com/tx/0x8ea8abe40409afdb60ee3ea070daeffb34fb2f0299f1983194f9c22328880257,Approve,2022-08-17 17:35:35,2022-08-17 17:35:35,,1660757735,,0x128C33C1...d89Aa0442,OUT
0xc902ca162a3a0cc1d733760ca967a6c0d87e5fe49c8c866574c90639a0269586,https://bscscan.com/tx/0xc902ca162a3a0cc1d733760ca967a6c0d87e5fe49c8c866574c90639a0269586,Transfer,2022-08-17 16:48:29,2022-08-17 16:48:29,,1660754909,,Binance: Hot Wallet 18,IN
0x4b719de9eab65770581c072802861242f6fcc4374e671b832fe19f6430052d52,https://bscscan.com/tx/0x4b719de9eab65770581c072802861242f6fcc4374e671b832fe19f6430052d52,Transfer,2022-08-17 10:20:58,2022-08-17 10:20:58,,1660731658,,0x128C33C1...d89Aa0442,OUT
0x4cb0c8a170f1b7a3492cc0e800150ef445ccf136554071648b99a3750bc6c07a,https://bscscan.com/tx/0x4cb0c8a170f1b7a3492cc0e800150ef445ccf136554071648b99a3750bc6c07a,Compound Power,2022-08-15 14:49:20,2022-08-15 14:49:20,,1660574960,,0x128C33C1...d89Aa0442,OUT
0x30cab64c1eb7c279eebd2c44a5c6549b3cbc40105e94b54ab9016b671c440f24,https://bscscan.com/tx/0x30cab64c1eb7c279eebd2c44a5c6549b3cbc40105e94b54ab9016b671c440f24,Transfer,2022-08-14 19:44:04,2022-08-14 19:44:04,,1660506244,,0x128C33C1...d89Aa0442,OUT
0xa4fff410e868b30c8f97025eef3e88f8e04f5fd4d0a8abc384f563c1c7482cf6,https://bscscan.com/tx/0xa4fff410e868b30c8f97025eef3e88f8e04f5fd4d0a8abc384f563c1c7482cf6,Compound Power,2022-08-13 22:14:32,2022-08-13 22:14:32,,1660428872,,0x128C33C1...d89Aa0442,OUT
0xae64251e98b42d9023fd1e9a1df8cb40680a2e25b19203b7c754fd88c0b299ef,https://bscscan.com/tx/0xae64251e98b42d9023fd1e9a1df8cb40680a2e25b19203b7c754fd88c0b299ef,Compound Power,2022-08-13 20:39:50,2022-08-13 20:39:50,,1660423190,,0x128C33C1...d89Aa0442,OUT
0x3059c58e8ca773e54e0d8702867248e168ac72cc86243ef63afca44d03874da1,https://bscscan.com/tx/0x3059c58e8ca773e54e0d8702867248e168ac72cc86243ef63afca44d03874da1,Compound Power,2022-08-13 19:06:02,2022-08-13 19:06:02,,1660417562,,0x128C33C1...d89Aa0442,OUT
0xc053a38f603aeb9764ddedd124a6b8966fd1378a480b5ea4d4a8c41962d955bb,https://bscscan.com/tx/0xc053a38f603aeb9764ddedd124a6b8966fd1378a480b5ea4d4a8c41962d955bb,Compound Power,2022-08-12 21:20:28,2022-08-12 21:20:28,,1660339228,,0x128C33C1...d89Aa0442,OUT
0x4d4a25eb9b7d4308233c47ee812939fd841f3c4f15f9218e77d38a14bae23fd6,https://bscscan.com/tx/0x4d4a25eb9b7d4308233c47ee812939fd841f3c4f15f9218e77d38a14bae23fd6,Compound Power,2022-08-12 12:11:57,2022-08-12 12:11:57,,1660306317,,0x128C33C1...d89Aa0442,OUT
0xe3ac7a3b08f2e56951d21f681f805afbb1d935b40a35355f4eb6d667eb14b692,https://bscscan.com/tx/0xe3ac7a3b08f2e56951d21f681f805afbb1d935b40a35355f4eb6d667eb14b692,Swap,2022-08-12 9:55:03,2022-08-12 9:55:03,,1660298103,,0x128C33C1...d89Aa0442,OUT
0x95b5fad4655e45fb99529866de31d6d300f456882a18533cb13866a01c74f8b3,https://bscscan.com/tx/0x95b5fad4655e45fb99529866de31d6d300f456882a18533cb13866a01c74f8b3,Compound Power,2022-08-12 9:54:09,2022-08-12 9:54:09,,1660298049,,0x128C33C1...d89Aa0442,OUT
0x0b4c0f06b17f4658ee0326c423c9c9f8c869692bdba225a8178dd46c93d7cd89,https://bscscan.com/tx/0x0b4c0f06b17f4658ee0326c423c9c9f8c869692bdba225a8178dd46c93d7cd89,Swap,2022-08-12 4:07:33,2022-08-12 4:07:33,,1660277253,,0x128C33C1...d89Aa0442,OUT
0xa13502fa52a4ea3f70fee52d5e54a9cbe418a8e2ff45fd01095a3a89f202d698,https://bscscan.com/tx/0xa13502fa52a4ea3f70fee52d5e54a9cbe418a8e2ff45fd01095a3a89f202d698,Compound Power,2022-08-12 4:04:12,2022-08-12 4:04:12,,1660277052,,0x128C33C1...d89Aa0442,OUT
0x50b6a58bc44914b5927a6106e5e4aeb3ccf98f433c02d84e2439e42f688ae9ab,https://bscscan.com/tx/0x50b6a58bc44914b5927a6106e5e4aeb3ccf98f433c02d84e2439e42f688ae9ab,Swap,2022-08-11 21:33:15,2022-08-11 21:33:15,,1660253595,,0x128C33C1...d89Aa0442,OUT
0xd8c7c1ca9ba7e6c1b08ffd3d3eeb0f8ebf7e62f53dede270ea6294e0daade89d,https://bscscan.com/tx/0xd8c7c1ca9ba7e6c1b08ffd3d3eeb0f8ebf7e62f53dede270ea6294e0daade89d,Swap Exact Token...,2022-08-11 21:25:30,2022-08-11 21:25:30,,1660253130,,0x128C33C1...d89Aa0442,OUT
0xcceaa1f085ad332e5ff2020a51f3c0f592648b08d8d92cd223d0aa954d07492d,https://bscscan.com/tx/0xcceaa1f085ad332e5ff2020a51f3c0f592648b08d8d92cd223d0aa954d07492d,Approve,2022-08-11 21:24:57,2022-08-11 21:24:57,,1660253097,,0x128C33C1...d89Aa0442,OUT
0x72a9ca375b3ca7c6ea24042709cee11e734d32ea24e5051dc77b95fc10f490a5,https://bscscan.com/tx/0x72a9ca375b3ca7c6ea24042709cee11e734d32ea24e5051dc77b95fc10f490a5,Swap Exact Token...,2022-08-11 21:24:03,2022-08-11 21:24:03,,1660253043,,0x128C33C1...d89Aa0442,OUT
0xeb14b6844263f45dc61e80730145bf7fa56bca8b67614163acfc00580ea08596,https://bscscan.com/tx/0xeb14b6844263f45dc61e80730145bf7fa56bca8b67614163acfc00580ea08596,Remove Liquidity...,2022-08-11 21:22:57,2022-08-11 21:22:57,,1660252977,,0x128C33C1...d89Aa0442,OUT
0x061f537502c2b6d6ae382fbbf8e32a45c2dfddb16b7c6d114df88f5fee2f67dd,https://bscscan.com/tx/0x061f537502c2b6d6ae382fbbf8e32a45c2dfddb16b7c6d114df88f5fee2f67dd,Compound Power,2022-08-11 20:20:36,2022-08-11 20:20:36,,1660249236,,0x128C33C1...d89Aa0442,OUT
0x53022e44f4f45a20641ac31cb67dab59d4506069fcf05cd7e55588b1d3d0bb8b,https://bscscan.com/tx/0x53022e44f4f45a20641ac31cb67dab59d4506069fcf05cd7e55588b1d3d0bb8b,Swap,2022-08-11 20:17:30,2022-08-11 20:17:30,,1660249050,,0x128C33C1...d89Aa0442,OUT
0xd85a5e4e6804676470f0a990e9841b1631f7c22d430ca1487e6dd0105956fec7,https://bscscan.com/tx/0xd85a5e4e6804676470f0a990e9841b1631f7c22d430ca1487e6dd0105956fec7,Transfer,2022-08-11 20:09:30,2022-08-11 20:09:30,,1660248570,,Binance: Hot Wallet 18,IN
0x04a953f34505064768ba9000089db6ef7b22fec270335487076b14dc568cf3c3,https://bscscan.com/tx/0x04a953f34505064768ba9000089db6ef7b22fec270335487076b14dc568cf3c3,Compound Power,2022-08-11 8:58:37,2022-08-11 8:58:37,,1660208317,,0x128C33C1...d89Aa0442,OUT
0xf76946d271d70a3612ab3a4547a441d11900abde8cc95232f128df2fb8ec8836,https://bscscan.com/tx/0xf76946d271d70a3612ab3a4547a441d11900abde8cc95232f128df2fb8ec8836,Compound Power,2022-08-11 4:26:42,2022-08-11 4:26:42,,1660192002,,0x128C33C1...d89Aa0442,OUT
0x767089a7b794735b2a3137289cf913530e3daab8aae0a89ae6e35e7e64823c5e,https://bscscan.com/tx/0x767089a7b794735b2a3137289cf913530e3daab8aae0a89ae6e35e7e64823c5e,Swap,2022-08-11 2:37:00,2022-08-11 2:37:00,,1660185420,,0x128C33C1...d89Aa0442,OUT
0x76f7c6bf72ebc704ed6540066a633d038ff4ae2d36cafab9a13879f017ef2e7b,https://bscscan.com/tx/0x76f7c6bf72ebc704ed6540066a633d038ff4ae2d36cafab9a13879f017ef2e7b,Transfer,2022-08-11 2:31:54,2022-08-11 2:31:54,,1660185114,,Binance: Withdrawals 2,IN
0xd5021b1083b4e95bbbe1d8869a81542083604e828a984276f9ddefa839c7f9ac,https://bscscan.com/tx/0xd5021b1083b4e95bbbe1d8869a81542083604e828a984276f9ddefa839c7f9ac,Swap,2022-08-10 13:28:03,2022-08-10 13:28:03,,1660138083,,0x128C33C1...d89Aa0442,OUT
0xdf642eef3728f4dde58219109d90a1f2ad16a24223fd82b9aba4e09a13757234,https://bscscan.com/tx/0xdf642eef3728f4dde58219109d90a1f2ad16a24223fd82b9aba4e09a13757234,Transfer,2022-08-10 13:25:57,2022-08-10 13:25:57,,1660137957,,Binance: Hot Wallet 13,IN
0xe20145283d1441b79734d2293ff88f9f66f38dc1df17c2dc1bcbec2619796493,https://bscscan.com/tx/0xe20145283d1441b79734d2293ff88f9f66f38dc1df17c2dc1bcbec2619796493,Compound Power,2022-08-10 12:35:36,2022-08-10 12:35:36,,1660134936,,0x128C33C1...d89Aa0442,OUT
0xe136ab103cdc104fd04a3671855cb5479166787c4c3a491de5de5a787c76c620,https://bscscan.com/tx/0xe136ab103cdc104fd04a3671855cb5479166787c4c3a491de5de5a787c76c620,Compound Power,2022-08-10 2:16:08,2022-08-10 2:16:08,,1660097768,,0x128C33C1...d89Aa0442,OUT
0x8ff69f3f189de943e430c230000b33e3754ac4653594bc3aee3abf640316d6e2,https://bscscan.com/tx/0x8ff69f3f189de943e430c230000b33e3754ac4653594bc3aee3abf640316d6e2,Swap,2022-08-09 13:13:21,2022-08-09 13:13:21,,1660050801,,0x128C33C1...d89Aa0442,OUT
0x7bce5c5fb33d14f3e72024af65d9cbb084b14f586fe874f9b852ba963eae8481,https://bscscan.com/tx/0x7bce5c5fb33d14f3e72024af65d9cbb084b14f586fe874f9b852ba963eae8481,Transfer,2022-08-09 12:44:59,2022-08-09 12:44:59,,1660049099,,Binance: Hot Wallet 13,IN
0xc64f9db5bb4e6caac957ebfdb22e885934350ebb888cc02bd20ef88d4c5d5695,https://bscscan.com/tx/0xc64f9db5bb4e6caac957ebfdb22e885934350ebb888cc02bd20ef88d4c5d5695,Compound Power,2022-08-09 11:48:28,2022-08-09 11:48:28,,1660045708,,0x128C33C1...d89Aa0442,OUT
0xb2a5c612a4c0fefb0fde7eb392aebd5fca86adcbfc9d677c49beb639a051c259,https://bscscan.com/tx/0xb2a5c612a4c0fefb0fde7eb392aebd5fca86adcbfc9d677c49beb639a051c259,Compound Power,2022-08-09 5:42:25,2022-08-09 5:42:25,,1660023745,,0x128C33C1...d89Aa0442,OUT
0x55c41d935ab0db5f60fa1d72bd45c0799955ab4e01aaeb38cb9b04a70be036f7,https://bscscan.com/tx/0x55c41d935ab0db5f60fa1d72bd45c0799955ab4e01aaeb38cb9b04a70be036f7,Compound Power,2022-08-08 4:15:58,2022-08-08 4:15:58,,1659932158,,0x128C33C1...d89Aa0442,OUT
0xa7bd8df2450093303e7b05465a66c80a0a3dda149af9c32376af9447a6fcea03,https://bscscan.com/tx/0xa7bd8df2450093303e7b05465a66c80a0a3dda149af9c32376af9447a6fcea03,Transfer,2022-08-07 21:43:34,2022-08-07 21:43:34,,1659908614,,0x128C33C1...d89Aa0442,OUT
0x20857fea81add4b6b4c0e6c1724c86de38a058eca5efc6c33ecb2d27591b646c,https://bscscan.com/tx/0x20857fea81add4b6b4c0e6c1724c86de38a058eca5efc6c33ecb2d27591b646c,Transfer,2022-08-07 21:37:31,2022-08-07 21:37:31,,1659908251,,Binance: Withdrawals 7,IN
0x07823746aedbf294376320a9925d78458cb0e336e76d44ead0b8d130141df15d,https://bscscan.com/tx/0x07823746aedbf294376320a9925d78458cb0e336e76d44ead0b8d130141df15d,Compound Power,2022-08-07 21:33:28,2022-08-07 21:33:28,,1659908008,,0x128C33C1...d89Aa0442,OUT
0x3ae45ed85c5dd0cb613996caefc9d7bcb629429233a5c8a9d3a416949b4d85d4,https://bscscan.com/tx/0x3ae45ed85c5dd0cb613996caefc9d7bcb629429233a5c8a9d3a416949b4d85d4,Transfer,2022-08-07 21:32:28,2022-08-07 21:32:28,,1659907948,,0x128C33C1...d89Aa0442,OUT
0xa5faae5869c891cc31702717649faaf533d77a29f7869b4d8e35348652f0dc06,https://bscscan.com/tx/0xa5faae5869c891cc31702717649faaf533d77a29f7869b4d8e35348652f0dc06,Compound Power,2022-08-07 13:11:48,2022-08-07 13:11:48,,1659877908,,0x128C33C1...d89Aa0442,OUT
0x46b642e58464869383db1585537e48f1e4aaaee41d1a99b8b639e0163da8a7d0,https://bscscan.com/tx/0x46b642e58464869383db1585537e48f1e4aaaee41d1a99b8b639e0163da8a7d0,Compound Power,2022-08-06 20:26:41,2022-08-06 20:26:41,,1659817601,,0x128C33C1...d89Aa0442,OUT
0x1d749d175472f3b2aeeb362eb023253057f741da23058538abd25edacddfa265,https://bscscan.com/tx/0x1d749d175472f3b2aeeb362eb023253057f741da23058538abd25edacddfa265,Compound Power,2022-08-06 7:37:52,2022-08-06 7:37:52,,1659771472,,0x128C33C1...d89Aa0442,OUT
0x19646d17003a68103b8af69d3abb20e1994932221f1473c2f2a64f8824a28fb7,https://bscscan.com/tx/0x19646d17003a68103b8af69d3abb20e1994932221f1473c2f2a64f8824a28fb7,Compound Power,2022-08-06 5:24:03,2022-08-06 5:24:03,,1659763443,,0x128C33C1...d89Aa0442,OUT
0x2cf4e746b555c6d7970550dc0b60428a45a00c17cad404900ffb3ea11f6fbe9c,https://bscscan.com/tx/0x2cf4e746b555c6d7970550dc0b60428a45a00c17cad404900ffb3ea11f6fbe9c,Transfer,2022-08-04 9:10:47,2022-08-04 9:10:47,,1659604247,,0x128C33C1...d89Aa0442,OUT
0xc055c4e714288dc712639c7b148dcf6ff155f9f8c375122f76260844c29d7766,https://bscscan.com/tx/0xc055c4e714288dc712639c7b148dcf6ff155f9f8c375122f76260844c29d7766,Sell Power,2022-08-03 23:40:57,2022-08-03 23:40:57,,1659570057,,0x128C33C1...d89Aa0442,OUT
0xe76d0e9c9861acbc68f3f8631189db25870e6b8b3ca6865ea0bcd869eb0607e7,https://bscscan.com/tx/0xe76d0e9c9861acbc68f3f8631189db25870e6b8b3ca6865ea0bcd869eb0607e7,Withdraw,2022-08-03 16:37:31,2022-08-03 16:37:31,,1659544651,,0x128C33C1...d89Aa0442,OUT
0x76e025854fbbdcbfe50197200275303e0f2e1b26a2788043ddecd0edf9c617cc,https://bscscan.com/tx/0x76e025854fbbdcbfe50197200275303e0f2e1b26a2788043ddecd0edf9c617cc,Withdraw,2022-08-03 16:37:10,2022-08-03 16:37:10,,1659544630,,0x128C33C1...d89Aa0442,OUT
0x563058a04c2de28b872473ee9eaa2d8405d73eb1736648c624bac968c065bd06,https://bscscan.com/tx/0x563058a04c2de28b872473ee9eaa2d8405d73eb1736648c624bac968c065bd06,Claim Reward,2022-08-03 16:36:28,2022-08-03 16:36:28,,1659544588,,0x128C33C1...d89Aa0442,OUT
0xac8571f442a94a0e29ddc7385523ca8ecfb3ed6cfcd2faf8098f19b9177ce7d1,https://bscscan.com/tx/0xac8571f442a94a0e29ddc7385523ca8ecfb3ed6cfcd2faf8098f19b9177ce7d1,Exit,2022-08-03 16:36:01,2022-08-03 16:36:01,,1659544561,,0x128C33C1...d89Aa0442,OUT
0x137b676c70429e64a4ef667562e214fb076f937e489542ca19294c0da3dc53d9,https://bscscan.com/tx/0x137b676c70429e64a4ef667562e214fb076f937e489542ca19294c0da3dc53d9,Transfer,2022-08-02 4:20:30,2022-08-02 4:20:30,,1659414030,,Binance: Hot Wallet 13,IN
0x0e2c259a3d479c3148a0d07e73e69b49d35c4c59be02e58eda48fa93edc388db,https://bscscan.com/tx/0x0e2c259a3d479c3148a0d07e73e69b49d35c4c59be02e58eda48fa93edc388db,Withdraw,2022-08-02 4:01:51,2022-08-02 4:01:51,,1659412911,,0x128C33C1...d89Aa0442,OUT
0x50cb9e2a28b229a57ad6d88f1378d091de5e0d7ab16eb9a3788c8c124e282e8e,https://bscscan.com/tx/0x50cb9e2a28b229a57ad6d88f1378d091de5e0d7ab16eb9a3788c8c124e282e8e,Compound Power,2022-08-01 10:52:21,2022-08-01 10:52:21,,1659351141,,0x128C33C1...d89Aa0442,OUT
0xd9d91041f35016298a48ca9e8d04f0a6358fa4dc6191a5206555c2463e186b34,https://bscscan.com/tx/0xd9d91041f35016298a48ca9e8d04f0a6358fa4dc6191a5206555c2463e186b34,Compound Power,2022-08-01 6:30:50,2022-08-01 6:30:50,,1659335450,,0x128C33C1...d89Aa0442,OUT
0x232a975277acee9954f1bd0787d7f2e7779f9f538bf04725fd13dcc0492436dd,https://bscscan.com/tx/0x232a975277acee9954f1bd0787d7f2e7779f9f538bf04725fd13dcc0492436dd,Compound Power,2022-08-01 4:26:10,2022-08-01 4:26:10,,1659327970,,0x128C33C1...d89Aa0442,OUT
0xfea087353a2232994d673f0df2114ed3694da88f19df1d63d1c8949ba2ab2c57,https://bscscan.com/tx/0xfea087353a2232994d673f0df2114ed3694da88f19df1d63d1c8949ba2ab2c57,Compound Power,2022-07-31 23:08:50,2022-07-31 23:08:50,,1659308930,,0x128C33C1...d89Aa0442,OUT
0x9ad6f926a9870d22919bb93c0905140667489638fdfa26af9666083371a322ef,https://bscscan.com/tx/0x9ad6f926a9870d22919bb93c0905140667489638fdfa26af9666083371a322ef,Swap,2022-07-31 21:54:10,2022-07-31 21:54:10,,1659304450,,0x128C33C1...d89Aa0442,OUT
0xcf593d2825f745193d2957706b3d4ede857cf5814782280886528f14d4033aee,https://bscscan.com/tx/0xcf593d2825f745193d2957706b3d4ede857cf5814782280886528f14d4033aee,Transfer,2022-07-31 21:52:04,2022-07-31 21:52:04,,1659304324,,Binance: Hot Wallet 13,IN
0x4550d95cee6038b49fff15c40b82ee7d9b8271e61a65f3e048af03cbceb68a34,https://bscscan.com/tx/0x4550d95cee6038b49fff15c40b82ee7d9b8271e61a65f3e048af03cbceb68a34,Compound Power,2022-07-31 19:22:13,2022-07-31 19:22:13,,1659295333,,0x128C33C1...d89Aa0442,OUT
0x0f1b051ec6a81035d4a5cba43536f8ed67eaf38450524ab0c2288d64b652bb89,https://bscscan.com/tx/0x0f1b051ec6a81035d4a5cba43536f8ed67eaf38450524ab0c2288d64b652bb89,Compound Power,2022-07-31 14:46:07,2022-07-31 14:46:07,,1659278767,,0x128C33C1...d89Aa0442,OUT
0x8702efae0a69c18a4e6710cc7fbd5f3ee6ae4dfcc6a7fac521f4a1b83c81694e,https://bscscan.com/tx/0x8702efae0a69c18a4e6710cc7fbd5f3ee6ae4dfcc6a7fac521f4a1b83c81694e,Compound Power,2022-07-31 8:53:16,2022-07-31 8:53:16,,1659257596,,0x128C33C1...d89Aa0442,OUT
0x778930dde399e053a783dcf31264e81e5f457c3401120774fadc150f3a4db784,https://bscscan.com/tx/0x778930dde399e053a783dcf31264e81e5f457c3401120774fadc150f3a4db784,Swap,2022-07-31 8:45:28,2022-07-31 8:45:28,,1659257128,,0x128C33C1...d89Aa0442,OUT
0x6c6f7c32becbb93bea03d047721da994023b49066deb1a853f3f91a804aa5a20,https://bscscan.com/tx/0x6c6f7c32becbb93bea03d047721da994023b49066deb1a853f3f91a804aa5a20,Compound Power,2022-07-31 5:05:40,2022-07-31 5:05:40,,1659243940,,0x128C33C1...d89Aa0442,OUT
0x738d8fd0b972a9457ebcbb617269102593ed269067d68502d0bfabe9a9dc48ae,https://bscscan.com/tx/0x738d8fd0b972a9457ebcbb617269102593ed269067d68502d0bfabe9a9dc48ae,Transfer,2022-07-31 4:41:31,2022-07-31 4:41:31,,1659242491,,Binance: Hot Wallet 18,IN
0x3c867e7aad9aab3fb2e1480e956f940dadf631af413d3afbf7ed36113cbc60db,https://bscscan.com/tx/0x3c867e7aad9aab3fb2e1480e956f940dadf631af413d3afbf7ed36113cbc60db,Transfer,2022-07-31 3:50:14,2022-07-31 3:50:14,,1659239414,,0x128C33C1...d89Aa0442,OUT
0xfd23ff5c8635c4d1a0909554e51475fbdea47e8cbf8274c8a269c290c2c95f69,https://bscscan.com/tx/0xfd23ff5c8635c4d1a0909554e51475fbdea47e8cbf8274c8a269c290c2c95f69,Transfer,2022-07-31 3:30:56,2022-07-31 3:30:56,,1659238256,,Binance: Withdrawals 2,IN
0xde1e762f4634276a12afa2eadb34a2e34393c70c70a77c33413096f29c55eb0b,https://bscscan.com/tx/0xde1e762f4634276a12afa2eadb34a2e34393c70c70a77c33413096f29c55eb0b,Compound Power,2022-07-31 0:46:39,2022-07-31 0:46:39,,1659228399,,0x128C33C1...d89Aa0442,OUT
0xf22ffb1f399c4fb09bd020097209ca703c7e40fd5e17676b0463b1445b8a5c4d,https://bscscan.com/tx/0xf22ffb1f399c4fb09bd020097209ca703c7e40fd5e17676b0463b1445b8a5c4d,Transfer,2022-07-30 20:40:36,2022-07-30 20:40:36,,1659213636,,Binance: Withdrawals 2,IN
0x5b06cf8244a192bff759b4392038f3e51e1d6310e0b14fb4b4df161fc66bc6b0,https://bscscan.com/tx/0x5b06cf8244a192bff759b4392038f3e51e1d6310e0b14fb4b4df161fc66bc6b0,Compound Power,2022-07-30 20:13:42,2022-07-30 20:13:42,,1659212022,,0x128C33C1...d89Aa0442,OUT
0x52fc92a207c5d57a473b5cb490291afc6abcd4a8a8b581aa4a276e4e30ee6deb,https://bscscan.com/tx/0x52fc92a207c5d57a473b5cb490291afc6abcd4a8a8b581aa4a276e4e30ee6deb,Swap,2022-07-30 14:48:10,2022-07-30 14:48:10,,1659192490,,0x128C33C1...d89Aa0442,OUT
0x44d3be26f7ec548c6cc769133a2f83e07e47b8be35f10d11a154a772a2ba7a1b,https://bscscan.com/tx/0x44d3be26f7ec548c6cc769133a2f83e07e47b8be35f10d11a154a772a2ba7a1b,Stake,2022-07-30 14:40:04,2022-07-30 14:40:04,,1659192004,,0x128C33C1...d89Aa0442,OUT
0xc459f0d28a8f248bfc6e48d6f5bf216ad46a89b11dccd9becfc63cdd6b4e3834,https://bscscan.com/tx/0xc459f0d28a8f248bfc6e48d6f5bf216ad46a89b11dccd9becfc63cdd6b4e3834,Deposit,2022-07-30 14:39:49,2022-07-30 14:39:49,,1659191989,,0x128C33C1...d89Aa0442,OUT
0x7886b7779fc0d90f5701dc9af5d99397d11896c5369488b5e441793272008ed7,https://bscscan.com/tx/0x7886b7779fc0d90f5701dc9af5d99397d11896c5369488b5e441793272008ed7,Withdraw,2022-07-30 14:39:34,2022-07-30 14:39:34,,1659191974,,0x128C33C1...d89Aa0442,OUT
0x945e8e7a800eb43759d085a3e67751b34edb4ed8f0b458922769bee51045a548,https://bscscan.com/tx/0x945e8e7a800eb43759d085a3e67751b34edb4ed8f0b458922769bee51045a548,Stake,2022-07-30 14:39:13,2022-07-30 14:39:13,,1659191953,,0x128C33C1...d89Aa0442,OUT
0x9c839b7c00cb023205dd444d91fa56b6186b663d441b3def0d8ce2b4e554a1f7,https://bscscan.com/tx/0x9c839b7c00cb023205dd444d91fa56b6186b663d441b3def0d8ce2b4e554a1f7,Zap Strategy,2022-07-30 14:39:01,2022-07-30 14:39:01,,1659191941,,0x128C33C1...d89Aa0442,OUT
0xabe04ea6cd055aa6cb885f25495ea723cd36ccbce56c897da8eac34e85881581,https://bscscan.com/tx/0xabe04ea6cd055aa6cb885f25495ea723cd36ccbce56c897da8eac34e85881581,Withdraw,2022-07-30 14:38:46,2022-07-30 14:38:46,,1659191926,,0x128C33C1...d89Aa0442,OUT
0xb9b6056c1ea2705ee59ccee8a361299c44dedbce5a027c9909b1b1e02bc5f8de,https://bscscan.com/tx/0xb9b6056c1ea2705ee59ccee8a361299c44dedbce5a027c9909b1b1e02bc5f8de,Compound Power,2022-07-30 14:25:50,2022-07-30 14:25:50,,1659191150,,0x128C33C1...d89Aa0442,OUT
0x0b034a90bc04343f41dbe0a78be7128e3d1d10e76962a307b8343241ab93fe36,https://bscscan.com/tx/0x0b034a90bc04343f41dbe0a78be7128e3d1d10e76962a307b8343241ab93fe36,Compound Power,2022-07-30 4:08:45,2022-07-30 4:08:45,,1659154125,,0x128C33C1...d89Aa0442,OUT
0xcc7883a889dd13772d8324297114b71ecf307d4043ca88219e0abc5cd591a965,https://bscscan.com/tx/0xcc7883a889dd13772d8324297114b71ecf307d4043ca88219e0abc5cd591a965,Compound Power,2022-07-30 0:20:33,2022-07-30 0:20:33,,1659140433,,0x128C33C1...d89Aa0442,OUT
0x57e9d2430e5b1d8d491d83a585682db0d5d8e78ba2194f93721cd22085e4fbf3,https://bscscan.com/tx/0x57e9d2430e5b1d8d491d83a585682db0d5d8e78ba2194f93721cd22085e4fbf3,Compound Power,2022-07-29 21:11:55,2022-07-29 21:11:55,,1659129115,,0x128C33C1...d89Aa0442,OUT
0x27dd076a1c021b9e51bd59459dbd8a5d3b351a1d2f6b6b32dcd4bfcc0384d179,https://bscscan.com/tx/0x27dd076a1c021b9e51bd59459dbd8a5d3b351a1d2f6b6b32dcd4bfcc0384d179,Compound Power,2022-07-29 19:24:13,2022-07-29 19:24:13,,1659122653,,0x128C33C1...d89Aa0442,OUT
0x4192a7c2d5faedd328db9b86a63dc3e668c3794eaca2bf7bae3cfa63d24688fd,https://bscscan.com/tx/0x4192a7c2d5faedd328db9b86a63dc3e668c3794eaca2bf7bae3cfa63d24688fd,Transfer,2022-07-29 13:53:08,2022-07-29 13:53:08,,1659102788,,Binance: Hot Wallet 23,IN
0x37adab85e70df647699e42bedb35ce001970078caa81eb3b85eacf42ccb21b07,https://bscscan.com/tx/0x37adab85e70df647699e42bedb35ce001970078caa81eb3b85eacf42ccb21b07,Compound Power,2022-07-29 13:45:32,2022-07-29 13:45:32,,1659102332,,0x128C33C1...d89Aa0442,OUT
0x809aaeaf7cedd24892f705257374022122a60bb9dbc8de539fdb05a99d1fdd8a,https://bscscan.com/tx/0x809aaeaf7cedd24892f705257374022122a60bb9dbc8de539fdb05a99d1fdd8a,Compound Power,2022-07-29 10:53:11,2022-07-29 10:53:11,,1659091991,,0x128C33C1...d89Aa0442,OUT
0x3a5663e7df4067535067c1427a3d518e3d2e12579dd7ef6e58da3d949cbd9944,https://bscscan.com/tx/0x3a5663e7df4067535067c1427a3d518e3d2e12579dd7ef6e58da3d949cbd9944,Approve,2022-07-29 4:52:36,2022-07-29 4:52:36,,1659070356,,0x128C33C1...d89Aa0442,OUT
0xbb7716b08003867c9c3018c2e2cd34152b2cc1bbfa9b6a5e4c060c77296351c7,https://bscscan.com/tx/0xbb7716b08003867c9c3018c2e2cd34152b2cc1bbfa9b6a5e4c060c77296351c7,Deposit All,2022-07-29 4:51:33,2022-07-29 4:51:33,,1659070293,,0x128C33C1...d89Aa0442,OUT
0xbfb89b26a29d1b5db16281cbc86cf9fb0c676c1feeb31cc94ff9cad1ba03dd1c,https://bscscan.com/tx/0xbfb89b26a29d1b5db16281cbc86cf9fb0c676c1feeb31cc94ff9cad1ba03dd1c,Zap In Token Reb...,2022-07-29 4:50:45,2022-07-29 4:50:45,,1659070245,,0x128C33C1...d89Aa0442,OUT
0xd26db5bf053fe7703d4e3b75cf5ab394189332ae5aa1f85621f1073f6f41cc88,https://bscscan.com/tx/0xd26db5bf053fe7703d4e3b75cf5ab394189332ae5aa1f85621f1073f6f41cc88,Approve,2022-07-29 4:50:15,2022-07-29 4:50:15,,1659070215,,0x128C33C1...d89Aa0442,OUT
0xc4a64748b2669abeccf07d9e257392a93f4dc3ef66afbbc83f99df48a4df4cda,https://bscscan.com/tx/0xc4a64748b2669abeccf07d9e257392a93f4dc3ef66afbbc83f99df48a4df4cda,Approve,2022-07-29 4:50:00,2022-07-29 4:50:00,,1659070200,,0x128C33C1...d89Aa0442,OUT
0x2d8916960c4790c3692cf312a830334e5d0fd4118ded6ed6ef8c4666de6ef982,https://bscscan.com/tx/0x2d8916960c4790c3692cf312a830334e5d0fd4118ded6ed6ef8c4666de6ef982,Deposit,2022-07-29 4:49:00,2022-07-29 4:49:00,,1659070140,,0x128C33C1...d89Aa0442,OUT
0xd6541ee2dce9198fbc2cd1d5c0d30d1ccac2986d9f61f7e3f5c005c36b1af506,https://bscscan.com/tx/0xd6541ee2dce9198fbc2cd1d5c0d30d1ccac2986d9f61f7e3f5c005c36b1af506,Swap Exact ETH F...,2022-07-29 4:48:03,2022-07-29 4:48:03,,1659070083,,0x128C33C1...d89Aa0442,OUT
0x694dcd8bd2bb0b01d5947d37a4dc5911ce223d98942c77686043b713fb1be41e,https://bscscan.com/tx/0x694dcd8bd2bb0b01d5947d37a4dc5911ce223d98942c77686043b713fb1be41e,Transfer,2022-07-29 3:52:00,2022-07-29 3:52:00,,1659066720,,Binance 51,IN
0xeb06cdeb351ba3ceca912ca63b2967b949e91a6df9bf7a74532b8a38e1e9d1ba,https://bscscan.com/tx/0xeb06cdeb351ba3ceca912ca63b2967b949e91a6df9bf7a74532b8a38e1e9d1ba,Approve,2022-07-29 3:12:54,2022-07-29 3:12:54,,1659064374,,0x128C33C1...d89Aa0442,OUT
0x84ef661c7879519a03132301b2a22ef4ff699e71cb5e9b115a98f63f7f2c920f,https://bscscan.com/tx/0x84ef661c7879519a03132301b2a22ef4ff699e71cb5e9b115a98f63f7f2c920f,Approve,2022-07-29 3:12:21,2022-07-29 3:12:21,,1659064341,,0x128C33C1...d89Aa0442,OUT
0xd7ed8fdc4c7836d6965d5990f4d9eb69f4370506bcd4aa9b0aac9553636f19d5,https://bscscan.com/tx/0xd7ed8fdc4c7836d6965d5990f4d9eb69f4370506bcd4aa9b0aac9553636f19d5,Deposit,2022-07-29 3:09:00,2022-07-29 3:09:00,,1659064140,,0x128C33C1...d89Aa0442,OUT
0x75233935df05879bb88994dc4a0c798d779e6eaac3ae2e2e4715aa1ec49bd10b,https://bscscan.com/tx/0x75233935df05879bb88994dc4a0c798d779e6eaac3ae2e2e4715aa1ec49bd10b,Zap BNB To LP,2022-07-29 3:07:42,2022-07-29 3:07:42,,1659064062,,0x128C33C1...d89Aa0442,OUT
0xd40f6156858dc141cfccfc330c69d3a087d528274f0d46268bb1f78b9b9e409a,https://bscscan.com/tx/0xd40f6156858dc141cfccfc330c69d3a087d528274f0d46268bb1f78b9b9e409a,Deposit,2022-07-29 3:00:18,2022-07-29 3:00:18,,1659063618,,0x128C33C1...d89Aa0442,OUT
0x928668b054b4deb2e60704d5997f79ecf5e2b8eb06cc625f06c382108e0ce3ec,https://bscscan.com/tx/0x928668b054b4deb2e60704d5997f79ecf5e2b8eb06cc625f06c382108e0ce3ec,Zap BNB To LP,2022-07-29 2:52:03,2022-07-29 2:52:03,,1659063123,,0x128C33C1...d89Aa0442,OUT
0xd7aa09e3321b7363905893cfe8e0418ffafb5f00722fdae3a462ab9f33060069,https://bscscan.com/tx/0xd7aa09e3321b7363905893cfe8e0418ffafb5f00722fdae3a462ab9f33060069,Compound Power,2022-07-29 2:43:18,2022-07-29 2:43:18,,1659062598,,0x128C33C1...d89Aa0442,OUT
0xb09040478b38fdfd441c7e49e07d599691e8f5e62ee7fa7d364fec8187290f51,https://bscscan.com/tx/0xb09040478b38fdfd441c7e49e07d599691e8f5e62ee7fa7d364fec8187290f51,Transfer,2022-07-29 0:11:07,2022-07-29 0:11:07,,1659053467,,Binance: Withdrawals 7,IN
0xfa14b8dbd3620d8532f3203aaf705528c5527340931b6a0294c29ebd7ea6e1bd,https://bscscan.com/tx/0xfa14b8dbd3620d8532f3203aaf705528c5527340931b6a0294c29ebd7ea6e1bd,Zap BNB To LP,2022-07-29 0:06:11,2022-07-29 0:06:11,,1659053171,,0x128C33C1...d89Aa0442,OUT
0x32c57c1ff590ac0333f4d0dcfb6029549e6b692eeebd61fdcaa65a5eccd83c33,https://bscscan.com/tx/0x32c57c1ff590ac0333f4d0dcfb6029549e6b692eeebd61fdcaa65a5eccd83c33,Deposit,2022-07-29 0:04:20,2022-07-29 0:04:20,,1659053060,,0x128C33C1...d89Aa0442,OUT
0x081df9d8f48dde47318175d2233eaab53f66ae44fe3eae3d7e7d4b3319afd2bd,https://bscscan.com/tx/0x081df9d8f48dde47318175d2233eaab53f66ae44fe3eae3d7e7d4b3319afd2bd,Zap In BNB,2022-07-29 0:03:26,2022-07-29 0:03:26,,1659053006,,0x128C33C1...d89Aa0442,OUT
0x0068f61c50b01e4f21c6f14c284ad81dd8c4de9ae7dda92d5bea70735eb3a04b,https://bscscan.com/tx/0x0068f61c50b01e4f21c6f14c284ad81dd8c4de9ae7dda92d5bea70735eb3a04b,Approve,2022-07-29 0:00:02,2022-07-29 0:00:02,,1659052802,,0x128C33C1...d89Aa0442,OUT
0x3b7f6204a67e7e0c8967815fde223027f54e7b308c72d787dd9fb7f972727c7c,https://bscscan.com/tx/0x3b7f6204a67e7e0c8967815fde223027f54e7b308c72d787dd9fb7f972727c7c,Approve,2022-07-28 23:59:41,2022-07-28 23:59:41,,1659052781,,0x128C33C1...d89Aa0442,OUT
0xeb7bd600d83d63bf3bccec49c683d83352ef411d1a1200e6edbaf1098224ee3c,https://bscscan.com/tx/0xeb7bd600d83d63bf3bccec49c683d83352ef411d1a1200e6edbaf1098224ee3c,Approve,2022-07-28 23:59:17,2022-07-28 23:59:17,,1659052757,,0x128C33C1...d89Aa0442,OUT
0x38f4874ac174589a30485c0c2c8604aa0034c573ed732372a5ba3e5a41223744,https://bscscan.com/tx/0x38f4874ac174589a30485c0c2c8604aa0034c573ed732372a5ba3e5a41223744,Compound Power,2022-07-28 23:28:05,2022-07-28 23:28:05,,1659050885,,0x128C33C1...d89Aa0442,OUT
0xc4d92adb37c63f9055faa7c737ecf48b4626980d2546645c83bbb4ae0aaf41cf,https://bscscan.com/tx/0xc4d92adb37c63f9055faa7c737ecf48b4626980d2546645c83bbb4ae0aaf41cf,Approve,2022-07-28 22:41:23,2022-07-28 22:41:23,,1659048083,,0x128C33C1...d89Aa0442,OUT
0xada37af6438237b2ad05d252749496964a6e5e1cdfbcf6c4357c07627f4b5c53,https://bscscan.com/tx/0xada37af6438237b2ad05d252749496964a6e5e1cdfbcf6c4357c07627f4b5c53,Approve,2022-07-28 22:12:59,2022-07-28 22:12:59,,1659046379,,0x128C33C1...d89Aa0442,OUT
0xd9cec6c0d2eefefdfb3ee653463ba73136647cb2df0e98a58f5dadeb3c63ad4f,https://bscscan.com/tx/0xd9cec6c0d2eefefdfb3ee653463ba73136647cb2df0e98a58f5dadeb3c63ad4f,Approve,2022-07-28 22:00:50,2022-07-28 22:00:50,,1659045650,,0x128C33C1...d89Aa0442,OUT
0x7292cbdbf7ba38df087cee51099f3a749cf23282b32952ca1468dd625530ff33,https://bscscan.com/tx/0x7292cbdbf7ba38df087cee51099f3a749cf23282b32952ca1468dd625530ff33,Compound Power,2022-07-28 17:11:16,2022-07-28 17:11:16,,1659028276,,0x128C33C1...d89Aa0442,OUT
0x41dfda57cdeb6d340c19ad2643fc1e7f47e83dbcf5ae7487db1ce782841fd047,https://bscscan.com/tx/0x41dfda57cdeb6d340c19ad2643fc1e7f47e83dbcf5ae7487db1ce782841fd047,Swap,2022-07-27 22:43:25,2022-07-27 22:43:25,,1658961805,,0x128C33C1...d89Aa0442,OUT
0xab0355d27eb87ec06a11d2f7d42f88190cdbfd6e8f8b135b2553c6e0ebd97e98,https://bscscan.com/tx/0xab0355d27eb87ec06a11d2f7d42f88190cdbfd6e8f8b135b2553c6e0ebd97e98,Transfer,2022-07-27 22:39:58,2022-07-27 22:39:58,,1658961598,,Binance: Hot Wallet 18,IN
0xfa2a555a67257300c6643253d67640ed315c041870e906c4aac73edcebf8c81f,https://bscscan.com/tx/0xfa2a555a67257300c6643253d67640ed315c041870e906c4aac73edcebf8c81f,Compound Power,2022-07-27 22:33:31,2022-07-27 22:33:31,,1658961211,,0x128C33C1...d89Aa0442,OUT
0xa4c730cbbd8f0e12f536ac2578399fb5d27e311e540e695d85e053e8db948964,https://bscscan.com/tx/0xa4c730cbbd8f0e12f536ac2578399fb5d27e311e540e695d85e053e8db948964,Transfer,2022-07-27 22:06:58,2022-07-27 22:06:58,,1658959618,,Binance: Hot Wallet 11,IN
0xb40db44377a7a7affed69be23a55a3e795a25cb335fee1a7b9ff8b25637654dd,https://bscscan.com/tx/0xb40db44377a7a7affed69be23a55a3e795a25cb335fee1a7b9ff8b25637654dd,Compound Power,2022-07-26 17:58:16,2022-07-26 17:58:16,,1658858296,,0x128C33C1...d89Aa0442,OUT
0x68b893711ec1ed5bd2d8b911dcf5baa9b87902f96245c25c252384f1e73cff9c,https://bscscan.com/tx/0x68b893711ec1ed5bd2d8b911dcf5baa9b87902f96245c25c252384f1e73cff9c,Compound Power,2022-07-26 9:23:53,2022-07-26 9:23:53,,1658827433,,0x128C33C1...d89Aa0442,OUT
0xfb1774143fb8d038927a27eca96c35fb8c89f5d8ab31885abc511ccbdfd371cf,https://bscscan.com/tx/0xfb1774143fb8d038927a27eca96c35fb8c89f5d8ab31885abc511ccbdfd371cf,Compound Power,2022-07-26 5:43:51,2022-07-26 5:43:51,,1658814231,,0x128C33C1...d89Aa0442,OUT
0x0c72475e2a98577fd643577c61cfe876e1690f77ac23d20dfc55e7e498127bc8,https://bscscan.com/tx/0x0c72475e2a98577fd643577c61cfe876e1690f77ac23d20dfc55e7e498127bc8,Compound Power,2022-07-25 17:05:44,2022-07-25 17:05:44,,1658768744,,0x128C33C1...d89Aa0442,OUT
0xeccc3db1a70766af9334ee24af0805d7925016919a27375d58c8eabfb68e2861,https://bscscan.com/tx/0xeccc3db1a70766af9334ee24af0805d7925016919a27375d58c8eabfb68e2861,Compound Power,2022-07-25 15:28:13,2022-07-25 15:28:13,,1658762893,,0x128C33C1...d89Aa0442,OUT
0xb29eb088d040099314abc8b539f6bffab75a49bce17ad66229e57fc674496798,https://bscscan.com/tx/0xb29eb088d040099314abc8b539f6bffab75a49bce17ad66229e57fc674496798,Compound Power,2022-07-25 9:28:43,2022-07-25 9:28:43,,1658741323,,0x128C33C1...d89Aa0442,OUT
0x4fb00e1eda8f87c7df96361ba68341a278c8324fa66c88fdaefd7f95d692b2f7,https://bscscan.com/tx/0x4fb00e1eda8f87c7df96361ba68341a278c8324fa66c88fdaefd7f95d692b2f7,Compound Power,2022-07-25 0:00:25,2022-07-25 0:00:25,,1658707225,,0x128C33C1...d89Aa0442,OUT
0xa51c22269572d062b2d3ffa0d82c33de162197c5a4870be33296828c14342d8a,https://bscscan.com/tx/0xa51c22269572d062b2d3ffa0d82c33de162197c5a4870be33296828c14342d8a,Compound Power,2022-07-24 21:08:52,2022-07-24 21:08:52,,1658696932,,0x128C33C1...d89Aa0442,OUT
0x74ba9ddef57219e5625a98ce582aa2e37264b4b128e64dc96e3ba65ac68758e3,https://bscscan.com/tx/0x74ba9ddef57219e5625a98ce582aa2e37264b4b128e64dc96e3ba65ac68758e3,Transfer,2022-07-24 21:06:01,2022-07-24 21:06:01,,1658696761,,0x128C33C1...d89Aa0442,OUT
0x45fcb6dee250c5696fbc562311af8b158c9382ebb2d5c0b80dfda65441ed0dc7,https://bscscan.com/tx/0x45fcb6dee250c5696fbc562311af8b158c9382ebb2d5c0b80dfda65441ed0dc7,Compound Power,2022-07-24 14:52:38,2022-07-24 14:52:38,,1658674358,,0x128C33C1...d89Aa0442,OUT
0x99ecbea098acbd68d5362b61862c42ca2eeba0802bbaaac158de2e13fd610ee2,https://bscscan.com/tx/0x99ecbea098acbd68d5362b61862c42ca2eeba0802bbaaac158de2e13fd610ee2,Compound Power,2022-07-24 13:44:11,2022-07-24 13:44:11,,1658670251,,0x128C33C1...d89Aa0442,OUT
0x7ba04b3840f8ff43823d20c400c07a44a84693a5445f2ae618ac8db499fa30b4,https://bscscan.com/tx/0x7ba04b3840f8ff43823d20c400c07a44a84693a5445f2ae618ac8db499fa30b4,Transfer,2022-07-24 13:39:05,2022-07-24 13:39:05,,1658669945,,0x128C33C1...d89Aa0442,OUT
0x582ac3d7a0050e542365b35c82d1326b44269f4a6195837d6ee197bcc092340b,https://bscscan.com/tx/0x582ac3d7a0050e542365b35c82d1326b44269f4a6195837d6ee197bcc092340b,Sell Power,2022-07-24 13:36:38,2022-07-24 13:36:38,,1658669798,,0x128C33C1...d89Aa0442,OUT
0xae5c7d5c6e1a6fb6aeeaeb087a2ef793a7329d6136b4181512ddce6093fd5a15,https://bscscan.com/tx/0xae5c7d5c6e1a6fb6aeeaeb087a2ef793a7329d6136b4181512ddce6093fd5a15,Sell Power,2022-07-24 13:35:08,2022-07-24 13:35:08,,1658669708,,0x128C33C1...d89Aa0442,OUT
0xd2c784a1f7e3aa6d03e22f966f33445b2ac5286594e51eb7c0ce2f685d66996f,https://bscscan.com/tx/0xd2c784a1f7e3aa6d03e22f966f33445b2ac5286594e51eb7c0ce2f685d66996f,Transfer,2022-07-24 13:33:26,2022-07-24 13:33:26,,1658669606,,0xE42BE986...70D329C86,IN
0x6a4ce59958ab9adb46b654780702a531446c5bd9a2944a737cd5266118ca7300,https://bscscan.com/tx/0x6a4ce59958ab9adb46b654780702a531446c5bd9a2944a737cd5266118ca7300,Compound Power,2022-07-24 2:53:12,2022-07-24 2:53:12,,1658631192,,0x128C33C1...d89Aa0442,OUT
0xceec557367c3053556abae2b8d6f5480f392820a92b79a7093cf8e2c8b2681c8,https://bscscan.com/tx/0xceec557367c3053556abae2b8d6f5480f392820a92b79a7093cf8e2c8b2681c8,Compound Power,2022-07-24 0:48:09,2022-07-24 0:48:09,,1658623689,,0x128C33C1...d89Aa0442,OUT
0x4253dd2d68604e206cfa66adade332e5dd285d95abd3f1bfb07547ec8970faef,https://bscscan.com/tx/0x4253dd2d68604e206cfa66adade332e5dd285d95abd3f1bfb07547ec8970faef,Compound Power,2022-07-23 21:57:57,2022-07-23 21:57:57,,1658613477,,0x128C33C1...d89Aa0442,OUT
0x9489ee62db97d020b8eedcaafc29a772afa87db81d321c3013e41b0baa4227a7,https://bscscan.com/tx/0x9489ee62db97d020b8eedcaafc29a772afa87db81d321c3013e41b0baa4227a7,Compound Power,2022-07-23 20:07:54,2022-07-23 20:07:54,,1658606874,,0x128C33C1...d89Aa0442,OUT
0x7bbb78d2e9e32adcdd0fc3ba5d4a4b4e28ae8785c8fae87dddd43b954951e2fe,https://bscscan.com/tx/0x7bbb78d2e9e32adcdd0fc3ba5d4a4b4e28ae8785c8fae87dddd43b954951e2fe,Compound Power,2022-07-23 13:09:13,2022-07-23 13:09:13,,1658581753,,0x128C33C1...d89Aa0442,OUT
0x94e7845d204bb954c2214ec39fac3b1d18d4bf2d3f8f275de32ece137c6c5f3f,https://bscscan.com/tx/0x94e7845d204bb954c2214ec39fac3b1d18d4bf2d3f8f275de32ece137c6c5f3f,Compound Power,2022-07-23 1:35:56,2022-07-23 1:35:56,,1658540156,,0x128C33C1...d89Aa0442,OUT
0x0e83e6a87325c0c0b505587ca709b4d33c36c1d699aaad8c312f790132773662,https://bscscan.com/tx/0x0e83e6a87325c0c0b505587ca709b4d33c36c1d699aaad8c312f790132773662,Compound Power,2022-07-22 6:32:14,2022-07-22 6:32:14,,1658471534,,0x128C33C1...d89Aa0442,OUT
0x5fa9bdfc7a83a812533752d67ba6c2594ed35e692170c39d7ab28bd10882768b,https://bscscan.com/tx/0x5fa9bdfc7a83a812533752d67ba6c2594ed35e692170c39d7ab28bd10882768b,Compound Power,2022-07-22 3:54:10,2022-07-22 3:54:10,,1658462050,,0x128C33C1...d89Aa0442,OUT
0x5ba5fb4c4ae422e1629b2335ab97801a75b4eef2660f048c5a0504f53493d3a0,https://bscscan.com/tx/0x5ba5fb4c4ae422e1629b2335ab97801a75b4eef2660f048c5a0504f53493d3a0,Transfer,2022-07-22 3:53:43,2022-07-22 3:53:43,,1658462023,,0xE42BE986...70D329C86,IN
0xd395c6ec9960f3566f128820ef390efe0a16ec53b71aa5d079a945c311970f40,https://bscscan.com/tx/0xd395c6ec9960f3566f128820ef390efe0a16ec53b71aa5d079a945c311970f40,Compound Power,2022-07-22 0:01:35,2022-07-22 0:01:35,,1658448095,,0x128C33C1...d89Aa0442,OUT
0x79e7b9a5b9cc2c029a8daaf39c497128c0c2ee2da1791c6f8dcfa27ba4e75235,https://bscscan.com/tx/0x79e7b9a5b9cc2c029a8daaf39c497128c0c2ee2da1791c6f8dcfa27ba4e75235,Compound Power,2022-07-21 21:32:33,2022-07-21 21:32:33,,1658439153,,0x128C33C1...d89Aa0442,OUT
0x23fcbc7a55a3e4c175e6e6119da44908b9104deeb50d6d79c6d34921d3a755ae,https://bscscan.com/tx/0x23fcbc7a55a3e4c175e6e6119da44908b9104deeb50d6d79c6d34921d3a755ae,Compound Power,2022-07-21 18:20:18,2022-07-21 18:20:18,,1658427618,,0x128C33C1...d89Aa0442,OUT
0x475ed1686429a0fd4f6f062c6b59ee04793b8b64e7e9c88a3095038d7148b186,https://bscscan.com/tx/0x475ed1686429a0fd4f6f062c6b59ee04793b8b64e7e9c88a3095038d7148b186,Compound Power,2022-07-21 14:27:01,2022-07-21 14:27:01,,1658413621,,0x128C33C1...d89Aa0442,OUT
0x6186b7869d083f9b71f60bad7e44937578a6fec3e02b2c8b337587b66a7fe85c,https://bscscan.com/tx/0x6186b7869d083f9b71f60bad7e44937578a6fec3e02b2c8b337587b66a7fe85c,Approve,2022-07-20 20:30:04,2022-07-20 20:30:04,,1658349004,,0x128C33C1...d89Aa0442,OUT
0xfdf5ed5275c22eaa2aa524c41271a584d318823e5dbb2d7b59d84a360205318e,https://bscscan.com/tx/0xfdf5ed5275c22eaa2aa524c41271a584d318823e5dbb2d7b59d84a360205318e,Approve,2022-07-20 20:28:52,2022-07-20 20:28:52,,1658348932,,0x128C33C1...d89Aa0442,OUT
0x763ca265ff739912c78edc33d4783b8d8dc4679a218a466cbfc8e594044278c1,https://bscscan.com/tx/0x763ca265ff739912c78edc33d4783b8d8dc4679a218a466cbfc8e594044278c1,Compound Power,2022-07-20 18:58:31,2022-07-20 18:58:31,,1658343511,,0x128C33C1...d89Aa0442,OUT
0xeb8d93d6621f8c60e9450890af13fbd78ab6c18385ddcdebe2ff31e1c079e1bc,https://bscscan.com/tx/0xeb8d93d6621f8c60e9450890af13fbd78ab6c18385ddcdebe2ff31e1c079e1bc,Compound Power,2022-07-20 11:27:51,2022-07-20 11:27:51,,1658316471,,0x128C33C1...d89Aa0442,OUT
0x82604644a0dabf89dea89e1393e452d65c684cab87d6244b4ade21f3f996ac7e,https://bscscan.com/tx/0x82604644a0dabf89dea89e1393e452d65c684cab87d6244b4ade21f3f996ac7e,Compound Power,2022-07-20 9:47:11,2022-07-20 9:47:11,,1658310431,,0x128C33C1...d89Aa0442,OUT
0xee000367b09b0ecad7a6afd22cc227c6de8083c99d9937015b32a03ba090b645,https://bscscan.com/tx/0xee000367b09b0ecad7a6afd22cc227c6de8083c99d9937015b32a03ba090b645,Compound Power,2022-07-20 7:36:32,2022-07-20 7:36:32,,1658302592,,0x128C33C1...d89Aa0442,OUT
0xa2cae690de7ba2feebdd56ab6aa20f8677130e013564b4374a1e3080b89e9989,https://bscscan.com/tx/0xa2cae690de7ba2feebdd56ab6aa20f8677130e013564b4374a1e3080b89e9989,Compound Power,2022-07-20 6:06:11,2022-07-20 6:06:11,,1658297171,,0x128C33C1...d89Aa0442,OUT
0x5eb92004b10a2640e262bcfbd86d5f3f8f49fa8a62a98d335ae16ce646e7267f,https://bscscan.com/tx/0x5eb92004b10a2640e262bcfbd86d5f3f8f49fa8a62a98d335ae16ce646e7267f,Compound Power,2022-07-20 1:34:50,2022-07-20 1:34:50,,1658280890,,0x128C33C1...d89Aa0442,OUT
0xc7a7b32b5f301f1c9802fd70985530b8d49539292cc5cb23eaf8c8c53df0d341,https://bscscan.com/tx/0xc7a7b32b5f301f1c9802fd70985530b8d49539292cc5cb23eaf8c8c53df0d341,Compound Power,2022-07-19 22:47:29,2022-07-19 22:47:29,,1658270849,,0x128C33C1...d89Aa0442,OUT
0x8cb5e7738dccb65c4b85d0efe0b15e0311cddbda9bc9ea491bc5aaec6bea7fa4,https://bscscan.com/tx/0x8cb5e7738dccb65c4b85d0efe0b15e0311cddbda9bc9ea491bc5aaec6bea7fa4,Transfer,2022-07-19 22:47:08,2022-07-19 22:47:08,,1658270828,,0x128C33C1...d89Aa0442,OUT
0x91f662b5c4446b679c5a2195c55ccd0a012f037e624ffb3aea5c6900138518aa,https://bscscan.com/tx/0x91f662b5c4446b679c5a2195c55ccd0a012f037e624ffb3aea5c6900138518aa,Transfer,2022-07-19 22:44:53,2022-07-19 22:44:53,,1658270693,,0x87C17151...0606a56bf,IN
0x1eb4057bf4928b8e54b62da5d9743f89f8e8d93345c4beea9ac966943697516e,https://bscscan.com/tx/0x1eb4057bf4928b8e54b62da5d9743f89f8e8d93345c4beea9ac966943697516e,Compound Power,2022-07-19 18:33:29,2022-07-19 18:33:29,,1658255609,,0x128C33C1...d89Aa0442,OUT
0xb559a7b8eabf2749711b7120f90de89fd29b0b164432f05a813c69ceb79ff2d1,https://bscscan.com/tx/0xb559a7b8eabf2749711b7120f90de89fd29b0b164432f05a813c69ceb79ff2d1,Transfer,2022-07-18 16:06:59,2022-07-18 16:06:59,,1658160419,,0x128C33C1...d89Aa0442,OUT
0xe09f5b918a9a6f6aba7e7906eed62f8570d8b2d6f8d08100b31e56de7b68e347,https://bscscan.com/tx/0xe09f5b918a9a6f6aba7e7906eed62f8570d8b2d6f8d08100b31e56de7b68e347,Swap,2022-07-18 15:20:47,2022-07-18 15:20:47,,1658157647,,0x128C33C1...d89Aa0442,OUT
0x620d62e4550f1b92d01d2cf6f4f1073df4cce8c1de35ec4ed603cb9cb4fc7ca0,https://bscscan.com/tx/0x620d62e4550f1b92d01d2cf6f4f1073df4cce8c1de35ec4ed603cb9cb4fc7ca0,Transfer,2022-07-18 15:15:41,2022-07-18 15:15:41,,1658157341,,0x128C33C1...d89Aa0442,OUT
0xc902dcbe20f57c238f85bd0833b0a50f37774aa439a0c12203cbf1e3825d8002,https://bscscan.com/tx/0xc902dcbe20f57c238f85bd0833b0a50f37774aa439a0c12203cbf1e3825d8002,Transfer,2022-07-18 15:12:41,2022-07-18 15:12:41,,1658157161,,0xE42BE986...70D329C86,IN
0x0add4ce2a81eb2c1af7cf575c091bfcc2fcc50569fd0f5da09e4eeaa1c070a6c,https://bscscan.com/tx/0x0add4ce2a81eb2c1af7cf575c091bfcc2fcc50569fd0f5da09e4eeaa1c070a6c,Sell Power,2022-07-18 15:11:11,2022-07-18 15:11:11,,1658157071,,0x128C33C1...d89Aa0442,OUT
0x5882dfb91ae8ffb4fc4c4e38d2d6febbc6715f44198dea7dcc071063491e5398,https://bscscan.com/tx/0x5882dfb91ae8ffb4fc4c4e38d2d6febbc6715f44198dea7dcc071063491e5398,Compound Power,2022-07-16 8:55:10,2022-07-16 8:55:10,,1657961710,,0x128C33C1...d89Aa0442,OUT
0x2751ed1282473ad0ea6c9b12072a18ff870ff9a4febca42d238ce680badd9b08,https://bscscan.com/tx/0x2751ed1282473ad0ea6c9b12072a18ff870ff9a4febca42d238ce680badd9b08,Compound Power,2022-07-16 0:18:33,2022-07-16 0:18:33,,1657930713,,0x128C33C1...d89Aa0442,OUT
0xa2af0cef6b9625a31859d46a4a0ca85402b31252ee81d8d4cc36382ef3727e15,https://bscscan.com/tx/0xa2af0cef6b9625a31859d46a4a0ca85402b31252ee81d8d4cc36382ef3727e15,Compound Power,2022-07-15 20:21:30,2022-07-15 20:21:30,,1657916490,,0x128C33C1...d89Aa0442,OUT
0xfc0778cb40233c84a2677a1a1bc71602b77a779f3c96bcf2eb7f51b299272f7a,https://bscscan.com/tx/0xfc0778cb40233c84a2677a1a1bc71602b77a779f3c96bcf2eb7f51b299272f7a,Withdraw,2022-07-15 19:03:09,2022-07-15 19:03:09,,1657911789,,0x128C33C1...d89Aa0442,OUT
0xaf1021ad1265536208a4633db9f4d52f202f73efcc17945381c1eb464cb7db5b,https://bscscan.com/tx/0xaf1021ad1265536208a4633db9f4d52f202f73efcc17945381c1eb464cb7db5b,Withdraw,2022-07-15 19:02:24,2022-07-15 19:02:24,,1657911744,,0x128C33C1...d89Aa0442,OUT
0x31e6ac6fdc08f6cd0cc873b3a668484f99dba04baceb52033213bb65b7ef1098,https://bscscan.com/tx/0x31e6ac6fdc08f6cd0cc873b3a668484f99dba04baceb52033213bb65b7ef1098,Compound Power,2022-07-15 18:50:00,2022-07-15 18:50:00,,1657911000,,0x128C33C1...d89Aa0442,OUT
0x4875c65c04b1e290bf7f4e64665bf6bb87c8ffea3f2a978707dd82cce74a83b0,https://bscscan.com/tx/0x4875c65c04b1e290bf7f4e64665bf6bb87c8ffea3f2a978707dd82cce74a83b0,Compound Power,2022-07-15 16:32:34,2022-07-15 16:32:34,,1657902754,,0x128C33C1...d89Aa0442,OUT
0xd59c88d5c4f330bd7def3df7d5888a09f43c381dedc470caf45ca319284af1f4,https://bscscan.com/tx/0xd59c88d5c4f330bd7def3df7d5888a09f43c381dedc470caf45ca319284af1f4,Compound Power,2022-07-15 13:59:55,2022-07-15 13:59:55,,1657893595,,0x128C33C1...d89Aa0442,OUT
0xea077d5a0f60734dd9ecc0eeff09cbc9a013db695e82e49bb11d9319a35d552f,https://bscscan.com/tx/0xea077d5a0f60734dd9ecc0eeff09cbc9a013db695e82e49bb11d9319a35d552f,Compound Power,2022-07-15 9:52:23,2022-07-15 9:52:23,,1657878743,,0x128C33C1...d89Aa0442,OUT
0x324527cb1868127da84258772819cf234a6253b0532c2bf9e335252cf9827077,https://bscscan.com/tx/0x324527cb1868127da84258772819cf234a6253b0532c2bf9e335252cf9827077,Compound Power,2022-07-15 5:24:38,2022-07-15 5:24:38,,1657862678,,0x128C33C1...d89Aa0442,OUT
0x6e336d7028ecd485660be03d8c6434e671820517ff7d9646c7b5f2484830634e,https://bscscan.com/tx/0x6e336d7028ecd485660be03d8c6434e671820517ff7d9646c7b5f2484830634e,Withdraw,2022-07-15 3:31:20,2022-07-15 3:31:20,,1657855880,,0x128C33C1...d89Aa0442,OUT
0x90e473ea414129185874bcd8ed62aa3515f1a4eb865a14f0fb4fd295914d4a65,https://bscscan.com/tx/0x90e473ea414129185874bcd8ed62aa3515f1a4eb865a14f0fb4fd295914d4a65,Compound Power,2022-07-15 2:36:11,2022-07-15 2:36:11,,1657852571,,0x128C33C1...d89Aa0442,OUT
0xf1280128cf03af9c6791626a5df0efd6b7300301d4700e13a79a9b1986d3ae96,https://bscscan.com/tx/0xf1280128cf03af9c6791626a5df0efd6b7300301d4700e13a79a9b1986d3ae96,Compound Power,2022-07-14 23:48:35,2022-07-14 23:48:35,,1657842515,,0x128C33C1...d89Aa0442,OUT
0xf7bcbc695b90b4554b4828d5c35ca7437e0dd43ee6c615397d8771507d9af7d1,https://bscscan.com/tx/0xf7bcbc695b90b4554b4828d5c35ca7437e0dd43ee6c615397d8771507d9af7d1,Compound Power,2022-07-14 16:06:15,2022-07-14 16:06:15,,1657814775,,0x128C33C1...d89Aa0442,OUT
0xe0e558ad76aef1c829512060b1d6a192687750ea17c85418be4f361914cafb2e,https://bscscan.com/tx/0xe0e558ad76aef1c829512060b1d6a192687750ea17c85418be4f361914cafb2e,Compound Power,2022-07-14 11:55:24,2022-07-14 11:55:24,,1657799724,,0x128C33C1...d89Aa0442,OUT
0x8e5d87342429abf50d57483751269bd304922de7d1ab1183dffc20eb97d2d069,https://bscscan.com/tx/0x8e5d87342429abf50d57483751269bd304922de7d1ab1183dffc20eb97d2d069,Compound Power,2022-07-14 3:36:37,2022-07-14 3:36:37,,1657769797,,0x128C33C1...d89Aa0442,OUT
0xaecc865bc0de9bb05a1c17c9b8f66ef31ae02e3454645daece4f29cdf84b1bf5,https://bscscan.com/tx/0xaecc865bc0de9bb05a1c17c9b8f66ef31ae02e3454645daece4f29cdf84b1bf5,Compound Power,2022-07-14 1:48:10,2022-07-14 1:48:10,,1657763290,,0x128C33C1...d89Aa0442,OUT
0xb2775ac85cb3fdd00fdbc6c7c87f1fefe4fa048fb1f2d520acf8dd1ac51cf9fa,https://bscscan.com/tx/0xb2775ac85cb3fdd00fdbc6c7c87f1fefe4fa048fb1f2d520acf8dd1ac51cf9fa,Compound Power,2022-07-13 18:46:10,2022-07-13 18:46:10,,1657737970,,0x128C33C1...d89Aa0442,OUT
0x97d1cc9b092c0bb7ac2208b629c42b34c0d7788e9ec146755ff73b620f8a2e7b,https://bscscan.com/tx/0x97d1cc9b092c0bb7ac2208b629c42b34c0d7788e9ec146755ff73b620f8a2e7b,Compound Power,2022-07-13 14:59:36,2022-07-13 14:59:36,,1657724376,,0x128C33C1...d89Aa0442,OUT
0x02affba0fedd2e8b0cc456876aa634fb099c3d2761e68dd8836c6c470c048504,https://bscscan.com/tx/0x02affba0fedd2e8b0cc456876aa634fb099c3d2761e68dd8836c6c470c048504,Compound Power,2022-07-13 9:45:28,2022-07-13 9:45:28,,1657705528,,0x128C33C1...d89Aa0442,OUT
0x62d488c169518d09f3233b15be13768abd6931acbb9f0e972e6444d91f5e2ece,https://bscscan.com/tx/0x62d488c169518d09f3233b15be13768abd6931acbb9f0e972e6444d91f5e2ece,Compound Power,2022-07-13 6:05:07,2022-07-13 6:05:07,,1657692307,,0x128C33C1...d89Aa0442,OUT
0x157a2bb9bd7370ed327e7fb71ec6098b2b02d3894d4fc77cee6da502f9659a3d,https://bscscan.com/tx/0x157a2bb9bd7370ed327e7fb71ec6098b2b02d3894d4fc77cee6da502f9659a3d,Compound Power,2022-07-12 22:44:17,2022-07-12 22:44:17,,1657665857,,0x128C33C1...d89Aa0442,OUT
0x6e1d8476111c4330b05a1059c781f96a16dc87d0dd9e86c62047f26476dc20b2,https://bscscan.com/tx/0x6e1d8476111c4330b05a1059c781f96a16dc87d0dd9e86c62047f26476dc20b2,Compound Power,2022-07-12 18:34:35,2022-07-12 18:34:35,,1657650875,,0x128C33C1...d89Aa0442,OUT
0x258c5923d08f9faa2b43f019afe1de946689a9bc5ab6b2075727f0e0c23a9c30,https://bscscan.com/tx/0x258c5923d08f9faa2b43f019afe1de946689a9bc5ab6b2075727f0e0c23a9c30,Swap,2022-07-12 15:57:01,2022-07-12 15:57:01,,1657641421,,0x128C33C1...d89Aa0442,OUT
0x2c17fbbf12d51932cd44129f0bef300f3edf8f3abb4f1d8429347a3ff40af765,https://bscscan.com/tx/0x2c17fbbf12d51932cd44129f0bef300f3edf8f3abb4f1d8429347a3ff40af765,Compound Power,2022-07-12 10:50:46,2022-07-12 10:50:46,,1657623046,,0x128C33C1...d89Aa0442,OUT
0xd8199e725c64e0c0c2538be5333a5e5c6fcdecf66491276013864c763d7c3b94,https://bscscan.com/tx/0xd8199e725c64e0c0c2538be5333a5e5c6fcdecf66491276013864c763d7c3b94,Bet Bear,2022-07-12 6:30:25,2022-07-12 6:30:25,,1657607425,,0x128C33C1...d89Aa0442,OUT
0xbcecf7b80cbd30146bb9c5c9e7fe517de9ab013ca3aa4370fb09106128249d17,https://bscscan.com/tx/0xbcecf7b80cbd30146bb9c5c9e7fe517de9ab013ca3aa4370fb09106128249d17,Claim,2022-07-12 6:25:10,2022-07-12 6:25:10,,1657607110,,0x128C33C1...d89Aa0442,OUT
0xba4d2a0a59d3435d07fab4c89452f26f578b1df62a2f4a2a3ee5de21cae02647,https://bscscan.com/tx/0xba4d2a0a59d3435d07fab4c89452f26f578b1df62a2f4a2a3ee5de21cae02647,Bet Bear,2022-07-12 6:24:49,2022-07-12 6:24:49,,1657607089,,0x128C33C1...d89Aa0442,OUT
0xf5bdae4675d5f04f32d3bfaf0485157502a12c9221bdd77252efad337d06bf2f,https://bscscan.com/tx/0xf5bdae4675d5f04f32d3bfaf0485157502a12c9221bdd77252efad337d06bf2f,Transfer,2022-07-12 6:18:58,2022-07-12 6:18:58,,1657606738,,Binance: Hot Wallet 12,IN
0x8c429b8a198859eac3fbfb19d9bf06662fe1a61a7e19b9af63de78eef88dedf1,https://bscscan.com/tx/0x8c429b8a198859eac3fbfb19d9bf06662fe1a61a7e19b9af63de78eef88dedf1,Bet Bull,2022-07-12 6:14:52,2022-07-12 6:14:52,,1657606492,,0x128C33C1...d89Aa0442,OUT
0x2b3593ddee5f55a43fc3459fc7353e207a65379e79102feaa295ce3a17167de2,https://bscscan.com/tx/0x2b3593ddee5f55a43fc3459fc7353e207a65379e79102feaa295ce3a17167de2,Bet Bull,2022-07-12 6:04:49,2022-07-12 6:04:49,,1657605889,,0x128C33C1...d89Aa0442,OUT
0xb9bbd2da80302196113a4172a4738cac6a0ea77d53081256c8d871220f813e15,https://bscscan.com/tx/0xb9bbd2da80302196113a4172a4738cac6a0ea77d53081256c8d871220f813e15,Compound Power,2022-07-12 5:16:58,2022-07-12 5:16:58,,1657603018,,0x128C33C1...d89Aa0442,OUT
0xde0f184f743fb2356d3384a52ac35a867c5292000b7b3772694c7f979b1ad691,https://bscscan.com/tx/0xde0f184f743fb2356d3384a52ac35a867c5292000b7b3772694c7f979b1ad691,Bet Bear,2022-07-11 21:39:22,2022-07-11 21:39:22,,1657575562,,0x128C33C1...d89Aa0442,OUT
0x74388df47c10631e6ec4178c42cca4b17e27cbc2f9921d267a6d234eea2a7c2b,https://bscscan.com/tx/0x74388df47c10631e6ec4178c42cca4b17e27cbc2f9921d267a6d234eea2a7c2b,Compound Power,2022-07-11 21:27:04,2022-07-11 21:27:04,,1657574824,,0x128C33C1...d89Aa0442,OUT
0x25352530e548e71ae02666b9f5561b36623c3811948d846298a7af91b230dbb6,https://bscscan.com/tx/0x25352530e548e71ae02666b9f5561b36623c3811948d846298a7af91b230dbb6,Compound Power,2022-07-11 15:46:01,2022-07-11 15:46:01,,1657554361,,0x128C33C1...d89Aa0442,OUT
0x4c0d2c800053d854461516d6daa49cb114f251eb69efe50d562360c00ef05927,https://bscscan.com/tx/0x4c0d2c800053d854461516d6daa49cb114f251eb69efe50d562360c00ef05927,Compound Power,2022-07-11 13:55:47,2022-07-11 13:55:47,,1657547747,,0x128C33C1...d89Aa0442,OUT
0x6059eb16dde47387febe4f796bb076bee35b7b8621a7f4aa6cb4f88f84e6ba02,https://bscscan.com/tx/0x6059eb16dde47387febe4f796bb076bee35b7b8621a7f4aa6cb4f88f84e6ba02,Compound Power,2022-07-10 22:06:28,2022-07-10 22:06:28,,1657490788,,0x128C33C1...d89Aa0442,OUT
0x8d1d004b8073c454407bb8ca282a3dc448e15a1a7048e1df76a328caa7cf2583,https://bscscan.com/tx/0x8d1d004b8073c454407bb8ca282a3dc448e15a1a7048e1df76a328caa7cf2583,Compound Power,2022-07-10 20:24:49,2022-07-10 20:24:49,,1657484689,,0x128C33C1...d89Aa0442,OUT
0x784450795da48f1410b027bfc468fbd3bf3c8da58102831ae0216fd5b281f3d5,https://bscscan.com/tx/0x784450795da48f1410b027bfc468fbd3bf3c8da58102831ae0216fd5b281f3d5,Claim,2022-07-10 20:24:28,2022-07-10 20:24:28,,1657484668,,0x128C33C1...d89Aa0442,OUT
0x1ea3a131afc3bd7c92dcf70bf1b6e34f4235bf2e168aa0203a0ddd850716c0f3,https://bscscan.com/tx/0x1ea3a131afc3bd7c92dcf70bf1b6e34f4235bf2e168aa0203a0ddd850716c0f3,Bet Bull,2022-07-10 20:24:01,2022-07-10 20:24:01,,1657484641,,0x128C33C1...d89Aa0442,OUT
0x36cf2f45405b5b2c90054cf04788b7e9082f05c986f0990cbec8623f24dbdcab,https://bscscan.com/tx/0x36cf2f45405b5b2c90054cf04788b7e9082f05c986f0990cbec8623f24dbdcab,Bet Bull,2022-07-10 20:18:19,2022-07-10 20:18:19,,1657484299,,0x128C33C1...d89Aa0442,OUT
0x3d9316f3ed15078f10ddbb8a859de2f753627a5f75097d71fee4b8eb4268ba1f,https://bscscan.com/tx/0x3d9316f3ed15078f10ddbb8a859de2f753627a5f75097d71fee4b8eb4268ba1f,Bet Bull,2022-07-10 20:13:28,2022-07-10 20:13:28,,1657484008,,0x128C33C1...d89Aa0442,OUT
0x39e2ba18c580f5c9639cb0bcce68e1e8b6c708261c1efa2d5f102689b0e486b8,https://bscscan.com/tx/0x39e2ba18c580f5c9639cb0bcce68e1e8b6c708261c1efa2d5f102689b0e486b8,Compound Power,2022-07-10 15:14:49,2022-07-10 15:14:49,,1657466089,,0x128C33C1...d89Aa0442,OUT
0xcdd7a2be8d887fbccc5da1f2ba638fde1462344b587d5b7ccef957f40fb238cd,https://bscscan.com/tx/0xcdd7a2be8d887fbccc5da1f2ba638fde1462344b587d5b7ccef957f40fb238cd,Compound Power,2022-07-10 11:31:35,2022-07-10 11:31:35,,1657452695,,0x128C33C1...d89Aa0442,OUT
0x07aa2f7c740afdd54ee5c6f6ff3b440a4188366a99ecad991c393dfe17f1d318,https://bscscan.com/tx/0x07aa2f7c740afdd54ee5c6f6ff3b440a4188366a99ecad991c393dfe17f1d318,Transfer,2022-07-10 10:06:44,2022-07-10 10:06:44,,1657447604,,0x128C33C1...d89Aa0442,OUT
0xde16e996a53d64472b74c912e717ac83a3c1e9672d46560fce7baebf0833a423,https://bscscan.com/tx/0xde16e996a53d64472b74c912e717ac83a3c1e9672d46560fce7baebf0833a423,Transfer,2022-07-10 10:00:44,2022-07-10 10:00:44,,1657447244,,Binance: Hot Wallet 17,IN
0xecae80345dc401ad663065433e0a1cb9714305d78773d9452b6232436161d47e,https://bscscan.com/tx/0xecae80345dc401ad663065433e0a1cb9714305d78773d9452b6232436161d47e,Compound Power,2022-07-10 9:49:23,2022-07-10 9:49:23,,1657446563,,0x128C33C1...d89Aa0442,OUT
0x86097488db42aba14cf9682d6afa540373a83c072769f268a44f9f333577bfa7,https://bscscan.com/tx/0x86097488db42aba14cf9682d6afa540373a83c072769f268a44f9f333577bfa7,Compound Power,2022-07-10 6:22:49,2022-07-10 6:22:49,,1657434169,,0x128C33C1...d89Aa0442,OUT
0x522422f1c6b77587a82d6dab4caafeeb67df725aeb67a6615184cc77ed474617,https://bscscan.com/tx/0x522422f1c6b77587a82d6dab4caafeeb67df725aeb67a6615184cc77ed474617,Compound Power,2022-07-10 3:33:56,2022-07-10 3:33:56,,1657424036,,0x128C33C1...d89Aa0442,OUT
0x3b79a91f1b41fecb9bc6e50abb3245b7305eefa6eb31e295d59fdca1caac1600,https://bscscan.com/tx/0x3b79a91f1b41fecb9bc6e50abb3245b7305eefa6eb31e295d59fdca1caac1600,Invest,2022-07-10 3:30:56,2022-07-10 3:30:56,,1657423856,,0x128C33C1...d89Aa0442,OUT
0x42071702935ae39b2c88f0454510da6fbb1c49531e3fa7766cf29597980174db,https://bscscan.com/tx/0x42071702935ae39b2c88f0454510da6fbb1c49531e3fa7766cf29597980174db,Compound Power,2022-07-09 21:05:29,2022-07-09 21:05:29,,1657400729,,0x128C33C1...d89Aa0442,OUT
0x33e6dd9e4a9213cb22993e2a0e9bb20ac39126e0f87d0e76d94831fbd81cabcb,https://bscscan.com/tx/0x33e6dd9e4a9213cb22993e2a0e9bb20ac39126e0f87d0e76d94831fbd81cabcb,Compound Power,2022-07-09 16:16:18,2022-07-09 16:16:18,,1657383378,,0x128C33C1...d89Aa0442,OUT
0xabc7b35cafae55177594f9aff1f6fb9dbe545b774d0637a8c82fd25206bdd921,https://bscscan.com/tx/0xabc7b35cafae55177594f9aff1f6fb9dbe545b774d0637a8c82fd25206bdd921,Claim,2022-07-09 16:12:27,2022-07-09 16:12:27,,1657383147,,0x128C33C1...d89Aa0442,OUT
0x52b6211056993f8e8cf39ec5e136a00dbdec97d11e773d3033a391ce8a151be6,https://bscscan.com/tx/0x52b6211056993f8e8cf39ec5e136a00dbdec97d11e773d3033a391ce8a151be6,Bet Bear,2022-07-09 16:11:33,2022-07-09 16:11:33,,1657383093,,0x128C33C1...d89Aa0442,OUT
0x59950e260c39d7b751bae689d17ff6ed7a1999fcc29eccc97bba6cdb75517b61,https://bscscan.com/tx/0x59950e260c39d7b751bae689d17ff6ed7a1999fcc29eccc97bba6cdb75517b61,Bet Bull,2022-07-09 16:06:09,2022-07-09 16:06:09,,1657382769,,0x128C33C1...d89Aa0442,OUT
0x76e07dbdd8d8f62f06e48768225999800c9c9824d5c017301f90e2dac3f369a4,https://bscscan.com/tx/0x76e07dbdd8d8f62f06e48768225999800c9c9824d5c017301f90e2dac3f369a4,Claim,2022-07-09 15:41:27,2022-07-09 15:41:27,,1657381287,,0x128C33C1...d89Aa0442,OUT
0xf1745d1a677877ba24dacc9334db5c331d59da4c770a33671a45d2fa841635ba,https://bscscan.com/tx/0xf1745d1a677877ba24dacc9334db5c331d59da4c770a33671a45d2fa841635ba,Bet Bear,2022-07-09 15:35:39,2022-07-09 15:35:39,,1657380939,,0x128C33C1...d89Aa0442,OUT
0x220fee0ec95d6340e26144fab605cdee016db45ea31e6f3574a4ce2aea9ba542,https://bscscan.com/tx/0x220fee0ec95d6340e26144fab605cdee016db45ea31e6f3574a4ce2aea9ba542,Compound Power,2022-07-09 2:19:42,2022-07-09 2:19:42,,1657333182,,0x128C33C1...d89Aa0442,OUT
0x129130f95a38804c0762f958b30e66ada29257f134ecbcef0d7c0198a8934da6,https://bscscan.com/tx/0x129130f95a38804c0762f958b30e66ada29257f134ecbcef0d7c0198a8934da6,Compound Power,2022-07-08 20:33:06,2022-07-08 20:33:06,,1657312386,,0x128C33C1...d89Aa0442,OUT
0x07160fc75669d172aac96dd6a27ec2e85ba230323a89751c6a25f300c693ae8c,https://bscscan.com/tx/0x07160fc75669d172aac96dd6a27ec2e85ba230323a89751c6a25f300c693ae8c,Compound Power,2022-07-08 18:26:45,2022-07-08 18:26:45,,1657304805,,0x128C33C1...d89Aa0442,OUT
0xb0247f59cd111c032db107320206a851e28a71fe960264579e6d00bdae0511a3,https://bscscan.com/tx/0xb0247f59cd111c032db107320206a851e28a71fe960264579e6d00bdae0511a3,Compound Power,2022-07-08 13:09:14,2022-07-08 13:09:14,,1657285754,,0x128C33C1...d89Aa0442,OUT
0x53d6c4d25eb1bd5781e6da7cd132fde7ec8247e365973ac18a5b0cffe4fbd7de,https://bscscan.com/tx/0x53d6c4d25eb1bd5781e6da7cd132fde7ec8247e365973ac18a5b0cffe4fbd7de,Compound Power,2022-07-08 11:35:08,2022-07-08 11:35:08,,1657280108,,0x128C33C1...d89Aa0442,OUT
0x84ce7a0a445af73719b6a454c3a43846bb25488b78f3c279eab7f4b0f6721ccb,https://bscscan.com/tx/0x84ce7a0a445af73719b6a454c3a43846bb25488b78f3c279eab7f4b0f6721ccb,Buy Panels,2022-07-08 0:01:40,2022-07-08 0:01:40,,1657238500,,0x128C33C1...d89Aa0442,OUT
0x05073171005bde391e98c77ebe4f1ce4ed5d031fc57239c31a82987b48e103c8,https://bscscan.com/tx/0x05073171005bde391e98c77ebe4f1ce4ed5d031fc57239c31a82987b48e103c8,Bet Bear,2022-07-07 15:11:06,2022-07-07 15:11:06,,1657206666,,0x128C33C1...d89Aa0442,OUT
0x21ee9f76bfa1eb688a3a8544136af466010e4b11a18cabc1e672903e60954f5e,https://bscscan.com/tx/0x21ee9f76bfa1eb688a3a8544136af466010e4b11a18cabc1e672903e60954f5e,Transfer,2022-07-07 13:41:35,2022-07-07 13:41:35,,1657201295,,0x128C33C1...d89Aa0442,OUT
0x83dcf547052b47f1eed5a40403df5423806baaffe0c6cee60c1ea3e5e4c49a9f,https://bscscan.com/tx/0x83dcf547052b47f1eed5a40403df5423806baaffe0c6cee60c1ea3e5e4c49a9f,Transfer,2022-07-07 0:19:12,2022-07-07 0:19:12,,1657153152,,0x128C33C1...d89Aa0442,OUT
0xc72a000823853c85227d3f93559f2d3c2d56ba03bccee610218ba136ae1e4f19,https://bscscan.com/tx/0xc72a000823853c85227d3f93559f2d3c2d56ba03bccee610218ba136ae1e4f19,Transfer,2022-07-06 17:51:23,2022-07-06 17:51:23,,1657129883,,0x128C33C1...d89Aa0442,OUT
0xe97882f8f814ae503c219e566fcf0daae79246b2dca7c0b02e0dbcb4e802beb2,https://bscscan.com/tx/0xe97882f8f814ae503c219e566fcf0daae79246b2dca7c0b02e0dbcb4e802beb2,Claim,2022-07-06 17:48:50,2022-07-06 17:48:50,,1657129730,,0x128C33C1...d89Aa0442,OUT
0x82eb81c0bcce235af0abe01bbdb4f09429f5944b32cfb8f5d73b81031cbfebfe,https://bscscan.com/tx/0x82eb81c0bcce235af0abe01bbdb4f09429f5944b32cfb8f5d73b81031cbfebfe,Bet Bull,2022-07-06 17:42:35,2022-07-06 17:42:35,,1657129355,,0x128C33C1...d89Aa0442,OUT
0x2ad3893735c4d09e2b422e771954a28290e6f9d643af77a737e11bd69566575c,https://bscscan.com/tx/0x2ad3893735c4d09e2b422e771954a28290e6f9d643af77a737e11bd69566575c,Transfer,2022-07-05 21:29:38,2022-07-05 21:29:38,,1657056578,,0x128C33C1...d89Aa0442,OUT
0xcacef8e69a153f59978ec1c9d5370c21b523e8dadd472fe7bed00b8898dfe0ce,https://bscscan.com/tx/0xcacef8e69a153f59978ec1c9d5370c21b523e8dadd472fe7bed00b8898dfe0ce,Transfer,2022-07-05 16:06:03,2022-07-05 16:06:03,,1657037163,,Binance: Hot Wallet 13,IN
0x75e70b6c621f76719aa7a0eda3b11698575f9f055e7afb09171b0d745ba93067,https://bscscan.com/tx/0x75e70b6c621f76719aa7a0eda3b11698575f9f055e7afb09171b0d745ba93067,Approve,2022-07-04 22:17:56,2022-07-04 22:17:56,,1656973076,,0x128C33C1...d89Aa0442,OUT
0x9175fd35b8afdb60543ca7135c8ef9f1d090d3d7e0eb0f482341260e603211b9,https://bscscan.com/tx/0x9175fd35b8afdb60543ca7135c8ef9f1d090d3d7e0eb0f482341260e603211b9,Transfer,2022-06-22 6:42:31,2022-06-22 6:42:31,,1655880151,,0x128C33C1...d89Aa0442,OUT
0xf6a87e95058bd9e19c467538022adb4e926a4ac85a8d79c90ac72beab82a5cb0,https://bscscan.com/tx/0xf6a87e95058bd9e19c467538022adb4e926a4ac85a8d79c90ac72beab82a5cb0,Transfer,2022-06-22 6:40:40,2022-06-22 6:40:40,,1655880040,,Binance: Hot Wallet 17,IN
0xdda68059fa065d8a9caabca57d2cdbd660106e4e56b4e6073a559297f62865d4,https://bscscan.com/tx/0xdda68059fa065d8a9caabca57d2cdbd660106e4e56b4e6073a559297f62865d4,Transfer,2022-06-22 5:24:40,2022-06-22 5:24:40,,1655875480,,0x128C33C1...d89Aa0442,OUT
0xa1389da2494e6836ccd514df0a54b03aca6aa64407026b47e5ad596f09c45411,https://bscscan.com/tx/0xa1389da2494e6836ccd514df0a54b03aca6aa64407026b47e5ad596f09c45411,Transfer,2022-06-22 5:23:40,2022-06-22 5:23:40,,1655875420,,0x128C33C1...d89Aa0442,OUT
0x58fe0fc2fc44c6ff26b5ed584ad539e0fa2c43150e998a967d93d539dfd4f40c,https://bscscan.com/tx/0x58fe0fc2fc44c6ff26b5ed584ad539e0fa2c43150e998a967d93d539dfd4f40c,Transfer,2022-06-12 0:50:13,2022-06-12 0:50:13,,1654995013,,0x128C33C1...d89Aa0442,OUT
0xb3ef6a5c6603152b7553e566927e98b252e4ecb13253e84d271d6fe45f0696eb,https://bscscan.com/tx/0xb3ef6a5c6603152b7553e566927e98b252e4ecb13253e84d271d6fe45f0696eb,Transfer,2022-06-11 23:33:53,2022-06-11 23:33:53,,1654990433,,0x128C33C1...d89Aa0442,OUT
0x76bcf169a97311a52da2649b5ad70c121ff2dba320e13fbc6c1a6a8397ad7c67,https://bscscan.com/tx/0x76bcf169a97311a52da2649b5ad70c121ff2dba320e13fbc6c1a6a8397ad7c67,Transfer*,2022-06-11 17:06:17,2022-06-11 17:06:17,,1654967177,,Anyswap: Polygon Bridge,IN
0x7e778b0b5b796cb99dd0d318cd4f20d3894f8c23e580c31bedc96011cb45606f,https://bscscan.com/tx/0x7e778b0b5b796cb99dd0d318cd4f20d3894f8c23e580c31bedc96011cb45606f,Transfer,2022-05-30 10:57:46,2022-05-30 10:57:46,,1653908266,,0x128C33C1...d89Aa0442,OUT
0x042b1927965046269ffd9105b6efb0abc2fcace35ffdab0ba4360440cbf92ba6,https://bscscan.com/tx/0x042b1927965046269ffd9105b6efb0abc2fcace35ffdab0ba4360440cbf92ba6,Transfer,2022-05-29 9:54:15,2022-05-29 9:54:15,,1653818055,,0x128C33C1...d89Aa0442,OUT
0x7d81ec1742555aff37c90b349334d66e9c123ac081fb0164b91fa792e9d76440,https://bscscan.com/tx/0x7d81ec1742555aff37c90b349334d66e9c123ac081fb0164b91fa792e9d76440,Approve,2022-05-29 9:52:33,2022-05-29 9:52:33,,1653817953,,0x128C33C1...d89Aa0442,OUT
0xef17127d71a66c23cd7f770c5d4eb2275469d2f47d7498f50631ecbcca59f81c,https://bscscan.com/tx/0xef17127d71a66c23cd7f770c5d4eb2275469d2f47d7498f50631ecbcca59f81c,Bet Bear,2022-05-26 4:32:45,2022-05-26 4:32:45,,1653539565,,0x128C33C1...d89Aa0442,OUT
0x048395caac44ee2db697e2ff616534b03a934e521a3cdb099f3729272e575aad,https://bscscan.com/tx/0x048395caac44ee2db697e2ff616534b03a934e521a3cdb099f3729272e575aad,Transfer,2022-05-26 3:45:35,2022-05-26 3:45:35,,1653536735,,Binance: Hot Wallet 13,IN
0xb0b18f3d746e4fb86c5dd07daabec3723efddbfd0f04e2885b81416bb261d12c,https://bscscan.com/tx/0xb0b18f3d746e4fb86c5dd07daabec3723efddbfd0f04e2885b81416bb261d12c,Bet Bull,2022-05-25 4:16:27,2022-05-25 4:16:27,,1653452187,,0x128C33C1...d89Aa0442,OUT
0x70a18a71d37bbfeed26df04ffa9f8e7851fcfe616e77045017923af1e519964d,https://bscscan.com/tx/0x70a18a71d37bbfeed26df04ffa9f8e7851fcfe616e77045017923af1e519964d,Transfer,2022-05-14 21:27:25,2022-05-14 21:27:25,,1652563645,,0x128C33C1...d89Aa0442,OUT
0x3a4b132950e9d7b82d3f010853c0a266b898fbd670505d26a0e3750813e606f1,https://bscscan.com/tx/0x3a4b132950e9d7b82d3f010853c0a266b898fbd670505d26a0e3750813e606f1,Transfer,2022-05-13 2:08:03,2022-05-13 2:08:03,,1652407683,,0x128C33C1...d89Aa0442,OUT
0x022ab8cf76cd59b1e7bac139f9c23f6ed7f86db1987bc77b9116fed5b72f9ea6,https://bscscan.com/tx/0x022ab8cf76cd59b1e7bac139f9c23f6ed7f86db1987bc77b9116fed5b72f9ea6,Swap Exact Token...,2022-05-13 2:07:18,2022-05-13 2:07:18,,1652407638,,0x128C33C1...d89Aa0442,OUT
0x1336a3ca8515bbc0c1b680ace040a8d91c14c64e3ecfd48e7286a3273eccc993,https://bscscan.com/tx/0x1336a3ca8515bbc0c1b680ace040a8d91c14c64e3ecfd48e7286a3273eccc993,Remove Liquidity...,2022-05-13 2:06:36,2022-05-13 2:06:36,,1652407596,,0x128C33C1...d89Aa0442,OUT
0xd8d2055fc8c7dcb27f1e84b22607cfdeb019f4aff77b85836e45a2d1dea6edda,https://bscscan.com/tx/0xd8d2055fc8c7dcb27f1e84b22607cfdeb019f4aff77b85836e45a2d1dea6edda,Withdraw All,2022-05-13 2:06:03,2022-05-13 2:06:03,,1652407563,,0x128C33C1...d89Aa0442,OUT
0xf9e8d6892607041d988168a9afb95c53c6137c75a1425d5dfbeb679f47a000de,https://bscscan.com/tx/0xf9e8d6892607041d988168a9afb95c53c6137c75a1425d5dfbeb679f47a000de,Beef In ETH,2022-05-13 1:35:18,2022-05-13 1:35:18,,1652405718,,0x128C33C1...d89Aa0442,OUT
0x321bd5b9b0ebcde0b4402fbf67b35e4662d3295f447c611d085284e9fb6cf5b4,https://bscscan.com/tx/0x321bd5b9b0ebcde0b4402fbf67b35e4662d3295f447c611d085284e9fb6cf5b4,Swap Exact Token...,2022-05-13 1:34:38,2022-05-13 1:34:38,,1652405678,,0x128C33C1...d89Aa0442,OUT
0x6fb636e96fd2b3ade20baf8b593efa00804eae38267b4322fc4c3f4dee4dc5c6,https://bscscan.com/tx/0x6fb636e96fd2b3ade20baf8b593efa00804eae38267b4322fc4c3f4dee4dc5c6,Swap Exact Token...,2022-05-13 1:34:07,2022-05-13 1:34:07,,1652405647,,0x128C33C1...d89Aa0442,OUT
0xa956b5eeac35e9ce9962b9bd8234692d2e0834654ffb5313a6875bc2ed5e60c7,https://bscscan.com/tx/0xa956b5eeac35e9ce9962b9bd8234692d2e0834654ffb5313a6875bc2ed5e60c7,Remove Liquidity...,2022-05-13 1:33:34,2022-05-13 1:33:34,,1652405614,,0x128C33C1...d89Aa0442,OUT
0x0d4f6e6f78ea69abb68006d586e54cf422d04903bb640eb6cbe96ae5bfd17066,https://bscscan.com/tx/0x0d4f6e6f78ea69abb68006d586e54cf422d04903bb640eb6cbe96ae5bfd17066,Withdraw All,2022-05-13 1:32:49,2022-05-13 1:32:49,,1652405569,,0x128C33C1...d89Aa0442,OUT
0x83e2d7a67183bb6cefcc2f05eb729facfac573fa445586a78bbb58dec96a46a4,https://bscscan.com/tx/0x83e2d7a67183bb6cefcc2f05eb729facfac573fa445586a78bbb58dec96a46a4,Transfer,2022-05-12 3:05:09,2022-05-12 3:05:09,,1652324709,,0x128C33C1...d89Aa0442,OUT
0x86dafc906153051ff9e8b1f62e55a3b10aa45dfa116fef307f0d68d3191b1869,https://bscscan.com/tx/0x86dafc906153051ff9e8b1f62e55a3b10aa45dfa116fef307f0d68d3191b1869,Transfer*,2022-05-12 2:38:15,2022-05-12 2:38:15,,1652323095,,Anyswap: Bridge Fantom,IN
0x082245008954402539ebfdf4182b6e86719553a9394a84699d81a7f88318219f,https://bscscan.com/tx/0x082245008954402539ebfdf4182b6e86719553a9394a84699d81a7f88318219f,Beef In ETH,2022-05-11 23:28:58,2022-05-11 23:28:58,,1652311738,,0x128C33C1...d89Aa0442,OUT
0xbbea4e19252bd33e1858bcfe0399a72121952bdb65d1ff0cc30962fad186e808,https://bscscan.com/tx/0xbbea4e19252bd33e1858bcfe0399a72121952bdb65d1ff0cc30962fad186e808,Beef In ETH,2022-05-11 23:27:24,2022-05-11 23:27:24,,1652311644,,0x128C33C1...d89Aa0442,OUT
0xf51e5aa1ecb4d5abdd51604490c575d2a5538c552fffe382e5d2202555f8ac1a,https://bscscan.com/tx/0xf51e5aa1ecb4d5abdd51604490c575d2a5538c552fffe382e5d2202555f8ac1a,Swap Exact Token...,2022-05-11 14:38:15,2022-05-11 14:38:15,,1652279895,,0x128C33C1...d89Aa0442,OUT
0xb320a32edfd534d27617252c06a9d10f736a54390020d7a92bbdecdf6edb8001,https://bscscan.com/tx/0xb320a32edfd534d27617252c06a9d10f736a54390020d7a92bbdecdf6edb8001,Remove Liquidity...,2022-05-11 14:37:42,2022-05-11 14:37:42,,1652279862,,0x128C33C1...d89Aa0442,OUT
0x39736512b50e00e5e184217f8cbc23a94a673f2bf348f2a4c6c34fcfb77b399d,https://bscscan.com/tx/0x39736512b50e00e5e184217f8cbc23a94a673f2bf348f2a4c6c34fcfb77b399d,Withdraw All,2022-05-11 14:36:51,2022-05-11 14:36:51,,1652279811,,0x128C33C1...d89Aa0442,OUT
0x38b8a647cd1bb3c8b0b2453b485634a873e448f7c5cdde313f5abe71bccf3b94,https://bscscan.com/tx/0x38b8a647cd1bb3c8b0b2453b485634a873e448f7c5cdde313f5abe71bccf3b94,Transfer,2022-05-11 14:06:13,2022-05-11 14:06:13,,1652277973,,0x128C33C1...d89Aa0442,OUT
0x826ceec696c4ae7aea52fd7ba0be5213d5eb472a06e07f6609574418a3e0d74e,https://bscscan.com/tx/0x826ceec696c4ae7aea52fd7ba0be5213d5eb472a06e07f6609574418a3e0d74e,Swap Exact Token...,2022-05-11 14:05:07,2022-05-11 14:05:07,,1652277907,,0x128C33C1...d89Aa0442,OUT
0xcdda90200f3f0989142f3a06df962d933971daf41c90cd8208e635b9c42fd5e8,https://bscscan.com/tx/0xcdda90200f3f0989142f3a06df962d933971daf41c90cd8208e635b9c42fd5e8,Remove Liquidity...,2022-05-11 14:04:40,2022-05-11 14:04:40,,1652277880,,0x128C33C1...d89Aa0442,OUT
0xa4d0094d74117057cadbcd6544fa77423cda9fe2b51bfd0cc406cfc1186b98ed,https://bscscan.com/tx/0xa4d0094d74117057cadbcd6544fa77423cda9fe2b51bfd0cc406cfc1186b98ed,Withdraw,2022-05-11 14:03:46,2022-05-11 14:03:46,,1652277826,,0x128C33C1...d89Aa0442,OUT
0xe9a60177ede0fa5b028049566b59a97010d4636084cc32e7925392562ec81212,https://bscscan.com/tx/0xe9a60177ede0fa5b028049566b59a97010d4636084cc32e7925392562ec81212,Beef In ETH,2022-05-10 8:32:31,2022-05-10 8:32:31,,1652171551,,0x128C33C1...d89Aa0442,OUT
0x68e989b4381dbd80e22ec2e6a708bdd9e9034dea8a1ff1228bb4a13da1e45211,https://bscscan.com/tx/0x68e989b4381dbd80e22ec2e6a708bdd9e9034dea8a1ff1228bb4a13da1e45211,Swap Exact Token...,2022-05-10 8:31:34,2022-05-10 8:31:34,,1652171494,,0x128C33C1...d89Aa0442,OUT
0x2775ee929b09387302b6a40b6f7912aa77eb5a4e0936304f90f42149f07db6eb,https://bscscan.com/tx/0x2775ee929b09387302b6a40b6f7912aa77eb5a4e0936304f90f42149f07db6eb,Remove Liquidity...,2022-05-10 8:30:39,2022-05-10 8:30:39,,1652171439,,0x128C33C1...d89Aa0442,OUT
0x9adabd311be397730e25980cee6eb492e88a9e3d70621a1457c1f2c440993a72,https://bscscan.com/tx/0x9adabd311be397730e25980cee6eb492e88a9e3d70621a1457c1f2c440993a72,Withdraw All,2022-05-10 8:28:22,2022-05-10 8:28:22,,1652171302,,0x128C33C1...d89Aa0442,OUT
0x0d2818597d585b0cfa97b0942e5d190edd775e03973ebf8142307a405e157267,https://bscscan.com/tx/0x0d2818597d585b0cfa97b0942e5d190edd775e03973ebf8142307a405e157267,Beef In ETH,2022-05-10 4:33:54,2022-05-10 4:33:54,,1652157234,,0x128C33C1...d89Aa0442,OUT
0xad38d5942268fa182627faec515c04557c20bdb6715bd86933af320b9ec9055e,https://bscscan.com/tx/0xad38d5942268fa182627faec515c04557c20bdb6715bd86933af320b9ec9055e,Swap Exact Token...,2022-05-10 4:33:15,2022-05-10 4:33:15,,1652157195,,0x128C33C1...d89Aa0442,OUT
0xa600991fc5a89b3ff4e5fa14fc30fd376349bc7c1ab9579e8a9ffd595370024f,https://bscscan.com/tx/0xa600991fc5a89b3ff4e5fa14fc30fd376349bc7c1ab9579e8a9ffd595370024f,Remove Liquidity...,2022-05-10 4:32:06,2022-05-10 4:32:06,,1652157126,,0x128C33C1...d89Aa0442,OUT
0x67cf2b50b11bc0dde7374b9f7eb51d96e705747dda166097b814c6725c8f7bcb,https://bscscan.com/tx/0x67cf2b50b11bc0dde7374b9f7eb51d96e705747dda166097b814c6725c8f7bcb,Withdraw,2022-05-10 4:29:45,2022-05-10 4:29:45,,1652156985,,0x128C33C1...d89Aa0442,OUT
0x428ab3149982dc670862d87ed38351f641e17252c364c6a711d176b0f3a751a7,https://bscscan.com/tx/0x428ab3149982dc670862d87ed38351f641e17252c364c6a711d176b0f3a751a7,Beef In ETH,2022-05-09 15:49:30,2022-05-09 15:49:30,,1652111370,,0x128C33C1...d89Aa0442,OUT
0xf4562f9c69374ee090e6a3c42c255cc6262624a4a8611d10e9294b51843f67c9,https://bscscan.com/tx/0xf4562f9c69374ee090e6a3c42c255cc6262624a4a8611d10e9294b51843f67c9,Swap Exact Token...,2022-05-09 15:48:45,2022-05-09 15:48:45,,1652111325,,0x128C33C1...d89Aa0442,OUT
0x5129a344aeda43a2eef50b240a81824272367c46c3f1d646feb9ef6874140d9f,https://bscscan.com/tx/0x5129a344aeda43a2eef50b240a81824272367c46c3f1d646feb9ef6874140d9f,Remove Liquidity...,2022-05-09 15:48:06,2022-05-09 15:48:06,,1652111286,,0x128C33C1...d89Aa0442,OUT
0x715251f1ef194bcb08530913c4f6c4c209b6a2c3e2edcb4b78a0566939ea7e57,https://bscscan.com/tx/0x715251f1ef194bcb08530913c4f6c4c209b6a2c3e2edcb4b78a0566939ea7e57,Withdraw All,2022-05-09 15:46:54,2022-05-09 15:46:54,,1652111214,,0x128C33C1...d89Aa0442,OUT
0x83a72b8c93cd0ba777ed276bfd1ce3a7dcf82f89fd1f911bdb6d06b847fdf228,https://bscscan.com/tx/0x83a72b8c93cd0ba777ed276bfd1ce3a7dcf82f89fd1f911bdb6d06b847fdf228,Beef In ETH,2022-05-08 14:06:22,2022-05-08 14:06:22,,1652018782,,0x128C33C1...d89Aa0442,OUT
0xabe6005428afba4553c34443e7c1c6991920d27d6311436daf1ce9c0040194bf,https://bscscan.com/tx/0xabe6005428afba4553c34443e7c1c6991920d27d6311436daf1ce9c0040194bf,Swap Exact Token...,2022-05-08 14:05:19,2022-05-08 14:05:19,,1652018719,,0x128C33C1...d89Aa0442,OUT
0xba96163f7cdb8385687b4dfd758cfb37e727133060677da1efee0b1d3d9e2582,https://bscscan.com/tx/0xba96163f7cdb8385687b4dfd758cfb37e727133060677da1efee0b1d3d9e2582,Approve,2022-05-08 14:04:58,2022-05-08 14:04:58,,1652018698,,0x128C33C1...d89Aa0442,OUT
0x64676a410f5028a8af2ba5e2c0d6f0fb0f0ce9dc19c8121265fdfe3fcfd3da8c,https://bscscan.com/tx/0x64676a410f5028a8af2ba5e2c0d6f0fb0f0ce9dc19c8121265fdfe3fcfd3da8c,Remove Liquidity...,2022-05-08 14:04:19,2022-05-08 14:04:19,,1652018659,,0x128C33C1...d89Aa0442,OUT
0x9906d81bda1c8dcf0c6008cbafcb0dd485e827ce918a677a3fd56d9e47acd689,https://bscscan.com/tx/0x9906d81bda1c8dcf0c6008cbafcb0dd485e827ce918a677a3fd56d9e47acd689,Withdraw All,2022-05-08 14:01:07,2022-05-08 14:01:07,,1652018467,,0x128C33C1...d89Aa0442,OUT
0x87bcf0ae01d127944832e93d0593436b3236b2dba5e640ed119fae323adaa205,https://bscscan.com/tx/0x87bcf0ae01d127944832e93d0593436b3236b2dba5e640ed119fae323adaa205,Transfer,2022-05-08 3:27:04,2022-05-08 3:27:04,,1651980424,,0x128C33C1...d89Aa0442,OUT
0xa460ec3db566fae0020cb3c4de51e363c9b9e093ae74d0eb48dedaae9b1f7d8c,https://bscscan.com/tx/0xa460ec3db566fae0020cb3c4de51e363c9b9e093ae74d0eb48dedaae9b1f7d8c,Transfer*,2022-05-08 3:12:48,2022-05-08 3:12:48,,1651979568,,Anyswap: Bridge Fantom,IN
0x6cfd41871d0a954ee16b2953c5636817a09b16d731ddcdeb40df10808a55264f,https://bscscan.com/tx/0x6cfd41871d0a954ee16b2953c5636817a09b16d731ddcdeb40df10808a55264f,Beef In ETH,2022-05-08 2:46:15,2022-05-08 2:46:15,,1651977975,,0x128C33C1...d89Aa0442,OUT
0xa8a1dd03a091c2e6bac6428b06d35e953edd9395110d96c23909baf6235ad648,https://bscscan.com/tx/0xa8a1dd03a091c2e6bac6428b06d35e953edd9395110d96c23909baf6235ad648,Swap Exact Token...,2022-05-08 2:45:44,2022-05-08 2:45:44,,1651977944,,0x128C33C1...d89Aa0442,OUT
0xbf32f4cac8ceb8cfbb2f74f7370c4241ff6c88950cc05a7d8b8a416f58c20a8c,https://bscscan.com/tx/0xbf32f4cac8ceb8cfbb2f74f7370c4241ff6c88950cc05a7d8b8a416f58c20a8c,Remove Liquidity...,2022-05-08 2:45:11,2022-05-08 2:45:11,,1651977911,,0x128C33C1...d89Aa0442,OUT
0xf4f648f2a00cac90d5692718a91feabfd1a361d23fcf8472cbcefe4974b843a6,https://bscscan.com/tx/0xf4f648f2a00cac90d5692718a91feabfd1a361d23fcf8472cbcefe4974b843a6,Withdraw All,2022-05-08 2:44:32,2022-05-08 2:44:32,,1651977872,,0x128C33C1...d89Aa0442,OUT
0x2ad6f7906fb951e246bc02ef20c434f79030fdf13ca6ff8ca1c64ff1a29c56e4,https://bscscan.com/tx/0x2ad6f7906fb951e246bc02ef20c434f79030fdf13ca6ff8ca1c64ff1a29c56e4,Deposit All,2022-05-06 22:52:25,2022-05-06 22:52:25,,1651877545,,0x128C33C1...d89Aa0442,OUT
0x84efe76fbd24fd53d0bef3e58fc91f87404a486b00a708efc5cb98276ae8e2a7,https://bscscan.com/tx/0x84efe76fbd24fd53d0bef3e58fc91f87404a486b00a708efc5cb98276ae8e2a7,Approve,2022-05-06 22:52:07,2022-05-06 22:52:07,,1651877527,,0x128C33C1...d89Aa0442,OUT
0x5be93ea06179d65be965d6c2cc1ffed89acf94af770e78d82d27fb42fd87d7ad,https://bscscan.com/tx/0x5be93ea06179d65be965d6c2cc1ffed89acf94af770e78d82d27fb42fd87d7ad,Add Liquidity ET...,2022-05-06 22:51:37,2022-05-06 22:51:37,,1651877497,,0x128C33C1...d89Aa0442,OUT
0xbe96e9eb3df91c4621516421ccfa58ee89d57bed53fefecf75716c65554d08a3,https://bscscan.com/tx/0xbe96e9eb3df91c4621516421ccfa58ee89d57bed53fefecf75716c65554d08a3,Approve,2022-05-06 22:51:25,2022-05-06 22:51:25,,1651877485,,0x128C33C1...d89Aa0442,OUT
0x88d7b3de1e1d7b5975bed2fd741175e51572caddf258dccc3ac632476d18aefe,https://bscscan.com/tx/0x88d7b3de1e1d7b5975bed2fd741175e51572caddf258dccc3ac632476d18aefe,Approve,2022-05-06 22:50:58,2022-05-06 22:50:58,,1651877458,,0x128C33C1...d89Aa0442,OUT
0x717a63d4b6a6adcd3af631bc1f68c3bba5a043369a13af82b82da4d3220955ba,https://bscscan.com/tx/0x717a63d4b6a6adcd3af631bc1f68c3bba5a043369a13af82b82da4d3220955ba,Transfer,2022-05-06 22:48:46,2022-05-06 22:48:46,,1651877326,,0xE42BE986...70D329C86,IN
0x897f1ddb85b5da14175efba247641c010dbdc20375ee300a970bb967be237613,https://bscscan.com/tx/0x897f1ddb85b5da14175efba247641c010dbdc20375ee300a970bb967be237613,Transfer,2022-05-06 22:38:43,2022-05-06 22:38:43,,1651876723,,0x128C33C1...d89Aa0442,OUT
0xef46b71ab79e559a4451e36ff8b996ef630cd9db359579c6f8d7a742363d6e65,https://bscscan.com/tx/0xef46b71ab79e559a4451e36ff8b996ef630cd9db359579c6f8d7a742363d6e65,Transfer,2022-05-06 22:38:10,2022-05-06 22:38:10,,1651876690,,0x128C33C1...d89Aa0442,OUT
0xb95102bea3cc455007dbb20b42b4933b316cc33c29437974d4be966e3539ca82,https://bscscan.com/tx/0xb95102bea3cc455007dbb20b42b4933b316cc33c29437974d4be966e3539ca82,Transfer,2022-05-06 22:20:36,2022-05-06 22:20:36,,1651875636,,Binance: Withdrawals 7,IN
0x01049ce49a5470abe652454f26d2fa8b659c31e5ff2770ba965e22f70a95ba86,https://bscscan.com/tx/0x01049ce49a5470abe652454f26d2fa8b659c31e5ff2770ba965e22f70a95ba86,Transfer,2022-05-06 21:51:42,2022-05-06 21:51:42,,1651873902,,0x128C33C1...d89Aa0442,OUT
0xfc627fb760c832bc600cff0c65eb3c216cf87e51c3650693969fcd11e0512636,https://bscscan.com/tx/0xfc627fb760c832bc600cff0c65eb3c216cf87e51c3650693969fcd11e0512636,Transfer,2022-05-06 21:51:18,2022-05-06 21:51:18,,1651873878,,0x128C33C1...d89Aa0442,OUT
0x942a9f75e245b03ff7ec18db83b140651239aa2f4bcfd706b27302dd8505f3b9,https://bscscan.com/tx/0x942a9f75e245b03ff7ec18db83b140651239aa2f4bcfd706b27302dd8505f3b9,Remove Liquidity...,2022-05-06 21:48:30,2022-05-06 21:48:30,,1651873710,,0x128C33C1...d89Aa0442,OUT
0xb13803c446e36c191ba19fb2cd9845e20ffe287b6082d7035cfbe9d16d33cfd3,https://bscscan.com/tx/0xb13803c446e36c191ba19fb2cd9845e20ffe287b6082d7035cfbe9d16d33cfd3,Withdraw,2022-05-06 21:44:36,2022-05-06 21:44:36,,1651873476,,0x128C33C1...d89Aa0442,OUT
0xaab0a78b8a5fe102b09ee26c7f51ffe223944c5a92289a02e2cc7bc6c3ad93ce,https://bscscan.com/tx/0xaab0a78b8a5fe102b09ee26c7f51ffe223944c5a92289a02e2cc7bc6c3ad93ce,Beef In ETH,2022-05-06 21:40:42,2022-05-06 21:40:42,,1651873242,,0x128C33C1...d89Aa0442,OUT
0xb4936e896e46f971a41f31f82a20931a33daf035e31454b6cff978f2a0ce15fe,https://bscscan.com/tx/0xb4936e896e46f971a41f31f82a20931a33daf035e31454b6cff978f2a0ce15fe,Swap Exact Token...,2022-05-06 21:39:48,2022-05-06 21:39:48,,1651873188,,0x128C33C1...d89Aa0442,OUT
0x8474f5d29d3c72962dfe55301288f3925d032edc8ad1ff7d19742da3517916b8,https://bscscan.com/tx/0x8474f5d29d3c72962dfe55301288f3925d032edc8ad1ff7d19742da3517916b8,Remove Liquidity...,2022-05-06 21:39:24,2022-05-06 21:39:24,,1651873164,,0x128C33C1...d89Aa0442,OUT
0x30f177a4dc7a989460959bb28fc3b1d763ce4894177075cb5ee9e6420bb9fbc7,https://bscscan.com/tx/0x30f177a4dc7a989460959bb28fc3b1d763ce4894177075cb5ee9e6420bb9fbc7,Withdraw All,2022-05-06 21:38:42,2022-05-06 21:38:42,,1651873122,,0x128C33C1...d89Aa0442,OUT
0x4afe2a4234af3c44cacac0a51cf7d76692ae351880158310c55bb6a62344ba2c,https://bscscan.com/tx/0x4afe2a4234af3c44cacac0a51cf7d76692ae351880158310c55bb6a62344ba2c,Beef In ETH,2022-05-06 21:37:27,2022-05-06 21:37:27,,1651873047,,0x128C33C1...d89Aa0442,OUT
0xf689cd957259641736f42ae4705e4e2fe4f6fee678a6c1d694629c6d610af3ca,https://bscscan.com/tx/0xf689cd957259641736f42ae4705e4e2fe4f6fee678a6c1d694629c6d610af3ca,Beef In ETH,2022-05-06 21:36:48,2022-05-06 21:36:48,,1651873008,,0x128C33C1...d89Aa0442,OUT
0xab29304cdd69b7702666e5a768add88e423bf9f04360834ac2dab50a8e88b5ca,https://bscscan.com/tx/0xab29304cdd69b7702666e5a768add88e423bf9f04360834ac2dab50a8e88b5ca,Transfer,2022-05-06 21:35:00,2022-05-06 21:35:00,,1651872900,,Binance: Hot Wallet 16,IN
0x07fd3a7446d9189a1816d66fc6c25c8e828a5113b6896f056c322b989b522251,https://bscscan.com/tx/0x07fd3a7446d9189a1816d66fc6c25c8e828a5113b6896f056c322b989b522251,Beef In ETH,2022-05-04 18:05:39,2022-05-04 18:05:39,,1651687539,,0x128C33C1...d89Aa0442,OUT
0x4544b0164141757ca1de78b4fbeed61b7ac7d079d5fe68825ce0865cc54c89f5,https://bscscan.com/tx/0x4544b0164141757ca1de78b4fbeed61b7ac7d079d5fe68825ce0865cc54c89f5,Transfer,2022-05-04 14:55:53,2022-05-04 14:55:53,,1651676153,,0x128C33C1...d89Aa0442,OUT
0xa415a4ec6260914205b4591285e86eed62ca24f317e10dbc03283bb2a205a1ae,https://bscscan.com/tx/0xa415a4ec6260914205b4591285e86eed62ca24f317e10dbc03283bb2a205a1ae,Transfer,2022-05-04 14:54:02,2022-05-04 14:54:02,,1651676042,,0x128C33C1...d89Aa0442,OUT
0xf892c6d616f4ae40752e8bc3e64611c30667411f0ef2dc82d2550565cc254df4,https://bscscan.com/tx/0xf892c6d616f4ae40752e8bc3e64611c30667411f0ef2dc82d2550565cc254df4,Swap Exact Token...,2022-05-04 13:29:28,2022-05-04 13:29:28,,1651670968,,0x128C33C1...d89Aa0442,OUT
0xd67b6b5fa0b47707396a1f5d86c933fd51132a28c572e93316d58010a054c62a,https://bscscan.com/tx/0xd67b6b5fa0b47707396a1f5d86c933fd51132a28c572e93316d58010a054c62a,Remove Liquidity...,2022-05-04 13:28:31,2022-05-04 13:28:31,,1651670911,,0x128C33C1...d89Aa0442,OUT
0xead315de323a989031cefddf0edb47dcb56785c2132816f844ed0762466325dd,https://bscscan.com/tx/0xead315de323a989031cefddf0edb47dcb56785c2132816f844ed0762466325dd,Withdraw All,2022-05-04 13:27:37,2022-05-04 13:27:37,,1651670857,,0x128C33C1...d89Aa0442,OUT
0xe9ae56a1d84a11ea6b169e956dced7772b8c3b683daec7dfae79d528313be155,https://bscscan.com/tx/0xe9ae56a1d84a11ea6b169e956dced7772b8c3b683daec7dfae79d528313be155,Beef In ETH,2022-05-03 12:32:02,2022-05-03 12:32:02,,1651581122,,0x128C33C1...d89Aa0442,OUT
0xd20c26cb6b197ee44e76a9cdca3b779f8e22375aa6d37495010b7fcf10e47997,https://bscscan.com/tx/0xd20c26cb6b197ee44e76a9cdca3b779f8e22375aa6d37495010b7fcf10e47997,Transfer,2022-05-03 12:30:50,2022-05-03 12:30:50,,1651581050,,Binance: Hot Wallet 10,IN
0x4c178cb8927233de455c6c0d0acfbf36b1f5739a8b40bf4cdabf5bc461fc6b62,https://bscscan.com/tx/0x4c178cb8927233de455c6c0d0acfbf36b1f5739a8b40bf4cdabf5bc461fc6b62,Beef In ETH,2022-05-03 2:52:23,2022-05-03 2:52:23,,1651546343,,0x128C33C1...d89Aa0442,OUT
0xf934b357a72d03cb490926d14e647e697fc7a0c78494e13fe7c773b250db3485,https://bscscan.com/tx/0xf934b357a72d03cb490926d14e647e697fc7a0c78494e13fe7c773b250db3485,Transfer*,2022-05-03 2:46:41,2022-05-03 2:46:41,,1651546001,,0xd9B4aE62...02447922e,IN
0x8332e6552c06c8ccaf5824fcfa2eeb212e9545726391b27d2fbd86def8b0f8f3,https://bscscan.com/tx/0x8332e6552c06c8ccaf5824fcfa2eeb212e9545726391b27d2fbd86def8b0f8f3,Beef In ETH,2022-04-30 20:34:44,2022-04-30 20:34:44,,1651350884,,0x128C33C1...d89Aa0442,OUT
0x3bb70abe180b322cc74396257e21a8ceb3353c7aca1d8134f9a5ad655605812e,https://bscscan.com/tx/0x3bb70abe180b322cc74396257e21a8ceb3353c7aca1d8134f9a5ad655605812e,Swap Exact Token...,2022-04-30 20:34:08,2022-04-30 20:34:08,,1651350848,,0x128C33C1...d89Aa0442,OUT
0x414f0f2c1f0c3b6cfe166e0729e48735ec26184b64effc8ae2e35a44c68cf92b,https://bscscan.com/tx/0x414f0f2c1f0c3b6cfe166e0729e48735ec26184b64effc8ae2e35a44c68cf92b,Approve,2022-04-30 20:33:47,2022-04-30 20:33:47,,1651350827,,0x128C33C1...d89Aa0442,OUT
0xceacd8e3a614cfa18032ce12002cb9ad134d583002199959ab929791207ce632,https://bscscan.com/tx/0xceacd8e3a614cfa18032ce12002cb9ad134d583002199959ab929791207ce632,Swap Exact Token...,2022-04-30 20:33:17,2022-04-30 20:33:17,,1651350797,,0x128C33C1...d89Aa0442,OUT
0x6bb6590a338c2fd1dab145828b0dc7d3c1497ee8d27c6803050284455a61e2c1,https://bscscan.com/tx/0x6bb6590a338c2fd1dab145828b0dc7d3c1497ee8d27c6803050284455a61e2c1,Approve,2022-04-30 20:32:53,2022-04-30 20:32:53,,1651350773,,0x128C33C1...d89Aa0442,OUT
0x2ee8c863fadfc6a1aa850a1ac716f5a602d2a2672fae9d312681b93fbbfb7174,https://bscscan.com/tx/0x2ee8c863fadfc6a1aa850a1ac716f5a602d2a2672fae9d312681b93fbbfb7174,Remove Liquidity...,2022-04-30 20:13:35,2022-04-30 20:13:35,,1651349615,,0x128C33C1...d89Aa0442,OUT
0xe2861694a13495a53d8825e1a7b3e685bfe573461f9b06f3327f7f7041d44fb1,https://bscscan.com/tx/0xe2861694a13495a53d8825e1a7b3e685bfe573461f9b06f3327f7f7041d44fb1,Withdraw All,2022-04-30 20:12:26,2022-04-30 20:12:26,,1651349546,,0x128C33C1...d89Aa0442,OUT
0x60be57c0f93d3d7e21fc52d53422559b3d0362166a088690d1aa390a7db52326,https://bscscan.com/tx/0x60be57c0f93d3d7e21fc52d53422559b3d0362166a088690d1aa390a7db52326,Exit,2022-04-30 20:10:38,2022-04-30 20:10:38,,1651349438,,0x128C33C1...d89Aa0442,OUT
0x89f571bff6647bbed2e7e2b7e1fea9ce37eec02320ee7d724a98ac624bcf5ef9,https://bscscan.com/tx/0x89f571bff6647bbed2e7e2b7e1fea9ce37eec02320ee7d724a98ac624bcf5ef9,Stake,2022-04-29 20:51:43,2022-04-29 20:51:43,,1651265503,,0x128C33C1...d89Aa0442,OUT
0x11bb293776b9733dad6e633382881479bee754b089ebb1646bd65be2d50032a7,https://bscscan.com/tx/0x11bb293776b9733dad6e633382881479bee754b089ebb1646bd65be2d50032a7,Beef In,2022-04-29 20:51:10,2022-04-29 20:51:10,,1651265470,,0x128C33C1...d89Aa0442,OUT
0x3c5af1cf7f284dfec3373d37a3423c13609544c734cb9331c60d4477b382903a,https://bscscan.com/tx/0x3c5af1cf7f284dfec3373d37a3423c13609544c734cb9331c60d4477b382903a,Approve,2022-04-29 20:50:52,2022-04-29 20:50:52,,1651265452,,0x128C33C1...d89Aa0442,OUT
0x89ea9b953c0b46460f244e73d1536324cf5607528b9df88c3203d80475f55e0b,https://bscscan.com/tx/0x89ea9b953c0b46460f244e73d1536324cf5607528b9df88c3203d80475f55e0b,Swap,2022-04-29 20:50:01,2022-04-29 20:50:01,,1651265401,,0x128C33C1...d89Aa0442,OUT
0x823b26d48c215a08ee6ec45b8743a1bc2ebe170bcb344d174f29430a460a02d9,https://bscscan.com/tx/0x823b26d48c215a08ee6ec45b8743a1bc2ebe170bcb344d174f29430a460a02d9,Transfer*,2022-04-29 20:46:40,2022-04-29 20:46:40,,1651265200,,AnySwap: Bridge Avalanche,IN
0x4ff2b79f29be3c00174b7b1d4ba3aaf9950791e496dd8ebd7c48bfcb25d43ee1,https://bscscan.com/tx/0x4ff2b79f29be3c00174b7b1d4ba3aaf9950791e496dd8ebd7c48bfcb25d43ee1,Stake,2022-04-29 20:40:52,2022-04-29 20:40:52,,1651264852,,0x128C33C1...d89Aa0442,OUT
0xbbff5bce39e9f0048133698d5ad03cdc33fb862a56c40e79559a57417fdfe605,https://bscscan.com/tx/0xbbff5bce39e9f0048133698d5ad03cdc33fb862a56c40e79559a57417fdfe605,Approve,2022-04-29 20:40:34,2022-04-29 20:40:34,,1651264834,,0x128C33C1...d89Aa0442,OUT
0x9c888d5b982869bc637a85ad4a0f5929815a67e3080cf7e845c3ea19e2a55485,https://bscscan.com/tx/0x9c888d5b982869bc637a85ad4a0f5929815a67e3080cf7e845c3ea19e2a55485,Deposit All,2022-04-29 20:40:07,2022-04-29 20:40:07,,1651264807,,0x128C33C1...d89Aa0442,OUT
0x63c2104856824611a0cc0587989458278a8d883690f943057a2c801b728324ab,https://bscscan.com/tx/0x63c2104856824611a0cc0587989458278a8d883690f943057a2c801b728324ab,Approve,2022-04-29 20:39:46,2022-04-29 20:39:46,,1651264786,,0x128C33C1...d89Aa0442,OUT
0x0561b3ffa0ce21b22f90cb985ea41f9ba2fa784b33439c9ef1576f886408838e,https://bscscan.com/tx/0x0561b3ffa0ce21b22f90cb985ea41f9ba2fa784b33439c9ef1576f886408838e,Add Liquidity,2022-04-29 20:39:13,2022-04-29 20:39:13,,1651264753,,0x128C33C1...d89Aa0442,OUT
0x6ef5544a8027a040a19c0dd4300ee004b73f0a0af7aaa8bfb4a7553c6cf8ee38,https://bscscan.com/tx/0x6ef5544a8027a040a19c0dd4300ee004b73f0a0af7aaa8bfb4a7553c6cf8ee38,Approve,2022-04-29 20:38:49,2022-04-29 20:38:49,,1651264729,,0x128C33C1...d89Aa0442,OUT
0x12f9b3afd4ce9a9f844c92cde25e42c497ece95bf39f6bb5b135097d7d801d9c,https://bscscan.com/tx/0x12f9b3afd4ce9a9f844c92cde25e42c497ece95bf39f6bb5b135097d7d801d9c,Approve,2022-04-29 20:38:40,2022-04-29 20:38:40,,1651264720,,0x128C33C1...d89Aa0442,OUT
0x11d7c1c986cea7ab4eae0547e922d00eac14ee4920978cc431fab9f8b847c379,https://bscscan.com/tx/0x11d7c1c986cea7ab4eae0547e922d00eac14ee4920978cc431fab9f8b847c379,Swap,2022-04-29 20:37:52,2022-04-29 20:37:52,,1651264672,,0x128C33C1...d89Aa0442,OUT
0x8720abc397dbfe9067f864269b40d0f2a27857938d5b0b1d31d0caaccfc32e4b,https://bscscan.com/tx/0x8720abc397dbfe9067f864269b40d0f2a27857938d5b0b1d31d0caaccfc32e4b,Approve,2022-04-29 20:37:25,2022-04-29 20:37:25,,1651264645,,0x128C33C1...d89Aa0442,OUT
0x8f85c4126c23d5e1b2d25ce7ca810c846c672fc5859d6b2a4b289438ab15dc61,https://bscscan.com/tx/0x8f85c4126c23d5e1b2d25ce7ca810c846c672fc5859d6b2a4b289438ab15dc61,Swap,2022-04-29 20:35:46,2022-04-29 20:35:46,,1651264546,,0x128C33C1...d89Aa0442,OUT
0xd567fa4db6340d66123b3fc76fbecba31aee9563659c2541d1752235d8383fe7,https://bscscan.com/tx/0xd567fa4db6340d66123b3fc76fbecba31aee9563659c2541d1752235d8383fe7,Approve,2022-04-29 20:35:19,2022-04-29 20:35:19,,1651264519,,0x128C33C1...d89Aa0442,OUT
0x25002c280ec29dc478bb51ca86707c38b53a52acc019507ac0cdefa8993ee821,https://bscscan.com/tx/0x25002c280ec29dc478bb51ca86707c38b53a52acc019507ac0cdefa8993ee821,Swap,2022-04-29 20:28:49,2022-04-29 20:28:49,,1651264129,,0x128C33C1...d89Aa0442,OUT
0x2bd75ebbe079ed36e72bef8cbb42a71fabcc8942f569fcfa324e107b23165794,https://bscscan.com/tx/0x2bd75ebbe079ed36e72bef8cbb42a71fabcc8942f569fcfa324e107b23165794,Swap,2022-04-29 20:26:37,2022-04-29 20:26:37,,1651263997,,0x128C33C1...d89Aa0442,OUT
0x5769e68e18ce41da3bf78856b6a9ed3472e6da03eaf8afbe542d7ff2952c3d5a,https://bscscan.com/tx/0x5769e68e18ce41da3bf78856b6a9ed3472e6da03eaf8afbe542d7ff2952c3d5a,Swap Exact Token...,2022-04-29 20:25:31,2022-04-29 20:25:31,,1651263931,,0x128C33C1...d89Aa0442,OUT
0xaaf7c4c61b1ddaf1f5cf6289fd32335eb11eaf74972735d40976b7d7546d074f,https://bscscan.com/tx/0xaaf7c4c61b1ddaf1f5cf6289fd32335eb11eaf74972735d40976b7d7546d074f,Approve,2022-04-29 20:25:07,2022-04-29 20:25:07,,1651263907,,0x128C33C1...d89Aa0442,OUT
0x8d19a0c682a21abddd80534a093557d502b8099dc4f66b19071baed428ec29cc,https://bscscan.com/tx/0x8d19a0c682a21abddd80534a093557d502b8099dc4f66b19071baed428ec29cc,Remove Liquidity...,2022-04-29 20:24:43,2022-04-29 20:24:43,,1651263883,,0x128C33C1...d89Aa0442,OUT
0x51c466638581acc72f381df6e9ba6a3876908d690d4b909c7a0cd51f3e4e2861,https://bscscan.com/tx/0x51c466638581acc72f381df6e9ba6a3876908d690d4b909c7a0cd51f3e4e2861,Withdraw All,2022-04-29 20:23:49,2022-04-29 20:23:49,,1651263829,,0x128C33C1...d89Aa0442,OUT
0xf2ece415f23c860c87cd2d19d1a9388c0e47c1b482ecd3a4c90e6af7800f63ac,https://bscscan.com/tx/0xf2ece415f23c860c87cd2d19d1a9388c0e47c1b482ecd3a4c90e6af7800f63ac,Transfer,2022-04-29 16:21:08,2022-04-29 16:21:08,,1651249268,,0x128C33C1...d89Aa0442,OUT
0x431ac806c1947334a7da611fce27de3928fc2e2eaed56bccc76b273858a2cb27,https://bscscan.com/tx/0x431ac806c1947334a7da611fce27de3928fc2e2eaed56bccc76b273858a2cb27,Swap,2022-04-29 16:19:35,2022-04-29 16:19:35,,1651249175,,0x128C33C1...d89Aa0442,OUT
0x9411c7167e91e13056ae84ba2e43dec4adc4d1d080a301c2c930c70b0afa71ed,https://bscscan.com/tx/0x9411c7167e91e13056ae84ba2e43dec4adc4d1d080a301c2c930c70b0afa71ed,Transfer,2022-04-29 16:16:17,2022-04-29 16:16:17,,1651248977,,0x128C33C1...d89Aa0442,OUT
0x1f13b763a977ac5f974139f858081706bf679fdd7ebef2da33fd093dd43f3272,https://bscscan.com/tx/0x1f13b763a977ac5f974139f858081706bf679fdd7ebef2da33fd093dd43f3272,Transfer,2022-04-29 12:49:39,2022-04-29 12:49:39,,1651236579,,0x128C33C1...d89Aa0442,OUT
0xb1393e190ea7a954fa487eec5afa81c80007eb09fb3e0746a2a8d90fc5d193c0,https://bscscan.com/tx/0xb1393e190ea7a954fa487eec5afa81c80007eb09fb3e0746a2a8d90fc5d193c0,Swap Exact Token...,2022-04-29 12:48:54,2022-04-29 12:48:54,,1651236534,,0x128C33C1...d89Aa0442,OUT
0x743e762b388c0dcc9d8f214ea633187cb09a07138e9d0f475685f03c80c31463,https://bscscan.com/tx/0x743e762b388c0dcc9d8f214ea633187cb09a07138e9d0f475685f03c80c31463,Approve,2022-04-29 12:47:48,2022-04-29 12:47:48,,1651236468,,0x128C33C1...d89Aa0442,OUT
0xa5138ca025b1e79e521229a72e1bc74b703ab06c11133980414ac2605e58d56c,https://bscscan.com/tx/0xa5138ca025b1e79e521229a72e1bc74b703ab06c11133980414ac2605e58d56c,Transfer,2022-04-21 12:53:30,2022-04-21 12:53:30,,1650545610,,0x128C33C1...d89Aa0442,OUT
0xf11fe0c3119056954d81af7565342f160fefaa9c7161707caf64044591905538,https://bscscan.com/tx/0xf11fe0c3119056954d81af7565342f160fefaa9c7161707caf64044591905538,Swap Exact Token...,2022-04-21 12:51:27,2022-04-21 12:51:27,,1650545487,,0x128C33C1...d89Aa0442,OUT
0xd147532038c886e2280da1996ff7b035e7b6fdf696071c6e92f8495919d4891d,https://bscscan.com/tx/0xd147532038c886e2280da1996ff7b035e7b6fdf696071c6e92f8495919d4891d,Taker Withdraw,2022-04-20 4:23:43,2022-04-20 4:23:43,,1650428623,,0x128C33C1...d89Aa0442,OUT
0x37c4be622a304d193f284913d5924b50c926d28568bfd5c1d0dba73aea6f8102,https://bscscan.com/tx/0x37c4be622a304d193f284913d5924b50c926d28568bfd5c1d0dba73aea6f8102,Swap Exact Token...,2022-04-20 4:23:07,2022-04-20 4:23:07,,1650428587,,0x128C33C1...d89Aa0442,OUT
0x96d477596b82c56ce4246121762587c8d7faca8e9d30697e2a2ca5488a51b652,https://bscscan.com/tx/0x96d477596b82c56ce4246121762587c8d7faca8e9d30697e2a2ca5488a51b652,Remove Liquidity...,2022-04-20 4:16:28,2022-04-20 4:16:28,,1650428188,,0x128C33C1...d89Aa0442,OUT
0x6a078e4503053017718a25ff53325ddb12e1ebdb9e0f350f3fe750ab0c2694e9,https://bscscan.com/tx/0x6a078e4503053017718a25ff53325ddb12e1ebdb9e0f350f3fe750ab0c2694e9,Withdraw All,2022-04-20 4:15:31,2022-04-20 4:15:31,,1650428131,,0x128C33C1...d89Aa0442,OUT
0xbeaf3706696d66ca6e0078078356b53210562334c915714146590a4ef195d688,https://bscscan.com/tx/0xbeaf3706696d66ca6e0078078356b53210562334c915714146590a4ef195d688,Beef In,2022-04-20 1:17:08,2022-04-20 1:17:08,,1650417428,,0x128C33C1...d89Aa0442,OUT
0x42ba721ed6b03e024d56432442d939748d3c73c99ce7b4aba90ada346950fd8e,https://bscscan.com/tx/0x42ba721ed6b03e024d56432442d939748d3c73c99ce7b4aba90ada346950fd8e,Swap Exact ETH F...,2022-04-20 1:15:29,2022-04-20 1:15:29,,1650417329,,0x128C33C1...d89Aa0442,OUT
0x2eff5a7d37a22d0f62aeaa16fbd5dde94dc75002c1dc77dc6c6ec05dff34f582,https://bscscan.com/tx/0x2eff5a7d37a22d0f62aeaa16fbd5dde94dc75002c1dc77dc6c6ec05dff34f582,Swap Exact ETH F...,2022-04-20 1:07:23,2022-04-20 1:07:23,,1650416843,,0x128C33C1...d89Aa0442,OUT
0x92ad721cbee29dc8cee8656d74d0ec2e76ab162fdacdf371a40fdb073160bb14,https://bscscan.com/tx/0x92ad721cbee29dc8cee8656d74d0ec2e76ab162fdacdf371a40fdb073160bb14,Swap Exact ETH F...,2022-04-20 1:05:41,2022-04-20 1:05:41,,1650416741,,0x128C33C1...d89Aa0442,OUT
0x8f5d291fc7b67dbe364b7c3ff646ef44f99a913a8f1710f799c32e8b12e38ec4,https://bscscan.com/tx/0x8f5d291fc7b67dbe364b7c3ff646ef44f99a913a8f1710f799c32e8b12e38ec4,Taker Withdraw,2022-04-20 1:05:20,2022-04-20 1:05:20,,1650416720,,0x128C33C1...d89Aa0442,OUT
0x557dde57c4f469ec11b41f761e8e8d33541553895e3df283a4d9fa66467df60a,https://bscscan.com/tx/0x557dde57c4f469ec11b41f761e8e8d33541553895e3df283a4d9fa66467df60a,Beef In ETH,2022-04-19 20:12:29,2022-04-19 20:12:29,,1650399149,,0x128C33C1...d89Aa0442,OUT
0x60af9f190c8ab57887c0466881402220524946797d61e4b798798180204d5bfc,https://bscscan.com/tx/0x60af9f190c8ab57887c0466881402220524946797d61e4b798798180204d5bfc,Swap Exact Token...,2022-04-19 20:11:11,2022-04-19 20:11:11,,1650399071,,0x128C33C1...d89Aa0442,OUT
0x212ae9dcd4fe4f3d8764482abf21e848f708ce91fbeffece847ef3bb5c83ea6e,https://bscscan.com/tx/0x212ae9dcd4fe4f3d8764482abf21e848f708ce91fbeffece847ef3bb5c83ea6e,Approve,2022-04-19 20:10:32,2022-04-19 20:10:32,,1650399032,,0x128C33C1...d89Aa0442,OUT
0xa34afad29e3d1a9c2a4d5bd98af1cacc1cb24d4ecdce6c651ceef0250675ce0c,https://bscscan.com/tx/0xa34afad29e3d1a9c2a4d5bd98af1cacc1cb24d4ecdce6c651ceef0250675ce0c,Remove Liquidity...,2022-04-19 20:09:17,2022-04-19 20:09:17,,1650398957,,0x128C33C1...d89Aa0442,OUT
0x25935ec2989fdcd59e8e598b1a79a188a4df8d59a722d42ddca0f6aa1643e93f,https://bscscan.com/tx/0x25935ec2989fdcd59e8e598b1a79a188a4df8d59a722d42ddca0f6aa1643e93f,Withdraw All,2022-04-19 20:07:05,2022-04-19 20:07:05,,1650398825,,0x128C33C1...d89Aa0442,OUT
0x5501edcc3b479ef344444c840d248a2f7fd9ef6c783769b14a2e56bf9f3c7aae,https://bscscan.com/tx/0x5501edcc3b479ef344444c840d248a2f7fd9ef6c783769b14a2e56bf9f3c7aae,Beef In ETH,2022-04-19 13:23:36,2022-04-19 13:23:36,,1650374616,,0x128C33C1...d89Aa0442,OUT
0x0497cc699e014074e00d210d2fb4252594eb21a38f759e2c88e1b3921e82be5c,https://bscscan.com/tx/0x0497cc699e014074e00d210d2fb4252594eb21a38f759e2c88e1b3921e82be5c,Transfer*,2022-04-19 13:22:00,2022-04-19 13:22:00,,1650374520,,Anyswap: Bridge Fantom,IN
0x9ac77f62474d5f874f825391195c7ec4ac0459a53e1f49b4269b25f2ce86173e,https://bscscan.com/tx/0x9ac77f62474d5f874f825391195c7ec4ac0459a53e1f49b4269b25f2ce86173e,Beef In ETH,2022-04-17 4:55:02,2022-04-17 4:55:02,,1650171302,,0x128C33C1...d89Aa0442,OUT
0xd2eac7ea63175a054d9d96be1c5f03f12407acd5acc9e63dd4556311252e8360,https://bscscan.com/tx/0xd2eac7ea63175a054d9d96be1c5f03f12407acd5acc9e63dd4556311252e8360,Swap Exact Token...,2022-04-17 4:54:20,2022-04-17 4:54:20,,1650171260,,0x128C33C1...d89Aa0442,OUT
0xb42424353dc7b069eed574e52bbfc5195e5747fef9c49b3c3d3fd84079a6baf9,https://bscscan.com/tx/0xb42424353dc7b069eed574e52bbfc5195e5747fef9c49b3c3d3fd84079a6baf9,Beef In ETH,2022-04-17 4:51:08,2022-04-17 4:51:08,,1650171068,,0x128C33C1...d89Aa0442,OUT
0x6c9c29560b78bfcb33e3a60668f5175ad5726bcec14ee6dc323f3bc2f7cbae52,https://bscscan.com/tx/0x6c9c29560b78bfcb33e3a60668f5175ad5726bcec14ee6dc323f3bc2f7cbae52,Withdraw,2022-04-17 4:49:50,2022-04-17 4:49:50,,1650170990,,0x128C33C1...d89Aa0442,OUT
0x8351993fd0fc64e5a7d57342711a0684d5a7749f2a842e1870aad2f1324d9a56,https://bscscan.com/tx/0x8351993fd0fc64e5a7d57342711a0684d5a7749f2a842e1870aad2f1324d9a56,Swap Exact Token...,2022-04-17 4:49:20,2022-04-17 4:49:20,,1650170960,,0x128C33C1...d89Aa0442,OUT
0xaa344bcf0678e2361ba7cdbe4afc8c36e494ab449d3661a0922a97d31e13c4c2,https://bscscan.com/tx/0xaa344bcf0678e2361ba7cdbe4afc8c36e494ab449d3661a0922a97d31e13c4c2,Swap Exact Token...,2022-04-17 4:48:17,2022-04-17 4:48:17,,1650170897,,0x128C33C1...d89Aa0442,OUT
0x9df97bd2f54c952c2cf650c2b4ff783ab6e2f1389fd61f99d72a491739c6e9ba,https://bscscan.com/tx/0x9df97bd2f54c952c2cf650c2b4ff783ab6e2f1389fd61f99d72a491739c6e9ba,Remove Liquidity...,2022-04-17 4:42:14,2022-04-17 4:42:14,,1650170534,,0x128C33C1...d89Aa0442,OUT
0x5bf3cff8b8200dc9a26ccac358f3e87ef1742402d1e7af3a426942d93d28a6cd,https://bscscan.com/tx/0x5bf3cff8b8200dc9a26ccac358f3e87ef1742402d1e7af3a426942d93d28a6cd,Withdraw All,2022-04-17 4:41:32,2022-04-17 4:41:32,,1650170492,,0x128C33C1...d89Aa0442,OUT
0x862343638c0897533a95a57a9154a9c1a8c0e0e1125e113bf9e319213bd67d77,https://bscscan.com/tx/0x862343638c0897533a95a57a9154a9c1a8c0e0e1125e113bf9e319213bd67d77,Remove Liquidity...,2022-04-17 4:40:56,2022-04-17 4:40:56,,1650170456,,0x128C33C1...d89Aa0442,OUT
0x6e22f2258b0046bf09a616fcfbb503e196899c630bed677188236623a2412733,https://bscscan.com/tx/0x6e22f2258b0046bf09a616fcfbb503e196899c630bed677188236623a2412733,Withdraw All,2022-04-17 4:39:59,2022-04-17 4:39:59,,1650170399,,0x128C33C1...d89Aa0442,OUT
0x80751d3240a13b143cf2c11b4776ae957a831c44da208e1c3751ed2f8fa7448e,https://bscscan.com/tx/0x80751d3240a13b143cf2c11b4776ae957a831c44da208e1c3751ed2f8fa7448e,Deposit All,2022-04-16 11:06:23,2022-04-16 11:06:23,,1650107183,,0x128C33C1...d89Aa0442,OUT
0x56f719a4bed1fabe984b99a72d51a0c7a842200a31f9469cae56ac84df05d379,https://bscscan.com/tx/0x56f719a4bed1fabe984b99a72d51a0c7a842200a31f9469cae56ac84df05d379,Add Liquidity,2022-04-16 11:03:53,2022-04-16 11:03:53,,1650107033,,0x128C33C1...d89Aa0442,OUT
0x56a6e664bb0089d403447b33535ec59fd8421a9e157e3310a72b4309f8a220a7,https://bscscan.com/tx/0x56a6e664bb0089d403447b33535ec59fd8421a9e157e3310a72b4309f8a220a7,Swap Exact Token...,2022-04-16 11:02:35,2022-04-16 11:02:35,,1650106955,,0x128C33C1...d89Aa0442,OUT
0xc0b50298b2a1e4f76a817bc62ec0212c273b7f22ff88052930a735fcc93247ec,https://bscscan.com/tx/0xc0b50298b2a1e4f76a817bc62ec0212c273b7f22ff88052930a735fcc93247ec,Taker Withdraw,2022-04-16 11:00:32,2022-04-16 11:00:32,,1650106832,,0x128C33C1...d89Aa0442,OUT
0xf929769fa53c6ce60f7b20355e5449e9847cea4fca852c55ef66765d461db4bc,https://bscscan.com/tx/0xf929769fa53c6ce60f7b20355e5449e9847cea4fca852c55ef66765d461db4bc,Swap Exact Token...,2022-04-16 10:58:11,2022-04-16 10:58:11,,1650106691,,0x128C33C1...d89Aa0442,OUT
0xb7abcc172259ccedb179f9b5a60906f8ceed89479ca0b074f321eca71767e000,https://bscscan.com/tx/0xb7abcc172259ccedb179f9b5a60906f8ceed89479ca0b074f321eca71767e000,Taker Withdraw,2022-04-16 10:56:41,2022-04-16 10:56:41,,1650106601,,0x128C33C1...d89Aa0442,OUT
0x04deccd625fda2f552f86e4a668b1e6624077bce8e6685f2cd3ba5736bc165d5,https://bscscan.com/tx/0x04deccd625fda2f552f86e4a668b1e6624077bce8e6685f2cd3ba5736bc165d5,Taker Withdraw,2022-04-16 10:56:38,2022-04-16 10:56:38,,1650106598,,0x128C33C1...d89Aa0442,OUT
0x70579fc2181dbdbb885cb1ade34887bb6622be84ab89955d91f6e5a62da1945e,https://bscscan.com/tx/0x70579fc2181dbdbb885cb1ade34887bb6622be84ab89955d91f6e5a62da1945e,Any Swap Out Und...,2022-04-16 9:41:32,2022-04-16 9:41:32,,1650102092,,0x128C33C1...d89Aa0442,OUT
0xf9d24b5cd7b204ec12af4062bb797a1fb163fa9d80b173e188c234a928aba6c3,https://bscscan.com/tx/0xf9d24b5cd7b204ec12af4062bb797a1fb163fa9d80b173e188c234a928aba6c3,Approve,2022-04-16 9:40:59,2022-04-16 9:40:59,,1650102059,,0x128C33C1...d89Aa0442,OUT
0x3078836d63dfb9145b50cbc3f874cd2a54c8e1fb57ee397da6fb75391904aa84,https://bscscan.com/tx/0x3078836d63dfb9145b50cbc3f874cd2a54c8e1fb57ee397da6fb75391904aa84,Swap,2022-04-16 9:37:56,2022-04-16 9:37:56,,1650101876,,0x128C33C1...d89Aa0442,OUT
0x22df711e51ef997797d02e2864bdcd2d7cfc5b160d2351730ada3a6403e7f3a7,https://bscscan.com/tx/0x22df711e51ef997797d02e2864bdcd2d7cfc5b160d2351730ada3a6403e7f3a7,Transfer*,2022-04-16 9:11:45,2022-04-16 9:11:45,,1650100305,,0xd9B4aE62...02447922e,IN
0xe611622a5313228cad5e18d066b88e27410e196dd12c5d6147ee07a3f6c11e59,https://bscscan.com/tx/0xe611622a5313228cad5e18d066b88e27410e196dd12c5d6147ee07a3f6c11e59,Beef In,2022-04-16 9:02:51,2022-04-16 9:02:51,,1650099771,,0x128C33C1...d89Aa0442,OUT
0x578e43071338c0a32a852bf8630630ac51c1724f4a0d8911e11088b34a31277c,https://bscscan.com/tx/0x578e43071338c0a32a852bf8630630ac51c1724f4a0d8911e11088b34a31277c,Approve,2022-04-16 9:02:36,2022-04-16 9:02:36,,1650099756,,0x128C33C1...d89Aa0442,OUT
0xd345947f4f482c8dc0cce8b88069c98a173eb470f16a0ec31f3eb420fbb9c74d,https://bscscan.com/tx/0xd345947f4f482c8dc0cce8b88069c98a173eb470f16a0ec31f3eb420fbb9c74d,Swap Exact ETH F...,2022-04-16 9:02:09,2022-04-16 9:02:09,,1650099729,,0x128C33C1...d89Aa0442,OUT
0x3a8230389d63ced4cf699b7940196c8fe413977f8e2f32f135a31cb29559e58c,https://bscscan.com/tx/0x3a8230389d63ced4cf699b7940196c8fe413977f8e2f32f135a31cb29559e58c,Taker Withdraw,2022-04-16 9:01:51,2022-04-16 9:01:51,,1650099711,,0x128C33C1...d89Aa0442,OUT
0xd50c46e9f296ea536c9f983565ab29b40fc7f96dbec419ac36b15c62655f4015,https://bscscan.com/tx/0xd50c46e9f296ea536c9f983565ab29b40fc7f96dbec419ac36b15c62655f4015,Transfer*,2022-04-16 9:01:15,2022-04-16 9:01:15,,1650099675,,0xd9B4aE62...02447922e,IN
0x80a090329a3f7ea8262775ad79d0be69b1a2344f405332e8c3368e3e58b7e3e6,https://bscscan.com/tx/0x80a090329a3f7ea8262775ad79d0be69b1a2344f405332e8c3368e3e58b7e3e6,Transfer,2022-04-16 8:51:24,2022-04-16 8:51:24,,1650099084,,0x128C33C1...d89Aa0442,OUT
0xfb8b6fdf4958a187eab328eea12df33a316e93cc6aa4620ea44a3ec16ddf80a0,https://bscscan.com/tx/0xfb8b6fdf4958a187eab328eea12df33a316e93cc6aa4620ea44a3ec16ddf80a0,Transfer*,2022-04-16 8:08:20,2022-04-16 8:08:20,,1650096500,,Anyswap: Bridge Fantom,IN
0xe2c3293bc5336d5f2dafc37d5afaa376d37a27fcfd573410b4ff4c4f4394dca9,https://bscscan.com/tx/0xe2c3293bc5336d5f2dafc37d5afaa376d37a27fcfd573410b4ff4c4f4394dca9,Transfer,2022-04-05 10:35:33,2022-04-05 10:35:33,,1649154933,,0x128C33C1...d89Aa0442,OUT
0xe809c3996bed5267fe3ca901949b463ac52d968e3e2db6c8c08a06ac7a32406b,https://bscscan.com/tx/0xe809c3996bed5267fe3ca901949b463ac52d968e3e2db6c8c08a06ac7a32406b,Swap Exact Token...,2022-04-05 9:03:18,2022-04-05 9:03:18,,1649149398,,0x128C33C1...d89Aa0442,OUT
0xbbf8c9a17f780ed8d87b120df73a7741dbd19bc5aff566b70d84ecf8ad20d015,https://bscscan.com/tx/0xbbf8c9a17f780ed8d87b120df73a7741dbd19bc5aff566b70d84ecf8ad20d015,Remove Liquidity...,2022-04-05 9:01:45,2022-04-05 9:01:45,,1649149305,,0x128C33C1...d89Aa0442,OUT
0xbcf771040a00ab34a6cd4d5b10293615970ce0c03237c024931bbeba6da8735b,https://bscscan.com/tx/0xbcf771040a00ab34a6cd4d5b10293615970ce0c03237c024931bbeba6da8735b,Withdraw All,2022-04-05 9:00:00,2022-04-05 9:00:00,,1649149200,,0x128C33C1...d89Aa0442,OUT
0xe4a3e9ec2c3793d207a7b1963e7032a510c3b721c1e50183fec7bd90f0259856,https://bscscan.com/tx/0xe4a3e9ec2c3793d207a7b1963e7032a510c3b721c1e50183fec7bd90f0259856,Get Reward,2022-04-04 15:17:38,2022-04-04 15:17:38,,1649085458,,0x128C33C1...d89Aa0442,OUT
0xb024e02700e75d0498c34b33d8ff11e0f32e8948c6e95b9ee5d43e29e7764564,https://bscscan.com/tx/0xb024e02700e75d0498c34b33d8ff11e0f32e8948c6e95b9ee5d43e29e7764564,Transfer,2022-04-04 15:07:58,2022-04-04 15:07:58,,1649084878,,Binance: Hot Wallet 13,IN
0xfa3bc42e0a158b2307d17817f8e807f71ab2ad80638737da13e464e635a353dd,https://bscscan.com/tx/0xfa3bc42e0a158b2307d17817f8e807f71ab2ad80638737da13e464e635a353dd,Transfer,2022-04-04 12:53:48,2022-04-04 12:53:48,,1649076828,,0x128C33C1...d89Aa0442,OUT
0xe0206fdd4887abfc33e6e64ee6a65030db76ca686198d5d627a44279c2c68424,https://bscscan.com/tx/0xe0206fdd4887abfc33e6e64ee6a65030db76ca686198d5d627a44279c2c68424,Swap Exact Token...,2022-04-04 12:47:51,2022-04-04 12:47:51,,1649076471,,0x128C33C1...d89Aa0442,OUT
0x93f24eff3cf600d68b45004a6a6641e6f90292af47ac1743a438f7ad3a80a29c,https://bscscan.com/tx/0x93f24eff3cf600d68b45004a6a6641e6f90292af47ac1743a438f7ad3a80a29c,Withdraw,2022-04-04 9:17:33,2022-04-04 9:17:33,,1649063853,,0x128C33C1...d89Aa0442,OUT
0x48a8de68a750774787709a6a56cce17ca6d395001af3b2a21eaa3e1b2fb856f5,https://bscscan.com/tx/0x48a8de68a750774787709a6a56cce17ca6d395001af3b2a21eaa3e1b2fb856f5,Deposit All,2022-04-03 11:25:33,2022-04-03 11:25:33,,1648985133,,0x128C33C1...d89Aa0442,OUT
0xb03d06f84b7b34631d5e505a91e84df38b5c1302b520897b94351d5572eecc38,https://bscscan.com/tx/0xb03d06f84b7b34631d5e505a91e84df38b5c1302b520897b94351d5572eecc38,Approve,2022-04-03 11:25:09,2022-04-03 11:25:09,,1648985109,,0x128C33C1...d89Aa0442,OUT
0xa4ffea22969df2f2f43907638cc6a327a5ecf380e0f70210a5db333ef83ced19,https://bscscan.com/tx/0xa4ffea22969df2f2f43907638cc6a327a5ecf380e0f70210a5db333ef83ced19,Add Liquidity ET...,2022-04-03 11:24:15,2022-04-03 11:24:15,,1648985055,,0x128C33C1...d89Aa0442,OUT
0x1d7ac1c940520b46d3f739a71aef4e816433fbe604efb396bbc7880ab9fb5a9f,https://bscscan.com/tx/0x1d7ac1c940520b46d3f739a71aef4e816433fbe604efb396bbc7880ab9fb5a9f,Approve,2022-04-03 11:23:48,2022-04-03 11:23:48,,1648985028,,0x128C33C1...d89Aa0442,OUT
0x27e6146129946d0ecf1a26974af90cfb98654d8c960fe182b993bb42e551eafa,https://bscscan.com/tx/0x27e6146129946d0ecf1a26974af90cfb98654d8c960fe182b993bb42e551eafa,Swap Exact ETH F...,2022-04-03 11:23:00,2022-04-03 11:23:00,,1648984980,,0x128C33C1...d89Aa0442,OUT
0xab09221c5fd315c14b5e5abc4d69642f0f554c9113afa3cf93453979ef0a417d,https://bscscan.com/tx/0xab09221c5fd315c14b5e5abc4d69642f0f554c9113afa3cf93453979ef0a417d,Transfer*,2022-04-03 11:20:30,2022-04-03 11:20:30,,1648984830,,Anyswap: Bridge Fantom,IN
0xa7336b1cb52d2fcd999e23494830ea0c1f31cc75e2b1bfc0422e4c39d8f3309f,https://bscscan.com/tx/0xa7336b1cb52d2fcd999e23494830ea0c1f31cc75e2b1bfc0422e4c39d8f3309f,Transfer,2022-04-03 3:49:44,2022-04-03 3:49:44,,1648957784,,0x128C33C1...d89Aa0442,OUT
0xe6a10dda7f9054488ef7cd4dd8d7f1259647752075f3cdd38cd98868afa6c14a,https://bscscan.com/tx/0xe6a10dda7f9054488ef7cd4dd8d7f1259647752075f3cdd38cd98868afa6c14a,Swap Exact Token...,2022-04-03 3:48:50,2022-04-03 3:48:50,,1648957730,,0x128C33C1...d89Aa0442,OUT
0x27c700d8a9333ed9e143cdad334a4ff8987cf590caa9477675071e4f105fd8f6,https://bscscan.com/tx/0x27c700d8a9333ed9e143cdad334a4ff8987cf590caa9477675071e4f105fd8f6,Approve,2022-04-03 3:48:17,2022-04-03 3:48:17,,1648957697,,0x128C33C1...d89Aa0442,OUT
0x7bb21b7d07d0a2f1f4c96c55e7093e7558e567cb39322f51204060c0780aaf14,https://bscscan.com/tx/0x7bb21b7d07d0a2f1f4c96c55e7093e7558e567cb39322f51204060c0780aaf14,Approve,2022-04-03 3:45:56,2022-04-03 3:45:56,,1648957556,,0x128C33C1...d89Aa0442,OUT
0x96d5a79a4d730bccdb6291e475a61362669ca0579d652f6e28eebf263b6617ef,https://bscscan.com/tx/0x96d5a79a4d730bccdb6291e475a61362669ca0579d652f6e28eebf263b6617ef,Transfer,2022-04-02 0:11:00,2022-04-02 0:11:00,,1648858260,,0x128C33C1...d89Aa0442,OUT
0x7382d9deba217c50739a6d3f17d621879b7949d7980fbc6367770abda49e7bc5,https://bscscan.com/tx/0x7382d9deba217c50739a6d3f17d621879b7949d7980fbc6367770abda49e7bc5,Swap,2022-04-02 0:05:42,2022-04-02 0:05:42,,1648857942,,0x128C33C1...d89Aa0442,OUT
0xf6254ffc602c36932f416e21ced724aff15cd193871657495642234361337de0,https://bscscan.com/tx/0xf6254ffc602c36932f416e21ced724aff15cd193871657495642234361337de0,Transfer,2022-04-01 23:44:00,2022-04-01 23:44:00,,1648856640,,0x128C33C1...d89Aa0442,OUT
0x2a859c82a63fed146aa11ee6184f29cc38e462ab5d7783992d45f795d078aee6,https://bscscan.com/tx/0x2a859c82a63fed146aa11ee6184f29cc38e462ab5d7783992d45f795d078aee6,Transfer,2022-04-01 23:23:30,2022-04-01 23:23:30,,1648855410,,Binance 47,IN
0x214597ddba2fbb3d23bfaabfa69072708b5d11386e55ead7d2a92023de2b2535,https://bscscan.com/tx/0x214597ddba2fbb3d23bfaabfa69072708b5d11386e55ead7d2a92023de2b2535,Transfer,2022-04-01 4:08:40,2022-04-01 4:08:40,,1648786120,,0x128C33C1...d89Aa0442,OUT
0x63182808ad327229741817d3cf602b08efcaa704a3669fe81310e5d47100c422,https://bscscan.com/tx/0x63182808ad327229741817d3cf602b08efcaa704a3669fe81310e5d47100c422,Swap,2022-04-01 4:03:49,2022-04-01 4:03:49,,1648785829,,0x128C33C1...d89Aa0442,OUT
0x97eea7131b38533f571ac9ec730bf3c749f5ad09c0b552679322dfd636e9b52f,https://bscscan.com/tx/0x97eea7131b38533f571ac9ec730bf3c749f5ad09c0b552679322dfd636e9b52f,Approve,2022-04-01 4:03:43,2022-04-01 4:03:43,,1648785823,,0x128C33C1...d89Aa0442,OUT
0x6954dd29bf4f0e6ad9395d34d30aeac87aee02b996628d9c708b8d5d8cc2eb0e,https://bscscan.com/tx/0x6954dd29bf4f0e6ad9395d34d30aeac87aee02b996628d9c708b8d5d8cc2eb0e,Swap Exact Token...,2022-04-01 4:01:01,2022-04-01 4:01:01,,1648785661,,0x128C33C1...d89Aa0442,OUT
0xa7c45d15e48ceb88a294e551602fd57755f18070b6cacd2a1154c0e3820bc4a6,https://bscscan.com/tx/0xa7c45d15e48ceb88a294e551602fd57755f18070b6cacd2a1154c0e3820bc4a6,Swap Exact Token...,2022-04-01 4:00:34,2022-04-01 4:00:34,,1648785634,,0x128C33C1...d89Aa0442,OUT
0xdf610687a66b703f9da2b517b083ba28455cfbbb5bf8b6d11bc20ead64d728f5,https://bscscan.com/tx/0xdf610687a66b703f9da2b517b083ba28455cfbbb5bf8b6d11bc20ead64d728f5,Taker Withdraw,2022-04-01 4:00:01,2022-04-01 4:00:01,,1648785601,,0x128C33C1...d89Aa0442,OUT
0x167d702dcefe3c8c148b6f695488b45995b4c03e3527967983462ad63c6f7837,https://bscscan.com/tx/0x167d702dcefe3c8c148b6f695488b45995b4c03e3527967983462ad63c6f7837,Remove Liquidity...,2022-04-01 3:43:57,2022-04-01 3:43:57,,1648784637,,0x128C33C1...d89Aa0442,OUT
0x10fd732dfab8f264c0fc892e54cfb87969ed4efc34cb57b73ac3187f4914da96,https://bscscan.com/tx/0x10fd732dfab8f264c0fc892e54cfb87969ed4efc34cb57b73ac3187f4914da96,Withdraw All,2022-04-01 3:42:12,2022-04-01 3:42:12,,1648784532,,0x128C33C1...d89Aa0442,OUT
0xa984585a9b2024be4917d5f2d1cf73f3302718d35931ce5021549ad633df56e5,https://bscscan.com/tx/0xa984585a9b2024be4917d5f2d1cf73f3302718d35931ce5021549ad633df56e5,Deposit All,2022-03-31 18:56:05,2022-03-31 18:56:05,,1648752965,,0x128C33C1...d89Aa0442,OUT
0x3238078c64f77fbf21d8c7312d7f5c56406b3e49cd4f0b2b1c5aebe2436a1dff,https://bscscan.com/tx/0x3238078c64f77fbf21d8c7312d7f5c56406b3e49cd4f0b2b1c5aebe2436a1dff,Approve,2022-03-31 18:55:44,2022-03-31 18:55:44,,1648752944,,0x128C33C1...d89Aa0442,OUT
0x50e8865015cc717406f771bfff6fa17fba25020e202b1ce0f63f20bd702c9783,https://bscscan.com/tx/0x50e8865015cc717406f771bfff6fa17fba25020e202b1ce0f63f20bd702c9783,Add Liquidity,2022-03-31 18:54:44,2022-03-31 18:54:44,,1648752884,,0x128C33C1...d89Aa0442,OUT
0xa87db92edf8c9a432458135ad511335172959d188093d2edd2a232b18b620e45,https://bscscan.com/tx/0xa87db92edf8c9a432458135ad511335172959d188093d2edd2a232b18b620e45,Approve,2022-03-31 18:54:17,2022-03-31 18:54:17,,1648752857,,0x128C33C1...d89Aa0442,OUT
0x8c12cb264549ca67bd28d374522009b274a61c7f88f4ff4e644c1f3c74674883,https://bscscan.com/tx/0x8c12cb264549ca67bd28d374522009b274a61c7f88f4ff4e644c1f3c74674883,Approve,2022-03-31 18:53:50,2022-03-31 18:53:50,,1648752830,,0x128C33C1...d89Aa0442,OUT
0x659810a31146a5c0f5aa003c88439b3085012c1d3c43956204daaba2ab66e01e,https://bscscan.com/tx/0x659810a31146a5c0f5aa003c88439b3085012c1d3c43956204daaba2ab66e01e,Swap Exact ETH F...,2022-03-31 18:52:53,2022-03-31 18:52:53,,1648752773,,0x128C33C1...d89Aa0442,OUT
0x97d151c9c920b993198fb5ece7db81b4abae6b56d1f5c0e1da4859ca881033bf,https://bscscan.com/tx/0x97d151c9c920b993198fb5ece7db81b4abae6b56d1f5c0e1da4859ca881033bf,Swap Exact ETH F...,2022-03-31 18:51:53,2022-03-31 18:51:53,,1648752713,,0x128C33C1...d89Aa0442,OUT
0x71182a153b0ca1bd5362316073b380f485149f1fa44521021b9e1982577bc3dc,https://bscscan.com/tx/0x71182a153b0ca1bd5362316073b380f485149f1fa44521021b9e1982577bc3dc,Transfer,2022-03-31 17:26:39,2022-03-31 17:26:39,,1648747599,,Binance: Hot Wallet 23,IN
0x6abe57dc249e6aeebec48cd771652a9ee4f85572db3f94a73ebfefc621175e66,https://bscscan.com/tx/0x6abe57dc249e6aeebec48cd771652a9ee4f85572db3f94a73ebfefc621175e66,Transfer,2022-03-29 0:16:50,2022-03-29 0:16:50,,1648513010,,0x128C33C1...d89Aa0442,OUT
0x3c2a9097526aaca26dc747203347bdef8d6ea111e9cb3986f8739117e1a20e0f,https://bscscan.com/tx/0x3c2a9097526aaca26dc747203347bdef8d6ea111e9cb3986f8739117e1a20e0f,Transfer,2022-03-29 0:09:59,2022-03-29 0:09:59,,1648512599,,Binance: Hot Wallet 12,IN
0x21979e74ce500927a1b004046d79491ac17568506f97627ba84ed540fd6c1da1,https://bscscan.com/tx/0x21979e74ce500927a1b004046d79491ac17568506f97627ba84ed540fd6c1da1,Stake,2022-03-26 18:33:05,2022-03-26 18:33:05,,1648319585,,0x128C33C1...d89Aa0442,OUT
0xfe17c2910214fa4fd528dc0bc6fc6252a771d1fa052abfd15b9eb721840ea29f,https://bscscan.com/tx/0xfe17c2910214fa4fd528dc0bc6fc6252a771d1fa052abfd15b9eb721840ea29f,Swap,2022-03-26 18:32:26,2022-03-26 18:32:26,,1648319546,,0x128C33C1...d89Aa0442,OUT
0x0cc85190f7bef8a2220f88a242107197abcaf35ee7f62ca62ad5fbff2df9291c,https://bscscan.com/tx/0x0cc85190f7bef8a2220f88a242107197abcaf35ee7f62ca62ad5fbff2df9291c,Transfer*,2022-03-26 18:30:47,2022-03-26 18:30:47,,1648319447,,Anyswap: Bridge Fantom,IN
0xb023110aa12945aebee797b70f339807679bdbb4aa1307e6d7071af435b47a46,https://bscscan.com/tx/0xb023110aa12945aebee797b70f339807679bdbb4aa1307e6d7071af435b47a46,Stake,2022-03-26 18:27:53,2022-03-26 18:27:53,,1648319273,,0x128C33C1...d89Aa0442,OUT
0xcba5ad28e53c7fa3e77e140cc72dd484fe07ac28029b198b4d95516a9aa146ae,https://bscscan.com/tx/0xcba5ad28e53c7fa3e77e140cc72dd484fe07ac28029b198b4d95516a9aa146ae,Approve,2022-03-26 18:27:29,2022-03-26 18:27:29,,1648319249,,0x128C33C1...d89Aa0442,OUT
0x5eb138e58fdaf7e36a39b716b06ff0e0c39e4d19b02456fb34067407a70cc487,https://bscscan.com/tx/0x5eb138e58fdaf7e36a39b716b06ff0e0c39e4d19b02456fb34067407a70cc487,Swap,2022-03-26 18:26:47,2022-03-26 18:26:47,,1648319207,,0x128C33C1...d89Aa0442,OUT
0x8f53860c120adca9bde67e771da437055efd9f876ebc12b19deebef52d994c21,https://bscscan.com/tx/0x8f53860c120adca9bde67e771da437055efd9f876ebc12b19deebef52d994c21,Transfer*,2022-03-26 18:25:29,2022-03-26 18:25:29,,1648319129,,Anyswap: Bridge Fantom,IN
0x41bd0ac83a9f5dcdb3c35d7166b6f9fb177e30a75e35a2eaf25d907c158dfeb4,https://bscscan.com/tx/0x41bd0ac83a9f5dcdb3c35d7166b6f9fb177e30a75e35a2eaf25d907c158dfeb4,Transfer,2022-03-26 16:25:23,2022-03-26 16:25:23,,1648311923,,0x128C33C1...d89Aa0442,OUT
0xd2d6581ecf51aa73980ee17de383208fb3bc39c536b69d2dd5467971cfe6e67e,https://bscscan.com/tx/0xd2d6581ecf51aa73980ee17de383208fb3bc39c536b69d2dd5467971cfe6e67e,Transfer,2022-03-26 16:20:01,2022-03-26 16:20:01,,1648311601,,Binance: Hot Wallet 11,IN
0x3a904578d4d0b04a578bd7160f622414672c5bb37d5e2b433bdc80ecf21c24e7,https://bscscan.com/tx/0x3a904578d4d0b04a578bd7160f622414672c5bb37d5e2b433bdc80ecf21c24e7,Swap Exact Token...,2022-03-23 11:09:00,2022-03-23 11:09:00,,1648033740,,0x128C33C1...d89Aa0442,OUT
0xf147deefcc70086a1991d24208b896923db79b059170eee531478b17365516bb,https://bscscan.com/tx/0xf147deefcc70086a1991d24208b896923db79b059170eee531478b17365516bb,Remove Liquidity...,2022-03-23 11:07:21,2022-03-23 11:07:21,,1648033641,,0x128C33C1...d89Aa0442,OUT
0x5105acb388e8ef818179e0149423a3ef5923c08a2ffb07fe91ae9a4831429933,https://bscscan.com/tx/0x5105acb388e8ef818179e0149423a3ef5923c08a2ffb07fe91ae9a4831429933,Withdraw All,2022-03-23 10:18:06,2022-03-23 10:18:06,,1648030686,,0x128C33C1...d89Aa0442,OUT
0xa1890e49083931b752af0c4f4dac3e69efaa5da3779aba7dd1197f917e10238c,https://bscscan.com/tx/0xa1890e49083931b752af0c4f4dac3e69efaa5da3779aba7dd1197f917e10238c,Transfer,2022-03-22 13:41:29,2022-03-22 13:41:29,,1647956489,,0x128C33C1...d89Aa0442,OUT
0x1ea9c041fe8f2fa2e29f7406fd02a1f57d73f8ae2e0480c4b26faedbf61b8620,https://bscscan.com/tx/0x1ea9c041fe8f2fa2e29f7406fd02a1f57d73f8ae2e0480c4b26faedbf61b8620,Transfer,2022-03-22 13:37:32,2022-03-22 13:37:32,,1647956252,,Binance: Hot Wallet 12,IN
0xc4930484f4a35bcb2fb3ce02930a0477e4f31ae914c0efa9511ddf76367ba4a6,https://bscscan.com/tx/0xc4930484f4a35bcb2fb3ce02930a0477e4f31ae914c0efa9511ddf76367ba4a6,Deposit All,2022-03-13 21:03:39,2022-03-13 21:03:39,,1647205419,,0x128C33C1...d89Aa0442,OUT
0xabcc0532506ef1a15646d29a4c00950000ebfcfa89c63cb2e93a366ab2873bc2,https://bscscan.com/tx/0xabcc0532506ef1a15646d29a4c00950000ebfcfa89c63cb2e93a366ab2873bc2,Add Liquidity ET...,2022-03-13 21:01:57,2022-03-13 21:01:57,,1647205317,,0x128C33C1...d89Aa0442,OUT
0x9c7b98e47f1ce3f33d5b39b1158d5c9952bb45ab0312ec4bed94899c1fd0e97c,https://bscscan.com/tx/0x9c7b98e47f1ce3f33d5b39b1158d5c9952bb45ab0312ec4bed94899c1fd0e97c,Swap Exact ETH F...,2022-03-13 20:58:27,2022-03-13 20:58:27,,1647205107,,0x128C33C1...d89Aa0442,OUT
0x48de0c56069af8612bbcd07fe39cd6b87171fc7d050922fe8f974ad1ca8302bd,https://bscscan.com/tx/0x48de0c56069af8612bbcd07fe39cd6b87171fc7d050922fe8f974ad1ca8302bd,Transfer,2022-03-13 11:08:37,2022-03-13 11:08:37,,1647169717,,Binance: Hot Wallet 19,IN
0xe97792098563d65f0aeaf90ddc47f70feadcb39fdc17bce73a6def01b640b167,https://bscscan.com/tx/0xe97792098563d65f0aeaf90ddc47f70feadcb39fdc17bce73a6def01b640b167,Approve,2022-03-11 17:16:45,2022-03-11 17:16:45,,1647019005,,0x128C33C1...d89Aa0442,OUT
0xa571316ed4b6f86284ee345aa934c17beea5d48f84c486bf181ea316dbd7a64f,https://bscscan.com/tx/0xa571316ed4b6f86284ee345aa934c17beea5d48f84c486bf181ea316dbd7a64f,Swap,2022-03-07 3:20:23,2022-03-07 3:20:23,,1646623223,,0x128C33C1...d89Aa0442,OUT
0x198c2deeaa35075d40a7c9b1c14579fc9dc24a0cbc0349d603b4673eea01469c,https://bscscan.com/tx/0x198c2deeaa35075d40a7c9b1c14579fc9dc24a0cbc0349d603b4673eea01469c,Approve,2022-03-07 3:20:20,2022-03-07 3:20:20,,1646623220,,0x128C33C1...d89Aa0442,OUT
0x36f3f652e15df212fa5a137706c11994c662ec1014c02b6560f4195ac682b057,https://bscscan.com/tx/0x36f3f652e15df212fa5a137706c11994c662ec1014c02b6560f4195ac682b057,Deposit All,2022-03-05 0:44:21,2022-03-05 0:44:21,,1646441061,,0x128C33C1...d89Aa0442,OUT
0xbf0576398250507aeca62e3b255d22844b00a5405b9cecf746660b3220cb467e,https://bscscan.com/tx/0xbf0576398250507aeca62e3b255d22844b00a5405b9cecf746660b3220cb467e,Add Liquidity ET...,2022-03-05 0:42:36,2022-03-05 0:42:36,,1646440956,,0x128C33C1...d89Aa0442,OUT
0x160f161883546479b62a8db17da2bf41a55a01908ddb18f56becaeb6f64688c5,https://bscscan.com/tx/0x160f161883546479b62a8db17da2bf41a55a01908ddb18f56becaeb6f64688c5,Swap Exact Token...,2022-03-05 0:41:45,2022-03-05 0:41:45,,1646440905,,0x128C33C1...d89Aa0442,OUT
0xd8d97f8fdd3a7c15c53ffacb4e73f2663fcab1b90edf561395db343c6aa3e4b5,https://bscscan.com/tx/0xd8d97f8fdd3a7c15c53ffacb4e73f2663fcab1b90edf561395db343c6aa3e4b5,Swap Exact Token...,2022-03-05 0:41:15,2022-03-05 0:41:15,,1646440875,,0x128C33C1...d89Aa0442,OUT
0x05cc8734058bdc5f43f9108f841ad14549b72be2c440858b3d1b11350d163147,https://bscscan.com/tx/0x05cc8734058bdc5f43f9108f841ad14549b72be2c440858b3d1b11350d163147,Swap Exact Token...,2022-03-05 0:39:42,2022-03-05 0:39:42,,1646440782,,0x128C33C1...d89Aa0442,OUT
0xcf045ad56a99bc78c3b9e58e7a905bbcb2b8b421f92b1edeac9d9a0ea592e7f9,https://bscscan.com/tx/0xcf045ad56a99bc78c3b9e58e7a905bbcb2b8b421f92b1edeac9d9a0ea592e7f9,Remove Liquidity...,2022-03-05 0:34:54,2022-03-05 0:34:54,,1646440494,,0x128C33C1...d89Aa0442,OUT
0xc580c3c52faa3d42389acacc21724070c37045c9e29b8b3bcac9538049fb5192,https://bscscan.com/tx/0xc580c3c52faa3d42389acacc21724070c37045c9e29b8b3bcac9538049fb5192,Withdraw All,2022-03-05 0:31:45,2022-03-05 0:31:45,,1646440305,,0x128C33C1...d89Aa0442,OUT
0x4afe207e6fc244458f249f66ada26d4940bba30ed7c31b380c1a3f7d28220aeb,https://bscscan.com/tx/0x4afe207e6fc244458f249f66ada26d4940bba30ed7c31b380c1a3f7d28220aeb,Deposit All,2022-03-03 13:03:55,2022-03-03 13:03:55,,1646312635,,0x128C33C1...d89Aa0442,OUT
0x97d9df76796721f8f8bfc939ea8b251fc1e6997e21131f5adbdc2f6b34f6bff1,https://bscscan.com/tx/0x97d9df76796721f8f8bfc939ea8b251fc1e6997e21131f5adbdc2f6b34f6bff1,Approve,2022-03-03 13:02:16,2022-03-03 13:02:16,,1646312536,,0x128C33C1...d89Aa0442,OUT
0x2285e37f9e436cf274e47dff81972135ed952fa6473c4966d08e2082c66bb25e,https://bscscan.com/tx/0x2285e37f9e436cf274e47dff81972135ed952fa6473c4966d08e2082c66bb25e,Add Liquidity,2022-03-03 12:56:58,2022-03-03 12:56:58,,1646312218,,0x128C33C1...d89Aa0442,OUT
0x87da0aeba64390efdf4362398eb4b03b258442478b6082442c073aff9d2f792b,https://bscscan.com/tx/0x87da0aeba64390efdf4362398eb4b03b258442478b6082442c073aff9d2f792b,Approve,2022-03-03 12:54:28,2022-03-03 12:54:28,,1646312068,,0x128C33C1...d89Aa0442,OUT
0xbf96a0292ef24899fef9085bbcaaa90e4bfe09e7257a50f2f0e0be3dc0a248e7,https://bscscan.com/tx/0xbf96a0292ef24899fef9085bbcaaa90e4bfe09e7257a50f2f0e0be3dc0a248e7,Approve,2022-03-03 12:54:16,2022-03-03 12:54:16,,1646312056,,0x128C33C1...d89Aa0442,OUT
0x3a75fe131781398ec2a9918a1bb4a7b3d9cc992e010f0478733a69f4e17fd9f4,https://bscscan.com/tx/0x3a75fe131781398ec2a9918a1bb4a7b3d9cc992e010f0478733a69f4e17fd9f4,Swap Exact ETH F...,2022-03-03 12:52:25,2022-03-03 12:52:25,,1646311945,,0x128C33C1...d89Aa0442,OUT
0x6f89e03caf086456fcd9ed5579ef015450fb852af7c2c213a3a06c17aa43a52b,https://bscscan.com/tx/0x6f89e03caf086456fcd9ed5579ef015450fb852af7c2c213a3a06c17aa43a52b,Swap Exact ETH F...,2022-03-03 12:46:25,2022-03-03 12:46:25,,1646311585,,0x128C33C1...d89Aa0442,OUT
0x23aef438c7155ab221d1668d176a028edf9cea314374c90a1a913dc5963e564a,https://bscscan.com/tx/0x23aef438c7155ab221d1668d176a028edf9cea314374c90a1a913dc5963e564a,Swap,2022-03-03 12:40:22,2022-03-03 12:40:22,,1646311222,,0x128C33C1...d89Aa0442,OUT
0x0faba2c82e0462ff2604423c42887bd0365aab19fc2aa74893799d380e95d088,https://bscscan.com/tx/0x0faba2c82e0462ff2604423c42887bd0365aab19fc2aa74893799d380e95d088,Approve,2022-03-03 12:40:16,2022-03-03 12:40:16,,1646311216,,0x128C33C1...d89Aa0442,OUT
0xf35041b4099d6c0f3f3b4cae962ecab0d36b3921f7b3d9e9c1229f4d7dd7adc2,https://bscscan.com/tx/0xf35041b4099d6c0f3f3b4cae962ecab0d36b3921f7b3d9e9c1229f4d7dd7adc2,Remove Liquidity...,2022-03-03 12:39:22,2022-03-03 12:39:22,,1646311162,,0x128C33C1...d89Aa0442,OUT
0x2dc779dc87c03695181d597894e3ec1ae953ca62f7751c521d5e2287939f0e15,https://bscscan.com/tx/0x2dc779dc87c03695181d597894e3ec1ae953ca62f7751c521d5e2287939f0e15,Withdraw All,2022-03-03 12:32:19,2022-03-03 12:32:19,,1646310739,,0x128C33C1...d89Aa0442,OUT
0xd4d2a5854c6372e1186fed9daecdd6a9d5c336ac8720d258981c0a96228bdab8,https://bscscan.com/tx/0xd4d2a5854c6372e1186fed9daecdd6a9d5c336ac8720d258981c0a96228bdab8,Deposit All,2022-03-01 0:03:30,2022-03-01 0:03:30,,1646093010,,0x128C33C1...d89Aa0442,OUT
0xb05577950a3dafdc10221f88bcb04da2ded73120ee9c5bff6d0fad7eede2439e,https://bscscan.com/tx/0xb05577950a3dafdc10221f88bcb04da2ded73120ee9c5bff6d0fad7eede2439e,Add Liquidity ET...,2022-03-01 0:02:21,2022-03-01 0:02:21,,1646092941,,0x128C33C1...d89Aa0442,OUT
0xc4326d515d6a3a7cc91d36360906afc1c99bc3d643854969d5d439f5757c606e,https://bscscan.com/tx/0xc4326d515d6a3a7cc91d36360906afc1c99bc3d643854969d5d439f5757c606e,Swap Exact Token...,2022-03-01 0:01:18,2022-03-01 0:01:18,,1646092878,,0x128C33C1...d89Aa0442,OUT
0x9efaf519fd7a641f14b78c16eebe0b492ea8631ddea8be127d9d66e1aba32b4c,https://bscscan.com/tx/0x9efaf519fd7a641f14b78c16eebe0b492ea8631ddea8be127d9d66e1aba32b4c,Swap Exact Token...,2022-02-28 23:59:33,2022-02-28 23:59:33,,1646092773,,0x128C33C1...d89Aa0442,OUT
0xb31d8b7aa8053444a07ee39c52ce5a617886454c9d4210b036c35114357cae53,https://bscscan.com/tx/0xb31d8b7aa8053444a07ee39c52ce5a617886454c9d4210b036c35114357cae53,Approve,2022-02-28 23:58:57,2022-02-28 23:58:57,,1646092737,,0x128C33C1...d89Aa0442,OUT
0x6965a645ed46594a93446d646241e641a72a1f24bfaa25acf5e9e270fb61dc0a,https://bscscan.com/tx/0x6965a645ed46594a93446d646241e641a72a1f24bfaa25acf5e9e270fb61dc0a,Transfer,2022-02-28 23:57:15,2022-02-28 23:57:15,,1646092635,,0x128C33C1...d89Aa0442,OUT
0x1ef857283f326271570f570341e44a630eaa4db6e90c4e4838ae4cd84e754167,https://bscscan.com/tx/0x1ef857283f326271570f570341e44a630eaa4db6e90c4e4838ae4cd84e754167,Transfer,2022-02-28 23:56:30,2022-02-28 23:56:30,,1646092590,,Binance 47,IN
0x848d826fdfc68587fbc978d07947fedef410cd74c4c0f682ee17a9e922e75694,https://bscscan.com/tx/0x848d826fdfc68587fbc978d07947fedef410cd74c4c0f682ee17a9e922e75694,Transfer,2022-02-26 22:17:08,2022-02-26 22:17:08,,1645913828,,0x128C33C1...d89Aa0442,OUT
0xc637fc82fc28c01a17c645e2bdce9408c4e249aa16ebdd1299e432171466d42f,https://bscscan.com/tx/0xc637fc82fc28c01a17c645e2bdce9408c4e249aa16ebdd1299e432171466d42f,Withdraw,2022-02-26 22:10:26,2022-02-26 22:10:26,,1645913426,,0x128C33C1...d89Aa0442,OUT
0x38b101f1ffd245ad3ace06297876b3c45bf91677db63414f3944d31fe86cba1a,https://bscscan.com/tx/0x38b101f1ffd245ad3ace06297876b3c45bf91677db63414f3944d31fe86cba1a,Transfer,2022-02-26 21:18:17,2022-02-26 21:18:17,,1645910297,,0x128C33C1...d89Aa0442,OUT
0x34abfa42aab24e21108c49746ad26583301801ada952a00312019ced33a7a446,https://bscscan.com/tx/0x34abfa42aab24e21108c49746ad26583301801ada952a00312019ced33a7a446,Swap Exact Token...,2022-02-26 21:12:59,2022-02-26 21:12:59,,1645909979,,0x128C33C1...d89Aa0442,OUT
0xca204e28be4147f8e4a4c348611d5276456b068f9559648b69eb922db9526cc5,https://bscscan.com/tx/0xca204e28be4147f8e4a4c348611d5276456b068f9559648b69eb922db9526cc5,Withdraw All,2022-02-26 21:07:26,2022-02-26 21:07:26,,1645909646,,0x128C33C1...d89Aa0442,OUT
0x2f4536b32bc835ba0aa747aec8cd61b461a8a436c1a7797cf8ec87fbaca2c97f,https://bscscan.com/tx/0x2f4536b32bc835ba0aa747aec8cd61b461a8a436c1a7797cf8ec87fbaca2c97f,Transfer,2022-02-26 12:29:23,2022-02-26 12:29:23,,1645878563,,0x128C33C1...d89Aa0442,OUT
0xd143d6e429de601836b9affdaa59c00e3769a8ff553ffd77bbb2d2d464659982,https://bscscan.com/tx/0xd143d6e429de601836b9affdaa59c00e3769a8ff553ffd77bbb2d2d464659982,Deposit All,2022-02-26 0:47:07,2022-02-26 0:47:07,,1645836427,,0x128C33C1...d89Aa0442,OUT
0x04949d87ce8c80718e0c7b756022ec956b971f6621e3cc7b60dbb87c872d192b,https://bscscan.com/tx/0x04949d87ce8c80718e0c7b756022ec956b971f6621e3cc7b60dbb87c872d192b,Add Liquidity ET...,2022-02-26 0:44:47,2022-02-26 0:44:47,,1645836287,,0x128C33C1...d89Aa0442,OUT
0x2fe0db16d48002b4e414cce5118998e5729cbc09e0985474e47d87eff01734ea,https://bscscan.com/tx/0x2fe0db16d48002b4e414cce5118998e5729cbc09e0985474e47d87eff01734ea,Swap Exact Token...,2022-02-26 0:43:40,2022-02-26 0:43:40,,1645836220,,0x128C33C1...d89Aa0442,OUT
0xac808e5631ca28e725e14a16f985fdf116657b72d5cde3c6bb7c9f55211b26f1,https://bscscan.com/tx/0xac808e5631ca28e725e14a16f985fdf116657b72d5cde3c6bb7c9f55211b26f1,Swap Exact ETH F...,2022-02-26 0:39:02,2022-02-26 0:39:02,,1645835942,,0x128C33C1...d89Aa0442,OUT
0x39e99bc96f326b9351eaa20ee081e37b289ce7d4356cdd5610cb08bfda6fc749,https://bscscan.com/tx/0x39e99bc96f326b9351eaa20ee081e37b289ce7d4356cdd5610cb08bfda6fc749,Swap Exact Token...,2022-02-26 0:37:08,2022-02-26 0:37:08,,1645835828,,0x128C33C1...d89Aa0442,OUT
0xc4c9d855348a26f8181fe974565be03d57db3ea12d26127b89d42f52dc67ac99,https://bscscan.com/tx/0xc4c9d855348a26f8181fe974565be03d57db3ea12d26127b89d42f52dc67ac99,Remove Liquidity...,2022-02-26 0:35:50,2022-02-26 0:35:50,,1645835750,,0x128C33C1...d89Aa0442,OUT
0x50fe301c0c4a2e9113b528ef50e7ccf92aff9f8401ed9773b4897192e16222ff,https://bscscan.com/tx/0x50fe301c0c4a2e9113b528ef50e7ccf92aff9f8401ed9773b4897192e16222ff,Withdraw,2022-02-26 0:34:35,2022-02-26 0:34:35,,1645835675,,0x128C33C1...d89Aa0442,OUT
0xd3f3ba199c927bb0dc8be96c85706fc55602981475828de38a9fb28a9be42e61,https://bscscan.com/tx/0xd3f3ba199c927bb0dc8be96c85706fc55602981475828de38a9fb28a9be42e61,Deposit,2022-02-26 0:33:38,2022-02-26 0:33:38,,1645835618,,0x128C33C1...d89Aa0442,OUT
0x07be42e1c61ce88bbb627005d613705269f8b9a2fd9cae701dc40ea77f90af8a,https://bscscan.com/tx/0x07be42e1c61ce88bbb627005d613705269f8b9a2fd9cae701dc40ea77f90af8a,Transfer,2022-02-25 23:41:37,2022-02-25 23:41:37,,1645832497,,0x128C33C1...d89Aa0442,OUT
0xf0c53583ad037bb10ed091902fee57c4f29d8bf84d75761e6026e2f761b90ebe,https://bscscan.com/tx/0xf0c53583ad037bb10ed091902fee57c4f29d8bf84d75761e6026e2f761b90ebe,Deposit All,2022-02-25 4:38:28,2022-02-25 4:38:28,,1645763908,,0x128C33C1...d89Aa0442,OUT
0xb7bf172944d9dae10cbe277a2f5f652a19efb0ea0454c41d92d938386f33e0d1,https://bscscan.com/tx/0xb7bf172944d9dae10cbe277a2f5f652a19efb0ea0454c41d92d938386f33e0d1,Add Liquidity ET...,2022-02-25 4:37:19,2022-02-25 4:37:19,,1645763839,,0x128C33C1...d89Aa0442,OUT
0xe1ac0e17f29035770892bb4bf7274332dc543786fc3d39d4099c13316677e469,https://bscscan.com/tx/0xe1ac0e17f29035770892bb4bf7274332dc543786fc3d39d4099c13316677e469,Swap Exact Token...,2022-02-25 4:36:37,2022-02-25 4:36:37,,1645763797,,0x128C33C1...d89Aa0442,OUT
0x3585d9124b6074a1299605751442bd0c12bb1fc0d4ad3e642a496e6030f18cdf,https://bscscan.com/tx/0x3585d9124b6074a1299605751442bd0c12bb1fc0d4ad3e642a496e6030f18cdf,Approve,2022-02-25 4:36:04,2022-02-25 4:36:04,,1645763764,,0x128C33C1...d89Aa0442,OUT
0x0b0c5b3226fc38125538b3b76469b063927c4790f36c2e5b9861bd6c23ebd7d6,https://bscscan.com/tx/0x0b0c5b3226fc38125538b3b76469b063927c4790f36c2e5b9861bd6c23ebd7d6,Approve,2022-02-25 4:34:28,2022-02-25 4:34:28,,1645763668,,0x128C33C1...d89Aa0442,OUT
0x4c4c61e0535cbc981cd565160986f6a5b57747e0de12a9cfe502b3e51fa0a4bb,https://bscscan.com/tx/0x4c4c61e0535cbc981cd565160986f6a5b57747e0de12a9cfe502b3e51fa0a4bb,Swap Exact ETH F...,2022-02-25 4:33:51,2022-02-25 4:33:51,,1645763631,,0x128C33C1...d89Aa0442,OUT
0xa04b0fb85bdd78320b8038cd0c0a2e5b634bf5a0bedd11da70901dd945cb82b8,https://bscscan.com/tx/0xa04b0fb85bdd78320b8038cd0c0a2e5b634bf5a0bedd11da70901dd945cb82b8,Swap Exact Token...,2022-02-25 4:32:33,2022-02-25 4:32:33,,1645763553,,0x128C33C1...d89Aa0442,OUT
0x361af2e31ecdbdc0727650d9c3a5067c6094af5dacac839ca570d075fe1e9151,https://bscscan.com/tx/0x361af2e31ecdbdc0727650d9c3a5067c6094af5dacac839ca570d075fe1e9151,Approve,2022-02-25 4:31:39,2022-02-25 4:31:39,,1645763499,,0x128C33C1...d89Aa0442,OUT
0x696b1328d5323ed3e1bf5cc76db46f759149425d5b1553d8334f8e20b8881492,https://bscscan.com/tx/0x696b1328d5323ed3e1bf5cc76db46f759149425d5b1553d8334f8e20b8881492,Withdraw All,2022-02-25 4:30:21,2022-02-25 4:30:21,,1645763421,,0x128C33C1...d89Aa0442,OUT
0x8763470dd1c49c40565c65b18f8cbe50a9ade99c49477a2e95769fce0170fd95,https://bscscan.com/tx/0x8763470dd1c49c40565c65b18f8cbe50a9ade99c49477a2e95769fce0170fd95,Deposit,2022-02-25 4:27:18,2022-02-25 4:27:18,,1645763238,,0x128C33C1...d89Aa0442,OUT
0xe70b7fc7c0795a194b0d5d9834959c92257004a879d2d8b6bda9127ab1347ded,https://bscscan.com/tx/0xe70b7fc7c0795a194b0d5d9834959c92257004a879d2d8b6bda9127ab1347ded,Swap Exact ETH F...,2022-02-25 4:26:09,2022-02-25 4:26:09,,1645763169,,0x128C33C1...d89Aa0442,OUT
0xa467b7fb34b0447b59fcbc67d0adb23a32bea2059da64a73a9f2df166035073d,https://bscscan.com/tx/0xa467b7fb34b0447b59fcbc67d0adb23a32bea2059da64a73a9f2df166035073d,Approve,2022-02-25 4:20:12,2022-02-25 4:20:12,,1645762812,,0x128C33C1...d89Aa0442,OUT
0x8d739c1d0419b66c13f5d238f4703892b4cb62d869d7a8ba497c426e7fc029e3,https://bscscan.com/tx/0x8d739c1d0419b66c13f5d238f4703892b4cb62d869d7a8ba497c426e7fc029e3,Harvest,2022-02-25 4:16:15,2022-02-25 4:16:15,,1645762575,,0x128C33C1...d89Aa0442,OUT
0x8c531af02616bc2bd7670ed0fd6f6154addbd704eec29f07312f1806691cab2f,https://bscscan.com/tx/0x8c531af02616bc2bd7670ed0fd6f6154addbd704eec29f07312f1806691cab2f,Deposit,2022-02-25 4:14:42,2022-02-25 4:14:42,,1645762482,,0x128C33C1...d89Aa0442,OUT
0x23e549014cd610d49f007418f0a7f2cb49c2f9f063b0314a3c7e1a5a5af13071,https://bscscan.com/tx/0x23e549014cd610d49f007418f0a7f2cb49c2f9f063b0314a3c7e1a5a5af13071,Add Liquidity ET...,2022-02-25 4:13:42,2022-02-25 4:13:42,,1645762422,,0x128C33C1...d89Aa0442,OUT
0x0978890f03ecc24c2cc88951f994db999ee22f8387ec12f3d849a89e5876f8de,https://bscscan.com/tx/0x0978890f03ecc24c2cc88951f994db999ee22f8387ec12f3d849a89e5876f8de,Swap Exact Token...,2022-02-25 4:11:57,2022-02-25 4:11:57,,1645762317,,0x128C33C1...d89Aa0442,OUT
0x4157dc69b93fe81b150a16c43e546719b235b1a84185db106b02492e30461a80,https://bscscan.com/tx/0x4157dc69b93fe81b150a16c43e546719b235b1a84185db106b02492e30461a80,Remove Liquidity...,2022-02-25 4:09:57,2022-02-25 4:09:57,,1645762197,,0x128C33C1...d89Aa0442,OUT
0x4af518d5cd30662ef34d4816189f5a2d8ad5b8cec8c5980c7c42bf84fb736cf6,https://bscscan.com/tx/0x4af518d5cd30662ef34d4816189f5a2d8ad5b8cec8c5980c7c42bf84fb736cf6,Add Liquidity,2022-02-25 4:05:24,2022-02-25 4:05:24,,1645761924,,0x128C33C1...d89Aa0442,OUT
0xbc6729146dc053a3528c2d4fd8969f17dc8885a6aff0c6ce73219ac89f1465f7,https://bscscan.com/tx/0xbc6729146dc053a3528c2d4fd8969f17dc8885a6aff0c6ce73219ac89f1465f7,Approve,2022-02-25 4:04:57,2022-02-25 4:04:57,,1645761897,,0x128C33C1...d89Aa0442,OUT
0x97fbf112d60d1c2fdf0b92d2d9fe65866e1d326414ab621c06a55ee44811fdf1,https://bscscan.com/tx/0x97fbf112d60d1c2fdf0b92d2d9fe65866e1d326414ab621c06a55ee44811fdf1,Swap Exact Token...,2022-02-25 4:03:33,2022-02-25 4:03:33,,1645761813,,0x128C33C1...d89Aa0442,OUT
0x911dd00a2be35ac874adaf5671902db197694ebed6ddce6ed515da08bd861cd7,https://bscscan.com/tx/0x911dd00a2be35ac874adaf5671902db197694ebed6ddce6ed515da08bd861cd7,Transfer,2022-02-25 4:00:48,2022-02-25 4:00:48,,1645761648,,Binance: Hot Wallet 17,IN
0xecd930333c8187de147573867a8150713135784dbd8a62ca8040fcd139fe98f8,https://bscscan.com/tx/0xecd930333c8187de147573867a8150713135784dbd8a62ca8040fcd139fe98f8,Swap Exact Token...,2022-02-25 3:38:06,2022-02-25 3:38:06,,1645760286,,0x128C33C1...d89Aa0442,OUT
0x27da58df0494c12deee07e0ca398dda333b3272a77f07f614724410c79c3a814,https://bscscan.com/tx/0x27da58df0494c12deee07e0ca398dda333b3272a77f07f614724410c79c3a814,Remove Liquidity...,2022-02-25 3:28:15,2022-02-25 3:28:15,,1645759695,,0x128C33C1...d89Aa0442,OUT
0xe962c33b44766deb21c9ef78708f7b8d06e6bc39a8aeb5b52320f0adf8c242e1,https://bscscan.com/tx/0xe962c33b44766deb21c9ef78708f7b8d06e6bc39a8aeb5b52320f0adf8c242e1,Approve,2022-02-25 3:11:45,2022-02-25 3:11:45,,1645758705,,0x128C33C1...d89Aa0442,OUT
0x157715e484ff784081d2233dea9ade7b2f99c7304c2bce06f1a4d4089361f369,https://bscscan.com/tx/0x157715e484ff784081d2233dea9ade7b2f99c7304c2bce06f1a4d4089361f369,Withdraw,2022-02-25 3:09:45,2022-02-25 3:09:45,,1645758585,,0x128C33C1...d89Aa0442,OUT
0xb7dd2ba51b9e31ceb9f22d5c02f5135be43f4fe5ee220a4c9d6e7d4eed2b3e0a,https://bscscan.com/tx/0xb7dd2ba51b9e31ceb9f22d5c02f5135be43f4fe5ee220a4c9d6e7d4eed2b3e0a,Deposit,2022-02-25 3:08:42,2022-02-25 3:08:42,,1645758522,,0x128C33C1...d89Aa0442,OUT
0xc45e26e2d992dc5cceefac253e904e7436e709bcf9ac10ae7a8acb408e12aead,https://bscscan.com/tx/0xc45e26e2d992dc5cceefac253e904e7436e709bcf9ac10ae7a8acb408e12aead,Deposit,2022-02-23 18:11:57,2022-02-23 18:11:57,,1645639917,,0x128C33C1...d89Aa0442,OUT
0x070b772acb5203165fabc77c3eb160c23e000d4a01986a931a2f2ba533855640,https://bscscan.com/tx/0x070b772acb5203165fabc77c3eb160c23e000d4a01986a931a2f2ba533855640,Approve,2022-02-23 18:02:21,2022-02-23 18:02:21,,1645639341,,0x128C33C1...d89Aa0442,OUT
0x7ad10bc24d4c35beaccf9e70adc452ae540db74d76c6491ab20081051c7a40ea,https://bscscan.com/tx/0x7ad10bc24d4c35beaccf9e70adc452ae540db74d76c6491ab20081051c7a40ea,Swap Exact Token...,2022-02-23 17:58:39,2022-02-23 17:58:39,,1645639119,,0x128C33C1...d89Aa0442,OUT
0xac4345ce0ca621423451bc452ff2ab1d640e363fc560bed573d4f77cff036a2a,https://bscscan.com/tx/0xac4345ce0ca621423451bc452ff2ab1d640e363fc560bed573d4f77cff036a2a,Approve,2022-02-23 17:55:42,2022-02-23 17:55:42,,1645638942,,0x128C33C1...d89Aa0442,OUT
0xbbcf60a8544452212b4e140a635b0fcb48edf2fc66b8c321251aa7b1738d2c56,https://bscscan.com/tx/0xbbcf60a8544452212b4e140a635b0fcb48edf2fc66b8c321251aa7b1738d2c56,Add Liquidity,2022-02-23 17:53:54,2022-02-23 17:53:54,,1645638834,,0x128C33C1...d89Aa0442,OUT
0x1afaf3aadc30efcc95b80c3e5fe3f5eae24cd0e056695041253bdd3f65c24a83,https://bscscan.com/tx/0x1afaf3aadc30efcc95b80c3e5fe3f5eae24cd0e056695041253bdd3f65c24a83,Swap Tokens For ...,2022-02-23 17:52:36,2022-02-23 17:52:36,,1645638756,,0x128C33C1...d89Aa0442,OUT
0xc1fbb926be109264d6b05fb5cf7ede96abfcdb6a365a7568b10fcc3c6de7ff07,https://bscscan.com/tx/0xc1fbb926be109264d6b05fb5cf7ede96abfcdb6a365a7568b10fcc3c6de7ff07,Deposit,2022-02-22 9:16:53,2022-02-22 9:16:53,,1645521413,,0x128C33C1...d89Aa0442,OUT
0xa2af14c534c9a3dd5f1eed47f95023312fe6ff32dd8d5cc4e9f71da2c435fc59,https://bscscan.com/tx/0xa2af14c534c9a3dd5f1eed47f95023312fe6ff32dd8d5cc4e9f71da2c435fc59,Add Liquidity,2022-02-22 8:22:08,2022-02-22 8:22:08,,1645518128,,0x128C33C1...d89Aa0442,OUT
0x23332977b7b7f7e6b86950663cba9b56433ba09c3d24f1a9a76e72bcb6c07074,https://bscscan.com/tx/0x23332977b7b7f7e6b86950663cba9b56433ba09c3d24f1a9a76e72bcb6c07074,Approve,2022-02-22 8:21:38,2022-02-22 8:21:38,,1645518098,,0x128C33C1...d89Aa0442,OUT
0x94d5c663e2107034b9dcbbe645b3fdab63c037edaad5086027c5ac80e24be520,https://bscscan.com/tx/0x94d5c663e2107034b9dcbbe645b3fdab63c037edaad5086027c5ac80e24be520,Approve,2022-02-22 8:21:26,2022-02-22 8:21:26,,1645518086,,0x128C33C1...d89Aa0442,OUT
0x853493f6d6a8d9dcb8045ac6d58d7aff3907ae5440ecef88254292edf72878f1,https://bscscan.com/tx/0x853493f6d6a8d9dcb8045ac6d58d7aff3907ae5440ecef88254292edf72878f1,Swap Exact ETH F...,2022-02-22 8:19:44,2022-02-22 8:19:44,,1645517984,,0x128C33C1...d89Aa0442,OUT
0x888d53d119bb7179f08552fe50ef9bbe23a90873d5e415182443b19ee85db9bc,https://bscscan.com/tx/0x888d53d119bb7179f08552fe50ef9bbe23a90873d5e415182443b19ee85db9bc,Swap Exact ETH F...,2022-02-22 8:18:47,2022-02-22 8:18:47,,1645517927,,0x128C33C1...d89Aa0442,OUT
0x5d8e6de5e2ca6abb1dca6b5c78ba991d81194fc0ab43a57dcb1a5c0f7e748952,https://bscscan.com/tx/0x5d8e6de5e2ca6abb1dca6b5c78ba991d81194fc0ab43a57dcb1a5c0f7e748952,Deposit,2022-02-22 8:12:02,2022-02-22 8:12:02,,1645517522,,0x128C33C1...d89Aa0442,OUT
0x808f4de49cee92a39c1304cb20835a8cb6050340d61ba0871d3200eed19def0b,https://bscscan.com/tx/0x808f4de49cee92a39c1304cb20835a8cb6050340d61ba0871d3200eed19def0b,Approve,2022-02-22 7:53:53,2022-02-22 7:53:53,,1645516433,,0x128C33C1...d89Aa0442,OUT
0xa210f69fce38f9cf633817f57fa58fdf48f60c36d3dbfeb594432cd70f4af740,https://bscscan.com/tx/0xa210f69fce38f9cf633817f57fa58fdf48f60c36d3dbfeb594432cd70f4af740,Swap Exact ETH F...,2022-02-22 7:48:08,2022-02-22 7:48:08,,1645516088,,0x128C33C1...d89Aa0442,OUT
0x0a428deaba335619e12be44076a4639b3d6f593fdc50a80236841ecf58a98933,https://bscscan.com/tx/0x0a428deaba335619e12be44076a4639b3d6f593fdc50a80236841ecf58a98933,Approve,2022-02-22 7:46:08,2022-02-22 7:46:08,,1645515968,,0x128C33C1...d89Aa0442,OUT
0x7a90096b1a8dddd888cb0ae7fee66d279c4b6aabaad60603954897c36f8af2e0,https://bscscan.com/tx/0x7a90096b1a8dddd888cb0ae7fee66d279c4b6aabaad60603954897c36f8af2e0,Swap Exact Token...,2022-02-22 7:37:26,2022-02-22 7:37:26,,1645515446,,0x128C33C1...d89Aa0442,OUT
0x47cac1e9171383a1dcaac0fb3bf39e181a205525cc4c88f0322421c213f76493,https://bscscan.com/tx/0x47cac1e9171383a1dcaac0fb3bf39e181a205525cc4c88f0322421c213f76493,Remove Liquidity...,2022-02-22 7:36:08,2022-02-22 7:36:08,,1645515368,,0x128C33C1...d89Aa0442,OUT
0xd8f3b33b3b32e437aabd99562470dd4e3922ac317e4ce59b495f5683b2432376,https://bscscan.com/tx/0xd8f3b33b3b32e437aabd99562470dd4e3922ac317e4ce59b495f5683b2432376,Transfer,2022-02-22 7:26:59,2022-02-22 7:26:59,,1645514819,,Binance: Hot Wallet 16,IN
0x6b292e313c2ddee753c9694c3f0b20f06ff2ac48b863c794ab5c4b0f2a0fe468,https://bscscan.com/tx/0x6b292e313c2ddee753c9694c3f0b20f06ff2ac48b863c794ab5c4b0f2a0fe468,Withdraw All,2022-02-22 7:16:56,2022-02-22 7:16:56,,1645514216,,0x128C33C1...d89Aa0442,OUT
0x4b4e57e6a9f84d6f4dc1c6ce4ad0d6c27960a08bcff96567c0608d03418694c2,https://bscscan.com/tx/0x4b4e57e6a9f84d6f4dc1c6ce4ad0d6c27960a08bcff96567c0608d03418694c2,Deposit All,2022-02-13 6:17:27,2022-02-13 6:17:27,,1644733047,,0x128C33C1...d89Aa0442,OUT
0xdcb6182a31d14ea9d8037d3bc9317944ff573c0fd55f04bf9635ab2f298d8fe1,https://bscscan.com/tx/0xdcb6182a31d14ea9d8037d3bc9317944ff573c0fd55f04bf9635ab2f298d8fe1,Transfer,2022-02-13 6:11:33,2022-02-13 6:11:33,,1644732693,,Binance: Hot Wallet 17,IN
0x713e94653a5c820dd6af46135c2fcf1e228d1192ed4dbd4416336a0b3536e5d1,https://bscscan.com/tx/0x713e94653a5c820dd6af46135c2fcf1e228d1192ed4dbd4416336a0b3536e5d1,Approve,2022-02-13 5:54:45,2022-02-13 5:54:45,,1644731685,,0x128C33C1...d89Aa0442,OUT
0xbb973f4cbd2524aec22125bfdeb19ba5caaf30cc24e4ba5291693426bba3769b,https://bscscan.com/tx/0xbb973f4cbd2524aec22125bfdeb19ba5caaf30cc24e4ba5291693426bba3769b,Add Liquidity ET...,2022-02-13 5:51:30,2022-02-13 5:51:30,,1644731490,,0x128C33C1...d89Aa0442,OUT
0x5da68cc1ab5cb4d0edecc7c9a03e3872b8f8f66286029bb1da5fac3b1c6111f3,https://bscscan.com/tx/0x5da68cc1ab5cb4d0edecc7c9a03e3872b8f8f66286029bb1da5fac3b1c6111f3,Approve,2022-02-13 5:50:39,2022-02-13 5:50:39,,1644731439,,0x128C33C1...d89Aa0442,OUT
0x024abc422c196cd77faa93a85f0105c182592721d631609303e8285fd526d4f0,https://bscscan.com/tx/0x024abc422c196cd77faa93a85f0105c182592721d631609303e8285fd526d4f0,Swap Exact ETH F...,2022-02-13 5:48:45,2022-02-13 5:48:45,,1644731325,,0x128C33C1...d89Aa0442,OUT
0x8990066969f70f811be7b97ff4eb077bae91bac7fa0f3d6dc2560fdf14a0a9d2,https://bscscan.com/tx/0x8990066969f70f811be7b97ff4eb077bae91bac7fa0f3d6dc2560fdf14a0a9d2,Beef Out And Swa...,2022-02-13 5:36:27,2022-02-13 5:36:27,,1644730587,,0x128C33C1...d89Aa0442,OUT
0xb3ae36209012e1a96cdca3aedec906fcf6646d5e90c73f1437048fc96b368fcd,https://bscscan.com/tx/0xb3ae36209012e1a96cdca3aedec906fcf6646d5e90c73f1437048fc96b368fcd,Beef Out And Swa...,2022-02-13 5:36:06,2022-02-13 5:36:06,,1644730566,,0x128C33C1...d89Aa0442,OUT
0xd978529117759c2c3d2fca7da20a2e78f5f8eae903c082c4e25e820fca4c0aea,https://bscscan.com/tx/0xd978529117759c2c3d2fca7da20a2e78f5f8eae903c082c4e25e820fca4c0aea,Approve,2022-02-13 5:31:54,2022-02-13 5:31:54,,1644730314,,0x128C33C1...d89Aa0442,OUT
0xfb47f0713409aca60dbd2be14f192292b0f2a6a3b7c24b3d6a44c3b1962575ce,https://bscscan.com/tx/0xfb47f0713409aca60dbd2be14f192292b0f2a6a3b7c24b3d6a44c3b1962575ce,Beef In ETH,2022-02-10 14:36:48,2022-02-10 14:36:48,,1644503808,,0x128C33C1...d89Aa0442,OUT
0x5ac94bd271b2e536605786d483d21dc7f2c30df5b32dc732dbc1ac853b29e499,https://bscscan.com/tx/0x5ac94bd271b2e536605786d483d21dc7f2c30df5b32dc732dbc1ac853b29e499,Transfer,2022-02-10 14:19:39,2022-02-10 14:19:39,,1644502779,,Binance: Hot Wallet 19,IN
