tx_hash,tx_url,block,datetime_utc,from,from_url,to,to_url,value,txn_fee,from_address,to_address,from_friendly_tag_lookup,to_friendly_tag_lookup,from_friendly_tag_final,to_friendly_tag_final,project_hit,project_hit_count,project_confidence,value_bnb,usd_at_tx_time,usd_at_today_rate,valuation_delta_today_minus_then,bnb_usd_today_rate_used,bnb_usd_today_rate_date,is_binance_inflow,binance_inflow_bnb,binance_inflow_usd_then,binance_inflow_usd_today,is_binance_linked_combined,binance_link_reason_combined,binance_link_direction_vs_you
0xe016684c77280ae8ab88ccb80da9785078ac9218b069edec00a5cc1a2fb252d3,https://bscscan.com/tx/0xe016684c77280ae8ab88ccb80da9785078ac9218b069edec00a5cc1a2fb252d3,64386059,2025-10-12 17:10:19,,javascript:;,Aster: Trading,https://bscscan.com/address/0x1b6f2d3844c6ae7d56ceb3c3643b9060ba28feb0,0 BNB $0.00,0 . 00001149,,0x1b6f2d3844c6ae7d56ceb3c3643b9060ba28feb0,,Aster: Trading,,Aster: Trading,,0,,0,0.00,0.00,0.00,658.81,2026-05-21,0,0,0.00,0.00,0,,outflow_from_you
0x8ad9ec554cde7405f4a3aa59d3d18be097538dc5cc8fe2653cfaf72c58bda34e,https://bscscan.com/tx/0x8ad9ec554cde7405f4a3aa59d3d18be097538dc5cc8fe2653cfaf72c58bda34e,64385901,2025-10-12 17:08:20,,javascript:;,Aster: Trading,https://bscscan.com/address/0x1b6f2d3844c6ae7d56ceb3c3643b9060ba28feb0,0.0015 BNB $0.97,0 . 00002315,,0x1b6f2d3844c6ae7d56ceb3c3643b9060ba28feb0,,Aster: Trading,,Aster: Trading,,0,,0.0015,0.97,0.99,0.02,658.81,2026-05-21,0,0,0.00,0.00,0,,outflow_from_you
0xddae4e298a2e0163ed41d2434bf892a1bbefd58e2d4fa007895e43d45a14078d,https://bscscan.com/tx/0xddae4e298a2e0163ed41d2434bf892a1bbefd58e2d4fa007895e43d45a14078d,64258128,2025-10-11 14:30:57,,javascript:;,Aster: Treasury,https://bscscan.com/address/0x128463a60784c4d3f46c23af3f65ed859ba87974,0 BNB $0.00,0 . 00000599,,0x128463a60784c4d3f46c23af3f65ed859ba87974,,Aster: Treasury,,Aster: Treasury,,0,,0,0.00,0.00,0.00,658.81,2026-05-21,0,0,0.00,0.00,0,,outflow_from_you
0xbb99da1b07e915f9fdb1bc6fb20b249714253db3a06065eebf38e7b7d48cb182,https://bscscan.com/tx/0xbb99da1b07e915f9fdb1bc6fb20b249714253db3a06065eebf38e7b7d48cb182,64257915,2025-10-11 14:28:17,,javascript:;,BUSD-T Stablecoin,https://bscscan.com/address/0x55d398326f99059ff775485246999027b3197955,0 BNB $0.00,0 . 00000232,,0x55d398326f99059ff775485246999027b3197955,,BUSD-T Stablecoin,,BUSD-T Stablecoin,,0,,0,0.00,0.00,0.00,658.81,2026-05-21,0,0,0.00,0.00,0,,outflow_from_you
0x994a4eac53976d06b1108ef08aab9e6672f5ae8290cf6ea67b22b630d2d107a2,https://bscscan.com/tx/0x994a4eac53976d06b1108ef08aab9e6672f5ae8290cf6ea67b22b630d2d107a2,63678511,2025-10-06 13:43:18,,javascript:;,0x251793D2...5618083d1,https://bscscan.com/address/0x251793d2e0bd6b88f9d48326923b91a5618083d1,0.002 BNB $1.30,0 . 0000021,,0x251793d2e0bd6b88f9d48326923b91a5618083d1,,,,,,0,,0.002,1.30,1.32,0.02,658.81,2026-05-21,0,0,0.00,0.00,0,,outflow_from_you
0x2b98d9fcfcadaf23a738100b0dba5f596793a1659ed3fe1544aaaa1e4b558e42,https://bscscan.com/tx/0x2b98d9fcfcadaf23a738100b0dba5f596793a1659ed3fe1544aaaa1e4b558e42,63620069,2025-10-06 1:32:35,,javascript:;,BUSD-T Stablecoin,https://bscscan.com/address/0x55d398326f99059ff775485246999027b3197955,0 BNB $0.00,0 . 00000468,,0x55d398326f99059ff775485246999027b3197955,,BUSD-T Stablecoin,,BUSD-T Stablecoin,,0,,0,0.00,0.00,0.00,658.81,2026-05-21,0,0,0.00,0.00,0,,outflow_from_you
0xc4d88c7ea510ced00e221bd5467c31d6bfd658261346cf7258769c80ae954baf,https://bscscan.com/tx/0xc4d88c7ea510ced00e221bd5467c31d6bfd658261346cf7258769c80ae954baf,63620018,2025-10-06 1:31:57,,javascript:;,Metamask: Swap Router,https://bscscan.com/address/0x1a1ec25dc08e98e5e93f1104b5e5cdd298707d31,0 BNB $0.00,0 . 00021572,,0x1a1ec25dc08e98e5e93f1104b5e5cdd298707d31,,Metamask: Swap Router,,Metamask: Swap Router,,0,,0,0.00,0.00,0.00,658.81,2026-05-21,0,0,0.00,0.00,0,,outflow_from_you
0x2e804c4b231a6c4f0a71eaeac5b2296e7edd94bc15437e1f7c82d14d1e80d269,https://bscscan.com/tx/0x2e804c4b231a6c4f0a71eaeac5b2296e7edd94bc15437e1f7c82d14d1e80d269,63620018,2025-10-06 1:31:57,MetaMask: Gas Station 2,https://bscscan.com/address/0xb01caea8c6c47bbf4f4b4c5080ca642043359c2e,,javascript:;,0.000311031 BNB $0.20,0 . 00002105,0xb01caea8c6c47bbf4f4b4c5080ca642043359c2e,,MetaMask: Gas Station 2,,MetaMask: Gas Station 2,,,0,,0.000311031,0.20,0.20,0.00,658.81,2026-05-21,0,0,0.00,0.00,0,,inflow_to_you
0xb4c6c89d39c5113969427adafc2fff52733f2ed36645dc3be1edbe6d74ce6c70,https://bscscan.com/tx/0xb4c6c89d39c5113969427adafc2fff52733f2ed36645dc3be1edbe6d74ce6c70,58296790,2025-08-20 20:12:42,,javascript:;,0xAE670d43...00A27aE6c,https://bscscan.com/address/0xae670d43f4142cac9a9bab105e301f500a27ae6c,0.059538075 BNB $38.65,0 . 0000021,,0xae670d43f4142cac9a9bab105e301f500a27ae6c,,,,,,0,,0.059538075,38.65,39.22,0.57,658.81,2026-05-21,0,0,0.00,0.00,0,,outflow_from_you
0x97a8bc9e14205ce1684b26fc6cb590b48e2ef6c03a5f03b7425b750b1c6b4fe4,https://bscscan.com/tx/0x97a8bc9e14205ce1684b26fc6cb590b48e2ef6c03a5f03b7425b750b1c6b4fe4,58296634,2025-08-20 20:10:45,,javascript:;,,javascript:;,0 BNB $0.00,0 . 00001823,,,,,,,,0,,0,0.00,0.00,0.00,658.81,2026-05-21,0,0,0.00,0.00,0,,inflow_to_you
0x3be4cfe651ed2ecaac3b2c6ac090664db33aca72d3a7d21e45f7854b86f71c2a,https://bscscan.com/tx/0x3be4cfe651ed2ecaac3b2c6ac090664db33aca72d3a7d21e45f7854b86f71c2a,58296561,2025-08-20 20:09:50,,javascript:;,PancakeSwap V3: Nonfungible Position Manager,https://bscscan.com/address/0x46a15b0b27311cedf172ab29e4f4766fbe7f4364,0 BNB $0.00,0 . 0000252,,0x46a15b0b27311cedf172ab29e4f4766fbe7f4364,,PancakeSwap V3: Nonfungible Position Manager,,PancakeSwap V3: Nonfungible Position Manager,,0,,0,0.00,0.00,0.00,658.81,2026-05-21,0,0,0.00,0.00,0,,outflow_from_you
0xb510d21daf843010951d08fb5bc071b6bc0aed10ad2c862f200b778cf423a42e,https://bscscan.com/tx/0xb510d21daf843010951d08fb5bc071b6bc0aed10ad2c862f200b778cf423a42e,58296536,2025-08-20 20:09:31,,javascript:;,PancakeSwap V3: Nonfungible Position Manager,https://bscscan.com/address/0x46a15b0b27311cedf172ab29e4f4766fbe7f4364,0 BNB $0.00,0 . 00002014,,0x46a15b0b27311cedf172ab29e4f4766fbe7f4364,,PancakeSwap V3: Nonfungible Position Manager,,PancakeSwap V3: Nonfungible Position Manager,,0,,0,0.00,0.00,0.00,658.81,2026-05-21,0,0,0.00,0.00,0,,outflow_from_you
0x2ff8d8c7accc7b9edfd0ac51fd52d5c3d4e0887fafe578400c859c8315614ce2,https://bscscan.com/tx/0x2ff8d8c7accc7b9edfd0ac51fd52d5c3d4e0887fafe578400c859c8315614ce2,58204575,2025-08-20 0:59:56,,javascript:;,PancakeSwap V3: Nonfungible Position Manager,https://bscscan.com/address/0x46a15b0b27311cedf172ab29e4f4766fbe7f4364,0.028482744 BNB $18.49,0 . 00004953,,0x46a15b0b27311cedf172ab29e4f4766fbe7f4364,,PancakeSwap V3: Nonfungible Position Manager,,PancakeSwap V3: Nonfungible Position Manager,,0,,0.028482744,18.49,18.76,0.27,658.81,2026-05-21,0,0,0.00,0.00,0,,outflow_from_you
0xc897ce1a17a5bb690114110361f0401222287225498df21368d146b17e97050c,https://bscscan.com/tx/0xc897ce1a17a5bb690114110361f0401222287225498df21368d146b17e97050c,58204539,2025-08-20 0:59:29,,javascript:;,OKZOO: AIOT Token,https://bscscan.com/address/0x55ad16bd573b3365f43a9daeb0cc66a73821b4a5,0 BNB $0.00,0 . 00000465,,0x55ad16bd573b3365f43a9daeb0cc66a73821b4a5,,OKZOO: AIOT Token,,OKZOO: AIOT Token,,0,,0,0.00,0.00,0.00,658.81,2026-05-21,0,0,0.00,0.00,0,,outflow_from_you
0x7c0cd735f99372e6758917695509010b1ff1c51e0c82b6d43e24e2c3b16bf82b,https://bscscan.com/tx/0x7c0cd735f99372e6758917695509010b1ff1c51e0c82b6d43e24e2c3b16bf82b,58204434,2025-08-20 0:58:10,,javascript:;,OKZOO: AIOT Token,https://bscscan.com/address/0x55ad16bd573b3365f43a9daeb0cc66a73821b4a5,0 BNB $0.00,0 . 00000465,,0x55ad16bd573b3365f43a9daeb0cc66a73821b4a5,,OKZOO: AIOT Token,,OKZOO: AIOT Token,,0,,0,0.00,0.00,0.00,658.81,2026-05-21,0,0,0.00,0.00,0,,outflow_from_you
0x3fb46af8a1bf9bd64b51f28132d53fd5c5a8c4825dd6c297b20129ce1a829765,https://bscscan.com/tx/0x3fb46af8a1bf9bd64b51f28132d53fd5c5a8c4825dd6c297b20129ce1a829765,58204372,2025-08-20 0:57:23,,javascript:;,,javascript:;,0 BNB $0.00,0 . 00002382,,,,,,,,0,,0,0.00,0.00,0.00,658.81,2026-05-21,0,0,0.00,0.00,0,,inflow_to_you
0x45c715037e024bb00e7df96adaf870dc5aa41e3755f4853df4f3e446e4e1b462,https://bscscan.com/tx/0x45c715037e024bb00e7df96adaf870dc5aa41e3755f4853df4f3e446e4e1b462,58204255,2025-08-20 0:55:56,,javascript:;,,javascript:;,0 BNB $0.00,0 . 00002138,,,,,,,,0,,0,0.00,0.00,0.00,658.81,2026-05-21,0,0,0.00,0.00,0,,inflow_to_you
0xdca708f1949dc64e764f613c9d62e95df8ea6b0e24519088b24717c6353f4883,https://bscscan.com/tx/0xdca708f1949dc64e764f613c9d62e95df8ea6b0e24519088b24717c6353f4883,57401690,2025-08-13 1:42:39,,javascript:;,BUSD-T Stablecoin,https://bscscan.com/address/0x55d398326f99059ff775485246999027b3197955,0 BNB $0.00,0 . 00000516,,0x55d398326f99059ff775485246999027b3197955,,BUSD-T Stablecoin,,BUSD-T Stablecoin,,0,,0,0.00,0.00,0.00,658.81,2026-05-21,0,0,0.00,0.00,0,,outflow_from_you
0xf3f2c56077c5006ab483fb48d43ae6e2a4402f4adca16af02e6e48d743f74e40,https://bscscan.com/tx/0xf3f2c56077c5006ab483fb48d43ae6e2a4402f4adca16af02e6e48d743f74e40,57401639,2025-08-13 1:42:01,,javascript:;,Metamask: Swap Router,https://bscscan.com/address/0x1a1ec25dc08e98e5e93f1104b5e5cdd298707d31,0 BNB $0.00,0 . 00022106,,0x1a1ec25dc08e98e5e93f1104b5e5cdd298707d31,,Metamask: Swap Router,,Metamask: Swap Router,,0,,0,0.00,0.00,0.00,658.81,2026-05-21,0,0,0.00,0.00,0,,outflow_from_you
0x2f8878645606de96f9506b51a66cfe867be75c88a24e95764287eaa0045c9e71,https://bscscan.com/tx/0x2f8878645606de96f9506b51a66cfe867be75c88a24e95764287eaa0045c9e71,57401639,2025-08-13 1:42:01,MetaMask: Gas Station 2,https://bscscan.com/address/0xb01caea8c6c47bbf4f4b4c5080ca642043359c2e,,javascript:;,0.000311356 BNB $0.20,0 . 000021,0xb01caea8c6c47bbf4f4b4c5080ca642043359c2e,,MetaMask: Gas Station 2,,MetaMask: Gas Station 2,,,0,,0.000311356,0.20,0.21,0.01,658.81,2026-05-21,0,0,0.00,0.00,0,,inflow_to_you
0x5ea61bf0d0b41acaa29e62466c631fae41b25127ccff3a990ab080b99836afc1,https://bscscan.com/tx/0x5ea61bf0d0b41acaa29e62466c631fae41b25127ccff3a990ab080b99836afc1,57401636,2025-08-13 1:41:59,,javascript:;,Chainlink : LINK Token,https://bscscan.com/address/0xf8a0bf9cf54bb92f17374d9e9a321e6a111a51bd,0 BNB $0.00,0 . 0000465,,0xf8a0bf9cf54bb92f17374d9e9a321e6a111a51bd,,Chainlink : LINK Token,,Chainlink : LINK Token,,0,,0,0.00,0.00,0.00,658.81,2026-05-21,0,0,0.00,0.00,0,,outflow_from_you
0x4e60568fc157588ebf510a9f9ed057b0482d1752fa0efa3ad8c53a4ac84a710e,https://bscscan.com/tx/0x4e60568fc157588ebf510a9f9ed057b0482d1752fa0efa3ad8c53a4ac84a710e,57401464,2025-08-13 1:39:50,,javascript:;,Metamask: Swap Router,https://bscscan.com/address/0x1a1ec25dc08e98e5e93f1104b5e5cdd298707d31,0.121256514 BNB $78.71,0 . 00052216,,0x1a1ec25dc08e98e5e93f1104b5e5cdd298707d31,,Metamask: Swap Router,,Metamask: Swap Router,,0,,0.121256514,78.71,79.89,1.18,658.81,2026-05-21,0,0,0.00,0.00,0,,outflow_from_you
0x31f375933c115c8ee4f249ff117162f5671bed4a2fc456d83265fce931ff86f3,https://bscscan.com/tx/0x31f375933c115c8ee4f249ff117162f5671bed4a2fc456d83265fce931ff86f3,57400986,2025-08-13 1:33:51,,javascript:;,BNB Chain: WBNB Token,https://bscscan.com/address/0xbb4cdb9cbd36b01bd1cbaebf2de08d9173bc095c,0 BNB $0.00,0 . 00003041,,0xbb4cdb9cbd36b01bd1cbaebf2de08d9173bc095c,,BNB Chain: WBNB Token,,BNB Chain: WBNB Token,,0,,0,0.00,0.00,0.00,658.81,2026-05-21,0,0,0.00,0.00,0,,outflow_from_you
0xff2cdc087074b982e73a3ca5c23d07e6ea8c386e562b1153fa40a60a6746e470,https://bscscan.com/tx/0xff2cdc087074b982e73a3ca5c23d07e6ea8c386e562b1153fa40a60a6746e470,57400943,2025-08-13 1:33:19,,javascript:;,Metamask: Swap Router,https://bscscan.com/address/0x1a1ec25dc08e98e5e93f1104b5e5cdd298707d31,0 BNB $0.00,0 . 00032644,,0x1a1ec25dc08e98e5e93f1104b5e5cdd298707d31,,Metamask: Swap Router,,Metamask: Swap Router,,0,,0,0.00,0.00,0.00,658.81,2026-05-21,0,0,0.00,0.00,0,,outflow_from_you
0xd13a250aca2a819d6b91971bbea6d05ee326ec8d7dd5e8e1bb2091b7df465e96,https://bscscan.com/tx/0xd13a250aca2a819d6b91971bbea6d05ee326ec8d7dd5e8e1bb2091b7df465e96,57400940,2025-08-13 1:33:17,,javascript:;,MyShell: SHELL Token,https://bscscan.com/address/0xf2c88757f8d03634671208935974b60a2a28bdb3,0 BNB $0.00,0 . 00004641,,0xf2c88757f8d03634671208935974b60a2a28bdb3,,MyShell: SHELL Token,,MyShell: SHELL Token,,0,,0,0.00,0.00,0.00,658.81,2026-05-21,0,0,0.00,0.00,0,,outflow_from_you
0x7bf8df2b29b66fd49300b4fb76006ec79e838663caf9fe89d8cab9341dfbd13f,https://bscscan.com/tx/0x7bf8df2b29b66fd49300b4fb76006ec79e838663caf9fe89d8cab9341dfbd13f,57398912,2025-08-13 1:07:56,,javascript:;,0x1C482130...5350Fe4BD,https://bscscan.com/address/0x1c482130a1205213ad130404221dc9b5350fe4bd,0 BNB $0.00,0 . 00557667,,0x1c482130a1205213ad130404221dc9b5350fe4bd,,,,,,0,,0,0.00,0.00,0.00,658.81,2026-05-21,0,0,0.00,0.00,0,,outflow_from_you
0x57b51ab445dbc7ef2dbc97b075cb2fd8b61a32eb94193de605f15418c1c3581c,https://bscscan.com/tx/0x57b51ab445dbc7ef2dbc97b075cb2fd8b61a32eb94193de605f15418c1c3581c,57398895,2025-08-13 1:07:43,,javascript:;,0xc6806B70...b6Cb12a55,https://bscscan.com/address/0xc6806b70774e9a3167b5574cdc197e6b6cb12a55,0 BNB $0.00,0 . 00016298,,0xc6806b70774e9a3167b5574cdc197e6b6cb12a55,,,,,,0,,0,0.00,0.00,0.00,658.81,2026-05-21,0,0,0.00,0.00,0,,outflow_from_you
0xfe52f98513263dfdc8c63da42754643cf7c13e796398734c996d08ebb2d9b873,https://bscscan.com/tx/0xfe52f98513263dfdc8c63da42754643cf7c13e796398734c996d08ebb2d9b873,57398661,2025-08-13 1:04:47,,javascript:;,0x1C482130...5350Fe4BD,https://bscscan.com/address/0x1c482130a1205213ad130404221dc9b5350fe4bd,0 BNB $0.00,0 . 00644134,,0x1c482130a1205213ad130404221dc9b5350fe4bd,,,,,,0,,0,0.00,0.00,0.00,658.81,2026-05-21,0,0,0.00,0.00,0,,outflow_from_you
0xcf107ef9c4c87835c8fdc3374baf38fccf81c2f19a1b5e8915f2562db96db04c,https://bscscan.com/tx/0xcf107ef9c4c87835c8fdc3374baf38fccf81c2f19a1b5e8915f2562db96db04c,57398553,2025-08-13 1:03:26,,javascript:;,BUSD-T Stablecoin,https://bscscan.com/address/0x55d398326f99059ff775485246999027b3197955,0 BNB $0.00,0 . 00013869,,0x55d398326f99059ff775485246999027b3197955,,BUSD-T Stablecoin,,BUSD-T Stablecoin,,0,,0,0.00,0.00,0.00,658.81,2026-05-21,0,0,0.00,0.00,0,,outflow_from_you
0x194dfaf3f48f748fa481f46b5c2b3393b53d70ebff12205646f60c4f0dbf6217,https://bscscan.com/tx/0x194dfaf3f48f748fa481f46b5c2b3393b53d70ebff12205646f60c4f0dbf6217,57305704,2025-08-12 5:42:47,Binance: Hot Wallet 16,https://bscscan.com/address/0xa180fe01b906a1be37be6c534a3300785b20d947,,javascript:;,0.01699 BNB $11.03,0 . 0000042,0xa180fe01b906a1be37be6c534a3300785b20d947,,Binance: Hot Wallet 16,,Binance: Hot Wallet 16,,,0,,0.01699,11.03,11.19,0.16,658.81,2026-05-21,1,0.01699,11.03,11.19,1,friendly_tag_or_url_contains_binance,inflow_to_you
0x4d37e1683339decfaf750249331ff0bcb33d740712b2415fa08a6d162bbe749c,https://bscscan.com/tx/0x4d37e1683339decfaf750249331ff0bcb33d740712b2415fa08a6d162bbe749c,48133901,2025-04-06 23:52:04,,javascript:;,0xB6934215...68B6A3182,https://bscscan.com/address/0xb6934215b856b03430fc8dc058bd1c668b6a3182,0.021567571 BNB $14.00,0 . 000063,,0xb6934215b856b03430fc8dc058bd1c668b6a3182,,,,,,0,,0.021567571,14.00,14.21,0.21,658.81,2026-05-21,0,0,0.00,0.00,1,user_binance_address_match,outflow_from_you
0x37d2f69cddee89d2c62cbdd85cc3636528f200dd052d1ac80ae6386f7d91f234,https://bscscan.com/tx/0x37d2f69cddee89d2c62cbdd85cc3636528f200dd052d1ac80ae6386f7d91f234,45679179,2025-01-11 18:06:44,,javascript:;,Metamask: Swap Router,https://bscscan.com/address/0x1a1ec25dc08e98e5e93f1104b5e5cdd298707d31,0 BNB $0.00,0 . 00066184,,0x1a1ec25dc08e98e5e93f1104b5e5cdd298707d31,,Metamask: Swap Router,,Metamask: Swap Router,,0,,0,0.00,0.00,0.00,658.81,2026-05-21,0,0,0.00,0.00,0,,outflow_from_you
0x8b26a1e3e92e24f02b156312d5e61c076b8c7b29af119cb354bfff3560f7b790,https://bscscan.com/tx/0x8b26a1e3e92e24f02b156312d5e61c076b8c7b29af119cb354bfff3560f7b790,45679179,2025-01-11 18:06:44,,javascript:;,Solana: SOL Token,https://bscscan.com/address/0x570a5d26f7765ecb712c0924e4de545b89fd43df,0 BNB $0.00,0 . 00016125,,0x570a5d26f7765ecb712c0924e4de545b89fd43df,,Solana: SOL Token,,Solana: SOL Token,,0,,0,0.00,0.00,0.00,658.81,2026-05-21,0,0,0.00,0.00,0,,outflow_from_you
0xcceba26ef8b2bc05811863d823dff955de9e772e87e95a0c00880b09a61622ac,https://bscscan.com/tx/0xcceba26ef8b2bc05811863d823dff955de9e772e87e95a0c00880b09a61622ac,41988669,2024-09-05 13:13:53,,javascript:;,0x173e6DB4...411DbCEf8,https://bscscan.com/address/0x173e6db4a756443909cbae04552c841411dbcef8,0 BNB $0.00,0 . 00006319,,0x173e6db4a756443909cbae04552c841411dbcef8,,,,,,0,,0,0.00,0.00,0.00,658.81,2026-05-21,0,0,0.00,0.00,0,,outflow_from_you
0xed20a61ca145d491032ba284c7c0f5bfce9ab36842627a465682a1cbd3b14109,https://bscscan.com/tx/0xed20a61ca145d491032ba284c7c0f5bfce9ab36842627a465682a1cbd3b14109,41988666,2024-09-05 13:13:44,,javascript:;,0x173e6DB4...411DbCEf8,https://bscscan.com/address/0x173e6db4a756443909cbae04552c841411dbcef8,0 BNB $0.00,0 . 00006319,,0x173e6db4a756443909cbae04552c841411dbcef8,,,,,,0,,0,0.00,0.00,0.00,658.81,2026-05-21,0,0,0.00,0.00,0,,outflow_from_you
0x5c53f3579bd9eb9ea0302a5d255089c30cbc22d147fa77a7fc17c09eb44fd34b,https://bscscan.com/tx/0x5c53f3579bd9eb9ea0302a5d255089c30cbc22d147fa77a7fc17c09eb44fd34b,37577901,2024-04-04 23:08:06,,javascript:;,0x546E1e99...Cd5A2dac0,https://bscscan.com/address/0x546e1e993c7878fa928b54566eb4a6bcd5a2dac0,0.082454392 BNB $53.52,0 . 000021,,0x546e1e993c7878fa928b54566eb4a6bcd5a2dac0,,,,,,0,,0.082454392,53.52,54.32,0.80,658.81,2026-05-21,0,0,0.00,0.00,0,,outflow_from_you
0xea1dda76f6f348d8f7880ce864075028b7a8ff86ae6f6db5e66c5f154a486ebf,https://bscscan.com/tx/0xea1dda76f6f348d8f7880ce864075028b7a8ff86ae6f6db5e66c5f154a486ebf,37569563,2024-04-04 16:10:30,,javascript:;,Metamask: Swap Router,https://bscscan.com/address/0x1a1ec25dc08e98e5e93f1104b5e5cdd298707d31,0 BNB $0.00,0 . 00021506,,0x1a1ec25dc08e98e5e93f1104b5e5cdd298707d31,,Metamask: Swap Router,,Metamask: Swap Router,,0,,0,0.00,0.00,0.00,658.81,2026-05-21,0,0,0.00,0.00,0,,outflow_from_you
0x04f58c753980388a3cdc3d9dee4012b88bf96a9b79f9c6ad391b1832b4a7a5c4,https://bscscan.com/tx/0x04f58c753980388a3cdc3d9dee4012b88bf96a9b79f9c6ad391b1832b4a7a5c4,37411734,2024-03-30 4:22:39,,javascript:;,deBridge: Crosschain Forwarder Proxy,https://bscscan.com/address/0x663dc15d3c1ac63ff12e45ab68fea3f0a883c251,0.005 BNB $3.25,0 . 00037519,,0x663dc15d3c1ac63ff12e45ab68fea3f0a883c251,,deBridge: Crosschain Forwarder Proxy,,deBridge: Crosschain Forwarder Proxy,,0,,0.005,3.25,3.29,0.04,658.81,2026-05-21,0,0,0.00,0.00,0,,outflow_from_you
0xb160870d2aad16b2f445e6bf198a1150ae036ca349ed73fa63ae44f96c85a675,https://bscscan.com/tx/0xb160870d2aad16b2f445e6bf198a1150ae036ca349ed73fa63ae44f96c85a675,37411722,2024-03-30 4:22:03,,javascript:;,BUSD-T Stablecoin,https://bscscan.com/address/0x55d398326f99059ff775485246999027b3197955,0 BNB $0.00,0 . 0000462,,0x55d398326f99059ff775485246999027b3197955,,BUSD-T Stablecoin,,BUSD-T Stablecoin,,0,,0,0.00,0.00,0.00,658.81,2026-05-21,0,0,0.00,0.00,0,,outflow_from_you
0x6958319f7b89b3c5dccb9a26aba177690441cb75c00f275d7fc3462e66a4f860,https://bscscan.com/tx/0x6958319f7b89b3c5dccb9a26aba177690441cb75c00f275d7fc3462e66a4f860,36529197,2024-02-28 11:17:31,,javascript:;,BUSD-T Stablecoin,https://bscscan.com/address/0x55d398326f99059ff775485246999027b3197955,0 BNB $0.00,0 . 00008921,,0x55d398326f99059ff775485246999027b3197955,,BUSD-T Stablecoin,,BUSD-T Stablecoin,,0,,0,0.00,0.00,0.00,658.81,2026-05-21,0,0,0.00,0.00,0,,outflow_from_you
0x40901a959223eb66fa9a61cd3074d5c82b848f3a6cd7ed81ec5169be80e63920,https://bscscan.com/tx/0x40901a959223eb66fa9a61cd3074d5c82b848f3a6cd7ed81ec5169be80e63920,36529126,2024-02-28 11:13:58,,javascript:;,0x7bd336D7...ccab37F51,https://bscscan.com/address/0x7bd336d7d5172939961f6693ca5ed58ccab37f51,0 BNB $0.00,0 . 00157038,,0x7bd336d7d5172939961f6693ca5ed58ccab37f51,,,,,,0,,0,0.00,0.00,0.00,658.81,2026-05-21,0,0,0.00,0.00,0,,outflow_from_you
0x2a6f0204e26f5cb8e2db4239d2c2ecdb8b026583c5e287dd45879e2cfaae75a5,https://bscscan.com/tx/0x2a6f0204e26f5cb8e2db4239d2c2ecdb8b026583c5e287dd45879e2cfaae75a5,36529085,2024-02-28 11:11:55,,javascript:;,0x7bd336D7...ccab37F51,https://bscscan.com/address/0x7bd336d7d5172939961f6693ca5ed58ccab37f51,0 BNB $0.00,0 . 00159838,,0x7bd336d7d5172939961f6693ca5ed58ccab37f51,,,,,,0,,0,0.00,0.00,0.00,658.81,2026-05-21,0,0,0.00,0.00,0,,outflow_from_you
0xdc5fc4dd75b4645c3871f4602cfa9d83d463336c82d94b42ee1e4b76fb063b45,https://bscscan.com/tx/0xdc5fc4dd75b4645c3871f4602cfa9d83d463336c82d94b42ee1e4b76fb063b45,36529075,2024-02-28 11:11:25,,javascript:;,Justus Token: JTT Token,https://bscscan.com/address/0xcdb3d3642fb4d48d2b5e4fb4a014448a2761c063,0 BNB $0.00,0 . 00023162,,0xcdb3d3642fb4d48d2b5e4fb4a014448a2761c063,,Justus Token: JTT Token,,Justus Token: JTT Token,,0,,0,0.00,0.00,0.00,658.81,2026-05-21,0,0,0.00,0.00,0,,outflow_from_you
0x98e91044af6c5e5aff74b61d3e38e2753c094cd3aca78400a757cf5a92d8cea4,https://bscscan.com/tx/0x98e91044af6c5e5aff74b61d3e38e2753c094cd3aca78400a757cf5a92d8cea4,35240359,2024-01-14 15:01:31,,javascript:;,0x4C0c5daa...7C58b4EC0,https://bscscan.com/address/0x4c0c5daacd39be2c67d7207255de9ac7c58b4ec0,0 BNB $0.00,0 . 00018309,,0x4c0c5daacd39be2c67d7207255de9ac7c58b4ec0,,,,,,0,,0,0.00,0.00,0.00,658.81,2026-05-21,0,0,0.00,0.00,0,,outflow_from_you
0x61463b9b64a643864568a9f7ccff9f042c3c1c9c566039b6d6d36f06b1667254,https://bscscan.com/tx/0x61463b9b64a643864568a9f7ccff9f042c3c1c9c566039b6d6d36f06b1667254,35240324,2024-01-14 14:59:46,,javascript:;,0x4C0c5daa...7C58b4EC0,https://bscscan.com/address/0x4c0c5daacd39be2c67d7207255de9ac7c58b4ec0,0 BNB $0.00,0 . 00018309,,0x4c0c5daacd39be2c67d7207255de9ac7c58b4ec0,,,,,,0,,0,0.00,0.00,0.00,658.81,2026-05-21,0,0,0.00,0.00,0,,outflow_from_you
0x6016d6a28cdafeaac6912d11369d608b6a07dbb25751a65852b3412c70fad3ac,https://bscscan.com/tx/0x6016d6a28cdafeaac6912d11369d608b6a07dbb25751a65852b3412c70fad3ac,35240271,2024-01-14 14:57:07,,javascript:;,0x1c440E95...62818ce96,https://bscscan.com/address/0x1c440e95bf2c1354043963e3543e93162818ce96,0 BNB $0.00,0 . 00113612,,0x1c440e95bf2c1354043963e3543e93162818ce96,,,,,,0,,0,0.00,0.00,0.00,658.81,2026-05-21,0,0,0.00,0.00,0,,outflow_from_you
0x36bf0a2eda43fc8eb39a81f33b0a5ecdf481ac31f275347f79743736f3c0a67c,https://bscscan.com/tx/0x36bf0a2eda43fc8eb39a81f33b0a5ecdf481ac31f275347f79743736f3c0a67c,35240212,2024-01-14 14:54:10,,javascript:;,0xBdb2cf92...2B0687C4b,https://bscscan.com/address/0xbdb2cf92ffad65c9d195a9cb95759912b0687c4b,0 BNB $0.00,0 . 00039663,,0xbdb2cf92ffad65c9d195a9cb95759912b0687c4b,,,,,,0,,0,0.00,0.00,0.00,658.81,2026-05-21,0,0,0.00,0.00,0,,outflow_from_you
0xa2447e33924d8acd88cc8d9eb791bf1dea6787e7fd75ec8226466b541f3c1c8b,https://bscscan.com/tx/0xa2447e33924d8acd88cc8d9eb791bf1dea6787e7fd75ec8226466b541f3c1c8b,35240165,2024-01-14 14:51:45,,javascript:;,0xBdb2cf92...2B0687C4b,https://bscscan.com/address/0xbdb2cf92ffad65c9d195a9cb95759912b0687c4b,0 BNB $0.00,0 . 00128583,,0xbdb2cf92ffad65c9d195a9cb95759912b0687c4b,,,,,,0,,0,0.00,0.00,0.00,658.81,2026-05-21,0,0,0.00,0.00,0,,outflow_from_you
0x3903b2e8a62ca24557e5c3a8642c469384373cc63dffe96d25fc2f8d2be5665d,https://bscscan.com/tx/0x3903b2e8a62ca24557e5c3a8642c469384373cc63dffe96d25fc2f8d2be5665d,35240128,2024-01-14 14:49:49,,javascript:;,0x18c24073...F52e6d7e5,https://bscscan.com/address/0x18c240732237ec214a93b44f2a99cfdf52e6d7e5,0 BNB $0.00,0 . 00013038,,0x18c240732237ec214a93b44f2a99cfdf52e6d7e5,,,,,,0,,0,0.00,0.00,0.00,658.81,2026-05-21,0,0,0.00,0.00,0,,outflow_from_you
0xcb0b96e50dd756f941e2acd048ee1d04dc2e82660ad169738766b32e63d9a75e,https://bscscan.com/tx/0xcb0b96e50dd756f941e2acd048ee1d04dc2e82660ad169738766b32e63d9a75e,33930754,2023-11-30 0:43:19,,javascript:;,BUSD-T Stablecoin,https://bscscan.com/address/0x55d398326f99059ff775485246999027b3197955,0 BNB $0.00,0 . 00008918,,0x55d398326f99059ff775485246999027b3197955,,BUSD-T Stablecoin,,BUSD-T Stablecoin,,0,,0,0.00,0.00,0.00,658.81,2026-05-21,0,0,0.00,0.00,0,,outflow_from_you
0xfd641a694710fe29c20efe35d0e8295472842a02b4999c4b6adeedbbb3f0f307,https://bscscan.com/tx/0xfd641a694710fe29c20efe35d0e8295472842a02b4999c4b6adeedbbb3f0f307,33930143,2023-11-30 0:12:46,,javascript:;,Binance: BUSD Stablecoin,https://bscscan.com/address/0xe9e7cea3dedca5984780bafc599bd69add087d56,0 BNB $0.00,0 . 00014051,,0xe9e7cea3dedca5984780bafc599bd69add087d56,,Binance: BUSD Stablecoin,,Binance: BUSD Stablecoin,,0,,0,0.00,0.00,0.00,658.81,2026-05-21,0,0,0.00,0.00,1,friendly_tag_or_url_contains_binance,outflow_from_you
0x1b832eec101172d4d4b781e8fd6c2f479adb5ed3fe6ff65ce0e1c9b193f70f21,https://bscscan.com/tx/0x1b832eec101172d4d4b781e8fd6c2f479adb5ed3fe6ff65ce0e1c9b193f70f21,31603879,2023-09-09 22:58:37,,javascript:;,PancakeSwap V3: Smart Router,https://bscscan.com/address/0x13f4ea83d0bd40e75c8222255bc855a974568dd4,0 BNB $0.00,0 . 00070221,,0x13f4ea83d0bd40e75c8222255bc855a974568dd4,,PancakeSwap V3: Smart Router,,PancakeSwap V3: Smart Router,,0,,0,0.00,0.00,0.00,658.81,2026-05-21,0,0,0.00,0.00,0,,outflow_from_you
0x1e08e68eeafc6e42caa468248de8bdaf466cf999c7037d9accbf1ee281bfb13f,https://bscscan.com/tx/0x1e08e68eeafc6e42caa468248de8bdaf466cf999c7037d9accbf1ee281bfb13f,31603837,2023-09-09 22:56:31,,javascript:;,PancakeSwap V3: Smart Router,https://bscscan.com/address/0x13f4ea83d0bd40e75c8222255bc855a974568dd4,0 BNB $0.00,0 . 00042376,,0x13f4ea83d0bd40e75c8222255bc855a974568dd4,,PancakeSwap V3: Smart Router,,PancakeSwap V3: Smart Router,,0,,0,0.00,0.00,0.00,658.81,2026-05-21,0,0,0.00,0.00,0,,outflow_from_you
0x3431e6b1d833a6080836fbcee02d89115f8246b8bf2dfeb495786a5be4ac7216,https://bscscan.com/tx/0x3431e6b1d833a6080836fbcee02d89115f8246b8bf2dfeb495786a5be4ac7216,31603826,2023-09-09 22:55:58,0xE42BE986...70D329C86,https://bscscan.com/address/0xe42be98613347658f82dcd90ce8102e70d329c86,,javascript:;,0.000606173 BNB $0.39,0 . 000063,0xe42be98613347658f82dcd90ce8102e70d329c86,,,,,,,0,,0.000606173,0.39,0.40,0.01,658.81,2026-05-21,0,0,0.00,0.00,0,,inflow_to_you
0x50075d973429006c6559235d49e7c843bc993cd998f1c2875c7decc0c2411ab4,https://bscscan.com/tx/0x50075d973429006c6559235d49e7c843bc993cd998f1c2875c7decc0c2411ab4,31603804,2023-09-09 22:54:52,,javascript:;,Binance: BUSD Stablecoin,https://bscscan.com/address/0xe9e7cea3dedca5984780bafc599bd69add087d56,0 BNB $0.00,0 . 00013865,,0xe9e7cea3dedca5984780bafc599bd69add087d56,,Binance: BUSD Stablecoin,,Binance: BUSD Stablecoin,,0,,0,0.00,0.00,0.00,658.81,2026-05-21,0,0,0.00,0.00,1,friendly_tag_or_url_contains_binance,outflow_from_you
0x05532d6d3754a81f172a27c4ae4b5b6883a133894080d67c4bbdbc00f3be70ff,https://bscscan.com/tx/0x05532d6d3754a81f172a27c4ae4b5b6883a133894080d67c4bbdbc00f3be70ff,31603779,2023-09-09 22:53:37,,javascript:;,Binance: BUSD Stablecoin,https://bscscan.com/address/0xe9e7cea3dedca5984780bafc599bd69add087d56,0 BNB $0.00,0 . 00013865,,0xe9e7cea3dedca5984780bafc599bd69add087d56,,Binance: BUSD Stablecoin,,Binance: BUSD Stablecoin,,0,,0,0.00,0.00,0.00,658.81,2026-05-21,0,0,0.00,0.00,1,friendly_tag_or_url_contains_binance,outflow_from_you
0x73221e8e3f5c61761c6f3380219057c4816167c5240091ca77e625a756907ca6,https://bscscan.com/tx/0x73221e8e3f5c61761c6f3380219057c4816167c5240091ca77e625a756907ca6,31603745,2023-09-09 22:51:55,,javascript:;,0xE81A79e9...6b3A0C7E5,https://bscscan.com/address/0xe81a79e9d951759aef3fccef17022276b3a0c7e5,0 BNB $0.00,0 . 00016113,,0xe81a79e9d951759aef3fccef17022276b3a0c7e5,,,,,,0,,0,0.00,0.00,0.00,658.81,2026-05-21,0,0,0.00,0.00,0,,outflow_from_you
0xdc02d9f64905748d829fe6a923f535e1126d771033f8be1d7da96b03bf40c791,https://bscscan.com/tx/0xdc02d9f64905748d829fe6a923f535e1126d771033f8be1d7da96b03bf40c791,31603694,2023-09-09 22:49:22,,javascript:;,0x396407B8...58CbFF9A4,https://bscscan.com/address/0x396407b841dcdda2ae7a97a84df9e3c58cbff9a4,0 BNB $0.00,0 . 00097337,,0x396407b841dcdda2ae7a97a84df9e3c58cbff9a4,,,,,,0,,0,0.00,0.00,0.00,658.81,2026-05-21,0,0,0.00,0.00,0,,outflow_from_you
0x0ee32c5afef602cabb573e9faf119171744b346868df641e329b16b075babd2e,https://bscscan.com/tx/0x0ee32c5afef602cabb573e9faf119171744b346868df641e329b16b075babd2e,31603686,2023-09-09 22:48:58,,javascript:;,0x2B8B70ff...8C4fA702A,https://bscscan.com/address/0x2b8b70ffe0f0e752352ebe6021c99a58c4fa702a,0 BNB $0.00,0 . 00027755,,0x2b8b70ffe0f0e752352ebe6021c99a58c4fa702a,,,,,,0,,0,0.00,0.00,0.00,658.81,2026-05-21,0,0,0.00,0.00,0,,outflow_from_you
0x6e19b389f131566aae14d8fefa4985f0568aae7bf4573ae3857b57e901a3a6c8,https://bscscan.com/tx/0x6e19b389f131566aae14d8fefa4985f0568aae7bf4573ae3857b57e901a3a6c8,30240865,2023-07-24 10:53:33,,javascript:;,BUSD-T Stablecoin,https://bscscan.com/address/0x55d398326f99059ff775485246999027b3197955,0 BNB $0.00,0 . 00006341,,0x55d398326f99059ff775485246999027b3197955,,BUSD-T Stablecoin,,BUSD-T Stablecoin,,0,,0,0.00,0.00,0.00,658.81,2026-05-21,0,0,0.00,0.00,0,,outflow_from_you
0xadf10c9b06548a534cae0b1774ce0062a482ecd708ae4c9edc06226f957b15e3,https://bscscan.com/tx/0xadf10c9b06548a534cae0b1774ce0062a482ecd708ae4c9edc06226f957b15e3,30240516,2023-07-24 10:36:04,,javascript:;,Metamask: Swap Router,https://bscscan.com/address/0x1a1ec25dc08e98e5e93f1104b5e5cdd298707d31,0 BNB $0.00,0 . 00202023,,0x1a1ec25dc08e98e5e93f1104b5e5cdd298707d31,,Metamask: Swap Router,,Metamask: Swap Router,safuu,1,medium,0,0.00,0.00,0.00,658.81,2026-05-21,0,0,0.00,0.00,0,,outflow_from_you
0xce13890c45887734d5b1541e2cc5de3fcb91899a91a1870def591ecf782eaf86,https://bscscan.com/tx/0xce13890c45887734d5b1541e2cc5de3fcb91899a91a1870def591ecf782eaf86,30240357,2023-07-24 10:28:02,,javascript:;,Metamask: Swap Router,https://bscscan.com/address/0x1a1ec25dc08e98e5e93f1104b5e5cdd298707d31,0 BNB $0.00,0 . 00169139,,0x1a1ec25dc08e98e5e93f1104b5e5cdd298707d31,,Metamask: Swap Router,,Metamask: Swap Router,,0,,0,0.00,0.00,0.00,658.81,2026-05-21,0,0,0.00,0.00,0,,outflow_from_you
0xa5d55da0f805b89ac3c265bdff544c693601bafcded6b31b734e3becfb33240a,https://bscscan.com/tx/0xa5d55da0f805b89ac3c265bdff544c693601bafcded6b31b734e3becfb33240a,30240357,2023-07-24 10:28:02,,javascript:;,SafuuGO: SGO Token,https://bscscan.com/address/0x9321bc6185adc9b9cb503cc211e17cb311c3fa95,0 BNB $0.00,0 . 00013328,,0x9321bc6185adc9b9cb503cc211e17cb311c3fa95,,SafuuGO: SGO Token,,SafuuGO: SGO Token,safuu,1,high,0,0.00,0.00,0.00,658.81,2026-05-21,0,0,0.00,0.00,0,,outflow_from_you
0xbb74af22c9c4bab5e244f2e3a0142d892062248c78bae71e61ebdbf5cbb08770,https://bscscan.com/tx/0xbb74af22c9c4bab5e244f2e3a0142d892062248c78bae71e61ebdbf5cbb08770,30240318,2023-07-24 10:26:05,,javascript:;,Metamask: Swap Router,https://bscscan.com/address/0x1a1ec25dc08e98e5e93f1104b5e5cdd298707d31,0.08 BNB $51.93,0 . 0007905,,0x1a1ec25dc08e98e5e93f1104b5e5cdd298707d31,,Metamask: Swap Router,,Metamask: Swap Router,,0,,0.08,51.93,52.70,0.77,658.81,2026-05-21,0,0,0.00,0.00,0,,outflow_from_you
0x3c804f7e477fc98e3191e17618f44ed064f12c26b9abcb36d7cc3d9f3f5b6634,https://bscscan.com/tx/0x3c804f7e477fc98e3191e17618f44ed064f12c26b9abcb36d7cc3d9f3f5b6634,30229788,2023-07-24 1:36:53,,javascript:;,BUSD-T Stablecoin,https://bscscan.com/address/0x55d398326f99059ff775485246999027b3197955,0 BNB $0.00,0 . 00010838,,0x55d398326f99059ff775485246999027b3197955,,BUSD-T Stablecoin,,BUSD-T Stablecoin,,0,,0,0.00,0.00,0.00,658.81,2026-05-21,0,0,0.00,0.00,0,,outflow_from_you
0x7382e691a2216bf6eca6ece806c48d0c5fb0f52114e522830aba23dbfe6a0bc3,https://bscscan.com/tx/0x7382e691a2216bf6eca6ece806c48d0c5fb0f52114e522830aba23dbfe6a0bc3,30229767,2023-07-24 1:35:50,,javascript:;,Metamask: Swap Router,https://bscscan.com/address/0x1a1ec25dc08e98e5e93f1104b5e5cdd298707d31,0 BNB $0.00,0 . 00136682,,0x1a1ec25dc08e98e5e93f1104b5e5cdd298707d31,,Metamask: Swap Router,,Metamask: Swap Router,,0,,0,0.00,0.00,0.00,658.81,2026-05-21,0,0,0.00,0.00,0,,outflow_from_you
0x2c73c081fc65fe74b11bca30fae2f3b8c14fe4c26df5347dd884ff1dc39a7254,https://bscscan.com/tx/0x2c73c081fc65fe74b11bca30fae2f3b8c14fe4c26df5347dd884ff1dc39a7254,30229766,2023-07-24 1:35:47,,javascript:;,0xE81A79e9...6b3A0C7E5,https://bscscan.com/address/0xe81a79e9d951759aef3fccef17022276b3a0c7e5,0 BNB $0.00,0 . 00014216,,0xe81a79e9d951759aef3fccef17022276b3a0c7e5,,,,,,0,,0,0.00,0.00,0.00,658.81,2026-05-21,0,0,0.00,0.00,0,,outflow_from_you
0x7dc44873206dbbb06f2a0cbf7d8877812c209d17f1ecd510b6df705806a3d146,https://bscscan.com/tx/0x7dc44873206dbbb06f2a0cbf7d8877812c209d17f1ecd510b6df705806a3d146,30229669,2023-07-24 1:30:56,,javascript:;,Metamask: Swap Router,https://bscscan.com/address/0x1a1ec25dc08e98e5e93f1104b5e5cdd298707d31,0 BNB $0.00,0 . 00051772,,0x1a1ec25dc08e98e5e93f1104b5e5cdd298707d31,,Metamask: Swap Router,,Metamask: Swap Router,,0,,0,0.00,0.00,0.00,658.81,2026-05-21,0,0,0.00,0.00,0,,outflow_from_you
0xc369293801bc8c77961a945e1699fe93f9313d4372b449486db167393ea6a336,https://bscscan.com/tx/0xc369293801bc8c77961a945e1699fe93f9313d4372b449486db167393ea6a336,30229668,2023-07-24 1:30:53,,javascript:;,Ripple: XRP Token,https://bscscan.com/address/0x1d2f0da169ceb9fc7b3144628db156f3f6c60dbe,0 BNB $0.00,0 . 00013321,,0x1d2f0da169ceb9fc7b3144628db156f3f6c60dbe,,Ripple: XRP Token,,Ripple: XRP Token,,0,,0,0.00,0.00,0.00,658.81,2026-05-21,0,0,0.00,0.00,0,,outflow_from_you
0xbdfab56588edfe73ce16d0f98f9b4b1f5b83276d350851885978a5bb54aeb6d2,https://bscscan.com/tx/0xbdfab56588edfe73ce16d0f98f9b4b1f5b83276d350851885978a5bb54aeb6d2,30229481,2023-07-24 1:21:30,Binance: Hot Wallet 13,https://bscscan.com/address/0xbd612a3f30dca67bf60a39fd0d35e39b7ab80774,,javascript:;,0.0095 BNB $6.17,0 . 000126,0xbd612a3f30dca67bf60a39fd0d35e39b7ab80774,,Binance: Hot Wallet 13,,Binance: Hot Wallet 13,,,0,,0.0095,6.17,6.26,0.09,658.81,2026-05-21,1,0.0095,6.17,6.26,1,friendly_tag_or_url_contains_binance,inflow_to_you
0xd9801177448629116368efe88c7a007b53f7ecd3ed6a3cd9c8def45934ed0981,https://bscscan.com/tx/0xd9801177448629116368efe88c7a007b53f7ecd3ed6a3cd9c8def45934ed0981,30107942,2023-07-19 19:47:44,,javascript:;,PancakeSwap V3: Smart Router,https://bscscan.com/address/0x13f4ea83d0bd40e75c8222255bc855a974568dd4,0 BNB $0.00,0 . 00059637,,0x13f4ea83d0bd40e75c8222255bc855a974568dd4,,PancakeSwap V3: Smart Router,,PancakeSwap V3: Smart Router,,0,,0,0.00,0.00,0.00,658.81,2026-05-21,0,0,0.00,0.00,0,,outflow_from_you
0x265b6de3b4e2de982dc79ede767137d50c0b1b28b542ad7c9004d0d1c0678aa3,https://bscscan.com/tx/0x265b6de3b4e2de982dc79ede767137d50c0b1b28b542ad7c9004d0d1c0678aa3,30107924,2023-07-19 19:46:50,,javascript:;,0x1442c87f...509370b5e,https://bscscan.com/address/0x1442c87f18fe2c770f779845802b13b509370b5e,0 BNB $0.00,0 . 00013275,,0x1442c87f18fe2c770f779845802b13b509370b5e,,,,,,0,,0,0.00,0.00,0.00,658.81,2026-05-21,0,0,0.00,0.00,0,,outflow_from_you
0xc5a8b7cdc2dcf9a63e1f921fdaf67908ffe86f4e32bddb4e0ad64f4b8647d0f4,https://bscscan.com/tx/0xc5a8b7cdc2dcf9a63e1f921fdaf67908ffe86f4e32bddb4e0ad64f4b8647d0f4,30081971,2023-07-18 22:06:36,,javascript:;,BUSD-T Stablecoin,https://bscscan.com/address/0x55d398326f99059ff775485246999027b3197955,0 BNB $0.00,0 . 00006341,,0x55d398326f99059ff775485246999027b3197955,,BUSD-T Stablecoin,,BUSD-T Stablecoin,,0,,0,0.00,0.00,0.00,658.81,2026-05-21,0,0,0.00,0.00,0,,outflow_from_you
0x08091eb49aababf18965ebc1c049ea383540c3b428fa9ffafe8b13c733ee290b,https://bscscan.com/tx/0x08091eb49aababf18965ebc1c049ea383540c3b428fa9ffafe8b13c733ee290b,30081843,2023-07-18 22:00:12,,javascript:;,PancakeSwap V3: Smart Router,https://bscscan.com/address/0x13f4ea83d0bd40e75c8222255bc855a974568dd4,0 BNB $0.00,0 . 00069518,,0x13f4ea83d0bd40e75c8222255bc855a974568dd4,,PancakeSwap V3: Smart Router,,PancakeSwap V3: Smart Router,,0,,0,0.00,0.00,0.00,658.81,2026-05-21,0,0,0.00,0.00,0,,outflow_from_you
0x53d6d033f5403b3c62979a0d1db5e50eb1698640b53632727955ad9a8fb19f6c,https://bscscan.com/tx/0x53d6d033f5403b3c62979a0d1db5e50eb1698640b53632727955ad9a8fb19f6c,30079478,2023-07-18 20:01:39,,javascript:;,PancakeSwap V3: Smart Router,https://bscscan.com/address/0x13f4ea83d0bd40e75c8222255bc855a974568dd4,0 BNB $0.00,0 . 00070698,,0x13f4ea83d0bd40e75c8222255bc855a974568dd4,,PancakeSwap V3: Smart Router,,PancakeSwap V3: Smart Router,,0,,0,0.00,0.00,0.00,658.81,2026-05-21,0,0,0.00,0.00,0,,outflow_from_you
0x867dd17f67550378ca49ae1eb5906839f8787b891ed4238ff0c0f846088f4919,https://bscscan.com/tx/0x867dd17f67550378ca49ae1eb5906839f8787b891ed4238ff0c0f846088f4919,30079391,2023-07-18 19:57:18,,javascript:;,Ripple: XRP Token,https://bscscan.com/address/0x1d2f0da169ceb9fc7b3144628db156f3f6c60dbe,0 BNB $0.00,0 . 00013239,,0x1d2f0da169ceb9fc7b3144628db156f3f6c60dbe,,Ripple: XRP Token,,Ripple: XRP Token,,0,,0,0.00,0.00,0.00,658.81,2026-05-21,0,0,0.00,0.00,0,,outflow_from_you
0x6d0412a06120a46e6a226bef379e4e36fc9c2d98bbde97d7d3bc598a05d14de3,https://bscscan.com/tx/0x6d0412a06120a46e6a226bef379e4e36fc9c2d98bbde97d7d3bc598a05d14de3,30079378,2023-07-18 19:56:39,,javascript:;,PancakeSwap V3: Smart Router,https://bscscan.com/address/0x13f4ea83d0bd40e75c8222255bc855a974568dd4,0.74 BNB $480.36,0 . 00051634,,0x13f4ea83d0bd40e75c8222255bc855a974568dd4,,PancakeSwap V3: Smart Router,,PancakeSwap V3: Smart Router,,0,,0.74,480.36,487.52,7.16,658.81,2026-05-21,0,0,0.00,0.00,0,,outflow_from_you
0xe73e14f138dc938e760015537d4108b99e5805369496c946a37975463e5245c7,https://bscscan.com/tx/0xe73e14f138dc938e760015537d4108b99e5805369496c946a37975463e5245c7,30073271,2023-07-18 14:50:38,,javascript:;,PancakeSwap V3: Smart Router,https://bscscan.com/address/0x13f4ea83d0bd40e75c8222255bc855a974568dd4,0 BNB $0.00,0 . 00050826,,0x13f4ea83d0bd40e75c8222255bc855a974568dd4,,PancakeSwap V3: Smart Router,,PancakeSwap V3: Smart Router,,0,,0,0.00,0.00,0.00,658.81,2026-05-21,0,0,0.00,0.00,0,,outflow_from_you
0xef55720701a37bc7d41308913a6e3e80401267f96b58ab9a593fa7651747dca2,https://bscscan.com/tx/0xef55720701a37bc7d41308913a6e3e80401267f96b58ab9a593fa7651747dca2,30073259,2023-07-18 14:50:01,,javascript:;,PancakeSwap V3: Smart Router,https://bscscan.com/address/0x13f4ea83d0bd40e75c8222255bc855a974568dd4,0 BNB $0.00,0 . 00063493,,0x13f4ea83d0bd40e75c8222255bc855a974568dd4,,PancakeSwap V3: Smart Router,,PancakeSwap V3: Smart Router,,0,,0,0.00,0.00,0.00,658.81,2026-05-21,0,0,0.00,0.00,0,,outflow_from_you
0x25b66d93940c9752aa7af3bb73f9c7addc2c2541029e072f5a64bf93b29e0c17,https://bscscan.com/tx/0x25b66d93940c9752aa7af3bb73f9c7addc2c2541029e072f5a64bf93b29e0c17,30073247,2023-07-18 14:49:25,,javascript:;,BUSD-T Stablecoin,https://bscscan.com/address/0x55d398326f99059ff775485246999027b3197955,0 BNB $0.00,0 . 00013235,,0x55d398326f99059ff775485246999027b3197955,,BUSD-T Stablecoin,,BUSD-T Stablecoin,,0,,0,0.00,0.00,0.00,658.81,2026-05-21,0,0,0.00,0.00,0,,outflow_from_you
0xf64ea31b07e3386c8ef4af0b45234c73e282b9f95fc82f5dadd1d45159939b69,https://bscscan.com/tx/0xf64ea31b07e3386c8ef4af0b45234c73e282b9f95fc82f5dadd1d45159939b69,30073156,2023-07-18 14:44:51,,javascript:;,PancakeSwap V3: Smart Router,https://bscscan.com/address/0x13f4ea83d0bd40e75c8222255bc855a974568dd4,0 BNB $0.00,0 . 00037821,,0x13f4ea83d0bd40e75c8222255bc855a974568dd4,,PancakeSwap V3: Smart Router,,PancakeSwap V3: Smart Router,,0,,0,0.00,0.00,0.00,658.81,2026-05-21,0,0,0.00,0.00,0,,outflow_from_you
0xd2d621ee08527125ad4521f8906514aafc0964b9b1e0e6e0b947b062e5de3563,https://bscscan.com/tx/0xd2d621ee08527125ad4521f8906514aafc0964b9b1e0e6e0b947b062e5de3563,30073141,2023-07-18 14:44:06,,javascript:;,BUSD-T Stablecoin,https://bscscan.com/address/0x55d398326f99059ff775485246999027b3197955,0 BNB $0.00,0 . 00013228,,0x55d398326f99059ff775485246999027b3197955,,BUSD-T Stablecoin,,BUSD-T Stablecoin,,0,,0,0.00,0.00,0.00,658.81,2026-05-21,0,0,0.00,0.00,0,,outflow_from_you
0xdbfedff79c761492eb5fd8edb12fc9d888fbc283057405a8fc1f5044597282cd,https://bscscan.com/tx/0xdbfedff79c761492eb5fd8edb12fc9d888fbc283057405a8fc1f5044597282cd,29813013,2023-07-09 13:19:20,,javascript:;,0xB6934215...68B6A3182,https://bscscan.com/address/0xb6934215b856b03430fc8dc058bd1c668b6a3182,0.025 BNB $16.23,0 . 000063,,0xb6934215b856b03430fc8dc058bd1c668b6a3182,,,,,,0,,0.025,16.23,16.47,0.24,658.81,2026-05-21,0,0,0.00,0.00,1,user_binance_address_match,outflow_from_you
0x2454b1869fd283f7f7ce8898a3f52b7740a2c30542be6e103f4f82f6d12ff279,https://bscscan.com/tx/0x2454b1869fd283f7f7ce8898a3f52b7740a2c30542be6e103f4f82f6d12ff279,29770362,2023-07-08 1:41:20,,javascript:;,0xf932cF3b...75f4bd6F0,https://bscscan.com/address/0xf932cf3b10d5b466cf1f0d205ce652175f4bd6f0,0.4 BNB $259.66,0 . 000063,,0xf932cf3b10d5b466cf1f0d205ce652175f4bd6f0,,,,,,0,,0.4,259.66,263.52,3.86,658.81,2026-05-21,0,0,0.00,0.00,0,,outflow_from_you
0x06955a72c0f89a2aaf82b5aab41cfe52114beb7bb1bfcf9ab1f4768238516c79,https://bscscan.com/tx/0x06955a72c0f89a2aaf82b5aab41cfe52114beb7bb1bfcf9ab1f4768238516c79,29725341,2023-07-06 12:03:17,,javascript:;,PancakeSwap V3: Smart Router,https://bscscan.com/address/0x13f4ea83d0bd40e75c8222255bc855a974568dd4,0 BNB $0.00,0 . 0007731,,0x13f4ea83d0bd40e75c8222255bc855a974568dd4,,PancakeSwap V3: Smart Router,,PancakeSwap V3: Smart Router,,0,,0,0.00,0.00,0.00,658.81,2026-05-21,0,0,0.00,0.00,0,,outflow_from_you
0xb9a89b09d2dfec2abd2c7a790c4ff113e04b62d4bbce767dbd579d9fe44038f9,https://bscscan.com/tx/0xb9a89b09d2dfec2abd2c7a790c4ff113e04b62d4bbce767dbd579d9fe44038f9,29725336,2023-07-06 12:03:02,,javascript:;,0xd8D4478E...731ba3700,https://bscscan.com/address/0xd8d4478e6950ffe499794893a41c3d1731ba3700,0 BNB $0.00,0 . 00013464,,0xd8d4478e6950ffe499794893a41c3d1731ba3700,,,,,,0,,0,0.00,0.00,0.00,658.81,2026-05-21,0,0,0.00,0.00,0,,outflow_from_you
0xaa329068dd1fd4d7fb542d5d8f760b67e99bc4bf21c668f7ee497321d5455a5b,https://bscscan.com/tx/0xaa329068dd1fd4d7fb542d5d8f760b67e99bc4bf21c668f7ee497321d5455a5b,29725296,2023-07-06 12:00:57,,javascript:;,0xB6934215...68B6A3182,https://bscscan.com/address/0xb6934215b856b03430fc8dc058bd1c668b6a3182,0.75 BNB $486.85,0 . 000063,,0xb6934215b856b03430fc8dc058bd1c668b6a3182,,,,,,0,,0.75,486.85,494.11,7.26,658.81,2026-05-21,0,0,0.00,0.00,1,user_binance_address_match,outflow_from_you
0xf3e1126bc44467b92c4af56230326c5baa57ec5be7bfa45632af274a3679bcc5,https://bscscan.com/tx/0xf3e1126bc44467b92c4af56230326c5baa57ec5be7bfa45632af274a3679bcc5,29706296,2023-07-05 20:08:06,,javascript:;,PancakeSwap V3: Smart Router,https://bscscan.com/address/0x13f4ea83d0bd40e75c8222255bc855a974568dd4,0.5 BNB $324.57,0 . 00083325,,0x13f4ea83d0bd40e75c8222255bc855a974568dd4,,PancakeSwap V3: Smart Router,,PancakeSwap V3: Smart Router,,0,,0.5,324.57,329.40,4.83,658.81,2026-05-21,0,0,0.00,0.00,0,,outflow_from_you
0x678e1fe2127e4a3baff3a025a0e444e80bcc906bc697deb07274754c981e8963,https://bscscan.com/tx/0x678e1fe2127e4a3baff3a025a0e444e80bcc906bc697deb07274754c981e8963,29703866,2023-07-05 18:06:25,,javascript:;,SafuuGO: SGO Token,https://bscscan.com/address/0x9321bc6185adc9b9cb503cc211e17cb311c3fa95,0 BNB $0.00,0 . 00008742,,0x9321bc6185adc9b9cb503cc211e17cb311c3fa95,,SafuuGO: SGO Token,,SafuuGO: SGO Token,safuu,1,high,0,0.00,0.00,0.00,658.81,2026-05-21,0,0,0.00,0.00,0,,outflow_from_you
0x7519194f9b96b7f5d7492a57847d788bb94caa42686e2cd2770d285e378827da,https://bscscan.com/tx/0x7519194f9b96b7f5d7492a57847d788bb94caa42686e2cd2770d285e378827da,29700379,2023-07-05 15:11:27,,javascript:;,PancakeSwap V3: Smart Router,https://bscscan.com/address/0x13f4ea83d0bd40e75c8222255bc855a974568dd4,0 BNB $0.00,0 . 00233211,,0x13f4ea83d0bd40e75c8222255bc855a974568dd4,,PancakeSwap V3: Smart Router,,PancakeSwap V3: Smart Router,safuu,1,high,0,0.00,0.00,0.00,658.81,2026-05-21,0,0,0.00,0.00,0,,outflow_from_you
0x4e958a74ef50aef6adbc0888be544368f490a7d5774a203ada0eeb8ec6bab259,https://bscscan.com/tx/0x4e958a74ef50aef6adbc0888be544368f490a7d5774a203ada0eeb8ec6bab259,29700375,2023-07-05 15:11:15,,javascript:;,PancakeSwap V3: Smart Router,https://bscscan.com/address/0x13f4ea83d0bd40e75c8222255bc855a974568dd4,0 BNB $0.00,0 . 00230868,,0x13f4ea83d0bd40e75c8222255bc855a974568dd4,,PancakeSwap V3: Smart Router,,PancakeSwap V3: Smart Router,,0,,0,0.00,0.00,0.00,658.81,2026-05-21,0,0,0.00,0.00,0,,outflow_from_you
0x45c2e913b0fd122c973cdf85cbf286e5c625eea3cdb763e53a8c825243412867,https://bscscan.com/tx/0x45c2e913b0fd122c973cdf85cbf286e5c625eea3cdb763e53a8c825243412867,29700363,2023-07-05 15:10:39,,javascript:;,SafuuGO: SGO Token,https://bscscan.com/address/0x9321bc6185adc9b9cb503cc211e17cb311c3fa95,0 BNB $0.00,0 . 00008742,,0x9321bc6185adc9b9cb503cc211e17cb311c3fa95,,SafuuGO: SGO Token,,SafuuGO: SGO Token,safuu,1,high,0,0.00,0.00,0.00,658.81,2026-05-21,0,0,0.00,0.00,0,,outflow_from_you
0xb271900c1015e800eb515bc84d8731509d7fa08b54d1fdfc7d3b9e2552341f24,https://bscscan.com/tx/0xb271900c1015e800eb515bc84d8731509d7fa08b54d1fdfc7d3b9e2552341f24,29700352,2023-07-05 15:10:06,,javascript:;,PancakeSwap V3: Smart Router,https://bscscan.com/address/0x13f4ea83d0bd40e75c8222255bc855a974568dd4,0 BNB $0.00,0 . 00189862,,0x13f4ea83d0bd40e75c8222255bc855a974568dd4,,PancakeSwap V3: Smart Router,,PancakeSwap V3: Smart Router,,0,,0,0.00,0.00,0.00,658.81,2026-05-21,0,0,0.00,0.00,0,,outflow_from_you
0x9c1664e2856bef97ae934283d9167654e7d174e2aa5607070df6ed49a94d5df9,https://bscscan.com/tx/0x9c1664e2856bef97ae934283d9167654e7d174e2aa5607070df6ed49a94d5df9,29700135,2023-07-05 14:59:15,,javascript:;,PancakeSwap V3: Smart Router,https://bscscan.com/address/0x13f4ea83d0bd40e75c8222255bc855a974568dd4,1 BNB $649.14,0 . 00077259,,0x13f4ea83d0bd40e75c8222255bc855a974568dd4,,PancakeSwap V3: Smart Router,,PancakeSwap V3: Smart Router,safuu,1,high,1,649.14,658.81,9.67,658.81,2026-05-21,0,0,0.00,0.00,0,,outflow_from_you
0xab0d198647cb38727897dc1ceecc8ec00d945f27d26f0df315ef6236e288b657,https://bscscan.com/tx/0xab0d198647cb38727897dc1ceecc8ec00d945f27d26f0df315ef6236e288b657,29700127,2023-07-05 14:58:51,,javascript:;,PancakeSwap V3: Smart Router,https://bscscan.com/address/0x13f4ea83d0bd40e75c8222255bc855a974568dd4,1 BNB $649.14,0 . 00076271,,0x13f4ea83d0bd40e75c8222255bc855a974568dd4,,PancakeSwap V3: Smart Router,,PancakeSwap V3: Smart Router,,0,,1,649.14,658.81,9.67,658.81,2026-05-21,0,0,0.00,0.00,0,,outflow_from_you
0x398ea45d0356b6db732884e382c22c360f134d7eb99234a5a26c5b313c01bc4b,https://bscscan.com/tx/0x398ea45d0356b6db732884e382c22c360f134d7eb99234a5a26c5b313c01bc4b,29700119,2023-07-05 14:58:27,,javascript:;,PancakeSwap V3: Smart Router,https://bscscan.com/address/0x13f4ea83d0bd40e75c8222255bc855a974568dd4,1 BNB $649.14,0 . 00076271,,0x13f4ea83d0bd40e75c8222255bc855a974568dd4,,PancakeSwap V3: Smart Router,,PancakeSwap V3: Smart Router,,0,,1,649.14,658.81,9.67,658.81,2026-05-21,0,0,0.00,0.00,0,,outflow_from_you
0x2d09d903a3f5c59ee1b6cd52bef7fbf00cdfae07ec9198ece41feec71abc287b,https://bscscan.com/tx/0x2d09d903a3f5c59ee1b6cd52bef7fbf00cdfae07ec9198ece41feec71abc287b,29700071,2023-07-05 14:56:03,,javascript:;,PancakeSwap V3: Smart Router,https://bscscan.com/address/0x13f4ea83d0bd40e75c8222255bc855a974568dd4,0 BNB $0.00,0 . 00189948,,0x13f4ea83d0bd40e75c8222255bc855a974568dd4,,PancakeSwap V3: Smart Router,,PancakeSwap V3: Smart Router,,0,,0,0.00,0.00,0.00,658.81,2026-05-21,0,0,0.00,0.00,0,,outflow_from_you
0x18ea2716933ae9ca6e460783389d0a19e9d5c4880aa27edf8dbb1de472cc98d0,https://bscscan.com/tx/0x18ea2716933ae9ca6e460783389d0a19e9d5c4880aa27edf8dbb1de472cc98d0,29700067,2023-07-05 14:55:51,,javascript:;,SafuuGO: SGO Token,https://bscscan.com/address/0x9321bc6185adc9b9cb503cc211e17cb311c3fa95,0 BNB $0.00,0 . 00013242,,0x9321bc6185adc9b9cb503cc211e17cb311c3fa95,,SafuuGO: SGO Token,,SafuuGO: SGO Token,safuu,1,high,0,0.00,0.00,0.00,658.81,2026-05-21,0,0,0.00,0.00,0,,outflow_from_you
0x4b7cb04a41ca79360a2270996e9c47a45520e3ba813912d9ab00a4408cb8f28d,https://bscscan.com/tx/0x4b7cb04a41ca79360a2270996e9c47a45520e3ba813912d9ab00a4408cb8f28d,29700046,2023-07-05 14:54:48,,javascript:;,PancakeSwap V3: Smart Router,https://bscscan.com/address/0x13f4ea83d0bd40e75c8222255bc855a974568dd4,1 BNB $649.14,0 . 00061522,,0x13f4ea83d0bd40e75c8222255bc855a974568dd4,,PancakeSwap V3: Smart Router,,PancakeSwap V3: Smart Router,safuu,1,high,1,649.14,658.81,9.67,658.81,2026-05-21,0,0,0.00,0.00,0,,outflow_from_you
0xcb8ee2cda7ae3feb0b3b643ae1bcd301a331f6d396ac7ea5267b10a267b13a77,https://bscscan.com/tx/0xcb8ee2cda7ae3feb0b3b643ae1bcd301a331f6d396ac7ea5267b10a267b13a77,29700015,2023-07-05 14:53:15,Bitget 3,https://bscscan.com/address/0x97b9d2102a9a65a26e1ee82d59e42d1b73b68689,,javascript:;,"2.4997474 BNB $1,622.68",0 . 0001365,0x97b9d2102a9a65a26e1ee82d59e42d1b73b68689,,Bitget 3,,Bitget 3,,,0,,2.4997474,1622.68,1646.86,24.18,658.81,2026-05-21,0,0,0.00,0.00,0,,inflow_to_you
0xb0a231f6410e8d00610dd730fd8f77339a92476c5f63188056a586ed639df922,https://bscscan.com/tx/0xb0a231f6410e8d00610dd730fd8f77339a92476c5f63188056a586ed639df922,29671973,2023-07-04 15:23:59,,javascript:;,0xf932cF3b...75f4bd6F0,https://bscscan.com/address/0xf932cf3b10d5b466cf1f0d205ce652175f4bd6f0,"2.5 BNB $1,622.85",0 . 000063,,0xf932cf3b10d5b466cf1f0d205ce652175f4bd6f0,,,,,,0,,2.5,1622.85,1647.02,24.17,658.81,2026-05-21,0,0,0.00,0.00,0,,outflow_from_you
0xddf1d218c37ab1987042b1cdda254f9e159bd54ed752ec3dafd2e1a6fe6851d4,https://bscscan.com/tx/0xddf1d218c37ab1987042b1cdda254f9e159bd54ed752ec3dafd2e1a6fe6851d4,29671870,2023-07-04 15:18:46,,javascript:;,PancakeSwap V3: Smart Router,https://bscscan.com/address/0x13f4ea83d0bd40e75c8222255bc855a974568dd4,0 BNB $0.00,0 . 00188576,,0x13f4ea83d0bd40e75c8222255bc855a974568dd4,,PancakeSwap V3: Smart Router,,PancakeSwap V3: Smart Router,safuu,1,high,0,0.00,0.00,0.00,658.81,2026-05-21,0,0,0.00,0.00,0,,outflow_from_you
0xf456804acb287fb4f23b1d9b684e44fc75294bad0650078b693973bdb5c11537,https://bscscan.com/tx/0xf456804acb287fb4f23b1d9b684e44fc75294bad0650078b693973bdb5c11537,29671865,2023-07-04 15:18:31,,javascript:;,SafuuGO: SGO Token,https://bscscan.com/address/0x9321bc6185adc9b9cb503cc211e17cb311c3fa95,0 BNB $0.00,0 . 00013242,,0x9321bc6185adc9b9cb503cc211e17cb311c3fa95,,SafuuGO: SGO Token,,SafuuGO: SGO Token,safuu,1,high,0,0.00,0.00,0.00,658.81,2026-05-21,0,0,0.00,0.00,0,,outflow_from_you
0x6a334a606a60e8fba9e62ba184156cabc2dc34c22ed739adf686154e7d559205,https://bscscan.com/tx/0x6a334a606a60e8fba9e62ba184156cabc2dc34c22ed739adf686154e7d559205,29671451,2023-07-04 14:57:36,,javascript:;,PancakeSwap V3: Smart Router,https://bscscan.com/address/0x13f4ea83d0bd40e75c8222255bc855a974568dd4,1 BNB $649.14,0 . 00077259,,0x13f4ea83d0bd40e75c8222255bc855a974568dd4,,PancakeSwap V3: Smart Router,,PancakeSwap V3: Smart Router,safuu,1,high,1,649.14,658.81,9.67,658.81,2026-05-21,0,0,0.00,0.00,0,,outflow_from_you
0xb3eaeee7a16344cdf43c4c086ee1fdf0955b22c35fa75eb35be20251769b038e,https://bscscan.com/tx/0xb3eaeee7a16344cdf43c4c086ee1fdf0955b22c35fa75eb35be20251769b038e,29670883,2023-07-04 14:29:11,,javascript:;,PancakeSwap V3: Smart Router,https://bscscan.com/address/0x13f4ea83d0bd40e75c8222255bc855a974568dd4,0 BNB $0.00,0 . 00188648,,0x13f4ea83d0bd40e75c8222255bc855a974568dd4,,PancakeSwap V3: Smart Router,,PancakeSwap V3: Smart Router,safuu,1,high,0,0.00,0.00,0.00,658.81,2026-05-21,0,0,0.00,0.00,0,,outflow_from_you
0x3935f5e81c645b25bf587c7fbac0eb13f57e870444b2ed8faca5b2b3bad186dc,https://bscscan.com/tx/0x3935f5e81c645b25bf587c7fbac0eb13f57e870444b2ed8faca5b2b3bad186dc,29670876,2023-07-04 14:28:50,,javascript:;,SafuuGO: SGO Token,https://bscscan.com/address/0x9321bc6185adc9b9cb503cc211e17cb311c3fa95,0 BNB $0.00,0 . 00013242,,0x9321bc6185adc9b9cb503cc211e17cb311c3fa95,,SafuuGO: SGO Token,,SafuuGO: SGO Token,safuu,1,high,0,0.00,0.00,0.00,658.81,2026-05-21,0,0,0.00,0.00,0,,outflow_from_you
0x73b387feb1849cec7175e1410832c481f1503afaa112f35b1a3297c938410d25,https://bscscan.com/tx/0x73b387feb1849cec7175e1410832c481f1503afaa112f35b1a3297c938410d25,29670835,2023-07-04 14:26:47,,javascript:;,PancakeSwap V3: Smart Router,https://bscscan.com/address/0x13f4ea83d0bd40e75c8222255bc855a974568dd4,"2.8 BNB $1,817.59",0 . 00061522,,0x13f4ea83d0bd40e75c8222255bc855a974568dd4,,PancakeSwap V3: Smart Router,,PancakeSwap V3: Smart Router,safuu,1,high,2.8,1817.59,1844.67,27.08,658.81,2026-05-21,0,0,0.00,0.00,0,,outflow_from_you
0x5e1713a6a27a9c50a75f77ee1389e734dc8b724944ffb21e495c4ce08aa8de5b,https://bscscan.com/tx/0x5e1713a6a27a9c50a75f77ee1389e734dc8b724944ffb21e495c4ce08aa8de5b,29670545,2023-07-04 14:12:17,,javascript:;,PancakeSwap V3: Smart Router,https://bscscan.com/address/0x13f4ea83d0bd40e75c8222255bc855a974568dd4,0 BNB $0.00,0 . 0022822,,0x13f4ea83d0bd40e75c8222255bc855a974568dd4,,PancakeSwap V3: Smart Router,,PancakeSwap V3: Smart Router,safuu,1,high,0,0.00,0.00,0.00,658.81,2026-05-21,0,0,0.00,0.00,0,,outflow_from_you
0xd6e0f75b7a9a4b388c152d277b99200702ca0bbd4df2f5bf1c9a414ca9798d5c,https://bscscan.com/tx/0xd6e0f75b7a9a4b388c152d277b99200702ca0bbd4df2f5bf1c9a414ca9798d5c,29670534,2023-07-04 14:11:44,,javascript:;,PancakeSwap V3: Smart Router,https://bscscan.com/address/0x13f4ea83d0bd40e75c8222255bc855a974568dd4,0 BNB $0.00,0 . 00230337,,0x13f4ea83d0bd40e75c8222255bc855a974568dd4,,PancakeSwap V3: Smart Router,,PancakeSwap V3: Smart Router,,0,,0,0.00,0.00,0.00,658.81,2026-05-21,0,0,0.00,0.00,0,,outflow_from_you
0x7084e194ee1c85c154a7650028d201664722d309fcfdc87f6619c1560d808f7e,https://bscscan.com/tx/0x7084e194ee1c85c154a7650028d201664722d309fcfdc87f6619c1560d808f7e,29670518,2023-07-04 14:10:56,,javascript:;,SafuuGO: SGO Token,https://bscscan.com/address/0x9321bc6185adc9b9cb503cc211e17cb311c3fa95,0 BNB $0.00,0 . 00008742,,0x9321bc6185adc9b9cb503cc211e17cb311c3fa95,,SafuuGO: SGO Token,,SafuuGO: SGO Token,safuu,1,high,0,0.00,0.00,0.00,658.81,2026-05-21,0,0,0.00,0.00,0,,outflow_from_you
0xba23762102ce9f4e2433a3d426b30e2a68e73096def04993d3720d1cfd68ef04,https://bscscan.com/tx/0xba23762102ce9f4e2433a3d426b30e2a68e73096def04993d3720d1cfd68ef04,29670188,2023-07-04 13:54:16,,javascript:;,SafuuGO: SGO Token,https://bscscan.com/address/0x9321bc6185adc9b9cb503cc211e17cb311c3fa95,0 BNB $0.00,0 . 00008742,,0x9321bc6185adc9b9cb503cc211e17cb311c3fa95,,SafuuGO: SGO Token,,SafuuGO: SGO Token,safuu,1,high,0,0.00,0.00,0.00,658.81,2026-05-21,0,0,0.00,0.00,0,,outflow_from_you
0x0c1d8aea955b04ca40ea7a95bac5bca972059a39739ebd424575229120248604,https://bscscan.com/tx/0x0c1d8aea955b04ca40ea7a95bac5bca972059a39739ebd424575229120248604,29670178,2023-07-04 13:53:46,,javascript:;,PancakeSwap V3: Smart Router,https://bscscan.com/address/0x13f4ea83d0bd40e75c8222255bc855a974568dd4,0 BNB $0.00,0 . 00193069,,0x13f4ea83d0bd40e75c8222255bc855a974568dd4,,PancakeSwap V3: Smart Router,,PancakeSwap V3: Smart Router,safuu,1,high,0,0.00,0.00,0.00,658.81,2026-05-21,0,0,0.00,0.00,0,,outflow_from_you
0xf0c70a37540c6e557ab23d0dadac8e9892b71aff9652b05e995bf17a24708a65,https://bscscan.com/tx/0xf0c70a37540c6e557ab23d0dadac8e9892b71aff9652b05e995bf17a24708a65,29669937,2023-07-04 13:41:36,,javascript:;,PancakeSwap V3: Smart Router,https://bscscan.com/address/0x13f4ea83d0bd40e75c8222255bc855a974568dd4,0 BNB $0.00,0 . 0023272,,0x13f4ea83d0bd40e75c8222255bc855a974568dd4,,PancakeSwap V3: Smart Router,,PancakeSwap V3: Smart Router,safuu,1,high,0,0.00,0.00,0.00,658.81,2026-05-21,0,0,0.00,0.00,0,,outflow_from_you
0xe198b08c1e61e044f30a39b5100bb1416bf64ea412b60b27c5596a6dfbb71dfb,https://bscscan.com/tx/0xe198b08c1e61e044f30a39b5100bb1416bf64ea412b60b27c5596a6dfbb71dfb,29669930,2023-07-04 13:41:15,,javascript:;,SafuuGO: SGO Token,https://bscscan.com/address/0x9321bc6185adc9b9cb503cc211e17cb311c3fa95,0 BNB $0.00,0 . 00008742,,0x9321bc6185adc9b9cb503cc211e17cb311c3fa95,,SafuuGO: SGO Token,,SafuuGO: SGO Token,safuu,1,high,0,0.00,0.00,0.00,658.81,2026-05-21,0,0,0.00,0.00,0,,outflow_from_you
0x4f340e2d7031c99cc1fd41c8f6ff26df6aa6fa40f2f22bdd389dc709c538f9ab,https://bscscan.com/tx/0x4f340e2d7031c99cc1fd41c8f6ff26df6aa6fa40f2f22bdd389dc709c538f9ab,29668456,2023-07-04 12:27:31,,javascript:;,PancakeSwap V3: Smart Router,https://bscscan.com/address/0x13f4ea83d0bd40e75c8222255bc855a974568dd4,0.3 BNB $194.74,0 . 00077259,,0x13f4ea83d0bd40e75c8222255bc855a974568dd4,,PancakeSwap V3: Smart Router,,PancakeSwap V3: Smart Router,safuu,1,high,0.3,194.74,197.64,2.90,658.81,2026-05-21,0,0,0.00,0.00,0,,outflow_from_you
0x2584fed091421735824ba73b4cefaae098bda1fa4b2c4b8bce771f016377ba3a,https://bscscan.com/tx/0x2584fed091421735824ba73b4cefaae098bda1fa4b2c4b8bce771f016377ba3a,29653978,2023-07-04 0:21:11,,javascript:;,PancakeSwap V3: Smart Router,https://bscscan.com/address/0x13f4ea83d0bd40e75c8222255bc855a974568dd4,0.5 BNB $324.57,0 . 00077259,,0x13f4ea83d0bd40e75c8222255bc855a974568dd4,,PancakeSwap V3: Smart Router,,PancakeSwap V3: Smart Router,safuu,1,high,0.5,324.57,329.40,4.83,658.81,2026-05-21,0,0,0.00,0.00,0,,outflow_from_you
0x5a5ca1fa1af764f137914762cea9034c9e979083daf1e58e68211bbd2503b40b,https://bscscan.com/tx/0x5a5ca1fa1af764f137914762cea9034c9e979083daf1e58e68211bbd2503b40b,29653293,2023-07-03 23:46:55,,javascript:;,PancakeSwap V3: Smart Router,https://bscscan.com/address/0x13f4ea83d0bd40e75c8222255bc855a974568dd4,1.5 BNB $973.71,0 . 00077259,,0x13f4ea83d0bd40e75c8222255bc855a974568dd4,,PancakeSwap V3: Smart Router,,PancakeSwap V3: Smart Router,safuu,1,high,1.5,973.71,988.21,14.50,658.81,2026-05-21,0,0,0.00,0.00,0,,outflow_from_you
0xfc0f7368d5e641c453fecf379a4af6c10d1e12ff420bf6516325614ea6d3b1ae,https://bscscan.com/tx/0xfc0f7368d5e641c453fecf379a4af6c10d1e12ff420bf6516325614ea6d3b1ae,29651456,2023-07-03 22:14:05,,javascript:;,PancakeSwap V3: Smart Router,https://bscscan.com/address/0x13f4ea83d0bd40e75c8222255bc855a974568dd4,0 BNB $0.00,0 . 00193069,,0x13f4ea83d0bd40e75c8222255bc855a974568dd4,,PancakeSwap V3: Smart Router,,PancakeSwap V3: Smart Router,safuu,1,high,0,0.00,0.00,0.00,658.81,2026-05-21,0,0,0.00,0.00,0,,outflow_from_you
0xf62ca6aae676c8839276e901d9bba5c3d57b736ef8d2455ed2e3112a1dae4551,https://bscscan.com/tx/0xf62ca6aae676c8839276e901d9bba5c3d57b736ef8d2455ed2e3112a1dae4551,29651414,2023-07-03 22:11:56,,javascript:;,PancakeSwap V3: Smart Router,https://bscscan.com/address/0x13f4ea83d0bd40e75c8222255bc855a974568dd4,0 BNB $0.00,0 . 00193069,,0x13f4ea83d0bd40e75c8222255bc855a974568dd4,,PancakeSwap V3: Smart Router,,PancakeSwap V3: Smart Router,safuu,1,high,0,0.00,0.00,0.00,658.81,2026-05-21,0,0,0.00,0.00,0,,outflow_from_you
0x6a0e0cc1384a47113ab0f2b36924b5dfcda6d4a4fde079e42c67eefaf6df1e86,https://bscscan.com/tx/0x6a0e0cc1384a47113ab0f2b36924b5dfcda6d4a4fde079e42c67eefaf6df1e86,29651409,2023-07-03 22:11:41,,javascript:;,SafuuGO: SGO Token,https://bscscan.com/address/0x9321bc6185adc9b9cb503cc211e17cb311c3fa95,0 BNB $0.00,0 . 00013242,,0x9321bc6185adc9b9cb503cc211e17cb311c3fa95,,SafuuGO: SGO Token,,SafuuGO: SGO Token,safuu,1,high,0,0.00,0.00,0.00,658.81,2026-05-21,0,0,0.00,0.00,0,,outflow_from_you
0xa29b503767aa1afb4dfe682a32edfbe7f9e11d4c289c3e7f7025e2e567eaf577,https://bscscan.com/tx/0xa29b503767aa1afb4dfe682a32edfbe7f9e11d4c289c3e7f7025e2e567eaf577,29645730,2023-07-03 17:26:51,,javascript:;,PancakeSwap V3: Smart Router,https://bscscan.com/address/0x13f4ea83d0bd40e75c8222255bc855a974568dd4,1.5 BNB $973.71,0 . 00077259,,0x13f4ea83d0bd40e75c8222255bc855a974568dd4,,PancakeSwap V3: Smart Router,,PancakeSwap V3: Smart Router,safuu,1,high,1.5,973.71,988.21,14.50,658.81,2026-05-21,0,0,0.00,0.00,0,,outflow_from_you
0xd43b2956183f7bec2a8b13dcb12a2cc45faad749ae543588cf4ba1b298c2217f,https://bscscan.com/tx/0xd43b2956183f7bec2a8b13dcb12a2cc45faad749ae543588cf4ba1b298c2217f,29645466,2023-07-03 17:13:39,,javascript:;,PancakeSwap V3: Smart Router,https://bscscan.com/address/0x13f4ea83d0bd40e75c8222255bc855a974568dd4,1 BNB $649.14,0 . 00077259,,0x13f4ea83d0bd40e75c8222255bc855a974568dd4,,PancakeSwap V3: Smart Router,,PancakeSwap V3: Smart Router,safuu,1,high,1,649.14,658.81,9.67,658.81,2026-05-21,0,0,0.00,0.00,0,,outflow_from_you
0x2bffa95a10f6f841d9f9a08f9f592fd6f4c658fa1c6894808b29d90e8c1f0d82,https://bscscan.com/tx/0x2bffa95a10f6f841d9f9a08f9f592fd6f4c658fa1c6894808b29d90e8c1f0d82,29644470,2023-07-03 16:23:35,,javascript:;,PancakeSwap V3: Smart Router,https://bscscan.com/address/0x13f4ea83d0bd40e75c8222255bc855a974568dd4,0 BNB $0.00,0 . 00188569,,0x13f4ea83d0bd40e75c8222255bc855a974568dd4,,PancakeSwap V3: Smart Router,,PancakeSwap V3: Smart Router,safuu,1,high,0,0.00,0.00,0.00,658.81,2026-05-21,0,0,0.00,0.00,0,,outflow_from_you
0xc046f3979e2804babd891c240e5300990ca52d06c544e816915e69941affff1e,https://bscscan.com/tx/0xc046f3979e2804babd891c240e5300990ca52d06c544e816915e69941affff1e,29644450,2023-07-03 16:22:35,,javascript:;,PancakeSwap V3: Smart Router,https://bscscan.com/address/0x13f4ea83d0bd40e75c8222255bc855a974568dd4,0 BNB $0.00,0 . 00186511,,0x13f4ea83d0bd40e75c8222255bc855a974568dd4,,PancakeSwap V3: Smart Router,,PancakeSwap V3: Smart Router,,0,,0,0.00,0.00,0.00,658.81,2026-05-21,0,0,0.00,0.00,0,,outflow_from_you
0x74a6c1225cf7d586984f3deb1065f996bc7d05acae03b4b04e8889d268865df3,https://bscscan.com/tx/0x74a6c1225cf7d586984f3deb1065f996bc7d05acae03b4b04e8889d268865df3,29644436,2023-07-03 16:21:53,,javascript:;,PancakeSwap V3: Smart Router,https://bscscan.com/address/0x13f4ea83d0bd40e75c8222255bc855a974568dd4,0 BNB $0.00,0 . 00193069,,0x13f4ea83d0bd40e75c8222255bc855a974568dd4,,PancakeSwap V3: Smart Router,,PancakeSwap V3: Smart Router,safuu,1,high,0,0.00,0.00,0.00,658.81,2026-05-21,0,0,0.00,0.00,0,,outflow_from_you
0xba56127d29701a8d7ac571fb0191dabbce7dccf56af33aa141d42d66b63290ab,https://bscscan.com/tx/0xba56127d29701a8d7ac571fb0191dabbce7dccf56af33aa141d42d66b63290ab,29644430,2023-07-03 16:21:35,,javascript:;,PancakeSwap V3: Smart Router,https://bscscan.com/address/0x13f4ea83d0bd40e75c8222255bc855a974568dd4,0 BNB $0.00,0 . 00189323,,0x13f4ea83d0bd40e75c8222255bc855a974568dd4,,PancakeSwap V3: Smart Router,,PancakeSwap V3: Smart Router,,0,,0,0.00,0.00,0.00,658.81,2026-05-21,0,0,0.00,0.00,0,,outflow_from_you
0xe5ee836e1fbe9454cd7f61a14b529bc6dc38e594a49f59de929f51dd0b7db9f8,https://bscscan.com/tx/0xe5ee836e1fbe9454cd7f61a14b529bc6dc38e594a49f59de929f51dd0b7db9f8,29644396,2023-07-03 16:19:52,,javascript:;,PancakeSwap V3: Smart Router,https://bscscan.com/address/0x13f4ea83d0bd40e75c8222255bc855a974568dd4,0 BNB $0.00,0 . 00193069,,0x13f4ea83d0bd40e75c8222255bc855a974568dd4,,PancakeSwap V3: Smart Router,,PancakeSwap V3: Smart Router,safuu,1,high,0,0.00,0.00,0.00,658.81,2026-05-21,0,0,0.00,0.00,0,,outflow_from_you
0x596e22e544ef2f65748451ae0c4537b7ca151f2c0a0e0cf9eda910b2c0317e7d,https://bscscan.com/tx/0x596e22e544ef2f65748451ae0c4537b7ca151f2c0a0e0cf9eda910b2c0317e7d,29644373,2023-07-03 16:18:43,,javascript:;,SafuuGO: SGO Token,https://bscscan.com/address/0x9321bc6185adc9b9cb503cc211e17cb311c3fa95,0 BNB $0.00,0 . 00008742,,0x9321bc6185adc9b9cb503cc211e17cb311c3fa95,,SafuuGO: SGO Token,,SafuuGO: SGO Token,safuu,1,high,0,0.00,0.00,0.00,658.81,2026-05-21,0,0,0.00,0.00,0,,outflow_from_you
0xde8a2e43b0dd9fe4b80e3f95bebfd6addb6cc30d82ca7843046d4ef78fbcc23e,https://bscscan.com/tx/0xde8a2e43b0dd9fe4b80e3f95bebfd6addb6cc30d82ca7843046d4ef78fbcc23e,29643032,2023-07-03 15:11:30,,javascript:;,PancakeSwap V3: Smart Router,https://bscscan.com/address/0x13f4ea83d0bd40e75c8222255bc855a974568dd4,1 BNB $649.14,0 . 00077259,,0x13f4ea83d0bd40e75c8222255bc855a974568dd4,,PancakeSwap V3: Smart Router,,PancakeSwap V3: Smart Router,safuu,1,high,1,649.14,658.81,9.67,658.81,2026-05-21,0,0,0.00,0.00,0,,outflow_from_you
0x409bda71a97478a5a567aa0c20ad9edbfaa5a00587800bb359607cdd66238c15,https://bscscan.com/tx/0x409bda71a97478a5a567aa0c20ad9edbfaa5a00587800bb359607cdd66238c15,29642155,2023-07-03 14:27:36,,javascript:;,PancakeSwap V3: Smart Router,https://bscscan.com/address/0x13f4ea83d0bd40e75c8222255bc855a974568dd4,0 BNB $0.00,0 . 0019314,,0x13f4ea83d0bd40e75c8222255bc855a974568dd4,,PancakeSwap V3: Smart Router,,PancakeSwap V3: Smart Router,safuu,1,high,0,0.00,0.00,0.00,658.81,2026-05-21,0,0,0.00,0.00,0,,outflow_from_you
0x7f2d98f1dc0587876c6e472894ded0db02249e2b33d96f520206782690e94ce1,https://bscscan.com/tx/0x7f2d98f1dc0587876c6e472894ded0db02249e2b33d96f520206782690e94ce1,29640746,2023-07-03 13:16:58,,javascript:;,SafuuGO: SGO Token,https://bscscan.com/address/0x9321bc6185adc9b9cb503cc211e17cb311c3fa95,0 BNB $0.00,0 . 00008742,,0x9321bc6185adc9b9cb503cc211e17cb311c3fa95,,SafuuGO: SGO Token,,SafuuGO: SGO Token,safuu,1,high,0,0.00,0.00,0.00,658.81,2026-05-21,0,0,0.00,0.00,0,,outflow_from_you
0xb604b41a82feb2fbd2b64645ecc1f96721099c6b0803a3e98e2205730f3841ab,https://bscscan.com/tx/0xb604b41a82feb2fbd2b64645ecc1f96721099c6b0803a3e98e2205730f3841ab,29635252,2023-07-03 8:41:38,,javascript:;,PancakeSwap V3: Smart Router,https://bscscan.com/address/0x13f4ea83d0bd40e75c8222255bc855a974568dd4,"2 BNB $1,298.28",0 . 00085037,,0x13f4ea83d0bd40e75c8222255bc855a974568dd4,,PancakeSwap V3: Smart Router,,PancakeSwap V3: Smart Router,,0,,2,1298.28,1317.62,19.34,658.81,2026-05-21,0,0,0.00,0.00,0,,outflow_from_you
0x0e4f07a6c73379354762935bfcaf0bf4bd8cbf3d28034e816e06fac488fb1f63,https://bscscan.com/tx/0x0e4f07a6c73379354762935bfcaf0bf4bd8cbf3d28034e816e06fac488fb1f63,29627090,2023-07-03 1:52:31,,javascript:;,PancakeSwap V3: Smart Router,https://bscscan.com/address/0x13f4ea83d0bd40e75c8222255bc855a974568dd4,0 BNB $0.00,0 . 00233296,,0x13f4ea83d0bd40e75c8222255bc855a974568dd4,,PancakeSwap V3: Smart Router,,PancakeSwap V3: Smart Router,safuu,1,high,0,0.00,0.00,0.00,658.81,2026-05-21,0,0,0.00,0.00,0,,outflow_from_you
0xc956cb797e82657e89aaa5aded79b066a9d64a8bcdfeae41841aef99f30ffc5f,https://bscscan.com/tx/0xc956cb797e82657e89aaa5aded79b066a9d64a8bcdfeae41841aef99f30ffc5f,29627087,2023-07-03 1:52:22,,javascript:;,SafuuGO: SGO Token,https://bscscan.com/address/0x9321bc6185adc9b9cb503cc211e17cb311c3fa95,0 BNB $0.00,0 . 00008742,,0x9321bc6185adc9b9cb503cc211e17cb311c3fa95,,SafuuGO: SGO Token,,SafuuGO: SGO Token,safuu,1,high,0,0.00,0.00,0.00,658.81,2026-05-21,0,0,0.00,0.00,0,,outflow_from_you
0x1d0fd0c839d6763b9f3c9cbfdc7271380319c883ea1aef3cd90b08aaa8369831,https://bscscan.com/tx/0x1d0fd0c839d6763b9f3c9cbfdc7271380319c883ea1aef3cd90b08aaa8369831,29626482,2023-07-03 1:22:07,,javascript:;,Bogged Finance: Proxy,https://bscscan.com/address/0xb099ed146fad4d0daa31e3810591fc0554af62bb,0.5 BNB $324.57,0 . 00141843,,0xb099ed146fad4d0daa31e3810591fc0554af62bb,,Bogged Finance: Proxy,,Bogged Finance: Proxy,safuu,1,high,0.5,324.57,329.40,4.83,658.81,2026-05-21,0,0,0.00,0.00,0,,outflow_from_you
0x16bf4a9d12b29d4380168e0ee558535678decba40ef2ade0c9ef1c02e0acddef,https://bscscan.com/tx/0x16bf4a9d12b29d4380168e0ee558535678decba40ef2ade0c9ef1c02e0acddef,29626474,2023-07-03 1:21:43,,javascript:;,Bogged Finance: Proxy,https://bscscan.com/address/0xb099ed146fad4d0daa31e3810591fc0554af62bb,1 BNB $649.14,0 . 00141843,,0xb099ed146fad4d0daa31e3810591fc0554af62bb,,Bogged Finance: Proxy,,Bogged Finance: Proxy,safuu,1,high,1,649.14,658.81,9.67,658.81,2026-05-21,0,0,0.00,0.00,0,,outflow_from_you
0x5bad3da75c0fd53c30234b04cd4e998aadd6cf4e46af9ac25993b5f38fbd2318,https://bscscan.com/tx/0x5bad3da75c0fd53c30234b04cd4e998aadd6cf4e46af9ac25993b5f38fbd2318,29624095,2023-07-02 23:22:16,,javascript:;,PancakeSwap V3: Smart Router,https://bscscan.com/address/0x13f4ea83d0bd40e75c8222255bc855a974568dd4,0 BNB $0.00,0 . 00142064,,0x13f4ea83d0bd40e75c8222255bc855a974568dd4,,PancakeSwap V3: Smart Router,,PancakeSwap V3: Smart Router,safuu,1,high,0,0.00,0.00,0.00,658.81,2026-05-21,0,0,0.00,0.00,0,,outflow_from_you
0x5fb633ddf21d6546eec4dd4a17549c0bc219fe5e43e79d186ae3c9b596b263dc,https://bscscan.com/tx/0x5fb633ddf21d6546eec4dd4a17549c0bc219fe5e43e79d186ae3c9b596b263dc,29622341,2023-07-02 21:54:19,,javascript:;,PancakeSwap V3: Smart Router,https://bscscan.com/address/0x13f4ea83d0bd40e75c8222255bc855a974568dd4,0 BNB $0.00,0 . 00193069,,0x13f4ea83d0bd40e75c8222255bc855a974568dd4,,PancakeSwap V3: Smart Router,,PancakeSwap V3: Smart Router,safuu,1,high,0,0.00,0.00,0.00,658.81,2026-05-21,0,0,0.00,0.00,0,,outflow_from_you
0x51940174072dc61388ff2a0a4f98c97b4b8a4ae638e85a9863fd138a07067f31,https://bscscan.com/tx/0x51940174072dc61388ff2a0a4f98c97b4b8a4ae638e85a9863fd138a07067f31,29622333,2023-07-02 21:53:55,,javascript:;,SafuuGO: SGO Token,https://bscscan.com/address/0x9321bc6185adc9b9cb503cc211e17cb311c3fa95,0 BNB $0.00,0 . 00008742,,0x9321bc6185adc9b9cb503cc211e17cb311c3fa95,,SafuuGO: SGO Token,,SafuuGO: SGO Token,safuu,1,high,0,0.00,0.00,0.00,658.81,2026-05-21,0,0,0.00,0.00,0,,outflow_from_you
0x7e871501fa422b368e554691c12ed5b197ca84beea0d8894455a891a3e05aa08,https://bscscan.com/tx/0x7e871501fa422b368e554691c12ed5b197ca84beea0d8894455a891a3e05aa08,29613398,2023-07-02 14:26:35,,javascript:;,PancakeSwap V3: Smart Router,https://bscscan.com/address/0x13f4ea83d0bd40e75c8222255bc855a974568dd4,0.05 BNB $32.46,0 . 00077256,,0x13f4ea83d0bd40e75c8222255bc855a974568dd4,,PancakeSwap V3: Smart Router,,PancakeSwap V3: Smart Router,safuu,1,high,0.05,32.46,32.94,0.48,658.81,2026-05-21,0,0,0.00,0.00,0,,outflow_from_you
0x6df0c03f08b3bb791c282b58b58468f2f55918040cc909fc4c1c2788634d68ed,https://bscscan.com/tx/0x6df0c03f08b3bb791c282b58b58468f2f55918040cc909fc4c1c2788634d68ed,29613303,2023-07-02 14:21:44,,javascript:;,PancakeSwap V3: Smart Router,https://bscscan.com/address/0x13f4ea83d0bd40e75c8222255bc855a974568dd4,1.35 BNB $876.34,0 . 00077259,,0x13f4ea83d0bd40e75c8222255bc855a974568dd4,,PancakeSwap V3: Smart Router,,PancakeSwap V3: Smart Router,safuu,1,high,1.35,876.34,889.39,13.05,658.81,2026-05-21,0,0,0.00,0.00,0,,outflow_from_you
0x47a6f54183749334771ddaa222ee94d21e26c9d7ce803833a9d25b13f1af6b16,https://bscscan.com/tx/0x47a6f54183749334771ddaa222ee94d21e26c9d7ce803833a9d25b13f1af6b16,29613284,2023-07-02 14:20:47,,javascript:;,Bogged Finance: Proxy,https://bscscan.com/address/0xb099ed146fad4d0daa31e3810591fc0554af62bb,1.35 BNB $876.34,0 . 00024617,,0xb099ed146fad4d0daa31e3810591fc0554af62bb,,Bogged Finance: Proxy,,Bogged Finance: Proxy,,0,,1.35,876.34,889.39,13.05,658.81,2026-05-21,0,0,0.00,0.00,0,,outflow_from_you
0x6dd90ff31cdfad98074403559f902386501ab37e7e2d90edbcc835b402e42f5a,https://bscscan.com/tx/0x6dd90ff31cdfad98074403559f902386501ab37e7e2d90edbcc835b402e42f5a,29613190,2023-07-02 14:16:05,,javascript:;,PancakeSwap V3: Smart Router,https://bscscan.com/address/0x13f4ea83d0bd40e75c8222255bc855a974568dd4,0 BNB $0.00,0 . 00176337,,0x13f4ea83d0bd40e75c8222255bc855a974568dd4,,PancakeSwap V3: Smart Router,,PancakeSwap V3: Smart Router,safuu,1,high,0,0.00,0.00,0.00,658.81,2026-05-21,0,0,0.00,0.00,0,,outflow_from_you
0x178aaccdfd3a4dd11a1db4382447abde1b3a61a59aac09651d5ab9b53925c06f,https://bscscan.com/tx/0x178aaccdfd3a4dd11a1db4382447abde1b3a61a59aac09651d5ab9b53925c06f,29613171,2023-07-02 14:15:08,,javascript:;,SafuuGO: SGO Token,https://bscscan.com/address/0x9321bc6185adc9b9cb503cc211e17cb311c3fa95,0 BNB $0.00,0 . 00008742,,0x9321bc6185adc9b9cb503cc211e17cb311c3fa95,,SafuuGO: SGO Token,,SafuuGO: SGO Token,safuu,1,high,0,0.00,0.00,0.00,658.81,2026-05-21,0,0,0.00,0.00,0,,outflow_from_you
0x606c101c713cbeae5d79906bf2280280fdcceb20d5f7b8fa3550032fb55790fc,https://bscscan.com/tx/0x606c101c713cbeae5d79906bf2280280fdcceb20d5f7b8fa3550032fb55790fc,29613157,2023-07-02 14:14:26,,javascript:;,PancakeSwap V3: Smart Router,https://bscscan.com/address/0x13f4ea83d0bd40e75c8222255bc855a974568dd4,1.45 BNB $941.25,0 . 00061522,,0x13f4ea83d0bd40e75c8222255bc855a974568dd4,,PancakeSwap V3: Smart Router,,PancakeSwap V3: Smart Router,safuu,1,high,1.45,941.25,955.27,14.02,658.81,2026-05-21,0,0,0.00,0.00,0,,outflow_from_you
0xced39efca3334b081f719eb0920b1ffad8d4af782d028d360f089351cfcb997a,https://bscscan.com/tx/0xced39efca3334b081f719eb0920b1ffad8d4af782d028d360f089351cfcb997a,29613107,2023-07-02 14:11:56,,javascript:;,PancakeSwap V3: Smart Router,https://bscscan.com/address/0x13f4ea83d0bd40e75c8222255bc855a974568dd4,0 BNB $0.00,0 . 00193069,,0x13f4ea83d0bd40e75c8222255bc855a974568dd4,,PancakeSwap V3: Smart Router,,PancakeSwap V3: Smart Router,safuu,1,high,0,0.00,0.00,0.00,658.81,2026-05-21,0,0,0.00,0.00,0,,outflow_from_you
0x4aeafc823860814482e9c938f47c179282c7a389222fa31c29a8053a6253cfaa,https://bscscan.com/tx/0x4aeafc823860814482e9c938f47c179282c7a389222fa31c29a8053a6253cfaa,29612769,2023-07-02 13:55:02,,javascript:;,SafuuGO: SGO Token,https://bscscan.com/address/0x9321bc6185adc9b9cb503cc211e17cb311c3fa95,0 BNB $0.00,0 . 00008742,,0x9321bc6185adc9b9cb503cc211e17cb311c3fa95,,SafuuGO: SGO Token,,SafuuGO: SGO Token,safuu,1,high,0,0.00,0.00,0.00,658.81,2026-05-21,0,0,0.00,0.00,0,,outflow_from_you
0x6e8dbdbd4aa0cc0b350129ba964bdcb58ea036fd35a0a85e755d8bec695597bf,https://bscscan.com/tx/0x6e8dbdbd4aa0cc0b350129ba964bdcb58ea036fd35a0a85e755d8bec695597bf,29612743,2023-07-02 13:53:44,,javascript:;,Bogged Finance: Proxy,https://bscscan.com/address/0xb099ed146fad4d0daa31e3810591fc0554af62bb,0.05 BNB $32.46,0 . 00141837,,0xb099ed146fad4d0daa31e3810591fc0554af62bb,,Bogged Finance: Proxy,,Bogged Finance: Proxy,safuu,1,high,0.05,32.46,32.94,0.48,658.81,2026-05-21,0,0,0.00,0.00,0,,outflow_from_you
0x7ef3ad00c7ad764904b2a0b115cc7aec32027ac61b18249154c5beba9586f32b,https://bscscan.com/tx/0x7ef3ad00c7ad764904b2a0b115cc7aec32027ac61b18249154c5beba9586f32b,29612727,2023-07-02 13:52:56,,javascript:;,Bogged Finance: Proxy,https://bscscan.com/address/0xb099ed146fad4d0daa31e3810591fc0554af62bb,"2.5 BNB $1,622.85",0 . 0011562,,0xb099ed146fad4d0daa31e3810591fc0554af62bb,,Bogged Finance: Proxy,,Bogged Finance: Proxy,safuu,1,high,2.5,1622.85,1647.02,24.17,658.81,2026-05-21,0,0,0.00,0.00,0,,outflow_from_you
0x97332096f78a9dc3d619b9b129a57578aaa15f276b25dd0ce316663d4078e02b,https://bscscan.com/tx/0x97332096f78a9dc3d619b9b129a57578aaa15f276b25dd0ce316663d4078e02b,29612711,2023-07-02 13:52:08,,javascript:;,PancakeSwap V3: Smart Router,https://bscscan.com/address/0x13f4ea83d0bd40e75c8222255bc855a974568dd4,"2.5 BNB $1,622.85",0 . 000693,,0x13f4ea83d0bd40e75c8222255bc855a974568dd4,,PancakeSwap V3: Smart Router,,PancakeSwap V3: Smart Router,,0,,2.5,1622.85,1647.02,24.17,658.81,2026-05-21,0,0,0.00,0.00,0,,outflow_from_you
0xad72712c4516ef46acd1169184a49b75eb98d661173766ad6ec467d2efcf86dd,https://bscscan.com/tx/0xad72712c4516ef46acd1169184a49b75eb98d661173766ad6ec467d2efcf86dd,29612659,2023-07-02 13:49:32,,javascript:;,PancakeSwap V3: Smart Router,https://bscscan.com/address/0x13f4ea83d0bd40e75c8222255bc855a974568dd4,0 BNB $0.00,0 . 0019314,,0x13f4ea83d0bd40e75c8222255bc855a974568dd4,,PancakeSwap V3: Smart Router,,PancakeSwap V3: Smart Router,safuu,1,high,0,0.00,0.00,0.00,658.81,2026-05-21,0,0,0.00,0.00,0,,outflow_from_you
0x0ec2c86cd00b3a3b8ce69f30a830e962341509232e3f118ddc80abe25bd47334,https://bscscan.com/tx/0x0ec2c86cd00b3a3b8ce69f30a830e962341509232e3f118ddc80abe25bd47334,29612648,2023-07-02 13:48:59,,javascript:;,PancakeSwap V3: Smart Router,https://bscscan.com/address/0x13f4ea83d0bd40e75c8222255bc855a974568dd4,0 BNB $0.00,0 . 00188075,,0x13f4ea83d0bd40e75c8222255bc855a974568dd4,,PancakeSwap V3: Smart Router,,PancakeSwap V3: Smart Router,,0,,0,0.00,0.00,0.00,658.81,2026-05-21,0,0,0.00,0.00,0,,outflow_from_you
0x93c33539d370323443ac4b16d51744a232c3dd53565f0be3aa3dc07cfc74414a,https://bscscan.com/tx/0x93c33539d370323443ac4b16d51744a232c3dd53565f0be3aa3dc07cfc74414a,29612638,2023-07-02 13:48:29,,javascript:;,PancakeSwap V3: Smart Router,https://bscscan.com/address/0x13f4ea83d0bd40e75c8222255bc855a974568dd4,0 BNB $0.00,0 . 0019314,,0x13f4ea83d0bd40e75c8222255bc855a974568dd4,,PancakeSwap V3: Smart Router,,PancakeSwap V3: Smart Router,safuu,1,high,0,0.00,0.00,0.00,658.81,2026-05-21,0,0,0.00,0.00,0,,outflow_from_you
0x95dc834a9ae02907eee058600e7527a01e372f41bd826e306e21faab8569a69f,https://bscscan.com/tx/0x95dc834a9ae02907eee058600e7527a01e372f41bd826e306e21faab8569a69f,29612621,2023-07-02 13:47:38,,javascript:;,PancakeSwap V3: Smart Router,https://bscscan.com/address/0x13f4ea83d0bd40e75c8222255bc855a974568dd4,0 BNB $0.00,0 . 0016596,,0x13f4ea83d0bd40e75c8222255bc855a974568dd4,,PancakeSwap V3: Smart Router,,PancakeSwap V3: Smart Router,,0,,0,0.00,0.00,0.00,658.81,2026-05-21,0,0,0.00,0.00,0,,outflow_from_you
0xe51720a34c3b037b2daf578fe242fd9edc13e755d6404261c0b0792d329ef8b1,https://bscscan.com/tx/0xe51720a34c3b037b2daf578fe242fd9edc13e755d6404261c0b0792d329ef8b1,29612614,2023-07-02 13:47:17,,javascript:;,PancakeSwap V3: Smart Router,https://bscscan.com/address/0x13f4ea83d0bd40e75c8222255bc855a974568dd4,0 BNB $0.00,0 . 00155287,,0x13f4ea83d0bd40e75c8222255bc855a974568dd4,,PancakeSwap V3: Smart Router,,PancakeSwap V3: Smart Router,safuu,1,high,0,0.00,0.00,0.00,658.81,2026-05-21,0,0,0.00,0.00,0,,outflow_from_you
0x4ee930ae10b5d77e2e96693b7a4d6375411fc7e7142572a649bf761e907e68d4,https://bscscan.com/tx/0x4ee930ae10b5d77e2e96693b7a4d6375411fc7e7142572a649bf761e907e68d4,29612608,2023-07-02 13:46:59,,javascript:;,PancakeSwap V3: Smart Router,https://bscscan.com/address/0x13f4ea83d0bd40e75c8222255bc855a974568dd4,0 BNB $0.00,0 . 00203813,,0x13f4ea83d0bd40e75c8222255bc855a974568dd4,,PancakeSwap V3: Smart Router,,PancakeSwap V3: Smart Router,,0,,0,0.00,0.00,0.00,658.81,2026-05-21,0,0,0.00,0.00,0,,outflow_from_you
0x6e362209aa148dffb57c80f9f7e361be10794364c2d6bca771cdcb2a29d5f28f,https://bscscan.com/tx/0x6e362209aa148dffb57c80f9f7e361be10794364c2d6bca771cdcb2a29d5f28f,29612568,2023-07-02 13:44:59,,javascript:;,SafuuGO: SGO Token,https://bscscan.com/address/0x9321bc6185adc9b9cb503cc211e17cb311c3fa95,0 BNB $0.00,0 . 00008742,,0x9321bc6185adc9b9cb503cc211e17cb311c3fa95,,SafuuGO: SGO Token,,SafuuGO: SGO Token,safuu,1,high,0,0.00,0.00,0.00,658.81,2026-05-21,0,0,0.00,0.00,0,,outflow_from_you
0x860ca4f3093ef88c318e318020e31e1d4eb620e18d8b22cf7c760bcb91d0df39,https://bscscan.com/tx/0x860ca4f3093ef88c318e318020e31e1d4eb620e18d8b22cf7c760bcb91d0df39,29612463,2023-07-02 13:39:44,,javascript:;,PancakeSwap V3: Smart Router,https://bscscan.com/address/0x13f4ea83d0bd40e75c8222255bc855a974568dd4,0.1 BNB $64.91,0 . 00061522,,0x13f4ea83d0bd40e75c8222255bc855a974568dd4,,PancakeSwap V3: Smart Router,,PancakeSwap V3: Smart Router,safuu,1,high,0.1,64.91,65.88,0.97,658.81,2026-05-21,0,0,0.00,0.00,0,,outflow_from_you
0xaa54e1a1e670c9f866135883d05997f687d65bf9980acf9f79834d4b4c22ad78,https://bscscan.com/tx/0xaa54e1a1e670c9f866135883d05997f687d65bf9980acf9f79834d4b4c22ad78,29612450,2023-07-02 13:39:05,,javascript:;,PancakeSwap V3: Smart Router,https://bscscan.com/address/0x13f4ea83d0bd40e75c8222255bc855a974568dd4,0.1 BNB $64.91,0 . 00085037,,0x13f4ea83d0bd40e75c8222255bc855a974568dd4,,PancakeSwap V3: Smart Router,,PancakeSwap V3: Smart Router,,0,,0.1,64.91,65.88,0.97,658.81,2026-05-21,0,0,0.00,0.00,0,,outflow_from_you
0xe4fa07fc30a558291938b29b1dfb6892fbab7f9a96f664573e4d2d51bd1e32ea,https://bscscan.com/tx/0xe4fa07fc30a558291938b29b1dfb6892fbab7f9a96f664573e4d2d51bd1e32ea,29612377,2023-07-02 13:35:26,,javascript:;,PancakeSwap V3: Smart Router,https://bscscan.com/address/0x13f4ea83d0bd40e75c8222255bc855a974568dd4,1.4 BNB $908.79,0 . 00077259,,0x13f4ea83d0bd40e75c8222255bc855a974568dd4,,PancakeSwap V3: Smart Router,,PancakeSwap V3: Smart Router,safuu,1,high,1.4,908.79,922.33,13.54,658.81,2026-05-21,0,0,0.00,0.00,0,,outflow_from_you
0xe50a5d87cc6c0a57f0b56b9ede6075765919edd9ee284f17ebfddb3a9c91fac8,https://bscscan.com/tx/0xe50a5d87cc6c0a57f0b56b9ede6075765919edd9ee284f17ebfddb3a9c91fac8,29612335,2023-07-02 13:33:20,,javascript:;,PancakeSwap V3: Smart Router,https://bscscan.com/address/0x13f4ea83d0bd40e75c8222255bc855a974568dd4,0 BNB $0.00,0 . 00193069,,0x13f4ea83d0bd40e75c8222255bc855a974568dd4,,PancakeSwap V3: Smart Router,,PancakeSwap V3: Smart Router,safuu,1,high,0,0.00,0.00,0.00,658.81,2026-05-21,0,0,0.00,0.00,0,,outflow_from_you
0xc4fc24d578b3090ec040757673fa035acb945175086dc0b589d37faaa5339c0c,https://bscscan.com/tx/0xc4fc24d578b3090ec040757673fa035acb945175086dc0b589d37faaa5339c0c,29612146,2023-07-02 13:23:53,,javascript:;,SafuuGO: SGO Token,https://bscscan.com/address/0x9321bc6185adc9b9cb503cc211e17cb311c3fa95,0 BNB $0.00,0 . 00008742,,0x9321bc6185adc9b9cb503cc211e17cb311c3fa95,,SafuuGO: SGO Token,,SafuuGO: SGO Token,safuu,1,high,0,0.00,0.00,0.00,658.81,2026-05-21,0,0,0.00,0.00,0,,outflow_from_you
0xb2c667cdc3b7c77d9226bb32efde7db40a0246dd7a909d807d7c046f7b71b94e,https://bscscan.com/tx/0xb2c667cdc3b7c77d9226bb32efde7db40a0246dd7a909d807d7c046f7b71b94e,29612126,2023-07-02 13:22:52,,javascript:;,PancakeSwap V3: Smart Router,https://bscscan.com/address/0x13f4ea83d0bd40e75c8222255bc855a974568dd4,0.25 BNB $162.28,0 . 00077259,,0x13f4ea83d0bd40e75c8222255bc855a974568dd4,,PancakeSwap V3: Smart Router,,PancakeSwap V3: Smart Router,safuu,1,high,0.25,162.28,164.70,2.42,658.81,2026-05-21,0,0,0.00,0.00,0,,outflow_from_you
0x1dde054ac2143138d68baf06593c0743d7bd61cab9139421da8e29eb975ff27c,https://bscscan.com/tx/0x1dde054ac2143138d68baf06593c0743d7bd61cab9139421da8e29eb975ff27c,29612117,2023-07-02 13:22:25,,javascript:;,PancakeSwap V3: Smart Router,https://bscscan.com/address/0x13f4ea83d0bd40e75c8222255bc855a974568dd4,0 BNB $0.00,0 . 00263054,,0x13f4ea83d0bd40e75c8222255bc855a974568dd4,,PancakeSwap V3: Smart Router,,PancakeSwap V3: Smart Router,safuu,1,high,0,0.00,0.00,0.00,658.81,2026-05-21,0,0,0.00,0.00,0,,outflow_from_you
0x3f21d1065ece3361cde7b976a922125d0e5b0537289f50f79ada87d5589ad09b,https://bscscan.com/tx/0x3f21d1065ece3361cde7b976a922125d0e5b0537289f50f79ada87d5589ad09b,29611345,2023-07-02 12:43:47,,javascript:;,SafuuGO: SGO Token,https://bscscan.com/address/0x9321bc6185adc9b9cb503cc211e17cb311c3fa95,0 BNB $0.00,0 . 00013242,,0x9321bc6185adc9b9cb503cc211e17cb311c3fa95,,SafuuGO: SGO Token,,SafuuGO: SGO Token,safuu,1,high,0,0.00,0.00,0.00,658.81,2026-05-21,0,0,0.00,0.00,0,,outflow_from_you
0xdc59b4fe6e0f5d0d3749e46ce8db64ca5cfca44588e48be917c24c6773ba48a0,https://bscscan.com/tx/0xdc59b4fe6e0f5d0d3749e46ce8db64ca5cfca44588e48be917c24c6773ba48a0,29611326,2023-07-02 12:42:50,,javascript:;,PancakeSwap V3: Smart Router,https://bscscan.com/address/0x13f4ea83d0bd40e75c8222255bc855a974568dd4,0.2 BNB $129.83,0 . 00077259,,0x13f4ea83d0bd40e75c8222255bc855a974568dd4,,PancakeSwap V3: Smart Router,,PancakeSwap V3: Smart Router,safuu,1,high,0.2,129.83,131.76,1.93,658.81,2026-05-21,0,0,0.00,0.00,0,,outflow_from_you
0xa3c1e84ec43341f42d922cda91b2d54cd9d70240f5e6336f65fafe0dd6f362f5,https://bscscan.com/tx/0xa3c1e84ec43341f42d922cda91b2d54cd9d70240f5e6336f65fafe0dd6f362f5,29611314,2023-07-02 12:42:14,,javascript:;,PancakeSwap V3: Smart Router,https://bscscan.com/address/0x13f4ea83d0bd40e75c8222255bc855a974568dd4,0.2 BNB $129.83,0 . 00085037,,0x13f4ea83d0bd40e75c8222255bc855a974568dd4,,PancakeSwap V3: Smart Router,,PancakeSwap V3: Smart Router,,0,,0.2,129.83,131.76,1.93,658.81,2026-05-21,0,0,0.00,0.00,0,,outflow_from_you
0x8ff0647ab3a3b33ad78f8f03220c695e56b8f6fef3d5eca4d0256c1c45ba378a,https://bscscan.com/tx/0x8ff0647ab3a3b33ad78f8f03220c695e56b8f6fef3d5eca4d0256c1c45ba378a,29611225,2023-07-02 12:37:46,,javascript:;,PancakeSwap V3: Smart Router,https://bscscan.com/address/0x13f4ea83d0bd40e75c8222255bc855a974568dd4,"4 BNB $2,596.56",0 . 00077259,,0x13f4ea83d0bd40e75c8222255bc855a974568dd4,,PancakeSwap V3: Smart Router,,PancakeSwap V3: Smart Router,safuu,1,high,4,2596.56,2635.24,38.68,658.81,2026-05-21,0,0,0.00,0.00,0,,outflow_from_you
0xc6284a79372bb9bc5fbf4a99acea611df245e154c45978a8267f9f17ec87653b,https://bscscan.com/tx/0xc6284a79372bb9bc5fbf4a99acea611df245e154c45978a8267f9f17ec87653b,29610896,2023-07-02 12:21:13,,javascript:;,PancakeSwap V3: Smart Router,https://bscscan.com/address/0x13f4ea83d0bd40e75c8222255bc855a974568dd4,0 BNB $0.00,0 . 00191436,,0x13f4ea83d0bd40e75c8222255bc855a974568dd4,,PancakeSwap V3: Smart Router,,PancakeSwap V3: Smart Router,safuu,1,high,0,0.00,0.00,0.00,658.81,2026-05-21,0,0,0.00,0.00,0,,outflow_from_you
0x9eec74d337aa060ec3753598fb3cbbfad665450ddf9d1e8602d31f28372f9991,https://bscscan.com/tx/0x9eec74d337aa060ec3753598fb3cbbfad665450ddf9d1e8602d31f28372f9991,29610890,2023-07-02 12:20:55,,javascript:;,SafuuGO: SGO Token,https://bscscan.com/address/0x9321bc6185adc9b9cb503cc211e17cb311c3fa95,0 BNB $0.00,0 . 00008742,,0x9321bc6185adc9b9cb503cc211e17cb311c3fa95,,SafuuGO: SGO Token,,SafuuGO: SGO Token,safuu,1,high,0,0.00,0.00,0.00,658.81,2026-05-21,0,0,0.00,0.00,0,,outflow_from_you
0x66e235078a2246679d71015ae02fdd1ac560475f4d981088646a172968622084,https://bscscan.com/tx/0x66e235078a2246679d71015ae02fdd1ac560475f4d981088646a172968622084,29610473,2023-07-02 12:00:04,,javascript:;,PancakeSwap V3: Smart Router,https://bscscan.com/address/0x13f4ea83d0bd40e75c8222255bc855a974568dd4,1 BNB $649.14,0 . 00077259,,0x13f4ea83d0bd40e75c8222255bc855a974568dd4,,PancakeSwap V3: Smart Router,,PancakeSwap V3: Smart Router,safuu,1,high,1,649.14,658.81,9.67,658.81,2026-05-21,0,0,0.00,0.00,0,,outflow_from_you
0xb1493b82efb6963b5f2b229cae763de61f476c00e04ad025ac35998794c9d1dc,https://bscscan.com/tx/0xb1493b82efb6963b5f2b229cae763de61f476c00e04ad025ac35998794c9d1dc,29607461,2023-07-02 9:29:06,,javascript:;,PancakeSwap V3: Smart Router,https://bscscan.com/address/0x13f4ea83d0bd40e75c8222255bc855a974568dd4,1.029329627 BNB $668.18,0 . 00081315,,0x13f4ea83d0bd40e75c8222255bc855a974568dd4,,PancakeSwap V3: Smart Router,,PancakeSwap V3: Smart Router,safuu,1,high,1.029329627,668.18,678.13,9.95,658.81,2026-05-21,0,0,0.00,0.00,0,,outflow_from_you
0x126688ed7a81ebfc83c9d7aa72107b6d50a0b99c8707c7d9c867baa974798f41,https://bscscan.com/tx/0x126688ed7a81ebfc83c9d7aa72107b6d50a0b99c8707c7d9c867baa974798f41,29601087,2023-07-02 4:09:36,,javascript:;,PancakeSwap V3: Smart Router,https://bscscan.com/address/0x13f4ea83d0bd40e75c8222255bc855a974568dd4,0 BNB $0.00,0 . 00239809,,0x13f4ea83d0bd40e75c8222255bc855a974568dd4,,PancakeSwap V3: Smart Router,,PancakeSwap V3: Smart Router,safuu,1,high,0,0.00,0.00,0.00,658.81,2026-05-21,0,0,0.00,0.00,0,,outflow_from_you
0xc8b77d86d13af3bb2baa9769cd6178cb373ab6bcf1c77f62eaac88b53795a27f,https://bscscan.com/tx/0xc8b77d86d13af3bb2baa9769cd6178cb373ab6bcf1c77f62eaac88b53795a27f,29601082,2023-07-02 4:09:21,,javascript:;,SafuuGO: SGO Token,https://bscscan.com/address/0x9321bc6185adc9b9cb503cc211e17cb311c3fa95,0 BNB $0.00,0 . 00008742,,0x9321bc6185adc9b9cb503cc211e17cb311c3fa95,,SafuuGO: SGO Token,,SafuuGO: SGO Token,safuu,1,high,0,0.00,0.00,0.00,658.81,2026-05-21,0,0,0.00,0.00,0,,outflow_from_you
0x1d1a28f6ed6564715db708885191099a5a066992ecce6b4703af1db3277d7dc4,https://bscscan.com/tx/0x1d1a28f6ed6564715db708885191099a5a066992ecce6b4703af1db3277d7dc4,29595472,2023-07-01 23:27:55,,javascript:;,PancakeSwap V3: Smart Router,https://bscscan.com/address/0x13f4ea83d0bd40e75c8222255bc855a974568dd4,0 BNB $0.00,0 . 0019608,,0x13f4ea83d0bd40e75c8222255bc855a974568dd4,,PancakeSwap V3: Smart Router,,PancakeSwap V3: Smart Router,safuu,1,high,0,0.00,0.00,0.00,658.81,2026-05-21,0,0,0.00,0.00,0,,outflow_from_you
0x10de7bcb049349eafa72dad9b19f153fc0e8488b30fadd2ac05ff9a8110d8ca5,https://bscscan.com/tx/0x10de7bcb049349eafa72dad9b19f153fc0e8488b30fadd2ac05ff9a8110d8ca5,29595458,2023-07-01 23:27:13,,javascript:;,PancakeSwap V3: Smart Router,https://bscscan.com/address/0x13f4ea83d0bd40e75c8222255bc855a974568dd4,0 BNB $0.00,0 . 002404,,0x13f4ea83d0bd40e75c8222255bc855a974568dd4,,PancakeSwap V3: Smart Router,,PancakeSwap V3: Smart Router,safuu,1,high,0,0.00,0.00,0.00,658.81,2026-05-21,0,0,0.00,0.00,0,,outflow_from_you
0xdad20963cfe127982d2efa0cc0b825c5c5c462a7cb007a6fe0bbf9fbc65aee73,https://bscscan.com/tx/0xdad20963cfe127982d2efa0cc0b825c5c5c462a7cb007a6fe0bbf9fbc65aee73,29590049,2023-07-01 18:55:11,,javascript:;,PancakeSwap V3: Smart Router,https://bscscan.com/address/0x13f4ea83d0bd40e75c8222255bc855a974568dd4,0 BNB $0.00,0 . 00196001,,0x13f4ea83d0bd40e75c8222255bc855a974568dd4,,PancakeSwap V3: Smart Router,,PancakeSwap V3: Smart Router,safuu,1,high,0,0.00,0.00,0.00,658.81,2026-05-21,0,0,0.00,0.00,0,,outflow_from_you
0x918c875ef74adbed27febe45efe39c3cee88d6b6e17e90bbe924ce16fe4a74db,https://bscscan.com/tx/0x918c875ef74adbed27febe45efe39c3cee88d6b6e17e90bbe924ce16fe4a74db,29590037,2023-07-01 18:54:35,,javascript:;,PancakeSwap V3: Smart Router,https://bscscan.com/address/0x13f4ea83d0bd40e75c8222255bc855a974568dd4,0 BNB $0.00,0 . 00165888,,0x13f4ea83d0bd40e75c8222255bc855a974568dd4,,PancakeSwap V3: Smart Router,,PancakeSwap V3: Smart Router,,0,,0,0.00,0.00,0.00,658.81,2026-05-21,0,0,0.00,0.00,0,,outflow_from_you
0x45a68d83a67f74ef7caf71ae038f8259ce63f0cb1ff8b68cfb5a54e16148e146,https://bscscan.com/tx/0x45a68d83a67f74ef7caf71ae038f8259ce63f0cb1ff8b68cfb5a54e16148e146,29590022,2023-07-01 18:53:50,,javascript:;,SafuuGO: SGO Token,https://bscscan.com/address/0x9321bc6185adc9b9cb503cc211e17cb311c3fa95,0 BNB $0.00,0 . 00008742,,0x9321bc6185adc9b9cb503cc211e17cb311c3fa95,,SafuuGO: SGO Token,,SafuuGO: SGO Token,safuu,1,high,0,0.00,0.00,0.00,658.81,2026-05-21,0,0,0.00,0.00,0,,outflow_from_you
0x22c64e69a4179e92d7b0725d69f8fb3782cc445335639215720ab285a37bf18f,https://bscscan.com/tx/0x22c64e69a4179e92d7b0725d69f8fb3782cc445335639215720ab285a37bf18f,29584880,2023-07-01 14:36:09,,javascript:;,Bogged Finance: Proxy,https://bscscan.com/address/0xb099ed146fad4d0daa31e3810591fc0554af62bb,0.5 BNB $324.57,0 . 00141843,,0xb099ed146fad4d0daa31e3810591fc0554af62bb,,Bogged Finance: Proxy,,Bogged Finance: Proxy,safuu,1,high,0.5,324.57,329.40,4.83,658.81,2026-05-21,0,0,0.00,0.00,0,,outflow_from_you
0x5420462854d3c97dcc26fdfc429e058f231c1cf9e098be3ab120e95b3b12b284,https://bscscan.com/tx/0x5420462854d3c97dcc26fdfc429e058f231c1cf9e098be3ab120e95b3b12b284,29584867,2023-07-01 14:35:30,,javascript:;,PancakeSwap V3: Smart Router,https://bscscan.com/address/0x13f4ea83d0bd40e75c8222255bc855a974568dd4,0.5 BNB $324.57,0 . 00077259,,0x13f4ea83d0bd40e75c8222255bc855a974568dd4,,PancakeSwap V3: Smart Router,,PancakeSwap V3: Smart Router,safuu,1,high,0.5,324.57,329.40,4.83,658.81,2026-05-21,0,0,0.00,0.00,0,,outflow_from_you
0x2fb7329e7bb54b04ed6270f0de4a8e8a1033241bcd6fb4898081ca8beab05f36,https://bscscan.com/tx/0x2fb7329e7bb54b04ed6270f0de4a8e8a1033241bcd6fb4898081ca8beab05f36,29581441,2023-07-01 11:43:34,,javascript:;,PancakeSwap V3: Smart Router,https://bscscan.com/address/0x13f4ea83d0bd40e75c8222255bc855a974568dd4,0 BNB $0.00,0 . 00193409,,0x13f4ea83d0bd40e75c8222255bc855a974568dd4,,PancakeSwap V3: Smart Router,,PancakeSwap V3: Smart Router,safuu,1,high,0,0.00,0.00,0.00,658.81,2026-05-21,0,0,0.00,0.00,0,,outflow_from_you
0x3d992b72504b9da7dbbf2629f23e622362e25d08813de6f7bc087276a6bf06cb,https://bscscan.com/tx/0x3d992b72504b9da7dbbf2629f23e622362e25d08813de6f7bc087276a6bf06cb,29581430,2023-07-01 11:43:01,,javascript:;,PancakeSwap V3: Smart Router,https://bscscan.com/address/0x13f4ea83d0bd40e75c8222255bc855a974568dd4,0 BNB $0.00,0 . 00195929,,0x13f4ea83d0bd40e75c8222255bc855a974568dd4,,PancakeSwap V3: Smart Router,,PancakeSwap V3: Smart Router,safuu,1,high,0,0.00,0.00,0.00,658.81,2026-05-21,0,0,0.00,0.00,0,,outflow_from_you
0xf7ed3f45bcee1a6356415e20d0ad57e8b214352a2f656d1cc7521bd88d88762d,https://bscscan.com/tx/0xf7ed3f45bcee1a6356415e20d0ad57e8b214352a2f656d1cc7521bd88d88762d,29581364,2023-07-01 11:39:43,,javascript:;,PancakeSwap V3: Smart Router,https://bscscan.com/address/0x13f4ea83d0bd40e75c8222255bc855a974568dd4,0.4 BNB $259.66,0 . 00077259,,0x13f4ea83d0bd40e75c8222255bc855a974568dd4,,PancakeSwap V3: Smart Router,,PancakeSwap V3: Smart Router,safuu,1,high,0.4,259.66,263.52,3.86,658.81,2026-05-21,0,0,0.00,0.00,0,,outflow_from_you
0xac7622b955615ac41862f4cbee9d48416fc13c704a9c7d79cf30fb6c6c7277de,https://bscscan.com/tx/0xac7622b955615ac41862f4cbee9d48416fc13c704a9c7d79cf30fb6c6c7277de,29581308,2023-07-01 11:36:55,,javascript:;,SafuuGO: SGO Token,https://bscscan.com/address/0x9321bc6185adc9b9cb503cc211e17cb311c3fa95,0 BNB $0.00,0 . 00008742,,0x9321bc6185adc9b9cb503cc211e17cb311c3fa95,,SafuuGO: SGO Token,,SafuuGO: SGO Token,safuu,1,high,0,0.00,0.00,0.00,658.81,2026-05-21,0,0,0.00,0.00,0,,outflow_from_you
0xb378e2135fdc11b749e3edefdacff0fe90e850b4e1aa7364fd456f0e7d01ba5d,https://bscscan.com/tx/0xb378e2135fdc11b749e3edefdacff0fe90e850b4e1aa7364fd456f0e7d01ba5d,29581255,2023-07-01 11:34:16,,javascript:;,PancakeSwap V3: Smart Router,https://bscscan.com/address/0x13f4ea83d0bd40e75c8222255bc855a974568dd4,"1.8 BNB $1,168.45",0 . 00077259,,0x13f4ea83d0bd40e75c8222255bc855a974568dd4,,PancakeSwap V3: Smart Router,,PancakeSwap V3: Smart Router,safuu,1,high,1.8,1168.45,1185.86,17.41,658.81,2026-05-21,0,0,0.00,0.00,0,,outflow_from_you
0xbefc744611e47a7957d15c190a1b6ec8fbaf45e3a507e7d52395d63b4e34f93d,https://bscscan.com/tx/0xbefc744611e47a7957d15c190a1b6ec8fbaf45e3a507e7d52395d63b4e34f93d,29574969,2023-07-01 6:18:37,,javascript:;,SafuuGO: SGO Token,https://bscscan.com/address/0x9321bc6185adc9b9cb503cc211e17cb311c3fa95,0 BNB $0.00,0 . 00008742,,0x9321bc6185adc9b9cb503cc211e17cb311c3fa95,,SafuuGO: SGO Token,,SafuuGO: SGO Token,safuu,1,high,0,0.00,0.00,0.00,658.81,2026-05-21,0,0,0.00,0.00,0,,outflow_from_you
0x485d31ac85c50144610d08126d0bee4a71da16e17dd3692eae8cd7a6198068f1,https://bscscan.com/tx/0x485d31ac85c50144610d08126d0bee4a71da16e17dd3692eae8cd7a6198068f1,29573984,2023-07-01 5:29:22,,javascript:;,PancakeSwap V3: Smart Router,https://bscscan.com/address/0x13f4ea83d0bd40e75c8222255bc855a974568dd4,"2 BNB $1,298.28",0 . 00077259,,0x13f4ea83d0bd40e75c8222255bc855a974568dd4,,PancakeSwap V3: Smart Router,,PancakeSwap V3: Smart Router,safuu,1,high,2,1298.28,1317.62,19.34,658.81,2026-05-21,0,0,0.00,0.00,0,,outflow_from_you
0x538a0b210e155eecbf489091ac298ed1b5aeb9f61a84d9dad360ac2d4df6ae38,https://bscscan.com/tx/0x538a0b210e155eecbf489091ac298ed1b5aeb9f61a84d9dad360ac2d4df6ae38,29571782,2023-07-01 3:38:59,,javascript:;,PancakeSwap V3: Smart Router,https://bscscan.com/address/0x13f4ea83d0bd40e75c8222255bc855a974568dd4,0 BNB $0.00,0 . 00195929,,0x13f4ea83d0bd40e75c8222255bc855a974568dd4,,PancakeSwap V3: Smart Router,,PancakeSwap V3: Smart Router,safuu,1,high,0,0.00,0.00,0.00,658.81,2026-05-21,0,0,0.00,0.00,0,,outflow_from_you
0xb73dc6a5af2c6f3018e872c52f19066eda53f1d6fdfdf57e3cb9f0410491f1f0,https://bscscan.com/tx/0xb73dc6a5af2c6f3018e872c52f19066eda53f1d6fdfdf57e3cb9f0410491f1f0,29571778,2023-07-01 3:38:47,,javascript:;,SafuuGO: SGO Token,https://bscscan.com/address/0x9321bc6185adc9b9cb503cc211e17cb311c3fa95,0 BNB $0.00,0 . 00008742,,0x9321bc6185adc9b9cb503cc211e17cb311c3fa95,,SafuuGO: SGO Token,,SafuuGO: SGO Token,safuu,1,high,0,0.00,0.00,0.00,658.81,2026-05-21,0,0,0.00,0.00,0,,outflow_from_you
0x32ec8519c9526cb3f3f3df422d4986a75500731168bff9d5cd91c8b98ec63907,https://bscscan.com/tx/0x32ec8519c9526cb3f3f3df422d4986a75500731168bff9d5cd91c8b98ec63907,29570589,2023-07-01 2:39:10,,javascript:;,PancakeSwap V3: Smart Router,https://bscscan.com/address/0x13f4ea83d0bd40e75c8222255bc855a974568dd4,"2 BNB $1,298.28",0 . 00077259,,0x13f4ea83d0bd40e75c8222255bc855a974568dd4,,PancakeSwap V3: Smart Router,,PancakeSwap V3: Smart Router,safuu,1,high,2,1298.28,1317.62,19.34,658.81,2026-05-21,0,0,0.00,0.00,0,,outflow_from_you
0xe6d8dfc2df059f0789d8817c4aa2f40a6df9e793032e9c905d64f1a3b482e159,https://bscscan.com/tx/0xe6d8dfc2df059f0789d8817c4aa2f40a6df9e793032e9c905d64f1a3b482e159,29568378,2023-07-01 0:48:34,,javascript:;,PancakeSwap V3: Smart Router,https://bscscan.com/address/0x13f4ea83d0bd40e75c8222255bc855a974568dd4,0 BNB $0.00,0 . 00195929,,0x13f4ea83d0bd40e75c8222255bc855a974568dd4,,PancakeSwap V3: Smart Router,,PancakeSwap V3: Smart Router,safuu,1,high,0,0.00,0.00,0.00,658.81,2026-05-21,0,0,0.00,0.00,0,,outflow_from_you
0xb217551333d137020754fde24dcb6a77ae0d21c46b2c686ae1beed1df716a557,https://bscscan.com/tx/0xb217551333d137020754fde24dcb6a77ae0d21c46b2c686ae1beed1df716a557,29563639,2023-06-30 20:50:32,,javascript:;,PancakeSwap V3: Smart Router,https://bscscan.com/address/0x13f4ea83d0bd40e75c8222255bc855a974568dd4,0 BNB $0.00,0 . 00195929,,0x13f4ea83d0bd40e75c8222255bc855a974568dd4,,PancakeSwap V3: Smart Router,,PancakeSwap V3: Smart Router,safuu,1,high,0,0.00,0.00,0.00,658.81,2026-05-21,0,0,0.00,0.00,0,,outflow_from_you
0x0d37cd47150b3d59e22b0536edfacea7ef196091377fd58c2cfb3dc8b8689272,https://bscscan.com/tx/0x0d37cd47150b3d59e22b0536edfacea7ef196091377fd58c2cfb3dc8b8689272,29563634,2023-06-30 20:50:16,,javascript:;,PancakeSwap V3: Smart Router,https://bscscan.com/address/0x13f4ea83d0bd40e75c8222255bc855a974568dd4,0 BNB $0.00,0 . 00195929,,0x13f4ea83d0bd40e75c8222255bc855a974568dd4,,PancakeSwap V3: Smart Router,,PancakeSwap V3: Smart Router,safuu,1,high,0,0.00,0.00,0.00,658.81,2026-05-21,0,0,0.00,0.00,0,,outflow_from_you
0xbfccb7c1a52037c658953a784ac77b8daff2139604eaf9cf92046c4056be95a9,https://bscscan.com/tx/0xbfccb7c1a52037c658953a784ac77b8daff2139604eaf9cf92046c4056be95a9,29558819,2023-06-30 16:48:59,,javascript:;,PancakeSwap V3: Smart Router,https://bscscan.com/address/0x13f4ea83d0bd40e75c8222255bc855a974568dd4,0 BNB $0.00,0 . 00195929,,0x13f4ea83d0bd40e75c8222255bc855a974568dd4,,PancakeSwap V3: Smart Router,,PancakeSwap V3: Smart Router,safuu,1,high,0,0.00,0.00,0.00,658.81,2026-05-21,0,0,0.00,0.00,0,,outflow_from_you
0x10f85d60877a4db441f6b0c1d9a3959ab920a23706dc693211101bb39b50796a,https://bscscan.com/tx/0x10f85d60877a4db441f6b0c1d9a3959ab920a23706dc693211101bb39b50796a,29558808,2023-06-30 16:48:26,,javascript:;,PancakeSwap V3: Smart Router,https://bscscan.com/address/0x13f4ea83d0bd40e75c8222255bc855a974568dd4,0 BNB $0.00,0 . 00165895,,0x13f4ea83d0bd40e75c8222255bc855a974568dd4,,PancakeSwap V3: Smart Router,,PancakeSwap V3: Smart Router,,0,,0,0.00,0.00,0.00,658.81,2026-05-21,0,0,0.00,0.00,0,,outflow_from_you
0xb9008825bbe269119246f24ca1f1cd49604f455dda9756dfdcdcecf1e054bedc,https://bscscan.com/tx/0xb9008825bbe269119246f24ca1f1cd49604f455dda9756dfdcdcecf1e054bedc,29556462,2023-06-30 14:50:57,,javascript:;,SafuuGO: SGO Token,https://bscscan.com/address/0x9321bc6185adc9b9cb503cc211e17cb311c3fa95,0 BNB $0.00,0 . 00008742,,0x9321bc6185adc9b9cb503cc211e17cb311c3fa95,,SafuuGO: SGO Token,,SafuuGO: SGO Token,safuu,1,high,0,0.00,0.00,0.00,658.81,2026-05-21,0,0,0.00,0.00,0,,outflow_from_you
0x780fbbffbcc0407465632a33a2e0eb2bb75d07e85c322af385eacf5a3aa16652,https://bscscan.com/tx/0x780fbbffbcc0407465632a33a2e0eb2bb75d07e85c322af385eacf5a3aa16652,29555095,2023-06-30 13:42:25,,javascript:;,PancakeSwap V3: Smart Router,https://bscscan.com/address/0x13f4ea83d0bd40e75c8222255bc855a974568dd4,0 BNB $0.00,0 . 00233546,,0x13f4ea83d0bd40e75c8222255bc855a974568dd4,,PancakeSwap V3: Smart Router,,PancakeSwap V3: Smart Router,,0,,0,0.00,0.00,0.00,658.81,2026-05-21,0,0,0.00,0.00,0,,outflow_from_you
0x70a0ef25a5ffd0203edd6918b2b9a48627ddb94a855142d37c1b2cc893f8bc62,https://bscscan.com/tx/0x70a0ef25a5ffd0203edd6918b2b9a48627ddb94a855142d37c1b2cc893f8bc62,29555029,2023-06-30 13:39:06,,javascript:;,SafuuGO: SGO Token,https://bscscan.com/address/0x9321bc6185adc9b9cb503cc211e17cb311c3fa95,0 BNB $0.00,0 . 00008742,,0x9321bc6185adc9b9cb503cc211e17cb311c3fa95,,SafuuGO: SGO Token,,SafuuGO: SGO Token,safuu,1,high,0,0.00,0.00,0.00,658.81,2026-05-21,0,0,0.00,0.00,0,,outflow_from_you
0xbe08f6cd72f06c0cae3ca29318b7372837c0056cfa341cfb794cd19b88e73692,https://bscscan.com/tx/0xbe08f6cd72f06c0cae3ca29318b7372837c0056cfa341cfb794cd19b88e73692,29548146,2023-06-30 7:53:55,,javascript:;,0x6E43700D...6B548f51b,https://bscscan.com/address/0x6e43700d87e289f6feb77d07235f2fc6b548f51b,0.014151039 BNB $9.19,0 . 00430218,,0x6e43700d87e289f6feb77d07235f2fc6b548f51b,,,,,,0,,0.014151039,9.19,9.32,0.13,658.81,2026-05-21,0,0,0.00,0.00,0,,outflow_from_you
0x4555ffc72ece531a16c82d5196d006804730c563682ab3e1b41517092de9cbd0,https://bscscan.com/tx/0x4555ffc72ece531a16c82d5196d006804730c563682ab3e1b41517092de9cbd0,29548112,2023-06-30 7:52:13,,javascript:;,0x6E43700D...6B548f51b,https://bscscan.com/address/0x6e43700d87e289f6feb77d07235f2fc6b548f51b,0.014151039 BNB $9.19,0 . 00430206,,0x6e43700d87e289f6feb77d07235f2fc6b548f51b,,,,,,0,,0.014151039,9.19,9.32,0.13,658.81,2026-05-21,0,0,0.00,0.00,0,,outflow_from_you
0x4a9d42c9ea34bce96718830035a29f182511fe335c3449eac547ad0f670c0794,https://bscscan.com/tx/0x4a9d42c9ea34bce96718830035a29f182511fe335c3449eac547ad0f670c0794,29536143,2023-06-29 21:52:03,,javascript:;,Bogged Finance: Proxy,https://bscscan.com/address/0xb099ed146fad4d0daa31e3810591fc0554af62bb,1 BNB $649.14,0 . 00141843,,0xb099ed146fad4d0daa31e3810591fc0554af62bb,,Bogged Finance: Proxy,,Bogged Finance: Proxy,safuu,1,high,1,649.14,658.81,9.67,658.81,2026-05-21,0,0,0.00,0.00,0,,outflow_from_you
0xdd6f882284e5f2ef2bf763b33f881cd02d14640482dbc5a01bfb0e6c20311cc3,https://bscscan.com/tx/0xdd6f882284e5f2ef2bf763b33f881cd02d14640482dbc5a01bfb0e6c20311cc3,29529209,2023-06-29 16:03:50,,javascript:;,0xB6934215...68B6A3182,https://bscscan.com/address/0xb6934215b856b03430fc8dc058bd1c668b6a3182,0.5 BNB $324.57,0 . 000063,,0xb6934215b856b03430fc8dc058bd1c668b6a3182,,,,,,0,,0.5,324.57,329.40,4.83,658.81,2026-05-21,0,0,0.00,0.00,1,user_binance_address_match,outflow_from_you
0x11c9e78dff7edb62e7efc14ed783d9996143f3aff4919356e92ec395d1f2a326,https://bscscan.com/tx/0x11c9e78dff7edb62e7efc14ed783d9996143f3aff4919356e92ec395d1f2a326,29522510,2023-06-29 10:28:13,,javascript:;,PancakeSwap V3: Smart Router,https://bscscan.com/address/0x13f4ea83d0bd40e75c8222255bc855a974568dd4,"1.840554185 BNB $1,194.78",0 . 00077267,,0x13f4ea83d0bd40e75c8222255bc855a974568dd4,,PancakeSwap V3: Smart Router,,PancakeSwap V3: Smart Router,safuu,1,high,1.840554185,1194.78,1212.58,17.80,658.81,2026-05-21,0,0,0.00,0.00,0,,outflow_from_you
0xba3cd02aa20d7940e917afc334a80d14a5caf1d5de647ae7f59b6cab8e346fbc,https://bscscan.com/tx/0xba3cd02aa20d7940e917afc334a80d14a5caf1d5de647ae7f59b6cab8e346fbc,29517403,2023-06-29 6:12:22,,javascript:;,PancakeSwap V3: Smart Router,https://bscscan.com/address/0x13f4ea83d0bd40e75c8222255bc855a974568dd4,0 BNB $0.00,0 . 00238505,,0x13f4ea83d0bd40e75c8222255bc855a974568dd4,,PancakeSwap V3: Smart Router,,PancakeSwap V3: Smart Router,safuu,1,high,0,0.00,0.00,0.00,658.81,2026-05-21,0,0,0.00,0.00,0,,outflow_from_you
0x20289962241e1128ec3ec5b6637c3b84ef516c6b65dfe4562c8257bc80a45caa,https://bscscan.com/tx/0x20289962241e1128ec3ec5b6637c3b84ef516c6b65dfe4562c8257bc80a45caa,29517371,2023-06-29 6:10:46,,javascript:;,PancakeSwap V3: Smart Router,https://bscscan.com/address/0x13f4ea83d0bd40e75c8222255bc855a974568dd4,0 BNB $0.00,0 . 00144426,,0x13f4ea83d0bd40e75c8222255bc855a974568dd4,,PancakeSwap V3: Smart Router,,PancakeSwap V3: Smart Router,safuu,1,high,0,0.00,0.00,0.00,658.81,2026-05-21,0,0,0.00,0.00,0,,outflow_from_you
0xec43eac3145ffe6a912e24b8d7de3ef0a574a4562d4668639af88c841d74efe7,https://bscscan.com/tx/0xec43eac3145ffe6a912e24b8d7de3ef0a574a4562d4668639af88c841d74efe7,29517344,2023-06-29 6:09:25,,javascript:;,SafuuGO: SGO Token,https://bscscan.com/address/0x9321bc6185adc9b9cb503cc211e17cb311c3fa95,0 BNB $0.00,0 . 00008738,,0x9321bc6185adc9b9cb503cc211e17cb311c3fa95,,SafuuGO: SGO Token,,SafuuGO: SGO Token,safuu,1,high,0,0.00,0.00,0.00,658.81,2026-05-21,0,0,0.00,0.00,0,,outflow_from_you
0x7651f3858b7654a381ebfcf356883def958ab035d88c96669390ef8d75f20028,https://bscscan.com/tx/0x7651f3858b7654a381ebfcf356883def958ab035d88c96669390ef8d75f20028,29515112,2023-06-29 4:17:21,,javascript:;,Bogged Finance: Proxy,https://bscscan.com/address/0xb099ed146fad4d0daa31e3810591fc0554af62bb,1 BNB $649.14,0 . 00141843,,0xb099ed146fad4d0daa31e3810591fc0554af62bb,,Bogged Finance: Proxy,,Bogged Finance: Proxy,safuu,1,high,1,649.14,658.81,9.67,658.81,2026-05-21,0,0,0.00,0.00,0,,outflow_from_you
0x3a4c57dbd863f94ca80238042bb941ae4f697d7401ffd484bc69847b712dfdfd,https://bscscan.com/tx/0x3a4c57dbd863f94ca80238042bb941ae4f697d7401ffd484bc69847b712dfdfd,29513549,2023-06-29 2:59:05,,javascript:;,PancakeSwap V3: Smart Router,https://bscscan.com/address/0x13f4ea83d0bd40e75c8222255bc855a974568dd4,0 BNB $0.00,0 . 00195929,,0x13f4ea83d0bd40e75c8222255bc855a974568dd4,,PancakeSwap V3: Smart Router,,PancakeSwap V3: Smart Router,safuu,1,high,0,0.00,0.00,0.00,658.81,2026-05-21,0,0,0.00,0.00,0,,outflow_from_you
0x64a41999f2bdc03dfd6a938e64848d0353a0f726c643072a7a8ec5048c7792b1,https://bscscan.com/tx/0x64a41999f2bdc03dfd6a938e64848d0353a0f726c643072a7a8ec5048c7792b1,29511543,2023-06-29 1:18:33,,javascript:;,PancakeSwap V3: Smart Router,https://bscscan.com/address/0x13f4ea83d0bd40e75c8222255bc855a974568dd4,0 BNB $0.00,0 . 00144426,,0x13f4ea83d0bd40e75c8222255bc855a974568dd4,,PancakeSwap V3: Smart Router,,PancakeSwap V3: Smart Router,safuu,1,high,0,0.00,0.00,0.00,658.81,2026-05-21,0,0,0.00,0.00,0,,outflow_from_you
0x16004415f633ed14be776441ab4467ef9870f3d5c1e6ebe686e93a4bbd1e24c5,https://bscscan.com/tx/0x16004415f633ed14be776441ab4467ef9870f3d5c1e6ebe686e93a4bbd1e24c5,29510000,2023-06-29 0:00:58,,javascript:;,PancakeSwap V3: Smart Router,https://bscscan.com/address/0x13f4ea83d0bd40e75c8222255bc855a974568dd4,0 BNB $0.00,0 . 00195929,,0x13f4ea83d0bd40e75c8222255bc855a974568dd4,,PancakeSwap V3: Smart Router,,PancakeSwap V3: Smart Router,safuu,1,high,0,0.00,0.00,0.00,658.81,2026-05-21,0,0,0.00,0.00,0,,outflow_from_you
0xbbedfd3deab4d4878ba3a8763043d4252ef66559d8df22b3036068e71d96ed5e,https://bscscan.com/tx/0xbbedfd3deab4d4878ba3a8763043d4252ef66559d8df22b3036068e71d96ed5e,29506962,2023-06-28 21:28:23,,javascript:;,PancakeSwap V3: Smart Router,https://bscscan.com/address/0x13f4ea83d0bd40e75c8222255bc855a974568dd4,0.6 BNB $389.48,0 . 00077259,,0x13f4ea83d0bd40e75c8222255bc855a974568dd4,,PancakeSwap V3: Smart Router,,PancakeSwap V3: Smart Router,safuu,1,high,0.6,389.48,395.29,5.81,658.81,2026-05-21,0,0,0.00,0.00,0,,outflow_from_you
0x7082442cfc1ecffcc4e6d08fcf716dfaf0ac552edb9d3d7b343310182b847664,https://bscscan.com/tx/0x7082442cfc1ecffcc4e6d08fcf716dfaf0ac552edb9d3d7b343310182b847664,29500311,2023-06-28 15:54:34,,javascript:;,PancakeSwap V3: Smart Router,https://bscscan.com/address/0x13f4ea83d0bd40e75c8222255bc855a974568dd4,0.5 BNB $324.57,0 . 00077259,,0x13f4ea83d0bd40e75c8222255bc855a974568dd4,,PancakeSwap V3: Smart Router,,PancakeSwap V3: Smart Router,safuu,1,high,0.5,324.57,329.40,4.83,658.81,2026-05-21,0,0,0.00,0.00,0,,outflow_from_you
0x72aca79f751d640d7a77beb035d156ffad0ce00db78fee79a6cf068d03a62f25,https://bscscan.com/tx/0x72aca79f751d640d7a77beb035d156ffad0ce00db78fee79a6cf068d03a62f25,29499209,2023-06-28 14:59:20,,javascript:;,PancakeSwap V3: Smart Router,https://bscscan.com/address/0x13f4ea83d0bd40e75c8222255bc855a974568dd4,1 BNB $649.14,0 . 00077259,,0x13f4ea83d0bd40e75c8222255bc855a974568dd4,,PancakeSwap V3: Smart Router,,PancakeSwap V3: Smart Router,safuu,1,high,1,649.14,658.81,9.67,658.81,2026-05-21,0,0,0.00,0.00,0,,outflow_from_you
0xf847a15ee4235659cc487124f052ccea7907a92a2a8347f9b9c8eb134a419b73,https://bscscan.com/tx/0xf847a15ee4235659cc487124f052ccea7907a92a2a8347f9b9c8eb134a419b73,29496588,2023-06-28 12:48:05,,javascript:;,Bogged Finance: Proxy,https://bscscan.com/address/0xb099ed146fad4d0daa31e3810591fc0554af62bb,1 BNB $649.14,0 . 00141843,,0xb099ed146fad4d0daa31e3810591fc0554af62bb,,Bogged Finance: Proxy,,Bogged Finance: Proxy,safuu,1,high,1,649.14,658.81,9.67,658.81,2026-05-21,0,0,0.00,0.00,0,,outflow_from_you
0xe993ae5fa641a3d3143b390fd5b07be3bcb50a92cd39fb11f16d187cbc6bfe9e,https://bscscan.com/tx/0xe993ae5fa641a3d3143b390fd5b07be3bcb50a92cd39fb11f16d187cbc6bfe9e,29457962,2023-06-27 4:31:18,,javascript:;,SafuuGO: SGO Token,https://bscscan.com/address/0x9321bc6185adc9b9cb503cc211e17cb311c3fa95,0 BNB $0.00,0 . 00008742,,0x9321bc6185adc9b9cb503cc211e17cb311c3fa95,,SafuuGO: SGO Token,,SafuuGO: SGO Token,safuu,1,high,0,0.00,0.00,0.00,658.81,2026-05-21,0,0,0.00,0.00,0,,outflow_from_you
0x18e6d60d7fa6f99ae8736519ebad83cd92848d6e867eb2da30e0547b8919c355,https://bscscan.com/tx/0x18e6d60d7fa6f99ae8736519ebad83cd92848d6e867eb2da30e0547b8919c355,29457943,2023-06-27 4:30:21,,javascript:;,PancakeSwap V3: Smart Router,https://bscscan.com/address/0x13f4ea83d0bd40e75c8222255bc855a974568dd4,0 BNB $0.00,0 . 00195983,,0x13f4ea83d0bd40e75c8222255bc855a974568dd4,,PancakeSwap V3: Smart Router,,PancakeSwap V3: Smart Router,safuu,1,high,0,0.00,0.00,0.00,658.81,2026-05-21,0,0,0.00,0.00,0,,outflow_from_you
0x4d95a40eff9851d3905531ae6c7c7f0bf47fd50576625e64ebad50efa7fe3b76,https://bscscan.com/tx/0x4d95a40eff9851d3905531ae6c7c7f0bf47fd50576625e64ebad50efa7fe3b76,29457934,2023-06-27 4:29:54,Binance: Hot Wallet 18,https://bscscan.com/address/0x73f5ebe90f27b46ea12e5795d16c4b408b19cc6f,,javascript:;,0.9995 BNB $648.81,0 . 000126,0x73f5ebe90f27b46ea12e5795d16c4b408b19cc6f,,Binance: Hot Wallet 18,,Binance: Hot Wallet 18,,,0,,0.9995,648.81,658.48,9.67,658.81,2026-05-21,1,0.9995,648.81,658.48,1,friendly_tag_or_url_contains_binance,inflow_to_you
0x51fa317449aaf231a38e5680b74f97ecd3529b7fa316f88f16dd7267afd9e1f9,https://bscscan.com/tx/0x51fa317449aaf231a38e5680b74f97ecd3529b7fa316f88f16dd7267afd9e1f9,29456971,2023-06-27 3:41:38,,javascript:;,PancakeSwap V3: Smart Router,https://bscscan.com/address/0x13f4ea83d0bd40e75c8222255bc855a974568dd4,0 BNB $0.00,0 . 00183981,,0x13f4ea83d0bd40e75c8222255bc855a974568dd4,,PancakeSwap V3: Smart Router,,PancakeSwap V3: Smart Router,,0,,0,0.00,0.00,0.00,658.81,2026-05-21,0,0,0.00,0.00,0,,outflow_from_you
0x58fa0f71e302c22ec6296bbef3ea0c323fe155f85c51a293541903eaf89fb72d,https://bscscan.com/tx/0x58fa0f71e302c22ec6296bbef3ea0c323fe155f85c51a293541903eaf89fb72d,29456934,2023-06-27 3:39:47,,javascript:;,PancakeSwap V3: Smart Router,https://bscscan.com/address/0x13f4ea83d0bd40e75c8222255bc855a974568dd4,0 BNB $0.00,0 . 00205338,,0x13f4ea83d0bd40e75c8222255bc855a974568dd4,,PancakeSwap V3: Smart Router,,PancakeSwap V3: Smart Router,,0,,0,0.00,0.00,0.00,658.81,2026-05-21,0,0,0.00,0.00,0,,outflow_from_you
0x8e9c4b1f1842b7323b36114e51e83c1e25a35f451ea2d5fa3c416c03c06dbc6f,https://bscscan.com/tx/0x8e9c4b1f1842b7323b36114e51e83c1e25a35f451ea2d5fa3c416c03c06dbc6f,29456916,2023-06-27 3:38:53,,javascript:;,PancakeSwap V3: Smart Router,https://bscscan.com/address/0x13f4ea83d0bd40e75c8222255bc855a974568dd4,0 BNB $0.00,0 . 00205572,,0x13f4ea83d0bd40e75c8222255bc855a974568dd4,,PancakeSwap V3: Smart Router,,PancakeSwap V3: Smart Router,,0,,0,0.00,0.00,0.00,658.81,2026-05-21,0,0,0.00,0.00,0,,outflow_from_you
0x620f477de4c75354c760bdfacdf15d1023faf92260de3b7250c172813ab75cb9,https://bscscan.com/tx/0x620f477de4c75354c760bdfacdf15d1023faf92260de3b7250c172813ab75cb9,29456538,2023-06-27 3:19:54,,javascript:;,PancakeSwap V3: Smart Router,https://bscscan.com/address/0x13f4ea83d0bd40e75c8222255bc855a974568dd4,0 BNB $0.00,0 . 00155717,,0x13f4ea83d0bd40e75c8222255bc855a974568dd4,,PancakeSwap V3: Smart Router,,PancakeSwap V3: Smart Router,safuu,1,high,0,0.00,0.00,0.00,658.81,2026-05-21,0,0,0.00,0.00,0,,outflow_from_you
0xdd68a92ac74566424718dfb4897d4c36ce65e61fd74624aa5e7e4f1d7550b697,https://bscscan.com/tx/0xdd68a92ac74566424718dfb4897d4c36ce65e61fd74624aa5e7e4f1d7550b697,29456210,2023-06-27 3:03:26,,javascript:;,SafuuGO: SGO Token,https://bscscan.com/address/0x9321bc6185adc9b9cb503cc211e17cb311c3fa95,0 BNB $0.00,0 . 00008742,,0x9321bc6185adc9b9cb503cc211e17cb311c3fa95,,SafuuGO: SGO Token,,SafuuGO: SGO Token,safuu,1,high,0,0.00,0.00,0.00,658.81,2026-05-21,0,0,0.00,0.00,0,,outflow_from_you
0x68ff0138852da05d01769a6ba5d3de63a08870be1bf7f37ac9fad2cfd1ac9d16,https://bscscan.com/tx/0x68ff0138852da05d01769a6ba5d3de63a08870be1bf7f37ac9fad2cfd1ac9d16,29456162,2023-06-27 3:01:02,,javascript:;,Bogged Finance: Proxy,https://bscscan.com/address/0xb099ed146fad4d0daa31e3810591fc0554af62bb,1 BNB $649.14,0 . 00141843,,0xb099ed146fad4d0daa31e3810591fc0554af62bb,,Bogged Finance: Proxy,,Bogged Finance: Proxy,safuu,1,high,1,649.14,658.81,9.67,658.81,2026-05-21,0,0,0.00,0.00,0,,outflow_from_you
0xadb13c9e1f446cadc2682be7889abdd836943c812c2e3ac40117f58d7e9bae17,https://bscscan.com/tx/0xadb13c9e1f446cadc2682be7889abdd836943c812c2e3ac40117f58d7e9bae17,29456144,2023-06-27 3:00:08,,javascript:;,Bogged Finance: Proxy,https://bscscan.com/address/0xb099ed146fad4d0daa31e3810591fc0554af62bb,1 BNB $649.14,0 . 00115614,,0xb099ed146fad4d0daa31e3810591fc0554af62bb,,Bogged Finance: Proxy,,Bogged Finance: Proxy,safuu,1,high,1,649.14,658.81,9.67,658.81,2026-05-21,0,0,0.00,0.00,0,,outflow_from_you
0xc603180168eebf17db42b0f66e957e4869b97d2e06f96183f9707967a16ad2dd,https://bscscan.com/tx/0xc603180168eebf17db42b0f66e957e4869b97d2e06f96183f9707967a16ad2dd,29455849,2023-06-27 2:45:23,,javascript:;,0x8EF73Cd1...5728ba971,https://bscscan.com/address/0x8ef73cd16e7b35bf36b95a44c0dd8c25728ba971,0 BNB $0.00,0 . 00034577,,0x8ef73cd16e7b35bf36b95a44c0dd8c25728ba971,,,,,,0,,0,0.00,0.00,0.00,658.81,2026-05-21,0,0,0.00,0.00,0,,outflow_from_you
0x1bf6a73f9abb1be89425115da2e7aa8f580e3412c4c95d9cebc3a6ab6839630a,https://bscscan.com/tx/0x1bf6a73f9abb1be89425115da2e7aa8f580e3412c4c95d9cebc3a6ab6839630a,29454920,2023-06-27 1:58:52,,javascript:;,Bogged Finance: Proxy,https://bscscan.com/address/0xb099ed146fad4d0daa31e3810591fc0554af62bb,0.7 BNB $454.40,0 . 00141837,,0xb099ed146fad4d0daa31e3810591fc0554af62bb,,Bogged Finance: Proxy,,Bogged Finance: Proxy,safuu,1,high,0.7,454.40,461.17,6.77,658.81,2026-05-21,0,0,0.00,0.00,0,,outflow_from_you
0xbfa8b0c04db0f55492c96578e8b374d0442790f6699ab61d879c701cf83b0f80,https://bscscan.com/tx/0xbfa8b0c04db0f55492c96578e8b374d0442790f6699ab61d879c701cf83b0f80,29454903,2023-06-27 1:58:01,,javascript:;,Bogged Finance: Proxy,https://bscscan.com/address/0xb099ed146fad4d0daa31e3810591fc0554af62bb,1 BNB $649.14,0 . 00141843,,0xb099ed146fad4d0daa31e3810591fc0554af62bb,,Bogged Finance: Proxy,,Bogged Finance: Proxy,safuu,1,high,1,649.14,658.81,9.67,658.81,2026-05-21,0,0,0.00,0.00,0,,outflow_from_you
0x2de531ae46ba48388d7956161e708cb3970ef8409bbeda8e8b2d16e0c82f2f7d,https://bscscan.com/tx/0x2de531ae46ba48388d7956161e708cb3970ef8409bbeda8e8b2d16e0c82f2f7d,29440428,2023-06-26 13:52:18,,javascript:;,0x6E43700D...6B548f51b,https://bscscan.com/address/0x6e43700d87e289f6feb77d07235f2fc6b548f51b,"2.013856218 BNB $1,307.27",0 . 00429143,,0x6e43700d87e289f6feb77d07235f2fc6b548f51b,,,,,,0,,2.013856218,1307.27,1326.75,19.48,658.81,2026-05-21,0,0,0.00,0.00,0,,outflow_from_you
0xa9cd4f5a271428fc8d5e6a1ff4f1cb87ee80e9db2ea6dbc268d389a0b700e913,https://bscscan.com/tx/0xa9cd4f5a271428fc8d5e6a1ff4f1cb87ee80e9db2ea6dbc268d389a0b700e913,29439649,2023-06-26 13:13:21,,javascript:;,0x6E43700D...6B548f51b,https://bscscan.com/address/0x6e43700d87e289f6feb77d07235f2fc6b548f51b,0.013856218 BNB $8.99,0 . 00430206,,0x6e43700d87e289f6feb77d07235f2fc6b548f51b,,,,,,0,,0.013856218,8.99,9.13,0.14,658.81,2026-05-21,0,0,0.00,0.00,0,,outflow_from_you
0x39021b4bb447855ba342232e9baa49e0e2d80898cf3fb7f5de6c3c71f026515c,https://bscscan.com/tx/0x39021b4bb447855ba342232e9baa49e0e2d80898cf3fb7f5de6c3c71f026515c,29439642,2023-06-26 13:13:00,,javascript:;,0x6E43700D...6B548f51b,https://bscscan.com/address/0x6e43700d87e289f6feb77d07235f2fc6b548f51b,0.013856218 BNB $8.99,0 . 00430206,,0x6e43700d87e289f6feb77d07235f2fc6b548f51b,,,,,,0,,0.013856218,8.99,9.13,0.14,658.81,2026-05-21,0,0,0.00,0.00,0,,outflow_from_you
0xabd05ded909789a9e63c8d8139305241c7a939e710ae2d36881597938c15d3bc,https://bscscan.com/tx/0xabd05ded909789a9e63c8d8139305241c7a939e710ae2d36881597938c15d3bc,29439592,2023-06-26 13:10:30,,javascript:;,0x6E43700D...6B548f51b,https://bscscan.com/address/0x6e43700d87e289f6feb77d07235f2fc6b548f51b,0.013887624 BNB $9.02,0 . 00445206,,0x6e43700d87e289f6feb77d07235f2fc6b548f51b,,,,,,0,,0.013887624,9.02,9.15,0.13,658.81,2026-05-21,0,0,0.00,0.00,0,,outflow_from_you
0x0031fbb5e320056ce860a9a9f7c7d05faf0763d1869e2bbbadd98a04dd0ee01e,https://bscscan.com/tx/0x0031fbb5e320056ce860a9a9f7c7d05faf0763d1869e2bbbadd98a04dd0ee01e,29439381,2023-06-26 12:59:57,,javascript:;,SafuuGO: SGO Token,https://bscscan.com/address/0x9321bc6185adc9b9cb503cc211e17cb311c3fa95,0 BNB $0.00,0 . 0002207,,0x9321bc6185adc9b9cb503cc211e17cb311c3fa95,,SafuuGO: SGO Token,,SafuuGO: SGO Token,safuu,1,high,0,0.00,0.00,0.00,658.81,2026-05-21,0,0,0.00,0.00,0,,outflow_from_you
0x4c681ddf7b557aa059f97e174a1af72a8159951cee50a08e24c272c06f69226f,https://bscscan.com/tx/0x4c681ddf7b557aa059f97e174a1af72a8159951cee50a08e24c272c06f69226f,29421461,2023-06-25 22:01:22,,javascript:;,PancakeSwap V3: Smart Router,https://bscscan.com/address/0x13f4ea83d0bd40e75c8222255bc855a974568dd4,0 BNB $0.00,0 . 00238577,,0x13f4ea83d0bd40e75c8222255bc855a974568dd4,,PancakeSwap V3: Smart Router,,PancakeSwap V3: Smart Router,safuu,1,high,0,0.00,0.00,0.00,658.81,2026-05-21,0,0,0.00,0.00,0,,outflow_from_you
0x3cd9864bec5b13e7b949064eca89fce0204c81326be08a6af5a3f39afe8c9a01,https://bscscan.com/tx/0x3cd9864bec5b13e7b949064eca89fce0204c81326be08a6af5a3f39afe8c9a01,29396373,2023-06-25 1:04:07,,javascript:;,0x0c30D3d6...cb24FD599,https://bscscan.com/address/0x0c30d3d66bc7c73a83fda929888c34dcb24fd599,0 BNB $0.00,0 . 0002612,,0x0c30d3d66bc7c73a83fda929888c34dcb24fd599,,,,,safuu,1,high,0,0.00,0.00,0.00,658.81,2026-05-21,0,0,0.00,0.00,0,,outflow_from_you
0x37a4c5818855d7080a38eb4fd57a731620d47bf7d797d49f126585198ed01852,https://bscscan.com/tx/0x37a4c5818855d7080a38eb4fd57a731620d47bf7d797d49f126585198ed01852,29396359,2023-06-25 1:03:25,,javascript:;,0x64c7f3c2...bB3284F34,https://bscscan.com/address/0x64c7f3c2c19b41a6ad67bb5f4edc8edbb3284f34,0 BNB $0.00,0 . 00105675,,0x64c7f3c2c19b41a6ad67bb5f4edc8edbb3284f34,,,,,safuu,1,high,0,0.00,0.00,0.00,658.81,2026-05-21,0,0,0.00,0.00,0,,outflow_from_you
0x0fc12054395154ae65c9116ee1e29f90db4650f685b853f5a26a72107737b126,https://bscscan.com/tx/0x0fc12054395154ae65c9116ee1e29f90db4650f685b853f5a26a72107737b126,29396345,2023-06-25 1:02:43,,javascript:;,0x64c7f3c2...bB3284F34,https://bscscan.com/address/0x64c7f3c2c19b41a6ad67bb5f4edc8edbb3284f34,0 BNB $0.00,0 . 0003428,,0x64c7f3c2c19b41a6ad67bb5f4edc8edbb3284f34,,,,,,0,,0,0.00,0.00,0.00,658.81,2026-05-21,0,0,0.00,0.00,0,,outflow_from_you
0x253e223687ec0721224d2915d1cd862eb6ec7a02db97493e4431d7759cc7fcc1,https://bscscan.com/tx/0x253e223687ec0721224d2915d1cd862eb6ec7a02db97493e4431d7759cc7fcc1,29389964,2023-06-24 19:42:48,,javascript:;,PancakeSwap V3: Smart Router,https://bscscan.com/address/0x13f4ea83d0bd40e75c8222255bc855a974568dd4,0 BNB $0.00,0 . 00238505,,0x13f4ea83d0bd40e75c8222255bc855a974568dd4,,PancakeSwap V3: Smart Router,,PancakeSwap V3: Smart Router,safuu,1,high,0,0.00,0.00,0.00,658.81,2026-05-21,0,0,0.00,0.00,0,,outflow_from_you
0x2fcf2bbc007647b10e5de24046c34b77589c833e3ed4dbb8fd6453fd73536222,https://bscscan.com/tx/0x2fcf2bbc007647b10e5de24046c34b77589c833e3ed4dbb8fd6453fd73536222,29388584,2023-06-24 18:33:36,,javascript:;,SafuuGO: SGO Token,https://bscscan.com/address/0x9321bc6185adc9b9cb503cc211e17cb311c3fa95,0 BNB $0.00,0 . 00008742,,0x9321bc6185adc9b9cb503cc211e17cb311c3fa95,,SafuuGO: SGO Token,,SafuuGO: SGO Token,safuu,1,high,0,0.00,0.00,0.00,658.81,2026-05-21,0,0,0.00,0.00,0,,outflow_from_you
0x03266658e5e0bd112d43fcfd6de8ab27864e1a7740f1dfb57056620686cce954,https://bscscan.com/tx/0x03266658e5e0bd112d43fcfd6de8ab27864e1a7740f1dfb57056620686cce954,29383323,2023-06-24 14:09:45,,javascript:;,PancakeSwap V3: Smart Router,https://bscscan.com/address/0x13f4ea83d0bd40e75c8222255bc855a974568dd4,1 BNB $649.14,0 . 00077259,,0x13f4ea83d0bd40e75c8222255bc855a974568dd4,,PancakeSwap V3: Smart Router,,PancakeSwap V3: Smart Router,safuu,1,high,1,649.14,658.81,9.67,658.81,2026-05-21,0,0,0.00,0.00,0,,outflow_from_you
0x97a6bc4a6cefe56c42e4772266bdaaf7136fb99a070abcd854b78816c91707a0,https://bscscan.com/tx/0x97a6bc4a6cefe56c42e4772266bdaaf7136fb99a070abcd854b78816c91707a0,29381057,2023-06-24 12:15:35,,javascript:;,PancakeSwap V3: Smart Router,https://bscscan.com/address/0x13f4ea83d0bd40e75c8222255bc855a974568dd4,0 BNB $0.00,0 . 00196001,,0x13f4ea83d0bd40e75c8222255bc855a974568dd4,,PancakeSwap V3: Smart Router,,PancakeSwap V3: Smart Router,safuu,1,high,0,0.00,0.00,0.00,658.81,2026-05-21,0,0,0.00,0.00,0,,outflow_from_you
0x3a079be70386459768042cc91285d2134cd939a1ebc5bf41994a156837476575,https://bscscan.com/tx/0x3a079be70386459768042cc91285d2134cd939a1ebc5bf41994a156837476575,29380661,2023-06-24 11:55:43,,javascript:;,PancakeSwap V3: Smart Router,https://bscscan.com/address/0x13f4ea83d0bd40e75c8222255bc855a974568dd4,0 BNB $0.00,0 . 00196073,,0x13f4ea83d0bd40e75c8222255bc855a974568dd4,,PancakeSwap V3: Smart Router,,PancakeSwap V3: Smart Router,safuu,1,high,0,0.00,0.00,0.00,658.81,2026-05-21,0,0,0.00,0.00,0,,outflow_from_you
0xb559ec2e05cae4d92335f527cd20dd224723870773bb5fe2483e885a27af1e5e,https://bscscan.com/tx/0xb559ec2e05cae4d92335f527cd20dd224723870773bb5fe2483e885a27af1e5e,29367000,2023-06-24 0:32:11,,javascript:;,PancakeSwap V3: Smart Router,https://bscscan.com/address/0x13f4ea83d0bd40e75c8222255bc855a974568dd4,0 BNB $0.00,0 . 00239089,,0x13f4ea83d0bd40e75c8222255bc855a974568dd4,,PancakeSwap V3: Smart Router,,PancakeSwap V3: Smart Router,safuu,1,high,0,0.00,0.00,0.00,658.81,2026-05-21,0,0,0.00,0.00,0,,outflow_from_you
0xbcacd18d47427690c1b0d01e00a7a51a27e6e5aacda16d5ff80fc9448ec9af61,https://bscscan.com/tx/0xbcacd18d47427690c1b0d01e00a7a51a27e6e5aacda16d5ff80fc9448ec9af61,29366995,2023-06-24 0:31:56,,javascript:;,SafuuGO: SGO Token,https://bscscan.com/address/0x9321bc6185adc9b9cb503cc211e17cb311c3fa95,0 BNB $0.00,0 . 00008742,,0x9321bc6185adc9b9cb503cc211e17cb311c3fa95,,SafuuGO: SGO Token,,SafuuGO: SGO Token,safuu,1,high,0,0.00,0.00,0.00,658.81,2026-05-21,0,0,0.00,0.00,0,,outflow_from_you
0x78798358bc537ffce4a9e7adeed9683f95c4f64797198eaa22da6576db0a3664,https://bscscan.com/tx/0x78798358bc537ffce4a9e7adeed9683f95c4f64797198eaa22da6576db0a3664,29356893,2023-06-23 16:05:41,,javascript:;,PancakeSwap V3: Smart Router,https://bscscan.com/address/0x13f4ea83d0bd40e75c8222255bc855a974568dd4,0.1 BNB $64.91,0 . 00077259,,0x13f4ea83d0bd40e75c8222255bc855a974568dd4,,PancakeSwap V3: Smart Router,,PancakeSwap V3: Smart Router,safuu,1,high,0.1,64.91,65.88,0.97,658.81,2026-05-21,0,0,0.00,0.00,0,,outflow_from_you
0x96c800c6485c63bdf1f7438fcb0b2a03525e4956ee42a91ad2266a06210f2f9a,https://bscscan.com/tx/0x96c800c6485c63bdf1f7438fcb0b2a03525e4956ee42a91ad2266a06210f2f9a,29347676,2023-06-23 8:23:48,,javascript:;,PancakeSwap V3: Smart Router,https://bscscan.com/address/0x13f4ea83d0bd40e75c8222255bc855a974568dd4,1 BNB $649.14,0 . 00077259,,0x13f4ea83d0bd40e75c8222255bc855a974568dd4,,PancakeSwap V3: Smart Router,,PancakeSwap V3: Smart Router,safuu,1,high,1,649.14,658.81,9.67,658.81,2026-05-21,0,0,0.00,0.00,0,,outflow_from_you
0xd929860066a0cae6741be271db71be5f7d270e7f0ff6b6cbb80be41cfe58094b,https://bscscan.com/tx/0xd929860066a0cae6741be271db71be5f7d270e7f0ff6b6cbb80be41cfe58094b,29347046,2023-06-23 7:52:12,,javascript:;,PancakeSwap V3: Smart Router,https://bscscan.com/address/0x13f4ea83d0bd40e75c8222255bc855a974568dd4,1 BNB $649.14,0 . 00077259,,0x13f4ea83d0bd40e75c8222255bc855a974568dd4,,PancakeSwap V3: Smart Router,,PancakeSwap V3: Smart Router,safuu,1,high,1,649.14,658.81,9.67,658.81,2026-05-21,0,0,0.00,0.00,0,,outflow_from_you
0xec4e72286d9094b8f06eaa564532c8262409227cba84d01e1b7f9423812a3e7e,https://bscscan.com/tx/0xec4e72286d9094b8f06eaa564532c8262409227cba84d01e1b7f9423812a3e7e,29333642,2023-06-22 20:40:42,,javascript:;,PancakeSwap V3: Smart Router,https://bscscan.com/address/0x13f4ea83d0bd40e75c8222255bc855a974568dd4,1 BNB $649.14,0 . 00077259,,0x13f4ea83d0bd40e75c8222255bc855a974568dd4,,PancakeSwap V3: Smart Router,,PancakeSwap V3: Smart Router,safuu,1,high,1,649.14,658.81,9.67,658.81,2026-05-21,0,0,0.00,0.00,0,,outflow_from_you
0x50c5ef449929520a5c1a5e2cc2d841ed842cf7d64a9f6ab58e425ea9986b1cf4,https://bscscan.com/tx/0x50c5ef449929520a5c1a5e2cc2d841ed842cf7d64a9f6ab58e425ea9986b1cf4,29332294,2023-06-22 19:33:18,,javascript:;,PancakeSwap V3: Smart Router,https://bscscan.com/address/0x13f4ea83d0bd40e75c8222255bc855a974568dd4,"2 BNB $1,298.28",0 . 00077259,,0x13f4ea83d0bd40e75c8222255bc855a974568dd4,,PancakeSwap V3: Smart Router,,PancakeSwap V3: Smart Router,safuu,1,high,2,1298.28,1317.62,19.34,658.81,2026-05-21,0,0,0.00,0.00,0,,outflow_from_you
0x955d03cc98e4963dff1c90da73629fa72bf2d151c02f5057529602c5cedbf551,https://bscscan.com/tx/0x955d03cc98e4963dff1c90da73629fa72bf2d151c02f5057529602c5cedbf551,29321212,2023-06-22 10:18:19,,javascript:;,PancakeSwap V3: Smart Router,https://bscscan.com/address/0x13f4ea83d0bd40e75c8222255bc855a974568dd4,1 BNB $649.14,0 . 00077259,,0x13f4ea83d0bd40e75c8222255bc855a974568dd4,,PancakeSwap V3: Smart Router,,PancakeSwap V3: Smart Router,safuu,1,high,1,649.14,658.81,9.67,658.81,2026-05-21,0,0,0.00,0.00,0,,outflow_from_you
0x963224cc5a760d88b5aee35fe67a01b716e4641002f0faa670bba1b490d9ee55,https://bscscan.com/tx/0x963224cc5a760d88b5aee35fe67a01b716e4641002f0faa670bba1b490d9ee55,29321016,2023-06-22 10:08:30,,javascript:;,PancakeSwap V3: Smart Router,https://bscscan.com/address/0x13f4ea83d0bd40e75c8222255bc855a974568dd4,0 BNB $0.00,0 . 00144426,,0x13f4ea83d0bd40e75c8222255bc855a974568dd4,,PancakeSwap V3: Smart Router,,PancakeSwap V3: Smart Router,safuu,1,high,0,0.00,0.00,0.00,658.81,2026-05-21,0,0,0.00,0.00,0,,outflow_from_you
0x45e3732520dc2c8bf3bf83cef30a68e5fda1d5d989d1464fbbbb92b1bc3d4c9b,https://bscscan.com/tx/0x45e3732520dc2c8bf3bf83cef30a68e5fda1d5d989d1464fbbbb92b1bc3d4c9b,29321010,2023-06-22 10:08:12,,javascript:;,PancakeSwap V3: Smart Router,https://bscscan.com/address/0x13f4ea83d0bd40e75c8222255bc855a974568dd4,0 BNB $0.00,0 . 00195929,,0x13f4ea83d0bd40e75c8222255bc855a974568dd4,,PancakeSwap V3: Smart Router,,PancakeSwap V3: Smart Router,safuu,1,high,0,0.00,0.00,0.00,658.81,2026-05-21,0,0,0.00,0.00,0,,outflow_from_you
0xe6e738a9988ef129feb3cf540d8c8fb71e505dda6dc1402adbf8999fc1a15948,https://bscscan.com/tx/0xe6e738a9988ef129feb3cf540d8c8fb71e505dda6dc1402adbf8999fc1a15948,29314256,2023-06-22 4:29:41,,javascript:;,PancakeSwap V3: Smart Router,https://bscscan.com/address/0x13f4ea83d0bd40e75c8222255bc855a974568dd4,0 BNB $0.00,0 . 00238505,,0x13f4ea83d0bd40e75c8222255bc855a974568dd4,,PancakeSwap V3: Smart Router,,PancakeSwap V3: Smart Router,safuu,1,high,0,0.00,0.00,0.00,658.81,2026-05-21,0,0,0.00,0.00,0,,outflow_from_you
0xa20177d5665169c8578bb59de28db54a192e7fb2772d19267cafabd0ebf0aed1,https://bscscan.com/tx/0xa20177d5665169c8578bb59de28db54a192e7fb2772d19267cafabd0ebf0aed1,29314242,2023-06-22 4:28:59,,javascript:;,SafuuGO: SGO Token,https://bscscan.com/address/0x9321bc6185adc9b9cb503cc211e17cb311c3fa95,0 BNB $0.00,0 . 00008742,,0x9321bc6185adc9b9cb503cc211e17cb311c3fa95,,SafuuGO: SGO Token,,SafuuGO: SGO Token,safuu,1,high,0,0.00,0.00,0.00,658.81,2026-05-21,0,0,0.00,0.00,0,,outflow_from_you
0x44c1839c245aeaeeae6e27cf139244ce32c8b7f7d5476d2d29a194dc43dd0bff,https://bscscan.com/tx/0x44c1839c245aeaeeae6e27cf139244ce32c8b7f7d5476d2d29a194dc43dd0bff,29276413,2023-06-20 20:50:52,,javascript:;,PancakeSwap V3: Smart Router,https://bscscan.com/address/0x13f4ea83d0bd40e75c8222255bc855a974568dd4,"2.8 BNB $1,817.59",0 . 00073634,,0x13f4ea83d0bd40e75c8222255bc855a974568dd4,,PancakeSwap V3: Smart Router,,PancakeSwap V3: Smart Router,safuu,1,high,2.8,1817.59,1844.67,27.08,658.81,2026-05-21,0,0,0.00,0.00,0,,outflow_from_you
0xac7c4c13b499979f6841b77a3016bd51bf00b37be1f5363552dc68704f279dbd,https://bscscan.com/tx/0xac7c4c13b499979f6841b77a3016bd51bf00b37be1f5363552dc68704f279dbd,29276408,2023-06-20 20:50:37,,javascript:;,PancakeSwap V3: Smart Router,https://bscscan.com/address/0x13f4ea83d0bd40e75c8222255bc855a974568dd4,"2.8 BNB $1,817.59",0 . 00076271,,0x13f4ea83d0bd40e75c8222255bc855a974568dd4,,PancakeSwap V3: Smart Router,,PancakeSwap V3: Smart Router,,0,,2.8,1817.59,1844.67,27.08,658.81,2026-05-21,0,0,0.00,0.00,0,,outflow_from_you
0x89926fc8375d0fac3c87e208c2fa0395afe6762958b975092968f9922271c901,https://bscscan.com/tx/0x89926fc8375d0fac3c87e208c2fa0395afe6762958b975092968f9922271c901,29276333,2023-06-20 20:46:47,,javascript:;,PancakeSwap V3: Smart Router,https://bscscan.com/address/0x13f4ea83d0bd40e75c8222255bc855a974568dd4,"2.907965267 BNB $1,887.67",0 . 00077263,,0x13f4ea83d0bd40e75c8222255bc855a974568dd4,,PancakeSwap V3: Smart Router,,PancakeSwap V3: Smart Router,safuu,1,high,2.907965267,1887.67,1915.80,28.13,658.81,2026-05-21,0,0,0.00,0.00,0,,outflow_from_you
0x8eb5bb8e2f387901f8b819f830a94dc849a97a3ace841d55fd537ad0aad13725,https://bscscan.com/tx/0x8eb5bb8e2f387901f8b819f830a94dc849a97a3ace841d55fd537ad0aad13725,29276216,2023-06-20 20:40:47,,javascript:;,PancakeSwap V3: Smart Router,https://bscscan.com/address/0x13f4ea83d0bd40e75c8222255bc855a974568dd4,0 BNB $0.00,0 . 00163142,,0x13f4ea83d0bd40e75c8222255bc855a974568dd4,,PancakeSwap V3: Smart Router,,PancakeSwap V3: Smart Router,safuu,1,high,0,0.00,0.00,0.00,658.81,2026-05-21,0,0,0.00,0.00,0,,outflow_from_you
0x0d0573c026fd42dfb04a840fbaaafa63d6c74523a727b06f9aa8869371f285c4,https://bscscan.com/tx/0x0d0573c026fd42dfb04a840fbaaafa63d6c74523a727b06f9aa8869371f285c4,29252795,2023-06-20 1:06:25,,javascript:;,PancakeSwap V3: Smart Router,https://bscscan.com/address/0x13f4ea83d0bd40e75c8222255bc855a974568dd4,0 BNB $0.00,0 . 00180132,,0x13f4ea83d0bd40e75c8222255bc855a974568dd4,,PancakeSwap V3: Smart Router,,PancakeSwap V3: Smart Router,safuu,1,high,0,0.00,0.00,0.00,658.81,2026-05-21,0,0,0.00,0.00,0,,outflow_from_you
0x783e5bcb8a36e71aaa4d63e5cf8f3dabf0951824d211439328e0c3896ccd51ad,https://bscscan.com/tx/0x783e5bcb8a36e71aaa4d63e5cf8f3dabf0951824d211439328e0c3896ccd51ad,29252791,2023-06-20 1:06:13,,javascript:;,SafuuGO: SGO Token,https://bscscan.com/address/0x9321bc6185adc9b9cb503cc211e17cb311c3fa95,0 BNB $0.00,0 . 00013242,,0x9321bc6185adc9b9cb503cc211e17cb311c3fa95,,SafuuGO: SGO Token,,SafuuGO: SGO Token,safuu,1,high,0,0.00,0.00,0.00,658.81,2026-05-21,0,0,0.00,0.00,0,,outflow_from_you
0x2e69f60eea04005bcb1f6c742672c1e5342ad0cc6d1dd6b397af084dc382335a,https://bscscan.com/tx/0x2e69f60eea04005bcb1f6c742672c1e5342ad0cc6d1dd6b397af084dc382335a,29252748,2023-06-20 1:04:04,,javascript:;,Bogged Finance: Proxy,https://bscscan.com/address/0xb099ed146fad4d0daa31e3810591fc0554af62bb,"2 BNB $1,298.28",0 . 00177166,,0xb099ed146fad4d0daa31e3810591fc0554af62bb,,Bogged Finance: Proxy,,Bogged Finance: Proxy,safuu,1,high,2,1298.28,1317.62,19.34,658.81,2026-05-21,0,0,0.00,0.00,0,,outflow_from_you
0xbf639de9f7632ddca3209b5908056299d471ea0a72238055ac3c835cdcc1d7f0,https://bscscan.com/tx/0xbf639de9f7632ddca3209b5908056299d471ea0a72238055ac3c835cdcc1d7f0,29244904,2023-06-19 18:29:56,,javascript:;,Bogged Finance: Proxy,https://bscscan.com/address/0xb099ed146fad4d0daa31e3810591fc0554af62bb,0.417174247 BNB $270.80,0 . 00162636,,0xb099ed146fad4d0daa31e3810591fc0554af62bb,,Bogged Finance: Proxy,,Bogged Finance: Proxy,safuu,1,high,0.417174247,270.80,274.84,4.04,658.81,2026-05-21,0,0,0.00,0.00,0,,outflow_from_you
0x82d6b76b1afda998547394caa42618cfe65b3f5180708f62f8c1c54f4cced32c,https://bscscan.com/tx/0x82d6b76b1afda998547394caa42618cfe65b3f5180708f62f8c1c54f4cced32c,29244827,2023-06-19 18:26:05,,javascript:;,Bogged Finance: Proxy,https://bscscan.com/address/0xb099ed146fad4d0daa31e3810591fc0554af62bb,"2 BNB $1,298.28",0 . 00162654,,0xb099ed146fad4d0daa31e3810591fc0554af62bb,,Bogged Finance: Proxy,,Bogged Finance: Proxy,safuu,1,high,2,1298.28,1317.62,19.34,658.81,2026-05-21,0,0,0.00,0.00,0,,outflow_from_you
0x777b8372d7dae6aca989e25837e15c2b8a52d26810180f432083ec77dd04437c,https://bscscan.com/tx/0x777b8372d7dae6aca989e25837e15c2b8a52d26810180f432083ec77dd04437c,29243960,2023-06-19 17:42:32,,javascript:;,PancakeSwap V3: Smart Router,https://bscscan.com/address/0x13f4ea83d0bd40e75c8222255bc855a974568dd4,0 BNB $0.00,0 . 00167194,,0x13f4ea83d0bd40e75c8222255bc855a974568dd4,,PancakeSwap V3: Smart Router,,PancakeSwap V3: Smart Router,safuu,1,high,0,0.00,0.00,0.00,658.81,2026-05-21,0,0,0.00,0.00,0,,outflow_from_you
0xe662904aa9c05ec7e0155cb93430575e8e7eeb6ed2c832be036b92c6c2bc2947,https://bscscan.com/tx/0xe662904aa9c05ec7e0155cb93430575e8e7eeb6ed2c832be036b92c6c2bc2947,29243951,2023-06-19 17:42:05,,javascript:;,SafuuGO: SGO Token,https://bscscan.com/address/0x9321bc6185adc9b9cb503cc211e17cb311c3fa95,0 BNB $0.00,0 . 00008742,,0x9321bc6185adc9b9cb503cc211e17cb311c3fa95,,SafuuGO: SGO Token,,SafuuGO: SGO Token,safuu,1,high,0,0.00,0.00,0.00,658.81,2026-05-21,0,0,0.00,0.00,0,,outflow_from_you
0x2903f97fb5c56d6be5c8400608e6be83b102ba6f1bc302ca1a15042ded25c211,https://bscscan.com/tx/0x2903f97fb5c56d6be5c8400608e6be83b102ba6f1bc302ca1a15042ded25c211,29243936,2023-06-19 17:41:20,,javascript:;,PancakeSwap V3: Smart Router,https://bscscan.com/address/0x13f4ea83d0bd40e75c8222255bc855a974568dd4,0 BNB $0.00,0 . 00123932,,0x13f4ea83d0bd40e75c8222255bc855a974568dd4,,PancakeSwap V3: Smart Router,,PancakeSwap V3: Smart Router,,0,,0,0.00,0.00,0.00,658.81,2026-05-21,0,0,0.00,0.00,0,,outflow_from_you
0x2ec580e7017af859050aaa5167469584dceb63c6db2789e5ef13e3d81b68b881,https://bscscan.com/tx/0x2ec580e7017af859050aaa5167469584dceb63c6db2789e5ef13e3d81b68b881,29243921,2023-06-19 17:40:34,,javascript:;,PancakeSwap V3: Smart Router,https://bscscan.com/address/0x13f4ea83d0bd40e75c8222255bc855a974568dd4,0 BNB $0.00,0 . 00181114,,0x13f4ea83d0bd40e75c8222255bc855a974568dd4,,PancakeSwap V3: Smart Router,,PancakeSwap V3: Smart Router,,0,,0,0.00,0.00,0.00,658.81,2026-05-21,0,0,0.00,0.00,0,,outflow_from_you
0xb943c7749c7529c6a2fff501f8ca359cce872a965416be3ef9e681165d44d1bb,https://bscscan.com/tx/0xb943c7749c7529c6a2fff501f8ca359cce872a965416be3ef9e681165d44d1bb,29243909,2023-06-19 17:39:58,,javascript:;,PancakeSwap V3: Smart Router,https://bscscan.com/address/0x13f4ea83d0bd40e75c8222255bc855a974568dd4,0 BNB $0.00,0 . 00155964,,0x13f4ea83d0bd40e75c8222255bc855a974568dd4,,PancakeSwap V3: Smart Router,,PancakeSwap V3: Smart Router,safuu,1,high,0,0.00,0.00,0.00,658.81,2026-05-21,0,0,0.00,0.00,0,,outflow_from_you
0x89feb4b23db60641752da3739fe6e8ac5408ff3fb838642da3efa50dbd76dc0d,https://bscscan.com/tx/0x89feb4b23db60641752da3739fe6e8ac5408ff3fb838642da3efa50dbd76dc0d,29243898,2023-06-19 17:39:25,,javascript:;,PancakeSwap V3: Smart Router,https://bscscan.com/address/0x13f4ea83d0bd40e75c8222255bc855a974568dd4,0 BNB $0.00,0 . 00165376,,0x13f4ea83d0bd40e75c8222255bc855a974568dd4,,PancakeSwap V3: Smart Router,,PancakeSwap V3: Smart Router,,0,,0,0.00,0.00,0.00,658.81,2026-05-21,0,0,0.00,0.00,0,,outflow_from_you
0x05bc97171ad89117efc8d8bd5fe215e3091cc0fcfda69528a7e0ee1eb239e5a5,https://bscscan.com/tx/0x05bc97171ad89117efc8d8bd5fe215e3091cc0fcfda69528a7e0ee1eb239e5a5,29243872,2023-06-19 17:38:07,,javascript:;,PancakeSwap V3: Smart Router,https://bscscan.com/address/0x13f4ea83d0bd40e75c8222255bc855a974568dd4,0 BNB $0.00,0 . 00171203,,0x13f4ea83d0bd40e75c8222255bc855a974568dd4,,PancakeSwap V3: Smart Router,,PancakeSwap V3: Smart Router,safuu,1,high,0,0.00,0.00,0.00,658.81,2026-05-21,0,0,0.00,0.00,0,,outflow_from_you
0x72d946f7696c4f11c6e28922585d1b49d5cf5e032b5b7c4edc5c094f055e736e,https://bscscan.com/tx/0x72d946f7696c4f11c6e28922585d1b49d5cf5e032b5b7c4edc5c094f055e736e,29243672,2023-06-19 17:27:55,,javascript:;,SafuuGO: SGO Token,https://bscscan.com/address/0x9321bc6185adc9b9cb503cc211e17cb311c3fa95,0 BNB $0.00,0 . 00008742,,0x9321bc6185adc9b9cb503cc211e17cb311c3fa95,,SafuuGO: SGO Token,,SafuuGO: SGO Token,safuu,1,high,0,0.00,0.00,0.00,658.81,2026-05-21,0,0,0.00,0.00,0,,outflow_from_you
0x89787244162ac673b9d585002a799cbb9e34851896b6b659cf5ab51c5adfb6da,https://bscscan.com/tx/0x89787244162ac673b9d585002a799cbb9e34851896b6b659cf5ab51c5adfb6da,29242817,2023-06-19 16:44:41,,javascript:;,SafuuGO: SGO Token,https://bscscan.com/address/0x9321bc6185adc9b9cb503cc211e17cb311c3fa95,0 BNB $0.00,0 . 00008742,,0x9321bc6185adc9b9cb503cc211e17cb311c3fa95,,SafuuGO: SGO Token,,SafuuGO: SGO Token,safuu,1,high,0,0.00,0.00,0.00,658.81,2026-05-21,0,0,0.00,0.00,0,,outflow_from_you
0x2279c1ee804e1126880a611798b649e11344a450c6ed45fbda0719ef37848cdc,https://bscscan.com/tx/0x2279c1ee804e1126880a611798b649e11344a450c6ed45fbda0719ef37848cdc,29242203,2023-06-19 16:13:20,,javascript:;,SafuuGO: SGO Token,https://bscscan.com/address/0x9321bc6185adc9b9cb503cc211e17cb311c3fa95,0 BNB $0.00,0 . 00013242,,0x9321bc6185adc9b9cb503cc211e17cb311c3fa95,,SafuuGO: SGO Token,,SafuuGO: SGO Token,safuu,1,high,0,0.00,0.00,0.00,658.81,2026-05-21,0,0,0.00,0.00,0,,outflow_from_you
0x5fd9b6ed20c1bfaecb3d67b4888ce590e90c9307f7396c13c2312edc7b9e2f38,https://bscscan.com/tx/0x5fd9b6ed20c1bfaecb3d67b4888ce590e90c9307f7396c13c2312edc7b9e2f38,29240829,2023-06-19 15:04:09,,javascript:;,SafuuGO: SGO Token,https://bscscan.com/address/0x9321bc6185adc9b9cb503cc211e17cb311c3fa95,0 BNB $0.00,0 . 00013242,,0x9321bc6185adc9b9cb503cc211e17cb311c3fa95,,SafuuGO: SGO Token,,SafuuGO: SGO Token,safuu,1,high,0,0.00,0.00,0.00,658.81,2026-05-21,0,0,0.00,0.00,0,,outflow_from_you
0x48f48a767f5779c2730f4ac688cd7f44f52a9abf29b115152d0c38acf54cde2d,https://bscscan.com/tx/0x48f48a767f5779c2730f4ac688cd7f44f52a9abf29b115152d0c38acf54cde2d,29240609,2023-06-19 14:53:05,,javascript:;,Bogged Finance: Proxy,https://bscscan.com/address/0xb099ed146fad4d0daa31e3810591fc0554af62bb,"5.4 BNB $3,505.35",0 . 00148149,,0xb099ed146fad4d0daa31e3810591fc0554af62bb,,Bogged Finance: Proxy,,Bogged Finance: Proxy,safuu,1,high,5.4,3505.35,3557.57,52.22,658.81,2026-05-21,0,0,0.00,0.00,0,,outflow_from_you
0x63f567223173d586406c4b51ced63db0e2b1d6caf903bd351568bfffdcd7d0a7,https://bscscan.com/tx/0x63f567223173d586406c4b51ced63db0e2b1d6caf903bd351568bfffdcd7d0a7,29239916,2023-06-19 14:17:51,,javascript:;,Bogged Finance: Proxy,https://bscscan.com/address/0xb099ed146fad4d0daa31e3810591fc0554af62bb,0 BNB $0.00,0 . 00280664,,0xb099ed146fad4d0daa31e3810591fc0554af62bb,,Bogged Finance: Proxy,,Bogged Finance: Proxy,safuu,1,high,0,0.00,0.00,0.00,658.81,2026-05-21,0,0,0.00,0.00,0,,outflow_from_you
0xa7466313115ef6061667374c6980d9548ad2508ea7146cb71cedcd684ee1952e,https://bscscan.com/tx/0xa7466313115ef6061667374c6980d9548ad2508ea7146cb71cedcd684ee1952e,29239421,2023-06-19 13:52:35,,javascript:;,Bogged Finance: Proxy,https://bscscan.com/address/0xb099ed146fad4d0daa31e3810591fc0554af62bb,1 BNB $649.14,0 . 00148143,,0xb099ed146fad4d0daa31e3810591fc0554af62bb,,Bogged Finance: Proxy,,Bogged Finance: Proxy,safuu,1,high,1,649.14,658.81,9.67,658.81,2026-05-21,0,0,0.00,0.00,0,,outflow_from_you
0x2e2880ba62ed58f046e2d27610de8ffb7bea3c4f50492c1189ae8a1dcabad33f,https://bscscan.com/tx/0x2e2880ba62ed58f046e2d27610de8ffb7bea3c4f50492c1189ae8a1dcabad33f,29239228,2023-06-19 13:42:55,,javascript:;,PancakeSwap V3: Smart Router,https://bscscan.com/address/0x13f4ea83d0bd40e75c8222255bc855a974568dd4,0 BNB $0.00,0 . 00158334,,0x13f4ea83d0bd40e75c8222255bc855a974568dd4,,PancakeSwap V3: Smart Router,,PancakeSwap V3: Smart Router,safuu,1,high,0,0.00,0.00,0.00,658.81,2026-05-21,0,0,0.00,0.00,0,,outflow_from_you
0xf34d89784747258a3a797c4f108170cbc45b7c376cd98bb5cc27aaca03ba8b43,https://bscscan.com/tx/0xf34d89784747258a3a797c4f108170cbc45b7c376cd98bb5cc27aaca03ba8b43,29239221,2023-06-19 13:42:34,,javascript:;,SafuuGO: SGO Token,https://bscscan.com/address/0x9321bc6185adc9b9cb503cc211e17cb311c3fa95,0 BNB $0.00,0 . 00008742,,0x9321bc6185adc9b9cb503cc211e17cb311c3fa95,,SafuuGO: SGO Token,,SafuuGO: SGO Token,safuu,1,high,0,0.00,0.00,0.00,658.81,2026-05-21,0,0,0.00,0.00,0,,outflow_from_you
0xd3ac0a910377978e08982824e498ad993ec54f0ab894ab90f97b39e4eb01651f,https://bscscan.com/tx/0xd3ac0a910377978e08982824e498ad993ec54f0ab894ab90f97b39e4eb01651f,29239190,2023-06-19 13:41:01,,javascript:;,Bogged Finance: Proxy,https://bscscan.com/address/0xb099ed146fad4d0daa31e3810591fc0554af62bb,"2 BNB $1,298.28",0 . 00148137,,0xb099ed146fad4d0daa31e3810591fc0554af62bb,,Bogged Finance: Proxy,,Bogged Finance: Proxy,safuu,1,high,2,1298.28,1317.62,19.34,658.81,2026-05-21,0,0,0.00,0.00,0,,outflow_from_you
0xe9e50eb1fb867054dacead1dd215ef18cc007faf4b9cdb08a4072917fa691781,https://bscscan.com/tx/0xe9e50eb1fb867054dacead1dd215ef18cc007faf4b9cdb08a4072917fa691781,29239150,2023-06-19 13:39:01,,javascript:;,Bogged Finance: Proxy,https://bscscan.com/address/0xb099ed146fad4d0daa31e3810591fc0554af62bb,1 BNB $649.14,0 . 00148143,,0xb099ed146fad4d0daa31e3810591fc0554af62bb,,Bogged Finance: Proxy,,Bogged Finance: Proxy,safuu,1,high,1,649.14,658.81,9.67,658.81,2026-05-21,0,0,0.00,0.00,0,,outflow_from_you
0xb27023401886b1fc9499fdb6e16a294c3614154dba315de74fef003dae2ff7e3,https://bscscan.com/tx/0xb27023401886b1fc9499fdb6e16a294c3614154dba315de74fef003dae2ff7e3,29239142,2023-06-19 13:38:37,,javascript:;,Bogged Finance: Proxy,https://bscscan.com/address/0xb099ed146fad4d0daa31e3810591fc0554af62bb,1 BNB $649.14,0 . 00148143,,0xb099ed146fad4d0daa31e3810591fc0554af62bb,,Bogged Finance: Proxy,,Bogged Finance: Proxy,safuu,1,high,1,649.14,658.81,9.67,658.81,2026-05-21,0,0,0.00,0.00,0,,outflow_from_you
0x71d4ef95a0930d8286fc8e88cca9eaa72f935ff3718accf69aa3fc2debb4faec,https://bscscan.com/tx/0x71d4ef95a0930d8286fc8e88cca9eaa72f935ff3718accf69aa3fc2debb4faec,29236154,2023-06-19 11:08:35,,javascript:;,PancakeSwap V3: Smart Router,https://bscscan.com/address/0x13f4ea83d0bd40e75c8222255bc855a974568dd4,0 BNB $0.00,0 . 00162826,,0x13f4ea83d0bd40e75c8222255bc855a974568dd4,,PancakeSwap V3: Smart Router,,PancakeSwap V3: Smart Router,safuu,1,high,0,0.00,0.00,0.00,658.81,2026-05-21,0,0,0.00,0.00,0,,outflow_from_you
0xa8ea7c50336c70095d6c4ab388c2ba6c68049dd8cf9005a421d88e9a0bb2372c,https://bscscan.com/tx/0xa8ea7c50336c70095d6c4ab388c2ba6c68049dd8cf9005a421d88e9a0bb2372c,29236141,2023-06-19 11:07:56,,javascript:;,SafuuGO: SGO Token,https://bscscan.com/address/0x9321bc6185adc9b9cb503cc211e17cb311c3fa95,0 BNB $0.00,0 . 00008742,,0x9321bc6185adc9b9cb503cc211e17cb311c3fa95,,SafuuGO: SGO Token,,SafuuGO: SGO Token,safuu,1,high,0,0.00,0.00,0.00,658.81,2026-05-21,0,0,0.00,0.00,0,,outflow_from_you
0xa48097bc3c559558dbdacbc503f7f7ae39d0f0b6119b1f2987757c9d303f23ba,https://bscscan.com/tx/0xa48097bc3c559558dbdacbc503f7f7ae39d0f0b6119b1f2987757c9d303f23ba,29235663,2023-06-19 10:44:02,,javascript:;,SafuuGO: SGO Token,https://bscscan.com/address/0x9321bc6185adc9b9cb503cc211e17cb311c3fa95,0 BNB $0.00,0 . 00008742,,0x9321bc6185adc9b9cb503cc211e17cb311c3fa95,,SafuuGO: SGO Token,,SafuuGO: SGO Token,safuu,1,high,0,0.00,0.00,0.00,658.81,2026-05-21,0,0,0.00,0.00,0,,outflow_from_you
0x537909f7ba6b286f0f8d0f62df98b5244ba77240813339af1677981cf74028a8,https://bscscan.com/tx/0x537909f7ba6b286f0f8d0f62df98b5244ba77240813339af1677981cf74028a8,29206594,2023-06-18 10:25:10,,javascript:;,PancakeSwap V3: Smart Router,https://bscscan.com/address/0x13f4ea83d0bd40e75c8222255bc855a974568dd4,"2 BNB $1,298.28",0 . 00081039,,0x13f4ea83d0bd40e75c8222255bc855a974568dd4,,PancakeSwap V3: Smart Router,,PancakeSwap V3: Smart Router,safuu,1,high,2,1298.28,1317.62,19.34,658.81,2026-05-21,0,0,0.00,0.00,0,,outflow_from_you
0x76b849e329fa954f227516af6034081c019d3da7355f1bd4170a98a4a1fac8c1,https://bscscan.com/tx/0x76b849e329fa954f227516af6034081c019d3da7355f1bd4170a98a4a1fac8c1,29189565,2023-06-17 20:11:51,,javascript:;,Bogged Finance: Proxy,https://bscscan.com/address/0xb099ed146fad4d0daa31e3810591fc0554af62bb,0 BNB $0.00,0 . 00853218,,0xb099ed146fad4d0daa31e3810591fc0554af62bb,,Bogged Finance: Proxy,,Bogged Finance: Proxy,safuu,1,high,0,0.00,0.00,0.00,658.81,2026-05-21,0,0,0.00,0.00,0,,outflow_from_you
0x8229c9ef648f7d2074e462c0a47f45f3e15afc6e6588057ebbc4d411eba2ebdb,https://bscscan.com/tx/0x8229c9ef648f7d2074e462c0a47f45f3e15afc6e6588057ebbc4d411eba2ebdb,29182993,2023-06-17 14:42:36,,javascript:;,Bogged Finance: Proxy,https://bscscan.com/address/0xb099ed146fad4d0daa31e3810591fc0554af62bb,0 BNB $0.00,0 . 00194796,,0xb099ed146fad4d0daa31e3810591fc0554af62bb,,Bogged Finance: Proxy,,Bogged Finance: Proxy,safuu,1,high,0,0.00,0.00,0.00,658.81,2026-05-21,0,0,0.00,0.00,0,,outflow_from_you
0xcae5e269301dafa6d70b0373d5886b772ab30a7383f0502c518fd606f6f9251e,https://bscscan.com/tx/0xcae5e269301dafa6d70b0373d5886b772ab30a7383f0502c518fd606f6f9251e,29180831,2023-06-17 12:54:15,,javascript:;,PancakeSwap V3: Smart Router,https://bscscan.com/address/0x13f4ea83d0bd40e75c8222255bc855a974568dd4,0.45 BNB $292.11,0 . 00081039,,0x13f4ea83d0bd40e75c8222255bc855a974568dd4,,PancakeSwap V3: Smart Router,,PancakeSwap V3: Smart Router,safuu,1,high,0.45,292.11,296.46,4.35,658.81,2026-05-21,0,0,0.00,0.00,0,,outflow_from_you
0xeb9d39b9c1ea5a7cb190c2aacd5347468f3136728c1eb1f040b8f8c938f58076,https://bscscan.com/tx/0xeb9d39b9c1ea5a7cb190c2aacd5347468f3136728c1eb1f040b8f8c938f58076,29180702,2023-06-17 12:47:48,,javascript:;,PancakeSwap V3: Smart Router,https://bscscan.com/address/0x13f4ea83d0bd40e75c8222255bc855a974568dd4,0.500409881 BNB $324.84,0 . 00081047,,0x13f4ea83d0bd40e75c8222255bc855a974568dd4,,PancakeSwap V3: Smart Router,,PancakeSwap V3: Smart Router,safuu,1,high,0.500409881,324.84,329.68,4.84,658.81,2026-05-21,0,0,0.00,0.00,0,,outflow_from_you
0xa4aaa302695a676efd0a7b0c5065481948ceb8a62278a802fdecb0e7e3425086,https://bscscan.com/tx/0xa4aaa302695a676efd0a7b0c5065481948ceb8a62278a802fdecb0e7e3425086,29159462,2023-06-16 19:01:47,,javascript:;,Bogged Finance: Proxy,https://bscscan.com/address/0xb099ed146fad4d0daa31e3810591fc0554af62bb,0 BNB $0.00,0 . 00280652,,0xb099ed146fad4d0daa31e3810591fc0554af62bb,,Bogged Finance: Proxy,,Bogged Finance: Proxy,safuu,1,high,0,0.00,0.00,0.00,658.81,2026-05-21,0,0,0.00,0.00,0,,outflow_from_you
0x3da6268ffdaaa0c74e232562bb0b57f42ccb921dffd6f4c0cce137f234953218,https://bscscan.com/tx/0x3da6268ffdaaa0c74e232562bb0b57f42ccb921dffd6f4c0cce137f234953218,29159156,2023-06-16 18:46:29,Binance: Hot Wallet 13,https://bscscan.com/address/0xbd612a3f30dca67bf60a39fd0d35e39b7ab80774,,javascript:;,0.0195 BNB $12.66,0 . 000126,0xbd612a3f30dca67bf60a39fd0d35e39b7ab80774,,Binance: Hot Wallet 13,,Binance: Hot Wallet 13,,,0,,0.0195,12.66,12.85,0.19,658.81,2026-05-21,1,0.0195,12.66,12.85,1,friendly_tag_or_url_contains_binance,inflow_to_you
0x79bde17db7cac9b4b105910711ab9ac95d1df6f3ad1cb4809826cbd64486f846,https://bscscan.com/tx/0x79bde17db7cac9b4b105910711ab9ac95d1df6f3ad1cb4809826cbd64486f846,29159051,2023-06-16 18:41:13,,javascript:;,Metamask: Swap Router,https://bscscan.com/address/0x1a1ec25dc08e98e5e93f1104b5e5cdd298707d31,0 BNB $0.00,0 . 00051743,,0x1a1ec25dc08e98e5e93f1104b5e5cdd298707d31,,Metamask: Swap Router,,Metamask: Swap Router,,0,,0,0.00,0.00,0.00,658.81,2026-05-21,0,0,0.00,0.00,0,,outflow_from_you
0x51f37177157ba3ecf80e9fd748fde5fd5614bf4f26f4049f5ef367a4c7624b6f,https://bscscan.com/tx/0x51f37177157ba3ecf80e9fd748fde5fd5614bf4f26f4049f5ef367a4c7624b6f,29158957,2023-06-16 18:36:27,,javascript:;,Bogged Finance: Proxy,https://bscscan.com/address/0xb099ed146fad4d0daa31e3810591fc0554af62bb,1 BNB $649.14,0 . 00148143,,0xb099ed146fad4d0daa31e3810591fc0554af62bb,,Bogged Finance: Proxy,,Bogged Finance: Proxy,safuu,1,high,1,649.14,658.81,9.67,658.81,2026-05-21,0,0,0.00,0.00,0,,outflow_from_you
0x445e27c48d97fb9874859900b9c69724787163475c6e619bdf189883d46f6fe5,https://bscscan.com/tx/0x445e27c48d97fb9874859900b9c69724787163475c6e619bdf189883d46f6fe5,29158947,2023-06-16 18:35:57,,javascript:;,PancakeSwap V3: Smart Router,https://bscscan.com/address/0x13f4ea83d0bd40e75c8222255bc855a974568dd4,1 BNB $649.14,0 . 00080364,,0x13f4ea83d0bd40e75c8222255bc855a974568dd4,,PancakeSwap V3: Smart Router,,PancakeSwap V3: Smart Router,,0,,1,649.14,658.81,9.67,658.81,2026-05-21,0,0,0.00,0.00,0,,outflow_from_you
0x76643c4221ef3457d9586004046fbc42d9da1e941b19e6ac552c60f7e47ae40b,https://bscscan.com/tx/0x76643c4221ef3457d9586004046fbc42d9da1e941b19e6ac552c60f7e47ae40b,29158681,2023-06-16 18:22:39,,javascript:;,PancakeSwap V3: Smart Router,https://bscscan.com/address/0x13f4ea83d0bd40e75c8222255bc855a974568dd4,0.995428941 BNB $646.17,0 . 00065306,,0x13f4ea83d0bd40e75c8222255bc855a974568dd4,,PancakeSwap V3: Smart Router,,PancakeSwap V3: Smart Router,safuu,1,high,0.995428941,646.17,655.80,9.63,658.81,2026-05-21,0,0,0.00,0.00,0,,outflow_from_you
0x5a5cb28113b45f8e4f14ea31228fb6c833e30ded9dc16d44c2571008395cc398,https://bscscan.com/tx/0x5a5cb28113b45f8e4f14ea31228fb6c833e30ded9dc16d44c2571008395cc398,29158266,2023-06-16 18:01:54,,javascript:;,SafuuGO: SGO Token,https://bscscan.com/address/0x9321bc6185adc9b9cb503cc211e17cb311c3fa95,0 BNB $0.00,0 . 0002207,,0x9321bc6185adc9b9cb503cc211e17cb311c3fa95,,SafuuGO: SGO Token,,SafuuGO: SGO Token,safuu,1,high,0,0.00,0.00,0.00,658.81,2026-05-21,0,0,0.00,0.00,0,,outflow_from_you
0x3ea5b8d43c60d041a39aa5f0e502d32b510e9d09973c5b3b2e29eb49748ce854,https://bscscan.com/tx/0x3ea5b8d43c60d041a39aa5f0e502d32b510e9d09973c5b3b2e29eb49748ce854,29158163,2023-06-16 17:56:45,,javascript:;,SafuuGO: SGO Token,https://bscscan.com/address/0x9321bc6185adc9b9cb503cc211e17cb311c3fa95,0 BNB $0.00,0 . 00008742,,0x9321bc6185adc9b9cb503cc211e17cb311c3fa95,,SafuuGO: SGO Token,,SafuuGO: SGO Token,safuu,1,high,0,0.00,0.00,0.00,658.81,2026-05-21,0,0,0.00,0.00,0,,outflow_from_you
0xef07d47e1b3255fa0694c2b00c253acf9d3ad536cb98bee6f20767a914e4a11d,https://bscscan.com/tx/0xef07d47e1b3255fa0694c2b00c253acf9d3ad536cb98bee6f20767a914e4a11d,28987462,2023-06-10 19:21:56,,javascript:;,0x07D9a4fc...89d0c3FB8,https://bscscan.com/address/0x07d9a4fc576a56264acead826229b1989d0c3fb8,0 BNB $0.00,0 . 00110915,,0x07d9a4fc576a56264acead826229b1989d0c3fb8,,,,,safuu,1,high,0,0.00,0.00,0.00,658.81,2026-05-21,0,0,0.00,0.00,0,,outflow_from_you
0x4d4bb40f9d5a2a639e9ece050b9ab42878f9aeed84dae6773286a9bee62b2d9c,https://bscscan.com/tx/0x4d4bb40f9d5a2a639e9ece050b9ab42878f9aeed84dae6773286a9bee62b2d9c,28982348,2023-06-10 15:05:55,,javascript:;,SafuuGO: SGO Token,https://bscscan.com/address/0x9321bc6185adc9b9cb503cc211e17cb311c3fa95,0 BNB $0.00,0 . 00013242,,0x9321bc6185adc9b9cb503cc211e17cb311c3fa95,,SafuuGO: SGO Token,,SafuuGO: SGO Token,safuu,1,high,0,0.00,0.00,0.00,658.81,2026-05-21,0,0,0.00,0.00,0,,outflow_from_you
0xea03e62244a768519fd0ef2efc2d3236512226eb031f6be2b682a93e9cb67581,https://bscscan.com/tx/0xea03e62244a768519fd0ef2efc2d3236512226eb031f6be2b682a93e9cb67581,28982321,2023-06-10 15:04:34,,javascript:;,PancakeSwap V3: Smart Router,https://bscscan.com/address/0x13f4ea83d0bd40e75c8222255bc855a974568dd4,1 BNB $649.14,0 . 00081039,,0x13f4ea83d0bd40e75c8222255bc855a974568dd4,,PancakeSwap V3: Smart Router,,PancakeSwap V3: Smart Router,safuu,1,high,1,649.14,658.81,9.67,658.81,2026-05-21,0,0,0.00,0.00,0,,outflow_from_you
0xfcdaa2ef5e12d0bb8d8511298a8bdc4572cf62abd2988297e7879d9ff69c5030,https://bscscan.com/tx/0xfcdaa2ef5e12d0bb8d8511298a8bdc4572cf62abd2988297e7879d9ff69c5030,28982232,2023-06-10 15:00:07,,javascript:;,0x07D9a4fc...89d0c3FB8,https://bscscan.com/address/0x07d9a4fc576a56264acead826229b1989d0c3fb8,0 BNB $0.00,0 . 00121404,,0x07d9a4fc576a56264acead826229b1989d0c3fb8,,,,,safuu,1,high,0,0.00,0.00,0.00,658.81,2026-05-21,0,0,0.00,0.00,0,,outflow_from_you
0x62625c0424721e7b5c3a57d9b5c98dc514a736e42d99247df25726e4ebf2d004,https://bscscan.com/tx/0x62625c0424721e7b5c3a57d9b5c98dc514a736e42d99247df25726e4ebf2d004,28982223,2023-06-10 14:59:40,,javascript:;,0x07D9a4fc...89d0c3FB8,https://bscscan.com/address/0x07d9a4fc576a56264acead826229b1989d0c3fb8,0 BNB $0.00,0 . 00049118,,0x07d9a4fc576a56264acead826229b1989d0c3fb8,,,,,safuu,1,high,0,0.00,0.00,0.00,658.81,2026-05-21,0,0,0.00,0.00,0,,outflow_from_you
0x6937d5e35e2d25b378a8d66e8163485f890e3d019ba98027ffd626555f63630a,https://bscscan.com/tx/0x6937d5e35e2d25b378a8d66e8163485f890e3d019ba98027ffd626555f63630a,28982214,2023-06-10 14:59:13,,javascript:;,0x07D9a4fc...89d0c3FB8,https://bscscan.com/address/0x07d9a4fc576a56264acead826229b1989d0c3fb8,0 BNB $0.00,0 . 00121662,,0x07d9a4fc576a56264acead826229b1989d0c3fb8,,,,,safuu,1,high,0,0.00,0.00,0.00,658.81,2026-05-21,0,0,0.00,0.00,0,,outflow_from_you
0x9399e663cb06dbf3642422bd4f74677fa74cd6564caae1ba966be1c14c062670,https://bscscan.com/tx/0x9399e663cb06dbf3642422bd4f74677fa74cd6564caae1ba966be1c14c062670,28982207,2023-06-10 14:58:52,,javascript:;,SafuuGO: SGO Token,https://bscscan.com/address/0x9321bc6185adc9b9cb503cc211e17cb311c3fa95,0 BNB $0.00,0 . 00013242,,0x9321bc6185adc9b9cb503cc211e17cb311c3fa95,,SafuuGO: SGO Token,,SafuuGO: SGO Token,safuu,1,high,0,0.00,0.00,0.00,658.81,2026-05-21,0,0,0.00,0.00,0,,outflow_from_you
0x903f8416eea2671c44ba9cd4589ff583bd8258cee0cb607c24b1013913a558ac,https://bscscan.com/tx/0x903f8416eea2671c44ba9cd4589ff583bd8258cee0cb607c24b1013913a558ac,28981558,2023-06-10 14:26:19,,javascript:;,PancakeSwap V3: Smart Router,https://bscscan.com/address/0x13f4ea83d0bd40e75c8222255bc855a974568dd4,1 BNB $649.14,0 . 00081039,,0x13f4ea83d0bd40e75c8222255bc855a974568dd4,,PancakeSwap V3: Smart Router,,PancakeSwap V3: Smart Router,safuu,1,high,1,649.14,658.81,9.67,658.81,2026-05-21,0,0,0.00,0.00,0,,outflow_from_you
0x50725479d5862c0b079a87f76dcb3c31f15069b13441e59a6e6de171da358a21,https://bscscan.com/tx/0x50725479d5862c0b079a87f76dcb3c31f15069b13441e59a6e6de171da358a21,28981543,2023-06-10 14:25:34,,javascript:;,PancakeSwap V3: Smart Router,https://bscscan.com/address/0x13f4ea83d0bd40e75c8222255bc855a974568dd4,1 BNB $649.14,0 . 00080364,,0x13f4ea83d0bd40e75c8222255bc855a974568dd4,,PancakeSwap V3: Smart Router,,PancakeSwap V3: Smart Router,,0,,1,649.14,658.81,9.67,658.81,2026-05-21,0,0,0.00,0.00,0,,outflow_from_you
0x435c743ade0cc6aecd4d71f4b7296c12e6ecdc1f3d841cbad722b96e3bf2472c,https://bscscan.com/tx/0x435c743ade0cc6aecd4d71f4b7296c12e6ecdc1f3d841cbad722b96e3bf2472c,28981449,2023-06-10 14:20:52,,javascript:;,PancakeSwap V3: Smart Router,https://bscscan.com/address/0x13f4ea83d0bd40e75c8222255bc855a974568dd4,1 BNB $649.14,0 . 00081039,,0x13f4ea83d0bd40e75c8222255bc855a974568dd4,,PancakeSwap V3: Smart Router,,PancakeSwap V3: Smart Router,safuu,1,high,1,649.14,658.81,9.67,658.81,2026-05-21,0,0,0.00,0.00,0,,outflow_from_you
0x0c7dbadcb10b60f11cff828b788d999021136961ed7512b142fc0d19ca39f3dc,https://bscscan.com/tx/0x0c7dbadcb10b60f11cff828b788d999021136961ed7512b142fc0d19ca39f3dc,28981278,2023-06-10 14:12:19,Binance: Hot Wallet 23,https://bscscan.com/address/0x01c952174c24e1210d26961d456a77a39e1f0bb0,,javascript:;,"4.9995 BNB $3,245.37",0 . 000126,0x01c952174c24e1210d26961d456a77a39e1f0bb0,,Binance: Hot Wallet 23,,Binance: Hot Wallet 23,,,0,,4.9995,3245.37,3293.72,48.35,658.81,2026-05-21,1,4.9995,3245.37,3293.72,1,friendly_tag_or_url_contains_binance,inflow_to_you
0xb0258e99b09117dd848d70d950e1333b096b201b3de4d40cb57f301e7c931974,https://bscscan.com/tx/0xb0258e99b09117dd848d70d950e1333b096b201b3de4d40cb57f301e7c931974,28944725,2023-06-09 7:40:43,,javascript:;,PancakeSwap V3: Smart Router,https://bscscan.com/address/0x13f4ea83d0bd40e75c8222255bc855a974568dd4,"2.398224641 BNB $1,556.78",0 . 00080331,,0x13f4ea83d0bd40e75c8222255bc855a974568dd4,,PancakeSwap V3: Smart Router,,PancakeSwap V3: Smart Router,safuu,1,high,2.398224641,1556.78,1579.97,23.19,658.81,2026-05-21,0,0,0.00,0.00,0,,outflow_from_you
0xc34308d12c92cb37cb207048a3f08205f39b0484fd1d937c195ce187230be56c,https://bscscan.com/tx/0xc34308d12c92cb37cb207048a3f08205f39b0484fd1d937c195ce187230be56c,28944712,2023-06-09 7:40:03,,javascript:;,PancakeSwap V3: Smart Router,https://bscscan.com/address/0x13f4ea83d0bd40e75c8222255bc855a974568dd4,0 BNB $0.00,0 . 0004555,,0x13f4ea83d0bd40e75c8222255bc855a974568dd4,,PancakeSwap V3: Smart Router,,PancakeSwap V3: Smart Router,,0,,0,0.00,0.00,0.00,658.81,2026-05-21,0,0,0.00,0.00,0,,outflow_from_you
0x1e374fe313711cc867b231198c0a4208def1ae269a0da084b2ce1236c28d055f,https://bscscan.com/tx/0x1e374fe313711cc867b231198c0a4208def1ae269a0da084b2ce1236c28d055f,28944707,2023-06-09 7:39:48,,javascript:;,BUSD-T Stablecoin,https://bscscan.com/address/0x55d398326f99059ff775485246999027b3197955,0 BNB $0.00,0 . 00013235,,0x55d398326f99059ff775485246999027b3197955,,BUSD-T Stablecoin,,BUSD-T Stablecoin,,0,,0,0.00,0.00,0.00,658.81,2026-05-21,0,0,0.00,0.00,0,,outflow_from_you
0x148b01d40cd0548a919c761dc88cee950bc3f1d22f8c216cbd249fabca13a494,https://bscscan.com/tx/0x148b01d40cd0548a919c761dc88cee950bc3f1d22f8c216cbd249fabca13a494,28814292,2023-06-04 18:40:57,,javascript:;,0x5e0f5bDC...2B40e6373,https://bscscan.com/address/0x5e0f5bdc4d1c68f5e45a72cf0ce70b82b40e6373,0.001 BNB $0.65,0 . 000063,,0x5e0f5bdc4d1c68f5e45a72cf0ce70b82b40e6373,,,,,,0,,0.001,0.65,0.66,0.01,658.81,2026-05-21,0,0,0.00,0.00,0,,outflow_from_you
0x03ec0a7f158b81d8ad9a8ce7d8a7780ef41cc3f10d15468ef326331a02d1c114,https://bscscan.com/tx/0x03ec0a7f158b81d8ad9a8ce7d8a7780ef41cc3f10d15468ef326331a02d1c114,28814288,2023-06-04 18:40:45,,javascript:;,0xE42BE986...70D329C86,https://bscscan.com/address/0xe42be98613347658f82dcd90ce8102e70d329c86,0.001 BNB $0.65,0 . 000063,,0xe42be98613347658f82dcd90ce8102e70d329c86,,,,,,0,,0.001,0.65,0.66,0.01,658.81,2026-05-21,0,0,0.00,0.00,0,,outflow_from_you
0x3c761c23daa12f827beb9a783556c5ff0ee5823e9fa98811b6451802bc8ca54e,https://bscscan.com/tx/0x3c761c23daa12f827beb9a783556c5ff0ee5823e9fa98811b6451802bc8ca54e,28810277,2023-06-04 15:20:01,,javascript:;,PancakeSwap V3: Smart Router,https://bscscan.com/address/0x13f4ea83d0bd40e75c8222255bc855a974568dd4,0.822985322 BNB $534.23,0 . 00081043,,0x13f4ea83d0bd40e75c8222255bc855a974568dd4,,PancakeSwap V3: Smart Router,,PancakeSwap V3: Smart Router,safuu,1,high,0.822985322,534.23,542.19,7.96,658.81,2026-05-21,0,0,0.00,0.00,0,,outflow_from_you
0x3afc5a2f9d6609861a51a2ac19ad4bb716716d96d5fbdd109d52977c556f3ee8,https://bscscan.com/tx/0x3afc5a2f9d6609861a51a2ac19ad4bb716716d96d5fbdd109d52977c556f3ee8,28810187,2023-06-04 15:15:31,,javascript:;,0x5e0f5bDC...2B40e6373,https://bscscan.com/address/0x5e0f5bdc4d1c68f5e45a72cf0ce70b82b40e6373,0.001 BNB $0.65,0 . 000063,,0x5e0f5bdc4d1c68f5e45a72cf0ce70b82b40e6373,,,,,,0,,0.001,0.65,0.66,0.01,658.81,2026-05-21,0,0,0.00,0.00,0,,outflow_from_you
0xaddd989daa8b611e53c38be14721b4f70ee2c36c1596af622c9ea0a3981c17ce,https://bscscan.com/tx/0xaddd989daa8b611e53c38be14721b4f70ee2c36c1596af622c9ea0a3981c17ce,28810120,2023-06-04 15:12:10,,javascript:;,0xE42BE986...70D329C86,https://bscscan.com/address/0xe42be98613347658f82dcd90ce8102e70d329c86,0.001 BNB $0.65,0 . 000063,,0xe42be98613347658f82dcd90ce8102e70d329c86,,,,,,0,,0.001,0.65,0.66,0.01,658.81,2026-05-21,0,0,0.00,0.00,0,,outflow_from_you
0x21c9d72153e1b0e9d7d38c0fa0aaaa3d5f2f1100245c90fe31ede170121cdc05,https://bscscan.com/tx/0x21c9d72153e1b0e9d7d38c0fa0aaaa3d5f2f1100245c90fe31ede170121cdc05,28809127,2023-06-04 14:22:30,,javascript:;,0xB6934215...68B6A3182,https://bscscan.com/address/0xb6934215b856b03430fc8dc058bd1c668b6a3182,0.17 BNB $110.35,0 . 000063,,0xb6934215b856b03430fc8dc058bd1c668b6a3182,,,,,,0,,0.17,110.35,112.00,1.65,658.81,2026-05-21,0,0,0.00,0.00,1,user_binance_address_match,outflow_from_you
0xc90dda48aa2c0046ab79b02cdf59fc128b8122e7da62d4d26e43b096ed0ec176,https://bscscan.com/tx/0xc90dda48aa2c0046ab79b02cdf59fc128b8122e7da62d4d26e43b096ed0ec176,28808355,2023-06-04 13:43:54,0xCC1785D9...D19a6cc38,https://bscscan.com/address/0xcc1785d9b3279cbe66c1567f43b0df8d19a6cc38,,javascript:;,0.331 BNB $214.87,0 . 000063,0xcc1785d9b3279cbe66c1567f43b0df8d19a6cc38,,,,,,,0,,0.331,214.87,218.07,3.20,658.81,2026-05-21,0,0,0.00,0.00,0,,inflow_to_you
0x4aab21e2a99bfb0935520acbbc4d14233879adc498b99441afcb4c6a9ebb23f3,https://bscscan.com/tx/0x4aab21e2a99bfb0935520acbbc4d14233879adc498b99441afcb4c6a9ebb23f3,28808326,2023-06-04 13:42:27,0x5e0f5bDC...2B40e6373,https://bscscan.com/address/0x5e0f5bdc4d1c68f5e45a72cf0ce70b82b40e6373,,javascript:;,0.331 BNB $214.87,0 . 000063,0x5e0f5bdc4d1c68f5e45a72cf0ce70b82b40e6373,,,,,,,0,,0.331,214.87,218.07,3.20,658.81,2026-05-21,0,0,0.00,0.00,0,,inflow_to_you
0xc023b1ab78f591a5ee61233a1ea5fa1ed5402b8470789988e79aeffa2160f8a1,https://bscscan.com/tx/0xc023b1ab78f591a5ee61233a1ea5fa1ed5402b8470789988e79aeffa2160f8a1,28808292,2023-06-04 13:40:45,0xE42BE986...70D329C86,https://bscscan.com/address/0xe42be98613347658f82dcd90ce8102e70d329c86,,javascript:;,0.335 BNB $217.46,0 . 000063,0xe42be98613347658f82dcd90ce8102e70d329c86,,,,,,,0,,0.335,217.46,220.70,3.24,658.81,2026-05-21,0,0,0.00,0.00,0,,inflow_to_you
0xa12519ffa47afad522ae6d5e610c920e313e9b8e3bee50176f3d7f2797534052,https://bscscan.com/tx/0xa12519ffa47afad522ae6d5e610c920e313e9b8e3bee50176f3d7f2797534052,28804846,2023-06-04 10:48:03,,javascript:;,PancakeSwap V3: Smart Router,https://bscscan.com/address/0x13f4ea83d0bd40e75c8222255bc855a974568dd4,0 BNB $0.00,0 . 00083767,,0x13f4ea83d0bd40e75c8222255bc855a974568dd4,,PancakeSwap V3: Smart Router,,PancakeSwap V3: Smart Router,safuu,1,high,0,0.00,0.00,0.00,658.81,2026-05-21,0,0,0.00,0.00,0,,outflow_from_you
0x82eb7aef248400e735dc95706d977c52a017091824bbf4c8627228bb865fbb02,https://bscscan.com/tx/0x82eb7aef248400e735dc95706d977c52a017091824bbf4c8627228bb865fbb02,28792409,2023-06-04 0:25:11,,javascript:;,Safuu: SAFUU Token,https://bscscan.com/address/0xe5ba47fd94cb645ba4119222e34fb33f59c7cd90,0 BNB $0.00,0 . 00022042,,0xe5ba47fd94cb645ba4119222e34fb33f59c7cd90,,Safuu: SAFUU Token,,Safuu: SAFUU Token,safuu,1,high,0,0.00,0.00,0.00,658.81,2026-05-21,0,0,0.00,0.00,0,,outflow_from_you
0x6c62d8bba8842264ff958bc7764b530b9973731b35b217f47a44a296503a1678,https://bscscan.com/tx/0x6c62d8bba8842264ff958bc7764b530b9973731b35b217f47a44a296503a1678,28792291,2023-06-04 0:19:17,,javascript:;,PancakeSwap V3: Smart Router,https://bscscan.com/address/0x13f4ea83d0bd40e75c8222255bc855a974568dd4,"3.46413322 BNB $2,248.70",0 . 00076758,,0x13f4ea83d0bd40e75c8222255bc855a974568dd4,,PancakeSwap V3: Smart Router,,PancakeSwap V3: Smart Router,safuu,1,high,3.46413322,2248.70,2282.21,33.51,658.81,2026-05-21,0,0,0.00,0.00,0,,outflow_from_you
0x28892860ca8cdc712b076b5dd86bfae20999d50ce133155d6862805481cef5b8,https://bscscan.com/tx/0x28892860ca8cdc712b076b5dd86bfae20999d50ce133155d6862805481cef5b8,28792228,2023-06-04 0:16:08,,javascript:;,PancakeSwap V3: Smart Router,https://bscscan.com/address/0x13f4ea83d0bd40e75c8222255bc855a974568dd4,0 BNB $0.00,0 . 00040395,,0x13f4ea83d0bd40e75c8222255bc855a974568dd4,,PancakeSwap V3: Smart Router,,PancakeSwap V3: Smart Router,,0,,0,0.00,0.00,0.00,658.81,2026-05-21,0,0,0.00,0.00,0,,outflow_from_you
0xee57bf79b58249871df30a1df5ee9a0ddd195371e82bf278c2a4a1cd593bb1a8,https://bscscan.com/tx/0xee57bf79b58249871df30a1df5ee9a0ddd195371e82bf278c2a4a1cd593bb1a8,28792214,2023-06-04 0:15:26,,javascript:;,BUSD-T Stablecoin,https://bscscan.com/address/0x55d398326f99059ff775485246999027b3197955,0 BNB $0.00,0 . 00014559,,0x55d398326f99059ff775485246999027b3197955,,BUSD-T Stablecoin,,BUSD-T Stablecoin,,0,,0,0.00,0.00,0.00,658.81,2026-05-21,0,0,0.00,0.00,0,,outflow_from_you
0x79d5076a8ab56816e2812fa3c4c8f0300f9f83774a32c8fe0f4868d7cef4f9ed,https://bscscan.com/tx/0x79d5076a8ab56816e2812fa3c4c8f0300f9f83774a32c8fe0f4868d7cef4f9ed,28792173,2023-06-04 0:13:23,,javascript:;,PancakeSwap V3: Smart Router,https://bscscan.com/address/0x13f4ea83d0bd40e75c8222255bc855a974568dd4,0 BNB $0.00,0 . 00018268,,0x13f4ea83d0bd40e75c8222255bc855a974568dd4,,PancakeSwap V3: Smart Router,,PancakeSwap V3: Smart Router,,0,,0,0.00,0.00,0.00,658.81,2026-05-21,0,0,0.00,0.00,0,,outflow_from_you
0x96f0cf4d23959f23233859eb5d0107aae81588029f41ec2c02747db1b04863c8,https://bscscan.com/tx/0x96f0cf4d23959f23233859eb5d0107aae81588029f41ec2c02747db1b04863c8,28792162,2023-06-04 0:12:50,,javascript:;,PancakeSwap V3: Smart Router,https://bscscan.com/address/0x13f4ea83d0bd40e75c8222255bc855a974568dd4,0 BNB $0.00,0 . 00018268,,0x13f4ea83d0bd40e75c8222255bc855a974568dd4,,PancakeSwap V3: Smart Router,,PancakeSwap V3: Smart Router,,0,,0,0.00,0.00,0.00,658.81,2026-05-21,0,0,0.00,0.00,0,,outflow_from_you
0xe75c809c73adbef4ba8d55073e127efe5c04564503c4b57bdb2f0882171b0794,https://bscscan.com/tx/0xe75c809c73adbef4ba8d55073e127efe5c04564503c4b57bdb2f0882171b0794,28792152,2023-06-04 0:12:20,,javascript:;,PancakeSwap V3: Smart Router,https://bscscan.com/address/0x13f4ea83d0bd40e75c8222255bc855a974568dd4,0 BNB $0.00,0 . 00018268,,0x13f4ea83d0bd40e75c8222255bc855a974568dd4,,PancakeSwap V3: Smart Router,,PancakeSwap V3: Smart Router,,0,,0,0.00,0.00,0.00,658.81,2026-05-21,0,0,0.00,0.00,0,,outflow_from_you
0x89e19e41d95c17d6de666e57dc4e49452d2ad36bf2b7b5f6df0567dfd5a1b1df,https://bscscan.com/tx/0x89e19e41d95c17d6de666e57dc4e49452d2ad36bf2b7b5f6df0567dfd5a1b1df,28792134,2023-06-04 0:11:22,,javascript:;,PancakeSwap V3: Smart Router,https://bscscan.com/address/0x13f4ea83d0bd40e75c8222255bc855a974568dd4,0 BNB $0.00,0 . 00015852,,0x13f4ea83d0bd40e75c8222255bc855a974568dd4,,PancakeSwap V3: Smart Router,,PancakeSwap V3: Smart Router,,0,,0,0.00,0.00,0.00,658.81,2026-05-21,0,0,0.00,0.00,0,,outflow_from_you
0xcd73a2a1f619a288d68e68121f1b77edb3f3fa00ec2f1d93a0dfd23bc1783513,https://bscscan.com/tx/0xcd73a2a1f619a288d68e68121f1b77edb3f3fa00ec2f1d93a0dfd23bc1783513,28792124,2023-06-04 0:10:50,,javascript:;,PancakeSwap V3: Smart Router,https://bscscan.com/address/0x13f4ea83d0bd40e75c8222255bc855a974568dd4,0 BNB $0.00,0 . 00015852,,0x13f4ea83d0bd40e75c8222255bc855a974568dd4,,PancakeSwap V3: Smart Router,,PancakeSwap V3: Smart Router,,0,,0,0.00,0.00,0.00,658.81,2026-05-21,0,0,0.00,0.00,0,,outflow_from_you
0xad894fa929802873e4831c32112978acca6892669b97adabeed356707dee5b18,https://bscscan.com/tx/0xad894fa929802873e4831c32112978acca6892669b97adabeed356707dee5b18,28792082,2023-06-04 0:08:42,,javascript:;,PancakeSwap V3: Smart Router,https://bscscan.com/address/0x13f4ea83d0bd40e75c8222255bc855a974568dd4,0 BNB $0.00,0 . 00043682,,0x13f4ea83d0bd40e75c8222255bc855a974568dd4,,PancakeSwap V3: Smart Router,,PancakeSwap V3: Smart Router,,0,,0,0.00,0.00,0.00,658.81,2026-05-21,0,0,0.00,0.00,0,,outflow_from_you
0x220a70204bdc513fef7fb7ce078e8ef4f10deb705591a37830fab02b8f0fe8bb,https://bscscan.com/tx/0x220a70204bdc513fef7fb7ce078e8ef4f10deb705591a37830fab02b8f0fe8bb,28792075,2023-06-04 0:08:21,,javascript:;,PancakeSwap V3: Smart Router,https://bscscan.com/address/0x13f4ea83d0bd40e75c8222255bc855a974568dd4,0 BNB $0.00,0 . 00043595,,0x13f4ea83d0bd40e75c8222255bc855a974568dd4,,PancakeSwap V3: Smart Router,,PancakeSwap V3: Smart Router,,0,,0,0.00,0.00,0.00,658.81,2026-05-21,0,0,0.00,0.00,0,,outflow_from_you
0x28ba2e0fd12261448f54eceaec276c353ad588d8da3e3cb0c6708724d6f29f51,https://bscscan.com/tx/0x28ba2e0fd12261448f54eceaec276c353ad588d8da3e3cb0c6708724d6f29f51,28792075,2023-06-04 0:08:21,,javascript:;,BUSD-T Stablecoin,https://bscscan.com/address/0x55d398326f99059ff775485246999027b3197955,0 BNB $0.00,0 . 0002647,,0x55d398326f99059ff775485246999027b3197955,,BUSD-T Stablecoin,,BUSD-T Stablecoin,,0,,0,0.00,0.00,0.00,658.81,2026-05-21,0,0,0.00,0.00,0,,outflow_from_you
0x5f4277b8ce09b2cf8f11d4e84009816ed86cec6046bfa89631b9aa5201368f28,https://bscscan.com/tx/0x5f4277b8ce09b2cf8f11d4e84009816ed86cec6046bfa89631b9aa5201368f28,28735808,2023-06-02 1:10:37,,javascript:;,0x4C0c5daa...7C58b4EC0,https://bscscan.com/address/0x4c0c5daacd39be2c67d7207255de9ac7c58b4ec0,0 BNB $0.00,0 . 00055914,,0x4c0c5daacd39be2c67d7207255de9ac7c58b4ec0,,,,,,0,,0,0.00,0.00,0.00,658.81,2026-05-21,0,0,0.00,0.00,0,,outflow_from_you
0x63780d5c9b097bf5063227822fabc7097b2197a293d6aa429bf781aacbcf440b,https://bscscan.com/tx/0x63780d5c9b097bf5063227822fabc7097b2197a293d6aa429bf781aacbcf440b,28735798,2023-06-02 1:10:07,,javascript:;,0x4C0c5daa...7C58b4EC0,https://bscscan.com/address/0x4c0c5daacd39be2c67d7207255de9ac7c58b4ec0,0 BNB $0.00,0 . 00024279,,0x4c0c5daacd39be2c67d7207255de9ac7c58b4ec0,,,,,,0,,0,0.00,0.00,0.00,658.81,2026-05-21,0,0,0.00,0.00,0,,outflow_from_you
0x87ea27d9d5e912ddf455170c7ac9dbda84b834ae3816574afd49442655e11d1e,https://bscscan.com/tx/0x87ea27d9d5e912ddf455170c7ac9dbda84b834ae3816574afd49442655e11d1e,28734226,2023-06-01 23:51:03,,javascript:;,PancakeSwap V3: Smart Router,https://bscscan.com/address/0x13f4ea83d0bd40e75c8222255bc855a974568dd4,0 BNB $0.00,0 . 00134617,,0x13f4ea83d0bd40e75c8222255bc855a974568dd4,,PancakeSwap V3: Smart Router,,PancakeSwap V3: Smart Router,,0,,0,0.00,0.00,0.00,658.81,2026-05-21,0,0,0.00,0.00,0,,outflow_from_you
0x1607736212361594af50e86efbc6508b3865c308ef32a6d3f422f52d68cdb553,https://bscscan.com/tx/0x1607736212361594af50e86efbc6508b3865c308ef32a6d3f422f52d68cdb553,28734001,2023-06-01 23:39:48,,javascript:;,0xdA1689C5...0b9D44a73,https://bscscan.com/address/0xda1689c5557564d06e2a546f8fd47350b9d44a73,0 BNB $0.00,0 . 00013486,,0xda1689c5557564d06e2a546f8fd47350b9d44a73,,,,,,0,,0,0.00,0.00,0.00,658.81,2026-05-21,0,0,0.00,0.00,0,,outflow_from_you
0x4b3fe5b8a3a83a5832ad69991ec1ad4a22ecf836c540664fb8734443094a7d51,https://bscscan.com/tx/0x4b3fe5b8a3a83a5832ad69991ec1ad4a22ecf836c540664fb8734443094a7d51,28719616,2023-06-01 11:36:16,,javascript:;,0xB6934215...68B6A3182,https://bscscan.com/address/0xb6934215b856b03430fc8dc058bd1c668b6a3182,0.04 BNB $25.97,0 . 000063,,0xb6934215b856b03430fc8dc058bd1c668b6a3182,,,,,,0,,0.04,25.97,26.35,0.38,658.81,2026-05-21,0,0,0.00,0.00,1,user_binance_address_match,outflow_from_you
0x2c03b04ca8ff4f4662a5a942f5833a48597cab75d48b5371fd04c7e313adb5b8,https://bscscan.com/tx/0x2c03b04ca8ff4f4662a5a942f5833a48597cab75d48b5371fd04c7e313adb5b8,28719599,2023-06-01 11:35:25,,javascript:;,BUSD-T Stablecoin,https://bscscan.com/address/0x55d398326f99059ff775485246999027b3197955,0 BNB $0.00,0 . 00006341,,0x55d398326f99059ff775485246999027b3197955,,BUSD-T Stablecoin,,BUSD-T Stablecoin,,0,,0,0.00,0.00,0.00,658.81,2026-05-21,0,0,0.00,0.00,0,,outflow_from_you
0x4baf99cc20e3a29f477399b98041e7e25af1910804fe35225706639b8420b3e4,https://bscscan.com/tx/0x4baf99cc20e3a29f477399b98041e7e25af1910804fe35225706639b8420b3e4,28719468,2023-06-01 11:28:52,,javascript:;,PancakeSwap V3: Smart Router,https://bscscan.com/address/0x13f4ea83d0bd40e75c8222255bc855a974568dd4,0 BNB $0.00,0 . 00088522,,0x13f4ea83d0bd40e75c8222255bc855a974568dd4,,PancakeSwap V3: Smart Router,,PancakeSwap V3: Smart Router,,0,,0,0.00,0.00,0.00,658.81,2026-05-21,0,0,0.00,0.00,0,,outflow_from_you
0x557eb3d53bb2035539518fd94c51ffbbdd9c9abbb2335ea588662a373e492124,https://bscscan.com/tx/0x557eb3d53bb2035539518fd94c51ffbbdd9c9abbb2335ea588662a373e492124,28719464,2023-06-01 11:28:40,,javascript:;,0x6b0a03c7...d6afbfDf7,https://bscscan.com/address/0x6b0a03c7bd8441e0f8959394761e29bd6afbfdf7,0 BNB $0.00,0 . 00013239,,0x6b0a03c7bd8441e0f8959394761e29bd6afbfdf7,,,,,,0,,0,0.00,0.00,0.00,658.81,2026-05-21,0,0,0.00,0.00,0,,outflow_from_you
0xf1dc07756db128f09bb8e2fa8cc9767cc1eab22a4e5ca2cbb17ed2bb8a8bbad5,https://bscscan.com/tx/0xf1dc07756db128f09bb8e2fa8cc9767cc1eab22a4e5ca2cbb17ed2bb8a8bbad5,28719441,2023-06-01 11:27:31,,javascript:;,PancakeSwap V3: Smart Router,https://bscscan.com/address/0x13f4ea83d0bd40e75c8222255bc855a974568dd4,0 BNB $0.00,0 . 00051334,,0x13f4ea83d0bd40e75c8222255bc855a974568dd4,,PancakeSwap V3: Smart Router,,PancakeSwap V3: Smart Router,,0,,0,0.00,0.00,0.00,658.81,2026-05-21,0,0,0.00,0.00,0,,outflow_from_you
0x07196484e47d38507eb37ca22ceefd9edc29676fc0e7c29714f60273678fda24,https://bscscan.com/tx/0x07196484e47d38507eb37ca22ceefd9edc29676fc0e7c29714f60273678fda24,28647074,2023-05-29 23:02:49,,javascript:;,PancakeSwap V3: Smart Router,https://bscscan.com/address/0x13f4ea83d0bd40e75c8222255bc855a974568dd4,1.1 BNB $714.05,0 . 0005645,,0x13f4ea83d0bd40e75c8222255bc855a974568dd4,,PancakeSwap V3: Smart Router,,PancakeSwap V3: Smart Router,safuu,1,high,1.1,714.05,724.69,10.64,658.81,2026-05-21,0,0,0.00,0.00,0,,outflow_from_you
0xf93d66e9fb314b83426eb3b1e0f08d4665ebfa13f43f78d783b4606ec1942928,https://bscscan.com/tx/0xf93d66e9fb314b83426eb3b1e0f08d4665ebfa13f43f78d783b4606ec1942928,28643535,2023-05-29 20:05:40,,javascript:;,BUSD-T Stablecoin,https://bscscan.com/address/0x55d398326f99059ff775485246999027b3197955,0 BNB $0.00,0 . 00013239,,0x55d398326f99059ff775485246999027b3197955,,BUSD-T Stablecoin,,BUSD-T Stablecoin,,0,,0,0.00,0.00,0.00,658.81,2026-05-21,0,0,0.00,0.00,0,,outflow_from_you
0x7b74025fb087ddec986610a20b3ab5eee848de565ccd80dc40ee7bdd0ffa1184,https://bscscan.com/tx/0x7b74025fb087ddec986610a20b3ab5eee848de565ccd80dc40ee7bdd0ffa1184,28643274,2023-05-29 19:52:37,,javascript:;,PancakeSwap V3: Smart Router,https://bscscan.com/address/0x13f4ea83d0bd40e75c8222255bc855a974568dd4,1.15265356 BNB $748.23,0 . 00052832,,0x13f4ea83d0bd40e75c8222255bc855a974568dd4,,PancakeSwap V3: Smart Router,,PancakeSwap V3: Smart Router,safuu,1,high,1.15265356,748.23,759.38,11.15,658.81,2026-05-21,0,0,0.00,0.00,0,,outflow_from_you
0x995ec1a96d69014c381cb995c98c3f8194aaee8a8e657fe2bf1be68a226d14cf,https://bscscan.com/tx/0x995ec1a96d69014c381cb995c98c3f8194aaee8a8e657fe2bf1be68a226d14cf,28617301,2023-05-28 22:12:44,,javascript:;,0xB6934215...68B6A3182,https://bscscan.com/address/0xb6934215b856b03430fc8dc058bd1c668b6a3182,1 BNB $649.14,0 . 000063,,0xb6934215b856b03430fc8dc058bd1c668b6a3182,,,,,,0,,1,649.14,658.81,9.67,658.81,2026-05-21,0,0,0.00,0.00,1,user_binance_address_match,outflow_from_you
0xe11dd64960646b2ffea79d6884f2ac810e649169a6799c70b684d2d981dbdbdb,https://bscscan.com/tx/0xe11dd64960646b2ffea79d6884f2ac810e649169a6799c70b684d2d981dbdbdb,28616807,2023-05-28 21:48:02,0xe42bEEfD...10A139c86,https://bscscan.com/address/0xe42beefdfacd70600954603c37f007510a139c86,,javascript:;,0.0000033 BNB $0.00,0 . 000021,0xe42beefdfacd70600954603c37f007510a139c86,,,,,,,0,,0.0000033,0.00,0.00,0.00,658.81,2026-05-21,0,0,0.00,0.00,0,,inflow_to_you
0xbd0242a1fcd93c26f29026a1c75f6861834519ae989f53b10d0af8bfb7f1a59d,https://bscscan.com/tx/0xbd0242a1fcd93c26f29026a1c75f6861834519ae989f53b10d0af8bfb7f1a59d,28616807,2023-05-28 21:48:02,0xe42FC190...0eb899c86,https://bscscan.com/address/0xe42fc190382788c74885981e0c971760eb899c86,,javascript:;,0 BNB $0.00,0 . 00002102,0xe42fc190382788c74885981e0c971760eb899c86,,,,,,,0,,0,0.00,0.00,0.00,658.81,2026-05-21,0,0,0.00,0.00,0,,inflow_to_you
0x703f0145bd2bbe16b07f34f6d82d151a63625836d01ac9664f58319c9a38ea4d,https://bscscan.com/tx/0x703f0145bd2bbe16b07f34f6d82d151a63625836d01ac9664f58319c9a38ea4d,28616790,2023-05-28 21:47:11,,javascript:;,0xCC1785D9...D19a6cc38,https://bscscan.com/address/0xcc1785d9b3279cbe66c1567f43b0df8d19a6cc38,0.33 BNB $214.22,0 . 000063,,0xcc1785d9b3279cbe66c1567f43b0df8d19a6cc38,,,,,,0,,0.33,214.22,217.41,3.19,658.81,2026-05-21,0,0,0.00,0.00,0,,outflow_from_you
0xcbd622670324e1a824ee79762ca1cfd6ba3d5f150480bf821a69503b16386692,https://bscscan.com/tx/0xcbd622670324e1a824ee79762ca1cfd6ba3d5f150480bf821a69503b16386692,28616784,2023-05-28 21:46:53,,javascript:;,0x5e0f5bDC...2B40e6373,https://bscscan.com/address/0x5e0f5bdc4d1c68f5e45a72cf0ce70b82b40e6373,0.33 BNB $214.22,0 . 000063,,0x5e0f5bdc4d1c68f5e45a72cf0ce70b82b40e6373,,,,,,0,,0.33,214.22,217.41,3.19,658.81,2026-05-21,0,0,0.00,0.00,0,,outflow_from_you
0x27f5dd50f1456a075e9ff3d38bddfc8f2413a27b86e39f0ccaf6812e3a0c25f2,https://bscscan.com/tx/0x27f5dd50f1456a075e9ff3d38bddfc8f2413a27b86e39f0ccaf6812e3a0c25f2,28616773,2023-05-28 21:46:20,,javascript:;,0xE42BE986...70D329C86,https://bscscan.com/address/0xe42be98613347658f82dcd90ce8102e70d329c86,0.33 BNB $214.22,0 . 000063,,0xe42be98613347658f82dcd90ce8102e70d329c86,,,,,,0,,0.33,214.22,217.41,3.19,658.81,2026-05-21,0,0,0.00,0.00,0,,outflow_from_you
0x972d70bca0b12482bb72109fd7289a0b2a647c9260988cb845ddb1e9defb7b96,https://bscscan.com/tx/0x972d70bca0b12482bb72109fd7289a0b2a647c9260988cb845ddb1e9defb7b96,28613624,2023-05-28 19:08:50,,javascript:;,PancakeSwap V3: Smart Router,https://bscscan.com/address/0x13f4ea83d0bd40e75c8222255bc855a974568dd4,1.432040133 BNB $929.59,0 . 00056457,,0x13f4ea83d0bd40e75c8222255bc855a974568dd4,,PancakeSwap V3: Smart Router,,PancakeSwap V3: Smart Router,safuu,1,high,1.432040133,929.59,943.44,13.85,658.81,2026-05-21,0,0,0.00,0.00,0,,outflow_from_you
0xbbb2824868bf0eb2bc0d44e22f9bd20973c5c945f77d72cd6dbdd9b46538894c,https://bscscan.com/tx/0xbbb2824868bf0eb2bc0d44e22f9bd20973c5c945f77d72cd6dbdd9b46538894c,28603049,2023-05-28 10:19:31,,javascript:;,PancakeSwap V3: Smart Router,https://bscscan.com/address/0x13f4ea83d0bd40e75c8222255bc855a974568dd4,0 BNB $0.00,0 . 00061467,,0x13f4ea83d0bd40e75c8222255bc855a974568dd4,,PancakeSwap V3: Smart Router,,PancakeSwap V3: Smart Router,safuu,1,high,0,0.00,0.00,0.00,658.81,2026-05-21,0,0,0.00,0.00,0,,outflow_from_you
0x57c3671d8830db649b9869355fe28043866b9a9deb6d241b6eb825fdbfd4d72a,https://bscscan.com/tx/0x57c3671d8830db649b9869355fe28043866b9a9deb6d241b6eb825fdbfd4d72a,28601980,2023-05-28 9:25:35,,javascript:;,Safuu: SAFUU Token,https://bscscan.com/address/0xe5ba47fd94cb645ba4119222e34fb33f59c7cd90,0 BNB $0.00,0 . 00013225,,0xe5ba47fd94cb645ba4119222e34fb33f59c7cd90,,Safuu: SAFUU Token,,Safuu: SAFUU Token,safuu,1,high,0,0.00,0.00,0.00,658.81,2026-05-21,0,0,0.00,0.00,0,,outflow_from_you
0x6496491179b0541feb69987bb63c9ea37fcf08510a0a1d53844f24e40b7eebc9,https://bscscan.com/tx/0x6496491179b0541feb69987bb63c9ea37fcf08510a0a1d53844f24e40b7eebc9,28588764,2023-05-27 22:22:13,,javascript:;,PancakeSwap V3: Smart Router,https://bscscan.com/address/0x13f4ea83d0bd40e75c8222255bc855a974568dd4,0 BNB $0.00,0 . 00122569,,0x13f4ea83d0bd40e75c8222255bc855a974568dd4,,PancakeSwap V3: Smart Router,,PancakeSwap V3: Smart Router,safuu,1,high,0,0.00,0.00,0.00,658.81,2026-05-21,0,0,0.00,0.00,0,,outflow_from_you
0x4676f8bd52cf5d2b3f586e922003ac611a8d622184047126fb1937626ede614d,https://bscscan.com/tx/0x4676f8bd52cf5d2b3f586e922003ac611a8d622184047126fb1937626ede614d,28588747,2023-05-27 22:21:22,,javascript:;,Safuu: SAFUU Token,https://bscscan.com/address/0xe5ba47fd94cb645ba4119222e34fb33f59c7cd90,0 BNB $0.00,0 . 00008725,,0xe5ba47fd94cb645ba4119222e34fb33f59c7cd90,,Safuu: SAFUU Token,,Safuu: SAFUU Token,safuu,1,high,0,0.00,0.00,0.00,658.81,2026-05-21,0,0,0.00,0.00,0,,outflow_from_you
0xe8fd9c9c460b7e1e8dec88781e23229982fa2a5e0b879deb65283bfe464385a4,https://bscscan.com/tx/0xe8fd9c9c460b7e1e8dec88781e23229982fa2a5e0b879deb65283bfe464385a4,28539228,2023-05-26 5:01:39,,javascript:;,0xB6934215...68B6A3182,https://bscscan.com/address/0xb6934215b856b03430fc8dc058bd1c668b6a3182,0.18 BNB $116.85,0 . 000063,,0xb6934215b856b03430fc8dc058bd1c668b6a3182,,,,,,0,,0.18,116.85,118.59,1.74,658.81,2026-05-21,0,0,0.00,0.00,1,user_binance_address_match,outflow_from_you
0xf10ceb33d8995603e3eaed812e2439409865fdad5bcc242096a9849de55627a1,https://bscscan.com/tx/0xf10ceb33d8995603e3eaed812e2439409865fdad5bcc242096a9849de55627a1,28534180,2023-05-26 0:48:59,,javascript:;,PancakeSwap V3: Smart Router,https://bscscan.com/address/0x13f4ea83d0bd40e75c8222255bc855a974568dd4,0 BNB $0.00,0 . 00062351,,0x13f4ea83d0bd40e75c8222255bc855a974568dd4,,PancakeSwap V3: Smart Router,,PancakeSwap V3: Smart Router,,0,,0,0.00,0.00,0.00,658.81,2026-05-21,0,0,0.00,0.00,0,,outflow_from_you
0x97bb34fb861f7ab9b9d40b0e4b30199792d03532758926908ac7468645194ec1,https://bscscan.com/tx/0x97bb34fb861f7ab9b9d40b0e4b30199792d03532758926908ac7468645194ec1,28534173,2023-05-26 0:48:38,,javascript:;,0xE27efA90...2AaFFB400,https://bscscan.com/address/0xe27efa907c2ce4e181be8d5960febd22aaffb400,0 BNB $0.00,0 . 00013467,,0xe27efa907c2ce4e181be8d5960febd22aaffb400,,,,,,0,,0,0.00,0.00,0.00,658.81,2026-05-21,0,0,0.00,0.00,0,,outflow_from_you
0x262c2f66ab8f0cce11d59cd27f01ba6b714fdd16b4cf2849da1f3decf7b50723,https://bscscan.com/tx/0x262c2f66ab8f0cce11d59cd27f01ba6b714fdd16b4cf2849da1f3decf7b50723,28534128,2023-05-26 0:46:23,,javascript:;,PancakeSwap V3: Smart Router,https://bscscan.com/address/0x13f4ea83d0bd40e75c8222255bc855a974568dd4,0 BNB $0.00,0 . 00052398,,0x13f4ea83d0bd40e75c8222255bc855a974568dd4,,PancakeSwap V3: Smart Router,,PancakeSwap V3: Smart Router,,0,,0,0.00,0.00,0.00,658.81,2026-05-21,0,0,0.00,0.00,0,,outflow_from_you
0x7b0f5df00ed5b2a5635bafc62df9aa92ea8b0a057516ef8249983c225db67bc1,https://bscscan.com/tx/0x7b0f5df00ed5b2a5635bafc62df9aa92ea8b0a057516ef8249983c225db67bc1,28534115,2023-05-26 0:45:44,,javascript:;,0x6b0a03c7...d6afbfDf7,https://bscscan.com/address/0x6b0a03c7bd8441e0f8959394761e29bd6afbfdf7,0 BNB $0.00,0 . 00014565,,0x6b0a03c7bd8441e0f8959394761e29bd6afbfdf7,,,,,,0,,0,0.00,0.00,0.00,658.81,2026-05-21,0,0,0.00,0.00,0,,outflow_from_you
0x8862a49849be8396272b86711ad261bcfa1c0155e24fe00b12aa42ff8b5fd910,https://bscscan.com/tx/0x8862a49849be8396272b86711ad261bcfa1c0155e24fe00b12aa42ff8b5fd910,28532968,2023-05-25 23:48:23,,javascript:;,0xc57D4947...A662FEbeA,https://bscscan.com/address/0xc57d494758298e9d3d816a9b4efe4e8a662febea,0 BNB $0.00,0 . 00076159,,0xc57d494758298e9d3d816a9b4efe4e8a662febea,,,,,,0,,0,0.00,0.00,0.00,658.81,2026-05-21,0,0,0.00,0.00,0,,outflow_from_you
0xe59cd5e846f31929ffd39b79fa6e21579c5a334e6fdc8f4cb084ea508522d8f8,https://bscscan.com/tx/0xe59cd5e846f31929ffd39b79fa6e21579c5a334e6fdc8f4cb084ea508522d8f8,28532961,2023-05-25 23:48:02,,javascript:;,0xE27efA90...2AaFFB400,https://bscscan.com/address/0xe27efa907c2ce4e181be8d5960febd22aaffb400,0 BNB $0.00,0 . 00015487,,0xe27efa907c2ce4e181be8d5960febd22aaffb400,,,,,,0,,0,0.00,0.00,0.00,658.81,2026-05-21,0,0,0.00,0.00,0,,outflow_from_you
0x34b9450e92e7fe464bf3a88474160e3842c84354f7280ceea015c1d6530178b5,https://bscscan.com/tx/0x34b9450e92e7fe464bf3a88474160e3842c84354f7280ceea015c1d6530178b5,28532850,2023-05-25 23:42:29,,javascript:;,0xc57D4947...A662FEbeA,https://bscscan.com/address/0xc57d494758298e9d3d816a9b4efe4e8a662febea,0 BNB $0.00,0 . 00097544,,0xc57d494758298e9d3d816a9b4efe4e8a662febea,,,,,,0,,0,0.00,0.00,0.00,658.81,2026-05-21,0,0,0.00,0.00,0,,outflow_from_you
0x6d7c11d96f15419f4b0154099b97c963770a34da06effbfe2d5ceb4e84881df5,https://bscscan.com/tx/0x6d7c11d96f15419f4b0154099b97c963770a34da06effbfe2d5ceb4e84881df5,28532827,2023-05-25 23:41:20,,javascript:;,0x6b0a03c7...d6afbfDf7,https://bscscan.com/address/0x6b0a03c7bd8441e0f8959394761e29bd6afbfdf7,0 BNB $0.00,0 . 00015224,,0x6b0a03c7bd8441e0f8959394761e29bd6afbfdf7,,,,,,0,,0,0.00,0.00,0.00,658.81,2026-05-21,0,0,0.00,0.00,0,,outflow_from_you
0x1b343734864914e3068d5deb5cccb3b090cdaf430fe9d0fa1711ea839c91b5d4,https://bscscan.com/tx/0x1b343734864914e3068d5deb5cccb3b090cdaf430fe9d0fa1711ea839c91b5d4,28532792,2023-05-25 23:39:35,,javascript:;,0xc57D4947...A662FEbeA,https://bscscan.com/address/0xc57d494758298e9d3d816a9b4efe4e8a662febea,"4.152389266 BNB $2,695.48",0 . 00062611,,0xc57d494758298e9d3d816a9b4efe4e8a662febea,,,,,,0,,4.152389266,2695.48,2735.64,40.16,658.81,2026-05-21,0,0,0.00,0.00,0,,outflow_from_you
0xbcbe47dc084ea6d35eb49828fca1d576b5b6d6d14f8449ebd9a2dfb142abd2dd,https://bscscan.com/tx/0xbcbe47dc084ea6d35eb49828fca1d576b5b6d6d14f8449ebd9a2dfb142abd2dd,28532705,2023-05-25 23:35:14,,javascript:;,0xc57D4947...A662FEbeA,https://bscscan.com/address/0xc57d494758298e9d3d816a9b4efe4e8a662febea,0 BNB $0.00,0 . 00133305,,0xc57d494758298e9d3d816a9b4efe4e8a662febea,,,,,,0,,0,0.00,0.00,0.00,658.81,2026-05-21,0,0,0.00,0.00,0,,outflow_from_you
0x080a136cd2d863fe3282b11fb2c60e49bdd73a54d16e36a35878b356c8b35852,https://bscscan.com/tx/0x080a136cd2d863fe3282b11fb2c60e49bdd73a54d16e36a35878b356c8b35852,28532676,2023-05-25 23:33:47,,javascript:;,0x6b0a03c7...d6afbfDf7,https://bscscan.com/address/0x6b0a03c7bd8441e0f8959394761e29bd6afbfdf7,0 BNB $0.00,0 . 00015224,,0x6b0a03c7bd8441e0f8959394761e29bd6afbfdf7,,,,,,0,,0,0.00,0.00,0.00,658.81,2026-05-21,0,0,0.00,0.00,0,,outflow_from_you
0xe48849d1880e612e5e67ee4f06f39345baa346a5e05a4b84f21d3e74e784c410,https://bscscan.com/tx/0xe48849d1880e612e5e67ee4f06f39345baa346a5e05a4b84f21d3e74e784c410,28532660,2023-05-25 23:32:59,,javascript:;,0xc57D4947...A662FEbeA,https://bscscan.com/address/0xc57d494758298e9d3d816a9b4efe4e8a662febea,0 BNB $0.00,0 . 00133279,,0xc57d494758298e9d3d816a9b4efe4e8a662febea,,,,,,0,,0,0.00,0.00,0.00,658.81,2026-05-21,0,0,0.00,0.00,0,,outflow_from_you
0x6b4be9e7e1dd629fa1e45218e2377aef655bcd5f168561ccf4b3d697f9091182,https://bscscan.com/tx/0x6b4be9e7e1dd629fa1e45218e2377aef655bcd5f168561ccf4b3d697f9091182,28532643,2023-05-25 23:32:08,,javascript:;,0xE27efA90...2AaFFB400,https://bscscan.com/address/0xe27efa907c2ce4e181be8d5960febd22aaffb400,0 BNB $0.00,0 . 00015487,,0xe27efa907c2ce4e181be8d5960febd22aaffb400,,,,,,0,,0,0.00,0.00,0.00,658.81,2026-05-21,0,0,0.00,0.00,0,,outflow_from_you
0x3273498e0034c11c224582d8bc6e9614776fd10b9707e485071f10981ed4b87b,https://bscscan.com/tx/0x3273498e0034c11c224582d8bc6e9614776fd10b9707e485071f10981ed4b87b,28532521,2023-05-25 23:26:02,,javascript:;,0xc57D4947...A662FEbeA,https://bscscan.com/address/0xc57d494758298e9d3d816a9b4efe4e8a662febea,0 BNB $0.00,0 . 00143534,,0xc57d494758298e9d3d816a9b4efe4e8a662febea,,,,,,0,,0,0.00,0.00,0.00,658.81,2026-05-21,0,0,0.00,0.00,0,,outflow_from_you
0xb30bf905ca53680f07b7eac9caee08775aab8717820a45c8207bb55d55ecf2ac,https://bscscan.com/tx/0xb30bf905ca53680f07b7eac9caee08775aab8717820a45c8207bb55d55ecf2ac,28532514,2023-05-25 23:25:41,,javascript:;,0x6b0a03c7...d6afbfDf7,https://bscscan.com/address/0x6b0a03c7bd8441e0f8959394761e29bd6afbfdf7,0 BNB $0.00,0 . 00015224,,0x6b0a03c7bd8441e0f8959394761e29bd6afbfdf7,,,,,,0,,0,0.00,0.00,0.00,658.81,2026-05-21,0,0,0.00,0.00,0,,outflow_from_you
0xc84b21817ff68a5e2d3d5be3b7cb6da20064108e1125e1af486dc7aec5de3594,https://bscscan.com/tx/0xc84b21817ff68a5e2d3d5be3b7cb6da20064108e1125e1af486dc7aec5de3594,28532377,2023-05-25 23:18:50,,javascript:;,0x6b0a03c7...d6afbfDf7,https://bscscan.com/address/0x6b0a03c7bd8441e0f8959394761e29bd6afbfdf7,0 BNB $0.00,0 . 00014565,,0x6b0a03c7bd8441e0f8959394761e29bd6afbfdf7,,,,,,0,,0,0.00,0.00,0.00,658.81,2026-05-21,0,0,0.00,0.00,0,,outflow_from_you
0x6bf632037ab5a1991ecf76f92d66755c2cb8832ebf9255d2129cf64ef634a03f,https://bscscan.com/tx/0x6bf632037ab5a1991ecf76f92d66755c2cb8832ebf9255d2129cf64ef634a03f,28532216,2023-05-25 23:10:47,,javascript:;,PancakeSwap V3: Smart Router,https://bscscan.com/address/0x13f4ea83d0bd40e75c8222255bc855a974568dd4,0 BNB $0.00,0 . 00068152,,0x13f4ea83d0bd40e75c8222255bc855a974568dd4,,PancakeSwap V3: Smart Router,,PancakeSwap V3: Smart Router,,0,,0,0.00,0.00,0.00,658.81,2026-05-21,0,0,0.00,0.00,0,,outflow_from_you
0xc420a618cd7e59b77fc12dbf0a9519c29ef31d2f0102b069e03e98a26b7192b7,https://bscscan.com/tx/0xc420a618cd7e59b77fc12dbf0a9519c29ef31d2f0102b069e03e98a26b7192b7,28508570,2023-05-25 3:27:01,,javascript:;,0xB770F2Cc...C8193D504,https://bscscan.com/address/0xb770f2cc1d2e31c77c66fa01292c5d7c8193d504,0.15 BNB $97.37,0 . 00035498,,0xb770f2cc1d2e31c77c66fa01292c5d7c8193d504,,,,,,0,,0.15,97.37,98.82,1.45,658.81,2026-05-21,0,0,0.00,0.00,0,,outflow_from_you
0x582dbbabbb80948861a9577cdbb1a90a3ce08cb4f34269fca39d7ef42791a0a4,https://bscscan.com/tx/0x582dbbabbb80948861a9577cdbb1a90a3ce08cb4f34269fca39d7ef42791a0a4,28508521,2023-05-25 3:24:34,,javascript:;,PancakeSwap V3: Smart Router,https://bscscan.com/address/0x13f4ea83d0bd40e75c8222255bc855a974568dd4,0.149296368 BNB $96.91,0 . 00055766,,0x13f4ea83d0bd40e75c8222255bc855a974568dd4,,PancakeSwap V3: Smart Router,,PancakeSwap V3: Smart Router,,0,,0.149296368,96.91,98.36,1.45,658.81,2026-05-21,0,0,0.00,0.00,0,,outflow_from_you
0xd5dece288a855fc1da8de629924bb2eccad0d383e92787c7828506ecbf541c6c,https://bscscan.com/tx/0xd5dece288a855fc1da8de629924bb2eccad0d383e92787c7828506ecbf541c6c,28508295,2023-05-25 3:13:16,,javascript:;,PancakeSwap V3: Smart Router,https://bscscan.com/address/0x13f4ea83d0bd40e75c8222255bc855a974568dd4,0 BNB $0.00,0 . 00069216,,0x13f4ea83d0bd40e75c8222255bc855a974568dd4,,PancakeSwap V3: Smart Router,,PancakeSwap V3: Smart Router,,0,,0,0.00,0.00,0.00,658.81,2026-05-21,0,0,0.00,0.00,0,,outflow_from_you
0x9c16151c6b76e727a9a35452b087c14e95a276c4ca5a4b2cb6a0817be29931dc,https://bscscan.com/tx/0x9c16151c6b76e727a9a35452b087c14e95a276c4ca5a4b2cb6a0817be29931dc,28508272,2023-05-25 3:12:07,,javascript:;,PancakeSwap V3: Smart Router,https://bscscan.com/address/0x13f4ea83d0bd40e75c8222255bc855a974568dd4,0 BNB $0.00,0 . 00085931,,0x13f4ea83d0bd40e75c8222255bc855a974568dd4,,PancakeSwap V3: Smart Router,,PancakeSwap V3: Smart Router,safuu,1,high,0,0.00,0.00,0.00,658.81,2026-05-21,0,0,0.00,0.00,0,,outflow_from_you
0xfc4006388f50127c3fd0e3521c33225cab49dcd260cff1b8f26b125eb5315a15,https://bscscan.com/tx/0xfc4006388f50127c3fd0e3521c33225cab49dcd260cff1b8f26b125eb5315a15,28506835,2023-05-25 1:59:55,,javascript:;,0x2FAB0c7a...4d8BFE39D,https://bscscan.com/address/0x2fab0c7ace25621a34cf31e0ce282634d8bfe39d,0.005 BNB $3.25,0 . 000063,,0x2fab0c7ace25621a34cf31e0ce282634d8bfe39d,,,,,,0,,0.005,3.25,3.29,0.04,658.81,2026-05-21,0,0,0.00,0.00,0,,outflow_from_you
0xe557e2c5a1d129de939d3d98405857d06af5d9ee3cabfc23c2652bce8229b15c,https://bscscan.com/tx/0xe557e2c5a1d129de939d3d98405857d06af5d9ee3cabfc23c2652bce8229b15c,28506831,2023-05-25 1:59:43,,javascript:;,0x1a29bd7c...f3b80B17f,https://bscscan.com/address/0x1a29bd7c11347dba166f0893b2fcf03f3b80b17f,0.005 BNB $3.25,0 . 000063,,0x1a29bd7c11347dba166f0893b2fcf03f3b80b17f,,,,,,0,,0.005,3.25,3.29,0.04,658.81,2026-05-21,0,0,0.00,0.00,0,,outflow_from_you
0xc306431fbf229ec6a51520845c6f83b65249518e0ea375ccedfb926d87a8ccbe,https://bscscan.com/tx/0xc306431fbf229ec6a51520845c6f83b65249518e0ea375ccedfb926d87a8ccbe,28506827,2023-05-25 1:59:31,,javascript:;,0xCC1785D9...D19a6cc38,https://bscscan.com/address/0xcc1785d9b3279cbe66c1567f43b0df8d19a6cc38,0.005 BNB $3.25,0 . 000063,,0xcc1785d9b3279cbe66c1567f43b0df8d19a6cc38,,,,,,0,,0.005,3.25,3.29,0.04,658.81,2026-05-21,0,0,0.00,0.00,0,,outflow_from_you
0x981444add29a3a22e2095440658e1df34f77eede9031f4e5dbfc940e2e18d5f6,https://bscscan.com/tx/0x981444add29a3a22e2095440658e1df34f77eede9031f4e5dbfc940e2e18d5f6,28506823,2023-05-25 1:59:19,,javascript:;,0x5e0f5bDC...2B40e6373,https://bscscan.com/address/0x5e0f5bdc4d1c68f5e45a72cf0ce70b82b40e6373,0.005 BNB $3.25,0 . 000063,,0x5e0f5bdc4d1c68f5e45a72cf0ce70b82b40e6373,,,,,,0,,0.005,3.25,3.29,0.04,658.81,2026-05-21,0,0,0.00,0.00,0,,outflow_from_you
0x846dc684d612fe08bd68998c237c1ee7ab3d09e1bb62bf2d236b712987b4dbe1,https://bscscan.com/tx/0x846dc684d612fe08bd68998c237c1ee7ab3d09e1bb62bf2d236b712987b4dbe1,28506803,2023-05-25 1:58:19,,javascript:;,BUSD-T Stablecoin,https://bscscan.com/address/0x55d398326f99059ff775485246999027b3197955,0 BNB $0.00,0 . 00015334,,0x55d398326f99059ff775485246999027b3197955,,BUSD-T Stablecoin,,BUSD-T Stablecoin,,0,,0,0.00,0.00,0.00,658.81,2026-05-21,0,0,0.00,0.00,0,,outflow_from_you
0x0bf142c42b29595b8500c35ac105241d6cb9cb8ff69a42cf1b80b459428b2751,https://bscscan.com/tx/0x0bf142c42b29595b8500c35ac105241d6cb9cb8ff69a42cf1b80b459428b2751,28506798,2023-05-25 1:58:04,,javascript:;,BUSD-T Stablecoin,https://bscscan.com/address/0x55d398326f99059ff775485246999027b3197955,0 BNB $0.00,0 . 00015334,,0x55d398326f99059ff775485246999027b3197955,,BUSD-T Stablecoin,,BUSD-T Stablecoin,,0,,0,0.00,0.00,0.00,658.81,2026-05-21,0,0,0.00,0.00,0,,outflow_from_you
0xd90bd8a151eeb96eee1c41ae8ad75bb2e050db3c179354ae1fc428b30f51140d,https://bscscan.com/tx/0xd90bd8a151eeb96eee1c41ae8ad75bb2e050db3c179354ae1fc428b30f51140d,28506792,2023-05-25 1:57:46,,javascript:;,BUSD-T Stablecoin,https://bscscan.com/address/0x55d398326f99059ff775485246999027b3197955,0 BNB $0.00,0 . 00015334,,0x55d398326f99059ff775485246999027b3197955,,BUSD-T Stablecoin,,BUSD-T Stablecoin,,0,,0,0.00,0.00,0.00,658.81,2026-05-21,0,0,0.00,0.00,0,,outflow_from_you
0x890b2cb7973b4173a7b8f901a59b0f6e406a8b44fec05c7d1ed6a5167cb4fc7f,https://bscscan.com/tx/0x890b2cb7973b4173a7b8f901a59b0f6e406a8b44fec05c7d1ed6a5167cb4fc7f,28506784,2023-05-25 1:57:22,,javascript:;,BUSD-T Stablecoin,https://bscscan.com/address/0x55d398326f99059ff775485246999027b3197955,0 BNB $0.00,0 . 00015334,,0x55d398326f99059ff775485246999027b3197955,,BUSD-T Stablecoin,,BUSD-T Stablecoin,,0,,0,0.00,0.00,0.00,658.81,2026-05-21,0,0,0.00,0.00,0,,outflow_from_you
0xcb089b50ea730a63cbd28bfe3543fffd8c968a35c6a85cfa10b75a17006814b0,https://bscscan.com/tx/0xcb089b50ea730a63cbd28bfe3543fffd8c968a35c6a85cfa10b75a17006814b0,28506696,2023-05-25 1:52:58,,javascript:;,BUSD-T Stablecoin,https://bscscan.com/address/0x55d398326f99059ff775485246999027b3197955,0 BNB $0.00,0 . 00015334,,0x55d398326f99059ff775485246999027b3197955,,BUSD-T Stablecoin,,BUSD-T Stablecoin,,0,,0,0.00,0.00,0.00,658.81,2026-05-21,0,0,0.00,0.00,0,,outflow_from_you
0xf278c77adafb358f675bb5dff43e66e801385d586f307973d779bbdbc98eeb6d,https://bscscan.com/tx/0xf278c77adafb358f675bb5dff43e66e801385d586f307973d779bbdbc98eeb6d,28506256,2023-05-25 1:30:58,,javascript:;,PancakeSwap V3: Smart Router,https://bscscan.com/address/0x13f4ea83d0bd40e75c8222255bc855a974568dd4,0 BNB $0.00,0 . 00109665,,0x13f4ea83d0bd40e75c8222255bc855a974568dd4,,PancakeSwap V3: Smart Router,,PancakeSwap V3: Smart Router,safuu,1,high,0,0.00,0.00,0.00,658.81,2026-05-21,0,0,0.00,0.00,0,,outflow_from_you
0xaadfae1b1d947c112c8360b7676e83e7bbbd3c1d5c3d59e960ed822f734c09a0,https://bscscan.com/tx/0xaadfae1b1d947c112c8360b7676e83e7bbbd3c1d5c3d59e960ed822f734c09a0,28506255,2023-05-25 1:30:55,,javascript:;,PancakeSwap V3: Smart Router,https://bscscan.com/address/0x13f4ea83d0bd40e75c8222255bc855a974568dd4,0 BNB $0.00,0 . 00114165,,0x13f4ea83d0bd40e75c8222255bc855a974568dd4,,PancakeSwap V3: Smart Router,,PancakeSwap V3: Smart Router,safuu,1,high,0,0.00,0.00,0.00,658.81,2026-05-21,0,0,0.00,0.00,0,,outflow_from_you
0x29f8c2363fbeb9085f9b472dc5103905aa3f4cbeed5b09e40dc47745bd2b6ca7,https://bscscan.com/tx/0x29f8c2363fbeb9085f9b472dc5103905aa3f4cbeed5b09e40dc47745bd2b6ca7,28506243,2023-05-25 1:30:19,,javascript:;,PancakeSwap V3: Smart Router,https://bscscan.com/address/0x13f4ea83d0bd40e75c8222255bc855a974568dd4,0 BNB $0.00,0 . 00078093,,0x13f4ea83d0bd40e75c8222255bc855a974568dd4,,PancakeSwap V3: Smart Router,,PancakeSwap V3: Smart Router,,0,,0,0.00,0.00,0.00,658.81,2026-05-21,0,0,0.00,0.00,0,,outflow_from_you
0x3d1dac6f6477fde0d3d44f759f441824a1a276623cf53559268ddb0098eba6d6,https://bscscan.com/tx/0x3d1dac6f6477fde0d3d44f759f441824a1a276623cf53559268ddb0098eba6d6,28505542,2023-05-25 0:55:14,,javascript:;,BUSD-T Stablecoin,https://bscscan.com/address/0x55d398326f99059ff775485246999027b3197955,0 BNB $0.00,0 . 00010834,,0x55d398326f99059ff775485246999027b3197955,,BUSD-T Stablecoin,,BUSD-T Stablecoin,,0,,0,0.00,0.00,0.00,658.81,2026-05-21,0,0,0.00,0.00,0,,outflow_from_you
0x24592c601c687ea362bc0d3d23c0e1edc82f9775801208ade0fdeb2c3d240ce3,https://bscscan.com/tx/0x24592c601c687ea362bc0d3d23c0e1edc82f9775801208ade0fdeb2c3d240ce3,28504521,2023-05-25 0:04:11,,javascript:;,Safuu: SAFUU Token,https://bscscan.com/address/0xe5ba47fd94cb645ba4119222e34fb33f59c7cd90,0 BNB $0.00,0 . 00013225,,0xe5ba47fd94cb645ba4119222e34fb33f59c7cd90,,Safuu: SAFUU Token,,Safuu: SAFUU Token,safuu,1,high,0,0.00,0.00,0.00,658.81,2026-05-21,0,0,0.00,0.00,0,,outflow_from_you
0x8372c75d4a904247a6c1dd4ae8477cc1d7020b20bee24d79e25ed96b3393a136,https://bscscan.com/tx/0x8372c75d4a904247a6c1dd4ae8477cc1d7020b20bee24d79e25ed96b3393a136,28504513,2023-05-25 0:03:47,,javascript:;,PancakeSwap V3: Smart Router,https://bscscan.com/address/0x13f4ea83d0bd40e75c8222255bc855a974568dd4,0 BNB $0.00,0 . 0008838,,0x13f4ea83d0bd40e75c8222255bc855a974568dd4,,PancakeSwap V3: Smart Router,,PancakeSwap V3: Smart Router,safuu,1,high,0,0.00,0.00,0.00,658.81,2026-05-21,0,0,0.00,0.00,0,,outflow_from_you
0xadc084a029e293a9cc9efa389309181e2ad1d3e53f9e88318eabd5d2f70f4d00,https://bscscan.com/tx/0xadc084a029e293a9cc9efa389309181e2ad1d3e53f9e88318eabd5d2f70f4d00,28504512,2023-05-25 0:03:44,,javascript:;,PancakeSwap V3: Smart Router,https://bscscan.com/address/0x13f4ea83d0bd40e75c8222255bc855a974568dd4,0 BNB $0.00,0 . 00088368,,0x13f4ea83d0bd40e75c8222255bc855a974568dd4,,PancakeSwap V3: Smart Router,,PancakeSwap V3: Smart Router,safuu,1,high,0,0.00,0.00,0.00,658.81,2026-05-21,0,0,0.00,0.00,0,,outflow_from_you
0x1fc2eaf4c2f295bf56e135c7da2bfbe8841b82453a6e8046d6dcb9bb8ec5ecb0,https://bscscan.com/tx/0x1fc2eaf4c2f295bf56e135c7da2bfbe8841b82453a6e8046d6dcb9bb8ec5ecb0,28504033,2023-05-24 23:39:47,,javascript:;,PancakeSwap V3: Smart Router,https://bscscan.com/address/0x13f4ea83d0bd40e75c8222255bc855a974568dd4,0 BNB $0.00,0 . 00088371,,0x13f4ea83d0bd40e75c8222255bc855a974568dd4,,PancakeSwap V3: Smart Router,,PancakeSwap V3: Smart Router,safuu,1,high,0,0.00,0.00,0.00,658.81,2026-05-21,0,0,0.00,0.00,0,,outflow_from_you
0x128e0b0489e7ccfe9a80c3498ddea3ab7a70b7e2178143293cf7d72c688a03d2,https://bscscan.com/tx/0x128e0b0489e7ccfe9a80c3498ddea3ab7a70b7e2178143293cf7d72c688a03d2,28503680,2023-05-24 23:22:08,,javascript:;,PancakeSwap V3: Smart Router,https://bscscan.com/address/0x13f4ea83d0bd40e75c8222255bc855a974568dd4,0 BNB $0.00,0 . 00098686,,0x13f4ea83d0bd40e75c8222255bc855a974568dd4,,PancakeSwap V3: Smart Router,,PancakeSwap V3: Smart Router,safuu,1,high,0,0.00,0.00,0.00,658.81,2026-05-21,0,0,0.00,0.00,0,,outflow_from_you
0x4e542beecfa5795c698258cbd688705b061e21f95f3b77796e4aa35d1d670ff2,https://bscscan.com/tx/0x4e542beecfa5795c698258cbd688705b061e21f95f3b77796e4aa35d1d670ff2,28503545,2023-05-24 23:15:20,,javascript:;,Metamask: Swap Router,https://bscscan.com/address/0x1a1ec25dc08e98e5e93f1104b5e5cdd298707d31,0 BNB $0.00,0 . 00056365,,0x1a1ec25dc08e98e5e93f1104b5e5cdd298707d31,,Metamask: Swap Router,,Metamask: Swap Router,,0,,0,0.00,0.00,0.00,658.81,2026-05-21,0,0,0.00,0.00,0,,outflow_from_you
0xb6f44e915631d43197c432527f931568b8545ba19f40f01f7a3cda1c5ffec5fd,https://bscscan.com/tx/0xb6f44e915631d43197c432527f931568b8545ba19f40f01f7a3cda1c5ffec5fd,28503525,2023-05-24 23:14:20,Binance 47,https://bscscan.com/address/0x3c783c21a0383057d128bae431894a5c19f9cf06,,javascript:;,0.0145 BNB $9.41,0 . 000126,0x3c783c21a0383057d128bae431894a5c19f9cf06,,Binance 47,,Binance 47,,,0,,0.0145,9.41,9.55,0.14,658.81,2026-05-21,1,0.0145,9.41,9.55,1,friendly_tag_or_url_contains_binance,inflow_to_you
0x2beea11050858b1351f84c9e32ee9932aa9eb6bdead6edb14e0d6b0e42750671,https://bscscan.com/tx/0x2beea11050858b1351f84c9e32ee9932aa9eb6bdead6edb14e0d6b0e42750671,28501838,2023-05-24 21:49:49,,javascript:;,BUSD-T Stablecoin,https://bscscan.com/address/0x55d398326f99059ff775485246999027b3197955,0 BNB $0.00,0 . 00013235,,0x55d398326f99059ff775485246999027b3197955,,BUSD-T Stablecoin,,BUSD-T Stablecoin,,0,,0,0.00,0.00,0.00,658.81,2026-05-21,0,0,0.00,0.00,0,,outflow_from_you
0x24fc652d6cf900f880db4b3340f5995cf615af8297ca7bd02e403ac0141d0ad7,https://bscscan.com/tx/0x24fc652d6cf900f880db4b3340f5995cf615af8297ca7bd02e403ac0141d0ad7,28462070,2023-05-23 12:37:54,,javascript:;,BUSD-T Stablecoin,https://bscscan.com/address/0x55d398326f99059ff775485246999027b3197955,0 BNB $0.00,0 . 00010841,,0x55d398326f99059ff775485246999027b3197955,,BUSD-T Stablecoin,,BUSD-T Stablecoin,,0,,0,0.00,0.00,0.00,658.81,2026-05-21,0,0,0.00,0.00,0,,outflow_from_you
0x918190686f53b3b4ee5d49fd6351ddae0bc5f183b9459f7a457f7e78d8db1417,https://bscscan.com/tx/0x918190686f53b3b4ee5d49fd6351ddae0bc5f183b9459f7a457f7e78d8db1417,28462055,2023-05-23 12:37:09,,javascript:;,PancakeSwap V3: Smart Router,https://bscscan.com/address/0x13f4ea83d0bd40e75c8222255bc855a974568dd4,0 BNB $0.00,0 . 00080306,,0x13f4ea83d0bd40e75c8222255bc855a974568dd4,,PancakeSwap V3: Smart Router,,PancakeSwap V3: Smart Router,,0,,0,0.00,0.00,0.00,658.81,2026-05-21,0,0,0.00,0.00,0,,outflow_from_you
0xa667ff4f60dbadd83b75607dfa765d3797064fac639ec43cee10882d8ee01a85,https://bscscan.com/tx/0xa667ff4f60dbadd83b75607dfa765d3797064fac639ec43cee10882d8ee01a85,28462037,2023-05-23 12:36:15,,javascript:;,0x6b0a03c7...d6afbfDf7,https://bscscan.com/address/0x6b0a03c7bd8441e0f8959394761e29bd6afbfdf7,0 BNB $0.00,0 . 00013239,,0x6b0a03c7bd8441e0f8959394761e29bd6afbfdf7,,,,,,0,,0,0.00,0.00,0.00,658.81,2026-05-21,0,0,0.00,0.00,0,,outflow_from_you
0x096772dccd7806c669cf83d4ae41ae6d19dd78aec468223768a00b17fca7c281,https://bscscan.com/tx/0x096772dccd7806c669cf83d4ae41ae6d19dd78aec468223768a00b17fca7c281,28448705,2023-05-23 1:28:42,,javascript:;,0x4C0c5daa...7C58b4EC0,https://bscscan.com/address/0x4c0c5daacd39be2c67d7207255de9ac7c58b4ec0,0 BNB $0.00,0 . 00020276,,0x4c0c5daacd39be2c67d7207255de9ac7c58b4ec0,,,,,,0,,0,0.00,0.00,0.00,658.81,2026-05-21,0,0,0.00,0.00,0,,outflow_from_you
0xcc89074fd1878eff93fadb342b1098b943e8e36f4a966b803178eedfbb5c5815,https://bscscan.com/tx/0xcc89074fd1878eff93fadb342b1098b943e8e36f4a966b803178eedfbb5c5815,28382616,2023-05-20 18:19:09,,javascript:;,0x4C0c5daa...7C58b4EC0,https://bscscan.com/address/0x4c0c5daacd39be2c67d7207255de9ac7c58b4ec0,0 BNB $0.00,0 . 00020276,,0x4c0c5daacd39be2c67d7207255de9ac7c58b4ec0,,,,,,0,,0,0.00,0.00,0.00,658.81,2026-05-21,0,0,0.00,0.00,0,,outflow_from_you
0xc3297b133fca5d08e8257175ef2ec27c76e36e867d6b5610811b89f7ba67fbf7,https://bscscan.com/tx/0xc3297b133fca5d08e8257175ef2ec27c76e36e867d6b5610811b89f7ba67fbf7,28016420,2023-05-08 0:38:21,,javascript:;,Vetter: VETTER Token,https://bscscan.com/address/0x6169b3b23e57de79a6146a2170980ceb1f83b9e0,0 BNB $0.00,0 . 00004369,,0x6169b3b23e57de79a6146a2170980ceb1f83b9e0,,Vetter: VETTER Token,,Vetter: VETTER Token,,0,,0,0.00,0.00,0.00,658.81,2026-05-21,0,0,0.00,0.00,0,,outflow_from_you
0xae4046aa99873e8d4516ad77242d9ca2b021424e31c142524c3ca2a45d5221c3,https://bscscan.com/tx/0xae4046aa99873e8d4516ad77242d9ca2b021424e31c142524c3ca2a45d5221c3,28016394,2023-05-08 0:37:02,,javascript:;,Safuu: SAFUU Token,https://bscscan.com/address/0xe5ba47fd94cb645ba4119222e34fb33f59c7cd90,0 BNB $0.00,0 . 00004355,,0xe5ba47fd94cb645ba4119222e34fb33f59c7cd90,,Safuu: SAFUU Token,,Safuu: SAFUU Token,safuu,1,high,0,0.00,0.00,0.00,658.81,2026-05-21,0,0,0.00,0.00,0,,outflow_from_you
0xda7c73a870fc95664b67a5338c9f1e653b400fb15300bbc4617cfb5d95d21f58,https://bscscan.com/tx/0xda7c73a870fc95664b67a5338c9f1e653b400fb15300bbc4617cfb5d95d21f58,28016393,2023-05-08 0:36:59,,javascript:;,BOMB Money: BSHARE Token,https://bscscan.com/address/0x531780face85306877d7e1f05d713d1b50a37f7a,0 BNB $0.00,0 . 00004353,,0x531780face85306877d7e1f05d713d1b50a37f7a,,BOMB Money: BSHARE Token,,BOMB Money: BSHARE Token,,0,,0,0.00,0.00,0.00,658.81,2026-05-21,0,0,0.00,0.00,0,,outflow_from_you
0xca1760a43a0d35763f71c500249192d120e3262c36ca439fc916d33304f351f4,https://bscscan.com/tx/0xca1760a43a0d35763f71c500249192d120e3262c36ca439fc916d33304f351f4,28016393,2023-05-08 0:36:59,,javascript:;,BOMB Money: BOMB Token,https://bscscan.com/address/0x522348779dcb2911539e76a1042aa922f9c47ee3,0 BNB $0.00,0 . 00004356,,0x522348779dcb2911539e76a1042aa922f9c47ee3,,BOMB Money: BOMB Token,,BOMB Money: BOMB Token,,0,,0,0.00,0.00,0.00,658.81,2026-05-21,0,0,0.00,0.00,0,,outflow_from_you
0xb81b0b7a6919fb317b6921002a4a8de664ce5597634f3c06688e8f9848379ed2,https://bscscan.com/tx/0xb81b0b7a6919fb317b6921002a4a8de664ce5597634f3c06688e8f9848379ed2,28016392,2023-05-08 0:36:56,,javascript:;,BNB Chain: WBNB Token,https://bscscan.com/address/0xbb4cdb9cbd36b01bd1cbaebf2de08d9173bc095c,0 BNB $0.00,0 . 00007404,,0xbb4cdb9cbd36b01bd1cbaebf2de08d9173bc095c,,BNB Chain: WBNB Token,,BNB Chain: WBNB Token,,0,,0,0.00,0.00,0.00,658.81,2026-05-21,0,0,0.00,0.00,0,,outflow_from_you
0x3b0dc8688703f6eba969fbd141b55bff74313b5949e5639233a7747a1acf33ef,https://bscscan.com/tx/0x3b0dc8688703f6eba969fbd141b55bff74313b5949e5639233a7747a1acf33ef,28016390,2023-05-08 0:36:50,,javascript:;,0x6b0a03c7...d6afbfDf7,https://bscscan.com/address/0x6b0a03c7bd8441e0f8959394761e29bd6afbfdf7,0 BNB $0.00,0 . 00007446,,0x6b0a03c7bd8441e0f8959394761e29bd6afbfdf7,,,,,,0,,0,0.00,0.00,0.00,658.81,2026-05-21,0,0,0.00,0.00,0,,outflow_from_you
0x9f4606f611e80781874de28c85114a0bf59c26adbdc721748232627a9b796d42,https://bscscan.com/tx/0x9f4606f611e80781874de28c85114a0bf59c26adbdc721748232627a9b796d42,28016387,2023-05-08 0:36:41,,javascript:;,0xE81A79e9...6b3A0C7E5,https://bscscan.com/address/0xe81a79e9d951759aef3fccef17022276b3a0c7e5,0 BNB $0.00,0 . 00005101,,0xe81a79e9d951759aef3fccef17022276b3a0c7e5,,,,,,0,,0,0.00,0.00,0.00,658.81,2026-05-21,0,0,0.00,0.00,0,,outflow_from_you
0xf2cf3d01151a897c7801402e59b338f3412af957a08775a9be0f8ead05721e8e,https://bscscan.com/tx/0xf2cf3d01151a897c7801402e59b338f3412af957a08775a9be0f8ead05721e8e,28016386,2023-05-08 0:36:38,,javascript:;,0x6b0a03c7...d6afbfDf7,https://bscscan.com/address/0x6b0a03c7bd8441e0f8959394761e29bd6afbfdf7,0 BNB $0.00,0 . 00007446,,0x6b0a03c7bd8441e0f8959394761e29bd6afbfdf7,,,,,,0,,0,0.00,0.00,0.00,658.81,2026-05-21,0,0,0.00,0.00,0,,outflow_from_you
0x0f5ad441df6d74da3957081f5e137ca65c3bb76d0bc07e568618536b23f5b82e,https://bscscan.com/tx/0x0f5ad441df6d74da3957081f5e137ca65c3bb76d0bc07e568618536b23f5b82e,28016385,2023-05-08 0:36:35,,javascript:;,Safuu: SAFUU Token,https://bscscan.com/address/0xe5ba47fd94cb645ba4119222e34fb33f59c7cd90,0 BNB $0.00,0 . 00004355,,0xe5ba47fd94cb645ba4119222e34fb33f59c7cd90,,Safuu: SAFUU Token,,Safuu: SAFUU Token,safuu,1,high,0,0.00,0.00,0.00,658.81,2026-05-21,0,0,0.00,0.00,0,,outflow_from_you
0xb103775ea8e13eafc7e49d175dfbc4908556aff77392ff8d0ed45c3d8aa7e5e2,https://bscscan.com/tx/0xb103775ea8e13eafc7e49d175dfbc4908556aff77392ff8d0ed45c3d8aa7e5e2,27999130,2023-05-07 10:13:21,,javascript:;,0x4C0c5daa...7C58b4EC0,https://bscscan.com/address/0x4c0c5daacd39be2c67d7207255de9ac7c58b4ec0,0 BNB $0.00,0 . 00024776,,0x4c0c5daacd39be2c67d7207255de9ac7c58b4ec0,,,,,,0,,0,0.00,0.00,0.00,658.81,2026-05-21,0,0,0.00,0.00,0,,outflow_from_you
0xb8aa2aded1e1ba4e8315b8bf346ddcb0d71e7a4c8df3baf42ddf95ae52a75aa4,https://bscscan.com/tx/0xb8aa2aded1e1ba4e8315b8bf346ddcb0d71e7a4c8df3baf42ddf95ae52a75aa4,27926867,2023-05-04 21:55:18,,javascript:;,BUSD-T Stablecoin,https://bscscan.com/address/0x55d398326f99059ff775485246999027b3197955,0 BNB $0.00,0 . 00006338,,0x55d398326f99059ff775485246999027b3197955,,BUSD-T Stablecoin,,BUSD-T Stablecoin,,0,,0,0.00,0.00,0.00,658.81,2026-05-21,0,0,0.00,0.00,0,,outflow_from_you
0x8d7ce48c488ced852a7b5f5fa8cd00e0b0ac590408e44246c0c61a79c7752368,https://bscscan.com/tx/0x8d7ce48c488ced852a7b5f5fa8cd00e0b0ac590408e44246c0c61a79c7752368,27926853,2023-05-04 21:54:36,,javascript:;,Metamask: Swap Router,https://bscscan.com/address/0x1a1ec25dc08e98e5e93f1104b5e5cdd298707d31,0 BNB $0.00,0 . 00070407,,0x1a1ec25dc08e98e5e93f1104b5e5cdd298707d31,,Metamask: Swap Router,,Metamask: Swap Router,,0,,0,0.00,0.00,0.00,658.81,2026-05-21,0,0,0.00,0.00,0,,outflow_from_you
0x2a3252095d506871dd7c1ca0d4acb0d70d3f9502490f3a90aa4a3f3c3115098b,https://bscscan.com/tx/0x2a3252095d506871dd7c1ca0d4acb0d70d3f9502490f3a90aa4a3f3c3115098b,27926853,2023-05-04 21:54:36,,javascript:;,0xBA625FDc...794a80Dac,https://bscscan.com/address/0xba625fdcc8d35e43e9b9e337779d4e4794a80dac,0 BNB $0.00,0 . 00013558,,0xba625fdcc8d35e43e9b9e337779d4e4794a80dac,,,,,,0,,0,0.00,0.00,0.00,658.81,2026-05-21,0,0,0.00,0.00,0,,outflow_from_you
0x3230355f1c37c65c1facb087a479f8c5f92e985e22c6e0b76428b42b204aefaf,https://bscscan.com/tx/0x3230355f1c37c65c1facb087a479f8c5f92e985e22c6e0b76428b42b204aefaf,27926840,2023-05-04 21:53:57,,javascript:;,0x4C0c5daa...7C58b4EC0,https://bscscan.com/address/0x4c0c5daacd39be2c67d7207255de9ac7c58b4ec0,0 BNB $0.00,0 . 00020276,,0x4c0c5daacd39be2c67d7207255de9ac7c58b4ec0,,,,,,0,,0,0.00,0.00,0.00,658.81,2026-05-21,0,0,0.00,0.00,0,,outflow_from_you
0x4b8aae51d2f6504360668c4380f822ad3b385027ec65f5c4a29c310b2707ae39,https://bscscan.com/tx/0x4b8aae51d2f6504360668c4380f822ad3b385027ec65f5c4a29c310b2707ae39,27895600,2023-05-03 19:49:48,,javascript:;,0xB6934215...68B6A3182,https://bscscan.com/address/0xb6934215b856b03430fc8dc058bd1c668b6a3182,0.04506431 BNB $29.25,0 . 000063,,0xb6934215b856b03430fc8dc058bd1c668b6a3182,,,,,,0,,0.04506431,29.25,29.69,0.44,658.81,2026-05-21,0,0,0.00,0.00,1,user_binance_address_match,outflow_from_you
0x754de83adf911216e6e65210b48528741aeaf2840a398901ce006cb68b8e1b55,https://bscscan.com/tx/0x754de83adf911216e6e65210b48528741aeaf2840a398901ce006cb68b8e1b55,27885457,2023-05-03 11:21:52,,javascript:;,0x4C0c5daa...7C58b4EC0,https://bscscan.com/address/0x4c0c5daacd39be2c67d7207255de9ac7c58b4ec0,0 BNB $0.00,0 . 00020276,,0x4c0c5daacd39be2c67d7207255de9ac7c58b4ec0,,,,,,0,,0,0.00,0.00,0.00,658.81,2026-05-21,0,0,0.00,0.00,0,,outflow_from_you
0x06e0710086ee62c5eb4bf4a61a195c882d2da41d1ff72e025997c312f5f3602d,https://bscscan.com/tx/0x06e0710086ee62c5eb4bf4a61a195c882d2da41d1ff72e025997c312f5f3602d,27885386,2023-05-03 11:18:19,,javascript:;,PancakeSwap V3: Smart Router,https://bscscan.com/address/0x13f4ea83d0bd40e75c8222255bc855a974568dd4,0 BNB $0.00,0 . 00068314,,0x13f4ea83d0bd40e75c8222255bc855a974568dd4,,PancakeSwap V3: Smart Router,,PancakeSwap V3: Smart Router,,0,,0,0.00,0.00,0.00,658.81,2026-05-21,0,0,0.00,0.00,0,,outflow_from_you
0x561fed0aab3a811a321888fd4b7b0b3d58306548d5b9b1517c6316214e29edba,https://bscscan.com/tx/0x561fed0aab3a811a321888fd4b7b0b3d58306548d5b9b1517c6316214e29edba,27885381,2023-05-03 11:18:04,,javascript:;,BUSD-T Stablecoin,https://bscscan.com/address/0x55d398326f99059ff775485246999027b3197955,0 BNB $0.00,0 . 00013231,,0x55d398326f99059ff775485246999027b3197955,,BUSD-T Stablecoin,,BUSD-T Stablecoin,,0,,0,0.00,0.00,0.00,658.81,2026-05-21,0,0,0.00,0.00,0,,outflow_from_you
0xa61cc0f7401421cc89009626e21fe016c3a96165e2d0a75d799a250c037dbd26,https://bscscan.com/tx/0xa61cc0f7401421cc89009626e21fe016c3a96165e2d0a75d799a250c037dbd26,27845574,2023-05-02 2:03:57,,javascript:;,BUSD-T Stablecoin,https://bscscan.com/address/0x55d398326f99059ff775485246999027b3197955,0 BNB $0.00,0 . 00010841,,0x55d398326f99059ff775485246999027b3197955,,BUSD-T Stablecoin,,BUSD-T Stablecoin,,0,,0,0.00,0.00,0.00,658.81,2026-05-21,0,0,0.00,0.00,0,,outflow_from_you
0x8e39b16fcb489897066aae10c55fba6734de98eb51027a08ed56b287ab394b21,https://bscscan.com/tx/0x8e39b16fcb489897066aae10c55fba6734de98eb51027a08ed56b287ab394b21,27824907,2023-05-01 8:49:27,,javascript:;,PancakeSwap V3: Smart Router,https://bscscan.com/address/0x13f4ea83d0bd40e75c8222255bc855a974568dd4,0 BNB $0.00,0 . 00085048,,0x13f4ea83d0bd40e75c8222255bc855a974568dd4,,PancakeSwap V3: Smart Router,,PancakeSwap V3: Smart Router,,0,,0,0.00,0.00,0.00,658.81,2026-05-21,0,0,0.00,0.00,0,,outflow_from_you
0x0d3bb79f9810789760c4d9795bab1de78f19f8dc3e62821de018af8ad61dd6c5,https://bscscan.com/tx/0x0d3bb79f9810789760c4d9795bab1de78f19f8dc3e62821de018af8ad61dd6c5,27824899,2023-05-01 8:49:03,,javascript:;,BUSD-T Stablecoin,https://bscscan.com/address/0x55d398326f99059ff775485246999027b3197955,0 BNB $0.00,0 . 00008731,,0x55d398326f99059ff775485246999027b3197955,,BUSD-T Stablecoin,,BUSD-T Stablecoin,,0,,0,0.00,0.00,0.00,658.81,2026-05-21,0,0,0.00,0.00,0,,outflow_from_you
0x6c8102c6ed42bb5268e8df0f8056e0afbeb240067bac88a9a1bdb4a4bf7f4ad3,https://bscscan.com/tx/0x6c8102c6ed42bb5268e8df0f8056e0afbeb240067bac88a9a1bdb4a4bf7f4ad3,27819350,2023-05-01 4:11:23,,javascript:;,0x0c30D3d6...cb24FD599,https://bscscan.com/address/0x0c30d3d66bc7c73a83fda929888c34dcb24fd599,0 BNB $0.00,0 . 00015262,,0x0c30d3d66bc7c73a83fda929888c34dcb24fd599,,,,,,0,,0,0.00,0.00,0.00,658.81,2026-05-21,0,0,0.00,0.00,0,,outflow_from_you
0x8d39a08589b6923cd86c4f45b36e39a45355599355306827d329c1976a7b7c7c,https://bscscan.com/tx/0x8d39a08589b6923cd86c4f45b36e39a45355599355306827d329c1976a7b7c7c,27759727,2023-04-29 2:26:31,,javascript:;,0x4C0c5daa...7C58b4EC0,https://bscscan.com/address/0x4c0c5daacd39be2c67d7207255de9ac7c58b4ec0,0 BNB $0.00,0 . 00020276,,0x4c0c5daacd39be2c67d7207255de9ac7c58b4ec0,,,,,,0,,0,0.00,0.00,0.00,658.81,2026-05-21,0,0,0.00,0.00,0,,outflow_from_you
0xb810a070876b548d35211e929896d99a968c66560fe558b4d2c072be2fefffbd,https://bscscan.com/tx/0xb810a070876b548d35211e929896d99a968c66560fe558b4d2c072be2fefffbd,27759358,2023-04-29 2:08:02,,javascript:;,0x17b1e028...3790092a3,https://bscscan.com/address/0x17b1e028a1837ff15ba9e7140add0d13790092a3,0 BNB $0.00,0 . 00035547,,0x17b1e028a1837ff15ba9e7140add0d13790092a3,,,,,,0,,0,0.00,0.00,0.00,658.81,2026-05-21,0,0,0.00,0.00,0,,outflow_from_you
0x6b863be791386b382ca1527f5f5002d5451e9fb75000d1e501e99c756e67fa17,https://bscscan.com/tx/0x6b863be791386b382ca1527f5f5002d5451e9fb75000d1e501e99c756e67fa17,27759351,2023-04-29 2:07:41,,javascript:;,BUSD-T Stablecoin,https://bscscan.com/address/0x55d398326f99059ff775485246999027b3197955,0 BNB $0.00,0 . 00013228,,0x55d398326f99059ff775485246999027b3197955,,BUSD-T Stablecoin,,BUSD-T Stablecoin,,0,,0,0.00,0.00,0.00,658.81,2026-05-21,0,0,0.00,0.00,0,,outflow_from_you
0xf2008bcb447b78c6f097aae2aff0daba384236a302cf0f4bf5af22b756fde96e,https://bscscan.com/tx/0xf2008bcb447b78c6f097aae2aff0daba384236a302cf0f4bf5af22b756fde96e,27721745,2023-04-27 18:44:44,,javascript:;,PancakeSwap V3: Smart Router,https://bscscan.com/address/0x13f4ea83d0bd40e75c8222255bc855a974568dd4,0 BNB $0.00,0 . 00086451,,0x13f4ea83d0bd40e75c8222255bc855a974568dd4,,PancakeSwap V3: Smart Router,,PancakeSwap V3: Smart Router,safuu,1,high,0,0.00,0.00,0.00,658.81,2026-05-21,0,0,0.00,0.00,0,,outflow_from_you
0xbdf290fddebebd524144b30b5b3b142ccae458978f74c3b3e43338d2d24fa411,https://bscscan.com/tx/0xbdf290fddebebd524144b30b5b3b142ccae458978f74c3b3e43338d2d24fa411,27721738,2023-04-27 18:44:23,,javascript:;,BUSD-T Stablecoin,https://bscscan.com/address/0x55d398326f99059ff775485246999027b3197955,0 BNB $0.00,0 . 00008739,,0x55d398326f99059ff775485246999027b3197955,,BUSD-T Stablecoin,,BUSD-T Stablecoin,,0,,0,0.00,0.00,0.00,658.81,2026-05-21,0,0,0.00,0.00,0,,outflow_from_you
0x8f881927059417ed311c88ff9b2182a792a9ca8821e70309b9b08b96e19b7e5d,https://bscscan.com/tx/0x8f881927059417ed311c88ff9b2182a792a9ca8821e70309b9b08b96e19b7e5d,27716926,2023-04-27 14:43:11,,javascript:;,0x64c7f3c2...bB3284F34,https://bscscan.com/address/0x64c7f3c2c19b41a6ad67bb5f4edc8edbb3284f34,0 BNB $0.00,0 . 0002317,,0x64c7f3c2c19b41a6ad67bb5f4edc8edbb3284f34,,,,,,0,,0,0.00,0.00,0.00,658.81,2026-05-21,0,0,0.00,0.00,0,,outflow_from_you
0x5dc781f0e9f0e91e4be92b8b78c3bac62f577f3f8e6d44c454c7d7fa30abf1cf,https://bscscan.com/tx/0x5dc781f0e9f0e91e4be92b8b78c3bac62f577f3f8e6d44c454c7d7fa30abf1cf,27707888,2023-04-27 7:10:29,,javascript:;,0x0c30D3d6...cb24FD599,https://bscscan.com/address/0x0c30d3d66bc7c73a83fda929888c34dcb24fd599,0 BNB $0.00,0 . 00015262,,0x0c30d3d66bc7c73a83fda929888c34dcb24fd599,,,,,,0,,0,0.00,0.00,0.00,658.81,2026-05-21,0,0,0.00,0.00,0,,outflow_from_you
0x936795c7bc30ea7180c7bd127096cb472ab90f34ad3e18f5882a7d440003b54c,https://bscscan.com/tx/0x936795c7bc30ea7180c7bd127096cb472ab90f34ad3e18f5882a7d440003b54c,27656171,2023-04-25 12:00:13,,javascript:;,0x64c7f3c2...bB3284F34,https://bscscan.com/address/0x64c7f3c2c19b41a6ad67bb5f4edc8edbb3284f34,0 BNB $0.00,0 . 00023174,,0x64c7f3c2c19b41a6ad67bb5f4edc8edbb3284f34,,,,,,0,,0,0.00,0.00,0.00,658.81,2026-05-21,0,0,0.00,0.00,0,,outflow_from_you
0xa4d313abd1fc0d1a0cda7a374abdd9f034a7a946faefec7ef47ce14c5bb17682,https://bscscan.com/tx/0xa4d313abd1fc0d1a0cda7a374abdd9f034a7a946faefec7ef47ce14c5bb17682,27656162,2023-04-25 11:59:46,,javascript:;,BUSD-T Stablecoin,https://bscscan.com/address/0x55d398326f99059ff775485246999027b3197955,0 BNB $0.00,0 . 00008739,,0x55d398326f99059ff775485246999027b3197955,,BUSD-T Stablecoin,,BUSD-T Stablecoin,,0,,0,0.00,0.00,0.00,658.81,2026-05-21,0,0,0.00,0.00,0,,outflow_from_you
0xb6e60d16d24e79f1ec8f7e7b1ba210ec55b907852a714a6d595b641d7f5a5f9d,https://bscscan.com/tx/0xb6e60d16d24e79f1ec8f7e7b1ba210ec55b907852a714a6d595b641d7f5a5f9d,27656126,2023-04-25 11:57:58,,javascript:;,0x0c30D3d6...cb24FD599,https://bscscan.com/address/0x0c30d3d66bc7c73a83fda929888c34dcb24fd599,0 BNB $0.00,0 . 00015269,,0x0c30d3d66bc7c73a83fda929888c34dcb24fd599,,,,,,0,,0,0.00,0.00,0.00,658.81,2026-05-21,0,0,0.00,0.00,0,,outflow_from_you
0x13e9566872d0ef9f0d1c5d8a37428cd789f6d811b777084d74c67634d0a150a7,https://bscscan.com/tx/0x13e9566872d0ef9f0d1c5d8a37428cd789f6d811b777084d74c67634d0a150a7,27638220,2023-04-24 21:00:47,,javascript:;,BUSD-T Stablecoin,https://bscscan.com/address/0x55d398326f99059ff775485246999027b3197955,0 BNB $0.00,0 . 00015334,,0x55d398326f99059ff775485246999027b3197955,,BUSD-T Stablecoin,,BUSD-T Stablecoin,,0,,0,0.00,0.00,0.00,658.81,2026-05-21,0,0,0.00,0.00,0,,outflow_from_you
0x9290798daf01946b5fa50d2c0f2f8187a3cacf2276e31e782fc1f5326094f297,https://bscscan.com/tx/0x9290798daf01946b5fa50d2c0f2f8187a3cacf2276e31e782fc1f5326094f297,27629863,2023-04-24 14:01:08,,javascript:;,0x64c7f3c2...bB3284F34,https://bscscan.com/address/0x64c7f3c2c19b41a6ad67bb5f4edc8edbb3284f34,0 BNB $0.00,0 . 00023188,,0x64c7f3c2c19b41a6ad67bb5f4edc8edbb3284f34,,,,,,0,,0,0.00,0.00,0.00,658.81,2026-05-21,0,0,0.00,0.00,0,,outflow_from_you
0xa323c169760c7043e334987930962d120105885840ea21778892a6f9d81ae27b,https://bscscan.com/tx/0xa323c169760c7043e334987930962d120105885840ea21778892a6f9d81ae27b,27629773,2023-04-24 13:56:38,,javascript:;,0x0c30D3d6...cb24FD599,https://bscscan.com/address/0x0c30d3d66bc7c73a83fda929888c34dcb24fd599,0 BNB $0.00,0 . 00015269,,0x0c30d3d66bc7c73a83fda929888c34dcb24fd599,,,,,,0,,0,0.00,0.00,0.00,658.81,2026-05-21,0,0,0.00,0.00,0,,outflow_from_you
0x56315f2127bcfb4d47705d6bb276e9a4b135248df98371d05f37f5323c309c93,https://bscscan.com/tx/0x56315f2127bcfb4d47705d6bb276e9a4b135248df98371d05f37f5323c309c93,27621240,2023-04-24 6:49:26,,javascript:;,0x64c7f3c2...bB3284F34,https://bscscan.com/address/0x64c7f3c2c19b41a6ad67bb5f4edc8edbb3284f34,0 BNB $0.00,0 . 00023188,,0x64c7f3c2c19b41a6ad67bb5f4edc8edbb3284f34,,,,,,0,,0,0.00,0.00,0.00,658.81,2026-05-21,0,0,0.00,0.00,0,,outflow_from_you
0x85d35c8d6af29e853d5f19f349142c0d4490b0cbdf8fb33de33d0df8c4eb8aa0,https://bscscan.com/tx/0x85d35c8d6af29e853d5f19f349142c0d4490b0cbdf8fb33de33d0df8c4eb8aa0,27621234,2023-04-24 6:49:08,,javascript:;,BUSD-T Stablecoin,https://bscscan.com/address/0x55d398326f99059ff775485246999027b3197955,0 BNB $0.00,0 . 00008739,,0x55d398326f99059ff775485246999027b3197955,,BUSD-T Stablecoin,,BUSD-T Stablecoin,,0,,0,0.00,0.00,0.00,658.81,2026-05-21,0,0,0.00,0.00,0,,outflow_from_you
0x8d0ef60a5affee103ebd2ee43680dc4f6152e4370e568dfcd5b4647922b250d6,https://bscscan.com/tx/0x8d0ef60a5affee103ebd2ee43680dc4f6152e4370e568dfcd5b4647922b250d6,27621037,2023-04-24 6:39:17,,javascript:;,0x4C0c5daa...7C58b4EC0,https://bscscan.com/address/0x4c0c5daacd39be2c67d7207255de9ac7c58b4ec0,0 BNB $0.00,0 . 00020276,,0x4c0c5daacd39be2c67d7207255de9ac7c58b4ec0,,,,,,0,,0,0.00,0.00,0.00,658.81,2026-05-21,0,0,0.00,0.00,0,,outflow_from_you
0x8173ce1b34e492051a4603838d16287ff67905e731b457e103f09c8eb406599d,https://bscscan.com/tx/0x8173ce1b34e492051a4603838d16287ff67905e731b457e103f09c8eb406599d,27621003,2023-04-24 6:37:35,,javascript:;,PancakeSwap V3: Smart Router,https://bscscan.com/address/0x13f4ea83d0bd40e75c8222255bc855a974568dd4,0 BNB $0.00,0 . 00078598,,0x13f4ea83d0bd40e75c8222255bc855a974568dd4,,PancakeSwap V3: Smart Router,,PancakeSwap V3: Smart Router,,0,,0,0.00,0.00,0.00,658.81,2026-05-21,0,0,0.00,0.00,0,,outflow_from_you
0xbb2e6446c31706badce3cb9b6323c1135bddb87d1ef50d46cf794076d71d3bff,https://bscscan.com/tx/0xbb2e6446c31706badce3cb9b6323c1135bddb87d1ef50d46cf794076d71d3bff,27620997,2023-04-24 6:37:17,,javascript:;,0x6b0a03c7...d6afbfDf7,https://bscscan.com/address/0x6b0a03c7bd8441e0f8959394761e29bd6afbfdf7,0 BNB $0.00,0 . 00013239,,0x6b0a03c7bd8441e0f8959394761e29bd6afbfdf7,,,,,,0,,0,0.00,0.00,0.00,658.81,2026-05-21,0,0,0.00,0.00,0,,outflow_from_you
0xc7d26152b5300793d710b935cf88bec646a41b184be923172dfedac227b597e9,https://bscscan.com/tx/0xc7d26152b5300793d710b935cf88bec646a41b184be923172dfedac227b597e9,27620967,2023-04-24 6:35:47,,javascript:;,0x0c30D3d6...cb24FD599,https://bscscan.com/address/0x0c30d3d66bc7c73a83fda929888c34dcb24fd599,0 BNB $0.00,0 . 00026679,,0x0c30d3d66bc7c73a83fda929888c34dcb24fd599,,,,,,0,,0,0.00,0.00,0.00,658.81,2026-05-21,0,0,0.00,0.00,0,,outflow_from_you
0x26a5622d77021c00f4269f6d48f4c3577a31b6646a5f4caef0f61737106fce38,https://bscscan.com/tx/0x26a5622d77021c00f4269f6d48f4c3577a31b6646a5f4caef0f61737106fce38,27574446,2023-04-22 15:45:20,,javascript:;,0x64c7f3c2...bB3284F34,https://bscscan.com/address/0x64c7f3c2c19b41a6ad67bb5f4edc8edbb3284f34,0 BNB $0.00,0 . 00021007,,0x64c7f3c2c19b41a6ad67bb5f4edc8edbb3284f34,,,,,,0,,0,0.00,0.00,0.00,658.81,2026-05-21,0,0,0.00,0.00,0,,outflow_from_you
0x6108ed94e3f31c4cd1cfba480cd170b03434a65a6be1a2fd4a0d325813e87508,https://bscscan.com/tx/0x6108ed94e3f31c4cd1cfba480cd170b03434a65a6be1a2fd4a0d325813e87508,27574439,2023-04-22 15:44:59,,javascript:;,0x6b0a03c7...d6afbfDf7,https://bscscan.com/address/0x6b0a03c7bd8441e0f8959394761e29bd6afbfdf7,0 BNB $0.00,0 . 00013239,,0x6b0a03c7bd8441e0f8959394761e29bd6afbfdf7,,,,,,0,,0,0.00,0.00,0.00,658.81,2026-05-21,0,0,0.00,0.00,0,,outflow_from_you
0xac5cdf97c7e3df49d0d8be026b68a0445e1fc018304ee7ae666b02265f8f03a7,https://bscscan.com/tx/0xac5cdf97c7e3df49d0d8be026b68a0445e1fc018304ee7ae666b02265f8f03a7,27574417,2023-04-22 15:43:53,,javascript:;,0x0c30D3d6...cb24FD599,https://bscscan.com/address/0x0c30d3d66bc7c73a83fda929888c34dcb24fd599,0 BNB $0.00,0 . 00022179,,0x0c30d3d66bc7c73a83fda929888c34dcb24fd599,,,,,,0,,0,0.00,0.00,0.00,658.81,2026-05-21,0,0,0.00,0.00,0,,outflow_from_you
0x9b154e31cfd6829981118e9b5782dd87304de7daae030af03fd1978a726b6e03,https://bscscan.com/tx/0x9b154e31cfd6829981118e9b5782dd87304de7daae030af03fd1978a726b6e03,27574414,2023-04-22 15:43:44,,javascript:;,0x0c30D3d6...cb24FD599,https://bscscan.com/address/0x0c30d3d66bc7c73a83fda929888c34dcb24fd599,0 BNB $0.00,0 . 00026679,,0x0c30d3d66bc7c73a83fda929888c34dcb24fd599,,,,,,0,,0,0.00,0.00,0.00,658.81,2026-05-21,0,0,0.00,0.00,0,,outflow_from_you
0x4181b40c167e385903e27f75973196e90cfdd2704b585940fa0d728ebb406867,https://bscscan.com/tx/0x4181b40c167e385903e27f75973196e90cfdd2704b585940fa0d728ebb406867,27561525,2023-04-22 4:58:23,,javascript:;,0x64c7f3c2...bB3284F34,https://bscscan.com/address/0x64c7f3c2c19b41a6ad67bb5f4edc8edbb3284f34,0 BNB $0.00,0 . 00021007,,0x64c7f3c2c19b41a6ad67bb5f4edc8edbb3284f34,,,,,,0,,0,0.00,0.00,0.00,658.81,2026-05-21,0,0,0.00,0.00,0,,outflow_from_you
0x8372f4b7f3f71062a1742e692cebd091765434b56e549d31f28a730ab7b09c84,https://bscscan.com/tx/0x8372f4b7f3f71062a1742e692cebd091765434b56e549d31f28a730ab7b09c84,27561508,2023-04-22 4:57:32,,javascript:;,0x6b0a03c7...d6afbfDf7,https://bscscan.com/address/0x6b0a03c7bd8441e0f8959394761e29bd6afbfdf7,0 BNB $0.00,0 . 00013239,,0x6b0a03c7bd8441e0f8959394761e29bd6afbfdf7,,,,,,0,,0,0.00,0.00,0.00,658.81,2026-05-21,0,0,0.00,0.00,0,,outflow_from_you
0x0acb0fa891a712e507fd1baa4ad1f15f01df2c2ae6412dd4d54b83f6d72b3ca6,https://bscscan.com/tx/0x0acb0fa891a712e507fd1baa4ad1f15f01df2c2ae6412dd4d54b83f6d72b3ca6,27561475,2023-04-22 4:55:53,,javascript:;,PancakeSwap V3: Smart Router,https://bscscan.com/address/0x13f4ea83d0bd40e75c8222255bc855a974568dd4,0 BNB $0.00,0 . 00081968,,0x13f4ea83d0bd40e75c8222255bc855a974568dd4,,PancakeSwap V3: Smart Router,,PancakeSwap V3: Smart Router,,0,,0,0.00,0.00,0.00,658.81,2026-05-21,0,0,0.00,0.00,0,,outflow_from_you
0x4ac6b99b4d011e732b23084e720cc167899fb4f4af242e2035c64d039e57db86,https://bscscan.com/tx/0x4ac6b99b4d011e732b23084e720cc167899fb4f4af242e2035c64d039e57db86,27561467,2023-04-22 4:55:29,,javascript:;,BUSD-T Stablecoin,https://bscscan.com/address/0x55d398326f99059ff775485246999027b3197955,0 BNB $0.00,0 . 00013239,,0x55d398326f99059ff775485246999027b3197955,,BUSD-T Stablecoin,,BUSD-T Stablecoin,,0,,0,0.00,0.00,0.00,658.81,2026-05-21,0,0,0.00,0.00,0,,outflow_from_you
0xf2656c23d1d56c56deb9b6887f70c9c8aa0878c1d7b5a036a50843333f9899aa,https://bscscan.com/tx/0xf2656c23d1d56c56deb9b6887f70c9c8aa0878c1d7b5a036a50843333f9899aa,27561445,2023-04-22 4:54:23,,javascript:;,0x0c30D3d6...cb24FD599,https://bscscan.com/address/0x0c30d3d66bc7c73a83fda929888c34dcb24fd599,0 BNB $0.00,0 . 00015262,,0x0c30d3d66bc7c73a83fda929888c34dcb24fd599,,,,,,0,,0,0.00,0.00,0.00,658.81,2026-05-21,0,0,0.00,0.00,0,,outflow_from_you
0x485b38bdafb76da8316c9ad448b572d96ea9810c1a0d499639c88dfd5a9742dd,https://bscscan.com/tx/0x485b38bdafb76da8316c9ad448b572d96ea9810c1a0d499639c88dfd5a9742dd,27548001,2023-04-21 17:41:36,,javascript:;,0x64c7f3c2...bB3284F34,https://bscscan.com/address/0x64c7f3c2c19b41a6ad67bb5f4edc8edbb3284f34,0 BNB $0.00,0 . 00023174,,0x64c7f3c2c19b41a6ad67bb5f4edc8edbb3284f34,,,,,,0,,0,0.00,0.00,0.00,658.81,2026-05-21,0,0,0.00,0.00,0,,outflow_from_you
0x83a6b6fa24bc21dcb972bf0c98b5b23703e4be47cd859e2d5f6fdd603c84b199,https://bscscan.com/tx/0x83a6b6fa24bc21dcb972bf0c98b5b23703e4be47cd859e2d5f6fdd603c84b199,27547966,2023-04-21 17:39:51,,javascript:;,BUSD-T Stablecoin,https://bscscan.com/address/0x55d398326f99059ff775485246999027b3197955,0 BNB $0.00,0 . 00013239,,0x55d398326f99059ff775485246999027b3197955,,BUSD-T Stablecoin,,BUSD-T Stablecoin,,0,,0,0.00,0.00,0.00,658.81,2026-05-21,0,0,0.00,0.00,0,,outflow_from_you
0x17e2a5bb1efb61292144e4a950d7b0ec78e690d919d294572cd4867837b0af3c,https://bscscan.com/tx/0x17e2a5bb1efb61292144e4a950d7b0ec78e690d919d294572cd4867837b0af3c,27547856,2023-04-21 17:34:21,,javascript:;,0x64c7f3c2...bB3284F34,https://bscscan.com/address/0x64c7f3c2c19b41a6ad67bb5f4edc8edbb3284f34,0 BNB $0.00,0 . 00021007,,0x64c7f3c2c19b41a6ad67bb5f4edc8edbb3284f34,,,,,,0,,0,0.00,0.00,0.00,658.81,2026-05-21,0,0,0.00,0.00,0,,outflow_from_you
0xecc3f84207037529869389b065c51ef73154c002218d372d5ba0600803c6d346,https://bscscan.com/tx/0xecc3f84207037529869389b065c51ef73154c002218d372d5ba0600803c6d346,27547846,2023-04-21 17:33:51,,javascript:;,0x6b0a03c7...d6afbfDf7,https://bscscan.com/address/0x6b0a03c7bd8441e0f8959394761e29bd6afbfdf7,0 BNB $0.00,0 . 00007479,,0x6b0a03c7bd8441e0f8959394761e29bd6afbfdf7,,,,,,0,,0,0.00,0.00,0.00,658.81,2026-05-21,0,0,0.00,0.00,0,,outflow_from_you
0xfd202421d8779f8a9235e2e192aca96d5e9e0f31491dbbe475f6b49ec5584cf6,https://bscscan.com/tx/0xfd202421d8779f8a9235e2e192aca96d5e9e0f31491dbbe475f6b49ec5584cf6,27547844,2023-04-21 17:33:45,,javascript:;,0x6b0a03c7...d6afbfDf7,https://bscscan.com/address/0x6b0a03c7bd8441e0f8959394761e29bd6afbfdf7,0 BNB $0.00,0 . 00013239,,0x6b0a03c7bd8441e0f8959394761e29bd6afbfdf7,,,,,,0,,0,0.00,0.00,0.00,658.81,2026-05-21,0,0,0.00,0.00,0,,outflow_from_you
0xd2327c329b879a2d15667646d8e26b4485c9646b8a2d1045d75564f751160e21,https://bscscan.com/tx/0xd2327c329b879a2d15667646d8e26b4485c9646b8a2d1045d75564f751160e21,27541267,2023-04-21 12:04:02,,javascript:;,0xeAcE8db8...efaCC91Cd,https://bscscan.com/address/0xeace8db83eb66063e06adf6f7d8b54aefacc91cd,0.2 BNB $129.83,0 . 00047383,,0xeace8db83eb66063e06adf6f7d8b54aefacc91cd,,,,,,0,,0.2,129.83,131.76,1.93,658.81,2026-05-21,0,0,0.00,0.00,0,,outflow_from_you
0x7f4e0e080a05c741e44e9d58959e0e417269d91bd99f8d44533c0fd3b7e71447,https://bscscan.com/tx/0x7f4e0e080a05c741e44e9d58959e0e417269d91bd99f8d44533c0fd3b7e71447,27541260,2023-04-21 12:03:41,,javascript:;,Metamask: Swap Router,https://bscscan.com/address/0x1a1ec25dc08e98e5e93f1104b5e5cdd298707d31,0 BNB $0.00,0 . 00063992,,0x1a1ec25dc08e98e5e93f1104b5e5cdd298707d31,,Metamask: Swap Router,,Metamask: Swap Router,,0,,0,0.00,0.00,0.00,658.81,2026-05-21,0,0,0.00,0.00,0,,outflow_from_you
0x14e0f4d91586763bc1ad64502cb2ae78b462e5fe5e6ddb6d08295e14e63ec9be,https://bscscan.com/tx/0x14e0f4d91586763bc1ad64502cb2ae78b462e5fe5e6ddb6d08295e14e63ec9be,27467221,2023-04-18 22:11:40,,javascript:;,0x4C0c5daa...7C58b4EC0,https://bscscan.com/address/0x4c0c5daacd39be2c67d7207255de9ac7c58b4ec0,0 BNB $0.00,0 . 00020276,,0x4c0c5daacd39be2c67d7207255de9ac7c58b4ec0,,,,,,0,,0,0.00,0.00,0.00,658.81,2026-05-21,0,0,0.00,0.00,0,,outflow_from_you
0x1168398927731c4cee0a43b019a2ed4d721f629982b7f02c8131c0337c3d3d27,https://bscscan.com/tx/0x1168398927731c4cee0a43b019a2ed4d721f629982b7f02c8131c0337c3d3d27,27447355,2023-04-18 5:36:14,,javascript:;,Metamask: Swap Router,https://bscscan.com/address/0x1a1ec25dc08e98e5e93f1104b5e5cdd298707d31,"2.32 BNB $1,506.00",0 . 00066317,,0x1a1ec25dc08e98e5e93f1104b5e5cdd298707d31,,Metamask: Swap Router,,Metamask: Swap Router,,0,,2.32,1506.00,1528.44,22.44,658.81,2026-05-21,0,0,0.00,0.00,0,,outflow_from_you
0xeafa71c186b7f5b0a7659e60f0f637f048d264b8ef38ef683e169982e0f0cd5c,https://bscscan.com/tx/0xeafa71c186b7f5b0a7659e60f0f637f048d264b8ef38ef683e169982e0f0cd5c,27447337,2023-04-18 5:35:20,,javascript:;,PancakeSwap V3: Smart Router,https://bscscan.com/address/0x13f4ea83d0bd40e75c8222255bc855a974568dd4,0 BNB $0.00,0 . 0010028,,0x13f4ea83d0bd40e75c8222255bc855a974568dd4,,PancakeSwap V3: Smart Router,,PancakeSwap V3: Smart Router,safuu,1,high,0,0.00,0.00,0.00,658.81,2026-05-21,0,0,0.00,0.00,0,,outflow_from_you
0xf02a2e06ec6aaabd352dca866c553c6e5d8f2a4b788f07f0f31d42d34dc8e86c,https://bscscan.com/tx/0xf02a2e06ec6aaabd352dca866c553c6e5d8f2a4b788f07f0f31d42d34dc8e86c,27447311,2023-04-18 5:34:02,,javascript:;,Safuu: SAFUU Token,https://bscscan.com/address/0xe5ba47fd94cb645ba4119222e34fb33f59c7cd90,0 BNB $0.00,0 . 00013225,,0xe5ba47fd94cb645ba4119222e34fb33f59c7cd90,,Safuu: SAFUU Token,,Safuu: SAFUU Token,safuu,1,high,0,0.00,0.00,0.00,658.81,2026-05-21,0,0,0.00,0.00,0,,outflow_from_you
0xe9311bdab1277b1e7b014bbea6489f1cf05709a7a7547f2a9859ef198ed697ad,https://bscscan.com/tx/0xe9311bdab1277b1e7b014bbea6489f1cf05709a7a7547f2a9859ef198ed697ad,27438261,2023-04-17 22:00:20,,javascript:;,0xB6934215...68B6A3182,https://bscscan.com/address/0xb6934215b856b03430fc8dc058bd1c668b6a3182,"3.17675588 BNB $2,062.16",0 . 000063,,0xb6934215b856b03430fc8dc058bd1c668b6a3182,,,,,,0,,3.17675588,2062.16,2092.88,30.72,658.81,2026-05-21,0,0,0.00,0.00,1,user_binance_address_match,outflow_from_you
0x0640ceaf901c0e62fa3a632b0bc7b8e04e617dd92769b4694f7486cb42e23b66,https://bscscan.com/tx/0x0640ceaf901c0e62fa3a632b0bc7b8e04e617dd92769b4694f7486cb42e23b66,27428948,2023-04-17 14:13:15,,javascript:;,0xB6934215...68B6A3182,https://bscscan.com/address/0xb6934215b856b03430fc8dc058bd1c668b6a3182,1.5 BNB $973.71,0 . 000063,,0xb6934215b856b03430fc8dc058bd1c668b6a3182,,,,,,0,,1.5,973.71,988.21,14.50,658.81,2026-05-21,0,0,0.00,0.00,1,user_binance_address_match,outflow_from_you
0x18a14c46d2b696af5a3db2fcc00309f4df588c7b5b38cb3f2d7f6fb0ca62de2f,https://bscscan.com/tx/0x18a14c46d2b696af5a3db2fcc00309f4df588c7b5b38cb3f2d7f6fb0ca62de2f,27371559,2023-04-15 14:10:18,,javascript:;,0x4C0c5daa...7C58b4EC0,https://bscscan.com/address/0x4c0c5daacd39be2c67d7207255de9ac7c58b4ec0,0 BNB $0.00,0 . 00020276,,0x4c0c5daacd39be2c67d7207255de9ac7c58b4ec0,,,,,,0,,0,0.00,0.00,0.00,658.81,2026-05-21,0,0,0.00,0.00,0,,outflow_from_you
0x1ca45bb993bcc131c699c7acbd21c87a97976fb65267f8291ea90a5235ec8ea4,https://bscscan.com/tx/0x1ca45bb993bcc131c699c7acbd21c87a97976fb65267f8291ea90a5235ec8ea4,27355452,2023-04-15 0:44:02,,javascript:;,0xB6934215...68B6A3182,https://bscscan.com/address/0xb6934215b856b03430fc8dc058bd1c668b6a3182,0.1 BNB $64.91,0 . 000063,,0xb6934215b856b03430fc8dc058bd1c668b6a3182,,,,,,0,,0.1,64.91,65.88,0.97,658.81,2026-05-21,0,0,0.00,0.00,1,user_binance_address_match,outflow_from_you
0x00380e542d6b63fda79a774b3d9c755fd4f1dad55315ac223a8e9d97a537af8d,https://bscscan.com/tx/0x00380e542d6b63fda79a774b3d9c755fd4f1dad55315ac223a8e9d97a537af8d,27351048,2023-04-14 21:03:30,,javascript:;,0xB6934215...68B6A3182,https://bscscan.com/address/0xb6934215b856b03430fc8dc058bd1c668b6a3182,0.2 BNB $129.83,0 . 000063,,0xb6934215b856b03430fc8dc058bd1c668b6a3182,,,,,,0,,0.2,129.83,131.76,1.93,658.81,2026-05-21,0,0,0.00,0.00,1,user_binance_address_match,outflow_from_you
0x23585787ede8a0b3198f2e6493b1dc2b8ec9363e442798b18191d307102f0df5,https://bscscan.com/tx/0x23585787ede8a0b3198f2e6493b1dc2b8ec9363e442798b18191d307102f0df5,27329612,2023-04-14 3:07:44,,javascript:;,0x4C0c5daa...7C58b4EC0,https://bscscan.com/address/0x4c0c5daacd39be2c67d7207255de9ac7c58b4ec0,0 BNB $0.00,0 . 00033794,,0x4c0c5daacd39be2c67d7207255de9ac7c58b4ec0,,,,,,0,,0,0.00,0.00,0.00,658.81,2026-05-21,0,0,0.00,0.00,0,,outflow_from_you
0xb2b4206626a1ab878fac70374efb3c36b27109368c3ff358e65fff3aac1fdd32,https://bscscan.com/tx/0xb2b4206626a1ab878fac70374efb3c36b27109368c3ff358e65fff3aac1fdd32,27325378,2023-04-13 23:35:57,,javascript:;,0xB6934215...68B6A3182,https://bscscan.com/address/0xb6934215b856b03430fc8dc058bd1c668b6a3182,0.6 BNB $389.48,0 . 000105,,0xb6934215b856b03430fc8dc058bd1c668b6a3182,,,,,,0,,0.6,389.48,395.29,5.81,658.81,2026-05-21,0,0,0.00,0.00,1,user_binance_address_match,outflow_from_you
0xe0a8e1e1599d2baafd6afd207a05802ae21f32373aff5858294978a99b68bef7,https://bscscan.com/tx/0xe0a8e1e1599d2baafd6afd207a05802ae21f32373aff5858294978a99b68bef7,27320269,2023-04-13 19:20:18,,javascript:;,0xB6934215...68B6A3182,https://bscscan.com/address/0xb6934215b856b03430fc8dc058bd1c668b6a3182,0.13 BNB $84.39,0 . 000105,,0xb6934215b856b03430fc8dc058bd1c668b6a3182,,,,,,0,,0.13,84.39,85.65,1.26,658.81,2026-05-21,0,0,0.00,0.00,1,user_binance_address_match,outflow_from_you
0x7b57c1213f78c594e530d9092931fca2c7e8dc8c88d1693ce7bc78501e9c5e37,https://bscscan.com/tx/0x7b57c1213f78c594e530d9092931fca2c7e8dc8c88d1693ce7bc78501e9c5e37,27314649,2023-04-13 14:38:57,,javascript:;,Bogged Finance: Proxy,https://bscscan.com/address/0xb099ed146fad4d0daa31e3810591fc0554af62bb,"2 BNB $1,298.28",0 . 00086808,,0xb099ed146fad4d0daa31e3810591fc0554af62bb,,Bogged Finance: Proxy,,Bogged Finance: Proxy,,0,,2,1298.28,1317.62,19.34,658.81,2026-05-21,0,0,0.00,0.00,0,,outflow_from_you
0x7afd80aaa20840e713a4b8a789a05b9ee3bad1b4e78dff5d7e9eb1ff10ba6f60,https://bscscan.com/tx/0x7afd80aaa20840e713a4b8a789a05b9ee3bad1b4e78dff5d7e9eb1ff10ba6f60,27310457,2023-04-13 11:09:14,,javascript:;,Bogged Finance: Proxy,https://bscscan.com/address/0xb099ed146fad4d0daa31e3810591fc0554af62bb,0.301833638 BNB $195.93,0 . 0010032,,0xb099ed146fad4d0daa31e3810591fc0554af62bb,,Bogged Finance: Proxy,,Bogged Finance: Proxy,,0,,0.301833638,195.93,198.85,2.92,658.81,2026-05-21,0,0,0.00,0.00,0,,outflow_from_you
0xc445ed09b1eb0a3b5c51709c1c7c981de5e3bb1f74d864a383fdfd42cfde6ef8,https://bscscan.com/tx/0xc445ed09b1eb0a3b5c51709c1c7c981de5e3bb1f74d864a383fdfd42cfde6ef8,27302582,2023-04-13 4:34:49,,javascript:;,Bogged Finance: Proxy,https://bscscan.com/address/0xb099ed146fad4d0daa31e3810591fc0554af62bb,0 BNB $0.00,0 . 00090562,,0xb099ed146fad4d0daa31e3810591fc0554af62bb,,Bogged Finance: Proxy,,Bogged Finance: Proxy,,0,,0,0.00,0.00,0.00,658.81,2026-05-21,0,0,0.00,0.00,0,,outflow_from_you
0x513e1734c7db0ec10d065852a48d890e539fcea1ca47b813c80abe9fda1fa16a,https://bscscan.com/tx/0x513e1734c7db0ec10d065852a48d890e539fcea1ca47b813c80abe9fda1fa16a,27279633,2023-04-12 9:25:14,,javascript:;,Bogged Finance: Proxy,https://bscscan.com/address/0xb099ed146fad4d0daa31e3810591fc0554af62bb,0 BNB $0.00,0 . 0010555,,0xb099ed146fad4d0daa31e3810591fc0554af62bb,,Bogged Finance: Proxy,,Bogged Finance: Proxy,,0,,0,0.00,0.00,0.00,658.81,2026-05-21,0,0,0.00,0.00,0,,outflow_from_you
0xa29857965729cfbbadaaecce15260607538721233b3de2e9abf23be3dcec932e,https://bscscan.com/tx/0xa29857965729cfbbadaaecce15260607538721233b3de2e9abf23be3dcec932e,27279624,2023-04-12 9:24:47,,javascript:;,0x6b0a03c7...d6afbfDf7,https://bscscan.com/address/0x6b0a03c7bd8441e0f8959394761e29bd6afbfdf7,0 BNB $0.00,0 . 00022071,,0x6b0a03c7bd8441e0f8959394761e29bd6afbfdf7,,,,,,0,,0,0.00,0.00,0.00,658.81,2026-05-21,0,0,0.00,0.00,0,,outflow_from_you
0x8045e7c4364d032469c1cd323a27bd22109b91fb2440f17efe0e3fc552c512d8,https://bscscan.com/tx/0x8045e7c4364d032469c1cd323a27bd22109b91fb2440f17efe0e3fc552c512d8,27277699,2023-04-12 7:47:11,,javascript:;,0xB6934215...68B6A3182,https://bscscan.com/address/0xb6934215b856b03430fc8dc058bd1c668b6a3182,0.04 BNB $25.97,0 . 000105,,0xb6934215b856b03430fc8dc058bd1c668b6a3182,,,,,,0,,0.04,25.97,26.35,0.38,658.81,2026-05-21,0,0,0.00,0.00,1,user_binance_address_match,outflow_from_you
0x3d8a88a657fce471c5fcdad4dee9fae57e809e6d8b7112d49a9e52a2e30d057a,https://bscscan.com/tx/0x3d8a88a657fce471c5fcdad4dee9fae57e809e6d8b7112d49a9e52a2e30d057a,27273291,2023-04-12 4:06:29,,javascript:;,BUSD-T Stablecoin,https://bscscan.com/address/0x55d398326f99059ff775485246999027b3197955,0 BNB $0.00,0 . 00018069,,0x55d398326f99059ff775485246999027b3197955,,BUSD-T Stablecoin,,BUSD-T Stablecoin,,0,,0,0.00,0.00,0.00,658.81,2026-05-21,0,0,0.00,0.00,0,,outflow_from_you
0x7775127a9b228d76119a92e7efb656cbd78f41f4364c99560149bb8bd98ab64e,https://bscscan.com/tx/0x7775127a9b228d76119a92e7efb656cbd78f41f4364c99560149bb8bd98ab64e,27273177,2023-04-12 4:00:28,,javascript:;,Metamask: Swap Router,https://bscscan.com/address/0x1a1ec25dc08e98e5e93f1104b5e5cdd298707d31,0.8 BNB $519.31,0 . 00097083,,0x1a1ec25dc08e98e5e93f1104b5e5cdd298707d31,,Metamask: Swap Router,,Metamask: Swap Router,,0,,0.8,519.31,527.05,7.74,658.81,2026-05-21,0,0,0.00,0.00,0,,outflow_from_you
0xa919d6af7796adb2777413b6aa55d5866b99d797d01cffb130a57b05cb7a92dd,https://bscscan.com/tx/0xa919d6af7796adb2777413b6aa55d5866b99d797d01cffb130a57b05cb7a92dd,27265668,2023-04-11 21:39:07,,javascript:;,0xB6934215...68B6A3182,https://bscscan.com/address/0xb6934215b856b03430fc8dc058bd1c668b6a3182,0.13 BNB $84.39,0 . 000105,,0xb6934215b856b03430fc8dc058bd1c668b6a3182,,,,,,0,,0.13,84.39,85.65,1.26,658.81,2026-05-21,0,0,0.00,0.00,1,user_binance_address_match,outflow_from_you
0x46ab8c07a1bc9f6ce2a37a2db60ceab582e37a97955ecc1cb8cf67cae3dcc51b,https://bscscan.com/tx/0x46ab8c07a1bc9f6ce2a37a2db60ceab582e37a97955ecc1cb8cf67cae3dcc51b,27253741,2023-04-11 11:32:45,,javascript:;,Bogged Finance: Proxy,https://bscscan.com/address/0xb099ed146fad4d0daa31e3810591fc0554af62bb,"3 BNB $1,947.42",0 . 00094314,,0xb099ed146fad4d0daa31e3810591fc0554af62bb,,Bogged Finance: Proxy,,Bogged Finance: Proxy,,0,,3,1947.42,1976.43,29.01,658.81,2026-05-21,0,0,0.00,0.00,0,,outflow_from_you
0xd7cd72d3f80f586b03d33e0b45a90bd7341399142202a925c4a8cffc13a051ca,https://bscscan.com/tx/0xd7cd72d3f80f586b03d33e0b45a90bd7341399142202a925c4a8cffc13a051ca,27238175,2023-04-10 22:27:53,,javascript:;,PancakeSwap: Router v2,https://bscscan.com/address/0x10ed43c718714eb63d5aa57b78b54704e256024e,0 BNB $0.00,0 . 0015032,,0x10ed43c718714eb63d5aa57b78b54704e256024e,,PancakeSwap: Router v2,,PancakeSwap: Router v2,safuu,1,high,0,0.00,0.00,0.00,658.81,2026-05-21,0,0,0.00,0.00,0,,outflow_from_you
0x9e4fa820a23b1e7bb6a8796f41ac5662761d335a38140c51daec7e8112e4ce46,https://bscscan.com/tx/0x9e4fa820a23b1e7bb6a8796f41ac5662761d335a38140c51daec7e8112e4ce46,27229293,2023-04-10 15:00:17,,javascript:;,0x4C0c5daa...7C58b4EC0,https://bscscan.com/address/0x4c0c5daacd39be2c67d7207255de9ac7c58b4ec0,0 BNB $0.00,0 . 00033794,,0x4c0c5daacd39be2c67d7207255de9ac7c58b4ec0,,,,,,0,,0,0.00,0.00,0.00,658.81,2026-05-21,0,0,0.00,0.00,0,,outflow_from_you
0x2b662087c33fb9d90dcf21705ae3487fd96993a332620198d01b7ce6fbdefc24,https://bscscan.com/tx/0x2b662087c33fb9d90dcf21705ae3487fd96993a332620198d01b7ce6fbdefc24,27209985,2023-04-09 22:47:43,,javascript:;,PancakeSwap: Router v2,https://bscscan.com/address/0x10ed43c718714eb63d5aa57b78b54704e256024e,"3 BNB $1,947.42",0 . 00084856,,0x10ed43c718714eb63d5aa57b78b54704e256024e,,PancakeSwap: Router v2,,PancakeSwap: Router v2,safuu,1,high,3,1947.42,1976.43,29.01,658.81,2026-05-21,0,0,0.00,0.00,0,,outflow_from_you
0x78f1ffd234163fb72749c23453fa28d61ac9396cb432ff177ec03fd588964d73,https://bscscan.com/tx/0x78f1ffd234163fb72749c23453fa28d61ac9396cb432ff177ec03fd588964d73,27199693,2023-04-09 14:05:23,,javascript:;,PancakeSwap: Router v2,https://bscscan.com/address/0x10ed43c718714eb63d5aa57b78b54704e256024e,0 BNB $0.00,0 . 00150314,,0x10ed43c718714eb63d5aa57b78b54704e256024e,,PancakeSwap: Router v2,,PancakeSwap: Router v2,safuu,1,high,0,0.00,0.00,0.00,658.81,2026-05-21,0,0,0.00,0.00,0,,outflow_from_you
0xee78c1ad3ce589d816864df3eaf39b8c2c7dbc0c0a7834aceb7ca360dca682c1,https://bscscan.com/tx/0xee78c1ad3ce589d816864df3eaf39b8c2c7dbc0c0a7834aceb7ca360dca682c1,27172000,2023-04-08 14:50:35,,javascript:;,0xB6934215...68B6A3182,https://bscscan.com/address/0xb6934215b856b03430fc8dc058bd1c668b6a3182,0.2 BNB $129.83,0 . 000105,,0xb6934215b856b03430fc8dc058bd1c668b6a3182,,,,,,0,,0.2,129.83,131.76,1.93,658.81,2026-05-21,0,0,0.00,0.00,1,user_binance_address_match,outflow_from_you
0x07ef09faa9b0a87912cf226d13b56526dad7ad6380066cc7a149826e9e54a5a2,https://bscscan.com/tx/0x07ef09faa9b0a87912cf226d13b56526dad7ad6380066cc7a149826e9e54a5a2,27164591,2023-04-08 8:38:46,,javascript:;,PancakeSwap V3: Smart Router,https://bscscan.com/address/0x13f4ea83d0bd40e75c8222255bc855a974568dd4,0 BNB $0.00,0 . 00081169,,0x13f4ea83d0bd40e75c8222255bc855a974568dd4,,PancakeSwap V3: Smart Router,,PancakeSwap V3: Smart Router,,0,,0,0.00,0.00,0.00,658.81,2026-05-21,0,0,0.00,0.00,0,,outflow_from_you
0x440cf51a0c80872b45e5f578682ce5778389bdb626e95d060e3fd58797c03675,https://bscscan.com/tx/0x440cf51a0c80872b45e5f578682ce5778389bdb626e95d060e3fd58797c03675,27164572,2023-04-08 8:37:49,,javascript:;,0x6b0a03c7...d6afbfDf7,https://bscscan.com/address/0x6b0a03c7bd8441e0f8959394761e29bd6afbfdf7,0 BNB $0.00,0 . 00014565,,0x6b0a03c7bd8441e0f8959394761e29bd6afbfdf7,,,,,,0,,0,0.00,0.00,0.00,658.81,2026-05-21,0,0,0.00,0.00,0,,outflow_from_you
0x2363d0ad86a1acf874b7b82182a78d69aeaae5b92135e270947d6e46bdcababc,https://bscscan.com/tx/0x2363d0ad86a1acf874b7b82182a78d69aeaae5b92135e270947d6e46bdcababc,27164166,2023-04-08 8:17:31,,javascript:;,0x4C0c5daa...7C58b4EC0,https://bscscan.com/address/0x4c0c5daacd39be2c67d7207255de9ac7c58b4ec0,0 BNB $0.00,0 . 00033794,,0x4c0c5daacd39be2c67d7207255de9ac7c58b4ec0,,,,,,0,,0,0.00,0.00,0.00,658.81,2026-05-21,0,0,0.00,0.00,0,,outflow_from_you
0x8074c398259ca3493dfbc21bd8060bc32590099731b08c26ef2c827e205efd7b,https://bscscan.com/tx/0x8074c398259ca3493dfbc21bd8060bc32590099731b08c26ef2c827e205efd7b,27163795,2023-04-08 7:58:37,,javascript:;,0xB6934215...68B6A3182,https://bscscan.com/address/0xb6934215b856b03430fc8dc058bd1c668b6a3182,0.4 BNB $259.66,0 . 000105,,0xb6934215b856b03430fc8dc058bd1c668b6a3182,,,,,,0,,0.4,259.66,263.52,3.86,658.81,2026-05-21,0,0,0.00,0.00,1,user_binance_address_match,outflow_from_you
0x4fab287d660ee70443adb3d77115d5a4b44afa95f5479b82cd0d257a4946ad20,https://bscscan.com/tx/0x4fab287d660ee70443adb3d77115d5a4b44afa95f5479b82cd0d257a4946ad20,27158351,2023-04-08 3:23:09,,javascript:;,PancakeSwap V3: Smart Router,https://bscscan.com/address/0x13f4ea83d0bd40e75c8222255bc855a974568dd4,0 BNB $0.00,0 . 00096169,,0x13f4ea83d0bd40e75c8222255bc855a974568dd4,,PancakeSwap V3: Smart Router,,PancakeSwap V3: Smart Router,,0,,0,0.00,0.00,0.00,658.81,2026-05-21,0,0,0.00,0.00,0,,outflow_from_you
0xe4fcda677c4f5b40753d0e728ca28c96dcd9df8243e1a2ffbded010ae31dc402,https://bscscan.com/tx/0xe4fcda677c4f5b40753d0e728ca28c96dcd9df8243e1a2ffbded010ae31dc402,27155064,2023-04-08 0:37:14,,javascript:;,0x4C0c5daa...7C58b4EC0,https://bscscan.com/address/0x4c0c5daacd39be2c67d7207255de9ac7c58b4ec0,0 BNB $0.00,0 . 00033794,,0x4c0c5daacd39be2c67d7207255de9ac7c58b4ec0,,,,,,0,,0,0.00,0.00,0.00,658.81,2026-05-21,0,0,0.00,0.00,0,,outflow_from_you
0x00a694826ab4b0c3a06bffe9391e5357ce34e392ba0a0d9b5dbb37d59f07f7c6,https://bscscan.com/tx/0x00a694826ab4b0c3a06bffe9391e5357ce34e392ba0a0d9b5dbb37d59f07f7c6,27154163,2023-04-07 23:51:50,,javascript:;,PancakeSwap V3: Smart Router,https://bscscan.com/address/0x13f4ea83d0bd40e75c8222255bc855a974568dd4,0.87 BNB $564.75,0 . 00079756,,0x13f4ea83d0bd40e75c8222255bc855a974568dd4,,PancakeSwap V3: Smart Router,,PancakeSwap V3: Smart Router,,0,,0.87,564.75,573.16,8.41,658.81,2026-05-21,0,0,0.00,0.00,0,,outflow_from_you
0x363d91f135b2a5a5d9a01b7e23b19923c59e31ba451cfc54540fea27fbf41639,https://bscscan.com/tx/0x363d91f135b2a5a5d9a01b7e23b19923c59e31ba451cfc54540fea27fbf41639,27154144,2023-04-07 23:50:53,Binance: Withdrawals 7,https://bscscan.com/address/0xe2fc31f816a9b94326492132018c3aecc4a93ae1,,javascript:;,0.8895 BNB $577.41,0 . 00021,0xe2fc31f816a9b94326492132018c3aecc4a93ae1,,Binance: Withdrawals 7,,Binance: Withdrawals 7,,,0,,0.8895,577.41,586.01,8.60,658.81,2026-05-21,1,0.8895,577.41,586.01,1,friendly_tag_or_url_contains_binance,inflow_to_you
0xe6ca801ae98c97050d901d97d986c9d58288580bc87440faedba6bb624811a98,https://bscscan.com/tx/0xe6ca801ae98c97050d901d97d986c9d58288580bc87440faedba6bb624811a98,27154066,2023-04-07 23:46:59,,javascript:;,PancakeSwap V3: Smart Router,https://bscscan.com/address/0x13f4ea83d0bd40e75c8222255bc855a974568dd4,0.005 BNB $3.25,0 . 00092712,,0x13f4ea83d0bd40e75c8222255bc855a974568dd4,,PancakeSwap V3: Smart Router,,PancakeSwap V3: Smart Router,,0,,0.005,3.25,3.29,0.04,658.81,2026-05-21,0,0,0.00,0.00,0,,outflow_from_you
0x6b93273329a1bd2eb3cc8b2b01e1e06803fcbc4dea84e5e1c59e970a307bd839,https://bscscan.com/tx/0x6b93273329a1bd2eb3cc8b2b01e1e06803fcbc4dea84e5e1c59e970a307bd839,27153994,2023-04-07 23:43:23,,javascript:;,0x6b0a03c7...d6afbfDf7,https://bscscan.com/address/0x6b0a03c7bd8441e0f8959394761e29bd6afbfdf7,0 BNB $0.00,0 . 00022065,,0x6b0a03c7bd8441e0f8959394761e29bd6afbfdf7,,,,,,0,,0,0.00,0.00,0.00,658.81,2026-05-21,0,0,0.00,0.00,0,,outflow_from_you
0x1a8854a5f89cad8c04ac6eb69de82a475c469c2df634927e7d9940ae2202121a,https://bscscan.com/tx/0x1a8854a5f89cad8c04ac6eb69de82a475c469c2df634927e7d9940ae2202121a,27150173,2023-04-07 20:31:05,,javascript:;,0x4C0c5daa...7C58b4EC0,https://bscscan.com/address/0x4c0c5daacd39be2c67d7207255de9ac7c58b4ec0,0 BNB $0.00,0 . 00033794,,0x4c0c5daacd39be2c67d7207255de9ac7c58b4ec0,,,,,,0,,0,0.00,0.00,0.00,658.81,2026-05-21,0,0,0.00,0.00,0,,outflow_from_you
0x8264f4fbe21e45e24626f6fffaa8654c93d20179ea61fb108d859119f00b6f9a,https://bscscan.com/tx/0x8264f4fbe21e45e24626f6fffaa8654c93d20179ea61fb108d859119f00b6f9a,27146209,2023-04-07 17:10:12,,javascript:;,Binance: BUSD Stablecoin,https://bscscan.com/address/0xe9e7cea3dedca5984780bafc599bd69add087d56,0 BNB $0.00,0 . 00010569,,0xe9e7cea3dedca5984780bafc599bd69add087d56,,Binance: BUSD Stablecoin,,Binance: BUSD Stablecoin,,0,,0,0.00,0.00,0.00,658.81,2026-05-21,0,0,0.00,0.00,1,friendly_tag_or_url_contains_binance,outflow_from_you
0x9ab57a4f062c645c34c407bfec498165d94fbd4ffb59d39f35f43c79be07b59f,https://bscscan.com/tx/0x9ab57a4f062c645c34c407bfec498165d94fbd4ffb59d39f35f43c79be07b59f,27146193,2023-04-07 17:09:24,,javascript:;,Binance: BUSD Stablecoin,https://bscscan.com/address/0xe9e7cea3dedca5984780bafc599bd69add087d56,0 BNB $0.00,0 . 00025557,,0xe9e7cea3dedca5984780bafc599bd69add087d56,,Binance: BUSD Stablecoin,,Binance: BUSD Stablecoin,,0,,0,0.00,0.00,0.00,658.81,2026-05-21,0,0,0.00,0.00,1,friendly_tag_or_url_contains_binance,outflow_from_you
0x6e0693cde3b0937e5bba9f54bf41f70846686e60c4e198fdb3d765b0970ed2e7,https://bscscan.com/tx/0x6e0693cde3b0937e5bba9f54bf41f70846686e60c4e198fdb3d765b0970ed2e7,27146106,2023-04-07 17:05:03,,javascript:;,PancakeSwap: Router v2,https://bscscan.com/address/0x10ed43c718714eb63d5aa57b78b54704e256024e,0.98 BNB $636.16,0 . 00084856,,0x10ed43c718714eb63d5aa57b78b54704e256024e,,PancakeSwap: Router v2,,PancakeSwap: Router v2,safuu,1,high,0.98,636.16,645.63,9.47,658.81,2026-05-21,0,0,0.00,0.00,0,,outflow_from_you
0xc281698fc88537f75d2486171f0e88bd6eabf7b8511b76ad3d3b505c3dd2dbd0,https://bscscan.com/tx/0xc281698fc88537f75d2486171f0e88bd6eabf7b8511b76ad3d3b505c3dd2dbd0,27146085,2023-04-07 17:04:00,,javascript:;,Metamask: Swap Router,https://bscscan.com/address/0x1a1ec25dc08e98e5e93f1104b5e5cdd298707d31,0 BNB $0.00,0 . 00098859,,0x1a1ec25dc08e98e5e93f1104b5e5cdd298707d31,,Metamask: Swap Router,,Metamask: Swap Router,,0,,0,0.00,0.00,0.00,658.81,2026-05-21,0,0,0.00,0.00,0,,outflow_from_you
0x0919c3263d7098d1fb3b6e197619e39fb4ba7ee46c69f708ed06e93ffd09b780,https://bscscan.com/tx/0x0919c3263d7098d1fb3b6e197619e39fb4ba7ee46c69f708ed06e93ffd09b780,27145999,2023-04-07 16:59:42,,javascript:;,PancakeSwap V3: Smart Router,https://bscscan.com/address/0x13f4ea83d0bd40e75c8222255bc855a974568dd4,1 BNB $649.14,0 . 00079756,,0x13f4ea83d0bd40e75c8222255bc855a974568dd4,,PancakeSwap V3: Smart Router,,PancakeSwap V3: Smart Router,,0,,1,649.14,658.81,9.67,658.81,2026-05-21,0,0,0.00,0.00,0,,outflow_from_you
0x481bc6084e1f80b8719e006e52043ddbb2394a106641fa9f32c7096ae7ae0d02,https://bscscan.com/tx/0x481bc6084e1f80b8719e006e52043ddbb2394a106641fa9f32c7096ae7ae0d02,27139302,2023-04-07 11:12:58,,javascript:;,0x4C0c5daa...7C58b4EC0,https://bscscan.com/address/0x4c0c5daacd39be2c67d7207255de9ac7c58b4ec0,0 BNB $0.00,0 . 0010069,,0x4c0c5daacd39be2c67d7207255de9ac7c58b4ec0,,,,,,0,,0,0.00,0.00,0.00,658.81,2026-05-21,0,0,0.00,0.00,0,,outflow_from_you
0xd8d5eda02a2fb3487796aabd0c1592022e986e39506a49ad8a0943f8c57f834c,https://bscscan.com/tx/0xd8d5eda02a2fb3487796aabd0c1592022e986e39506a49ad8a0943f8c57f834c,27139298,2023-04-07 11:12:46,,javascript:;,0x63927212...073754C9C,https://bscscan.com/address/0x639272128754e5f71fe4f69bf453f7a073754c9c,0 BNB $0.00,0 . 00022744,,0x639272128754e5f71fe4f69bf453f7a073754c9c,,,,,,0,,0,0.00,0.00,0.00,658.81,2026-05-21,0,0,0.00,0.00,0,,outflow_from_you
0x7a6a9410d815da3a1f6141797e06a58686afd0f241c3986a6ef380c9c4ecf720,https://bscscan.com/tx/0x7a6a9410d815da3a1f6141797e06a58686afd0f241c3986a6ef380c9c4ecf720,27132247,2023-04-07 5:14:29,,javascript:;,Binance: BUSD Stablecoin,https://bscscan.com/address/0xe9e7cea3dedca5984780bafc599bd69add087d56,0 BNB $0.00,0 . 00022047,,0xe9e7cea3dedca5984780bafc599bd69add087d56,,Binance: BUSD Stablecoin,,Binance: BUSD Stablecoin,,0,,0,0.00,0.00,0.00,658.81,2026-05-21,0,0,0.00,0.00,1,friendly_tag_or_url_contains_binance,outflow_from_you
0x0e787ce9c9140f85cb509b7954a415c5e234c1a17f4410af3dd8ffca21c4dc8f,https://bscscan.com/tx/0x0e787ce9c9140f85cb509b7954a415c5e234c1a17f4410af3dd8ffca21c4dc8f,27132242,2023-04-07 5:14:14,,javascript:;,Safuu: SAFUU Token,https://bscscan.com/address/0xe5ba47fd94cb645ba4119222e34fb33f59c7cd90,0 BNB $0.00,0 . 00022036,,0xe5ba47fd94cb645ba4119222e34fb33f59c7cd90,,Safuu: SAFUU Token,,Safuu: SAFUU Token,safuu,1,high,0,0.00,0.00,0.00,658.81,2026-05-21,0,0,0.00,0.00,0,,outflow_from_you
0x2ce606694a06755083753ace244ddb60d610c7cd6079e3330ed426e743054f84,https://bscscan.com/tx/0x2ce606694a06755083753ace244ddb60d610c7cd6079e3330ed426e743054f84,27132153,2023-04-07 5:09:28,,javascript:;,Binance: BUSD Stablecoin,https://bscscan.com/address/0xe9e7cea3dedca5984780bafc599bd69add087d56,0 BNB $0.00,0 . 00012453,,0xe9e7cea3dedca5984780bafc599bd69add087d56,,Binance: BUSD Stablecoin,,Binance: BUSD Stablecoin,,0,,0,0.00,0.00,0.00,658.81,2026-05-21,0,0,0.00,0.00,1,friendly_tag_or_url_contains_binance,outflow_from_you
0x62aa9fa1d5801a9eddebbb88551e18556c9ba38569399b3f113e980b256f61fe,https://bscscan.com/tx/0x62aa9fa1d5801a9eddebbb88551e18556c9ba38569399b3f113e980b256f61fe,27132133,2023-04-07 5:08:28,,javascript:;,Binance: BUSD Stablecoin,https://bscscan.com/address/0xe9e7cea3dedca5984780bafc599bd69add087d56,0 BNB $0.00,0 . 00012453,,0xe9e7cea3dedca5984780bafc599bd69add087d56,,Binance: BUSD Stablecoin,,Binance: BUSD Stablecoin,,0,,0,0.00,0.00,0.00,658.81,2026-05-21,0,0,0.00,0.00,1,friendly_tag_or_url_contains_binance,outflow_from_you
0xb22b593bdb538225219766ee8a666b01bc94c8fbb925b0d41102c6b8372a14a6,https://bscscan.com/tx/0xb22b593bdb538225219766ee8a666b01bc94c8fbb925b0d41102c6b8372a14a6,27132116,2023-04-07 5:07:37,,javascript:;,Binance: BUSD Stablecoin,https://bscscan.com/address/0xe9e7cea3dedca5984780bafc599bd69add087d56,0 BNB $0.00,0 . 00012453,,0xe9e7cea3dedca5984780bafc599bd69add087d56,,Binance: BUSD Stablecoin,,Binance: BUSD Stablecoin,,0,,0,0.00,0.00,0.00,658.81,2026-05-21,0,0,0.00,0.00,1,friendly_tag_or_url_contains_binance,outflow_from_you
0x52879e880dc91a58174be04383a0cf086f520b4f8a622d229c4b6b87bed7890d,https://bscscan.com/tx/0x52879e880dc91a58174be04383a0cf086f520b4f8a622d229c4b6b87bed7890d,27132104,2023-04-07 5:07:01,,javascript:;,Binance: BUSD Stablecoin,https://bscscan.com/address/0xe9e7cea3dedca5984780bafc599bd69add087d56,0 BNB $0.00,0 . 00022053,,0xe9e7cea3dedca5984780bafc599bd69add087d56,,Binance: BUSD Stablecoin,,Binance: BUSD Stablecoin,,0,,0,0.00,0.00,0.00,658.81,2026-05-21,0,0,0.00,0.00,1,friendly_tag_or_url_contains_binance,outflow_from_you
0x8406751187c4616dc981ac785a4d6e1d78b435e2d7b06e2052b26ef48280926c,https://bscscan.com/tx/0x8406751187c4616dc981ac785a4d6e1d78b435e2d7b06e2052b26ef48280926c,27132097,2023-04-07 5:06:40,,javascript:;,Binance: BUSD Stablecoin,https://bscscan.com/address/0xe9e7cea3dedca5984780bafc599bd69add087d56,0 BNB $0.00,0 . 00022059,,0xe9e7cea3dedca5984780bafc599bd69add087d56,,Binance: BUSD Stablecoin,,Binance: BUSD Stablecoin,,0,,0,0.00,0.00,0.00,658.81,2026-05-21,0,0,0.00,0.00,1,friendly_tag_or_url_contains_binance,outflow_from_you
0x920bbeefc172fc07079ccf5e7dd2622347c0f5a434a8f4eecfd35232105a0a0d,https://bscscan.com/tx/0x920bbeefc172fc07079ccf5e7dd2622347c0f5a434a8f4eecfd35232105a0a0d,27132087,2023-04-07 5:06:10,,javascript:;,Metamask: Swap Router,https://bscscan.com/address/0x1a1ec25dc08e98e5e93f1104b5e5cdd298707d31,"2 BNB $1,298.28",0 . 00097089,,0x1a1ec25dc08e98e5e93f1104b5e5cdd298707d31,,Metamask: Swap Router,,Metamask: Swap Router,,0,,2,1298.28,1317.62,19.34,658.81,2026-05-21,0,0,0.00,0.00,0,,outflow_from_you
0x9e10d5df638c0ceed22c6071b990dcd53dbb58ced7b09e0da141ea3260c01f79,https://bscscan.com/tx/0x9e10d5df638c0ceed22c6071b990dcd53dbb58ced7b09e0da141ea3260c01f79,27131964,2023-04-07 5:00:01,,javascript:;,0x63927212...073754C9C,https://bscscan.com/address/0x639272128754e5f71fe4f69bf453f7a073754c9c,0.1 BNB $64.91,0 . 00145303,,0x639272128754e5f71fe4f69bf453f7a073754c9c,,,,,,0,,0.1,64.91,65.88,0.97,658.81,2026-05-21,0,0,0.00,0.00,0,,outflow_from_you
0x6d0fcb8efc2dbec2f40f10644952c0056ba86fbfa6d4fd1228f41b6eac8d486c,https://bscscan.com/tx/0x6d0fcb8efc2dbec2f40f10644952c0056ba86fbfa6d4fd1228f41b6eac8d486c,27129147,2023-04-07 2:37:34,,javascript:;,PancakeSwap: Router v2,https://bscscan.com/address/0x10ed43c718714eb63d5aa57b78b54704e256024e,"3 BNB $1,947.42",0 . 00084856,,0x10ed43c718714eb63d5aa57b78b54704e256024e,,PancakeSwap: Router v2,,PancakeSwap: Router v2,safuu,1,high,3,1947.42,1976.43,29.01,658.81,2026-05-21,0,0,0.00,0.00,0,,outflow_from_you
0x082b35e31514726f1df7df6a3e30962b6f4386c63f1804a8e071169d16d6c03a,https://bscscan.com/tx/0x082b35e31514726f1df7df6a3e30962b6f4386c63f1804a8e071169d16d6c03a,27129145,2023-04-07 2:37:28,,javascript:;,PancakeSwap: Router v2,https://bscscan.com/address/0x10ed43c718714eb63d5aa57b78b54704e256024e,"3 BNB $1,947.42",0 . 00084856,,0x10ed43c718714eb63d5aa57b78b54704e256024e,,PancakeSwap: Router v2,,PancakeSwap: Router v2,safuu,1,high,3,1947.42,1976.43,29.01,658.81,2026-05-21,0,0,0.00,0.00,0,,outflow_from_you
0x971d968a570bd2d23acd386568833bd123707137d87a778192ff3dcea5911317,https://bscscan.com/tx/0x971d968a570bd2d23acd386568833bd123707137d87a778192ff3dcea5911317,27109713,2023-04-06 10:12:49,,javascript:;,PancakeSwap: Router v2,https://bscscan.com/address/0x10ed43c718714eb63d5aa57b78b54704e256024e,0 BNB $0.00,0 . 0015032,,0x10ed43c718714eb63d5aa57b78b54704e256024e,,PancakeSwap: Router v2,,PancakeSwap: Router v2,safuu,1,high,0,0.00,0.00,0.00,658.81,2026-05-21,0,0,0.00,0.00,0,,outflow_from_you
0xe321894674da170048148c7f2a2c52dc6ab3219399266b8fea137d6c70e26214,https://bscscan.com/tx/0xe321894674da170048148c7f2a2c52dc6ab3219399266b8fea137d6c70e26214,27105972,2023-04-06 7:04:51,,javascript:;,Bogged Finance: Proxy,https://bscscan.com/address/0xb099ed146fad4d0daa31e3810591fc0554af62bb,0 BNB $0.00,0 . 00084081,,0xb099ed146fad4d0daa31e3810591fc0554af62bb,,Bogged Finance: Proxy,,Bogged Finance: Proxy,,0,,0,0.00,0.00,0.00,658.81,2026-05-21,0,0,0.00,0.00,0,,outflow_from_you
0x99d6a8889366c093c56be592121d4aa245eacbe54b5de83a3cba1726e45af877,https://bscscan.com/tx/0x99d6a8889366c093c56be592121d4aa245eacbe54b5de83a3cba1726e45af877,27105960,2023-04-06 7:04:15,,javascript:;,BNB Chain: WBNB Token,https://bscscan.com/address/0xbb4cdb9cbd36b01bd1cbaebf2de08d9173bc095c,0 BNB $0.00,0 . 00021988,,0xbb4cdb9cbd36b01bd1cbaebf2de08d9173bc095c,,BNB Chain: WBNB Token,,BNB Chain: WBNB Token,,0,,0,0.00,0.00,0.00,658.81,2026-05-21,0,0,0.00,0.00,0,,outflow_from_you
0x61285e3fda4575353f297754757916ddcb29c0aa189e3fd48ea6a0b2c2d9ec45,https://bscscan.com/tx/0x61285e3fda4575353f297754757916ddcb29c0aa189e3fd48ea6a0b2c2d9ec45,27105923,2023-04-06 7:02:24,,javascript:;,PancakeSwap V3: Smart Router,https://bscscan.com/address/0x13f4ea83d0bd40e75c8222255bc855a974568dd4,0 BNB $0.00,0 . 00263744,,0x13f4ea83d0bd40e75c8222255bc855a974568dd4,,PancakeSwap V3: Smart Router,,PancakeSwap V3: Smart Router,,0,,0,0.00,0.00,0.00,658.81,2026-05-21,0,0,0.00,0.00,0,,outflow_from_you
0x8179c2e0c7a00a75a27cb3cf92be9fff0fe910df7b4a91f3cbae46a4871720bd,https://bscscan.com/tx/0x8179c2e0c7a00a75a27cb3cf92be9fff0fe910df7b4a91f3cbae46a4871720bd,27105916,2023-04-06 7:02:03,,javascript:;,0xE81A79e9...6b3A0C7E5,https://bscscan.com/address/0xe81a79e9d951759aef3fccef17022276b3a0c7e5,0 BNB $0.00,0 . 00023556,,0xe81a79e9d951759aef3fccef17022276b3a0c7e5,,,,,,0,,0,0.00,0.00,0.00,658.81,2026-05-21,0,0,0.00,0.00,0,,outflow_from_you
0x131205dbd9892b5fdd76c0ec4372ef429e55e0a57957b9648256bb66f8f4af1a,https://bscscan.com/tx/0x131205dbd9892b5fdd76c0ec4372ef429e55e0a57957b9648256bb66f8f4af1a,27105881,2023-04-06 7:00:18,,javascript:;,0x2B8B70ff...8C4fA702A,https://bscscan.com/address/0x2b8b70ffe0f0e752352ebe6021c99a58c4fa702a,0 BNB $0.00,0 . 00016617,,0x2b8b70ffe0f0e752352ebe6021c99a58c4fa702a,,,,,,0,,0,0.00,0.00,0.00,658.81,2026-05-21,0,0,0.00,0.00,0,,outflow_from_you
0x6ef01cfac797577f0a4ae572d34b7c45314a461754f2d8af82e97b30d1a83cfa,https://bscscan.com/tx/0x6ef01cfac797577f0a4ae572d34b7c45314a461754f2d8af82e97b30d1a83cfa,27105873,2023-04-06 6:59:54,,javascript:;,0x396407B8...58CbFF9A4,https://bscscan.com/address/0x396407b841dcdda2ae7a97a84df9e3c58cbff9a4,0 BNB $0.00,0 . 00119075,,0x396407b841dcdda2ae7a97a84df9e3c58cbff9a4,,,,,,0,,0,0.00,0.00,0.00,658.81,2026-05-21,0,0,0.00,0.00,0,,outflow_from_you
0x5e812357c811778edbc377d673d821e6bc9ef5fb0394354a0b3ac9ec4b4a6d07,https://bscscan.com/tx/0x5e812357c811778edbc377d673d821e6bc9ef5fb0394354a0b3ac9ec4b4a6d07,27005415,2023-04-02 17:46:54,,javascript:;,PancakeSwap: Router v2,https://bscscan.com/address/0x10ed43c718714eb63d5aa57b78b54704e256024e,"2 BNB $1,298.28",0 . 00084856,,0x10ed43c718714eb63d5aa57b78b54704e256024e,,PancakeSwap: Router v2,,PancakeSwap: Router v2,safuu,1,high,2,1298.28,1317.62,19.34,658.81,2026-05-21,0,0,0.00,0.00,0,,outflow_from_you
0x81c1bae06c18374b950a266839c8929e04793fe46887a65044907d0dcab0c065,https://bscscan.com/tx/0x81c1bae06c18374b950a266839c8929e04793fe46887a65044907d0dcab0c065,27005337,2023-04-02 17:43:00,Binance: Withdrawals 2,https://bscscan.com/address/0xdccf3b77da55107280bd850ea519df3705d1a75a,,javascript:;,"1.9995 BNB $1,297.95",0 . 00021,0xdccf3b77da55107280bd850ea519df3705d1a75a,,Binance: Withdrawals 2,,Binance: Withdrawals 2,,,0,,1.9995,1297.95,1317.29,19.34,658.81,2026-05-21,1,1.9995,1297.95,1317.29,1,friendly_tag_or_url_contains_binance,inflow_to_you
0xc6c1ff827984dd204d6b54656fc2522910d58fefbc2727e8202b6689b738efe0,https://bscscan.com/tx/0xc6c1ff827984dd204d6b54656fc2522910d58fefbc2727e8202b6689b738efe0,27002507,2023-04-02 15:16:12,,javascript:;,PancakeSwap: Router v2,https://bscscan.com/address/0x10ed43c718714eb63d5aa57b78b54704e256024e,"1.577182964 BNB $1,023.81",0 . 00084856,,0x10ed43c718714eb63d5aa57b78b54704e256024e,,PancakeSwap: Router v2,,PancakeSwap: Router v2,safuu,1,high,1.577182964,1023.81,1039.06,15.25,658.81,2026-05-21,0,0,0.00,0.00,0,,outflow_from_you
0x63b21e0dcf285630128b376e2ecda522749f9c551276014da213e1e106795954,https://bscscan.com/tx/0x63b21e0dcf285630128b376e2ecda522749f9c551276014da213e1e106795954,27002440,2023-04-02 15:12:40,Binance: Hot Wallet 16,https://bscscan.com/address/0xa180fe01b906a1be37be6c534a3300785b20d947,,javascript:;,"1.57499992 BNB $1,022.39",0 . 00021,0xa180fe01b906a1be37be6c534a3300785b20d947,,Binance: Hot Wallet 16,,Binance: Hot Wallet 16,,,0,,1.57499992,1022.39,1037.63,15.24,658.81,2026-05-21,1,1.57499992,1022.39,1037.63,1,friendly_tag_or_url_contains_binance,inflow_to_you
0xd259748fbe47e587f8598cd3c86d5fb7ed4103c56f4da66b0c22e98280365426,https://bscscan.com/tx/0xd259748fbe47e587f8598cd3c86d5fb7ed4103c56f4da66b0c22e98280365426,26852345,2023-03-28 8:53:23,,javascript:;,0x396407B8...58CbFF9A4,https://bscscan.com/address/0x396407b841dcdda2ae7a97a84df9e3c58cbff9a4,0 BNB $0.00,0 . 00250759,,0x396407b841dcdda2ae7a97a84df9e3c58cbff9a4,,,,,,0,,0,0.00,0.00,0.00,658.81,2026-05-21,0,0,0.00,0.00,0,,outflow_from_you
0x06da86e9300361e07e3cf481b294c43dd76ae4a08f6414c9ed20596b5499007a,https://bscscan.com/tx/0x06da86e9300361e07e3cf481b294c43dd76ae4a08f6414c9ed20596b5499007a,26852339,2023-03-28 8:53:05,,javascript:;,0xE81A79e9...6b3A0C7E5,https://bscscan.com/address/0xe81a79e9d951759aef3fccef17022276b3a0c7e5,0 BNB $0.00,0 . 0002355,,0xe81a79e9d951759aef3fccef17022276b3a0c7e5,,,,,,0,,0,0.00,0.00,0.00,658.81,2026-05-21,0,0,0.00,0.00,0,,outflow_from_you
0xcd13e9fd32338ca97447cdb09b1925f46526f42d14d9847f9707383b24f1c18c,https://bscscan.com/tx/0xcd13e9fd32338ca97447cdb09b1925f46526f42d14d9847f9707383b24f1c18c,26389900,2023-03-12 3:16:55,,javascript:;,PancakeSwap: Router v2,https://bscscan.com/address/0x10ed43c718714eb63d5aa57b78b54704e256024e,0.62 BNB $402.47,0 . 00131344,,0x10ed43c718714eb63d5aa57b78b54704e256024e,,PancakeSwap: Router v2,,PancakeSwap: Router v2,,0,,0.62,402.47,408.46,5.99,658.81,2026-05-21,0,0,0.00,0.00,0,,outflow_from_you
0x440185a93a12aff9730907b6ceb1f62e282880257286fa2edc7fc0cf7c4cc067,https://bscscan.com/tx/0x440185a93a12aff9730907b6ceb1f62e282880257286fa2edc7fc0cf7c4cc067,26389836,2023-03-12 3:13:43,Binance: Hot Wallet 11,https://bscscan.com/address/0x161ba15a5f335c9f06bb5bbb0a9ce14076fbb645,,javascript:;,0.6195 BNB $402.14,0 . 00021,0x161ba15a5f335c9f06bb5bbb0a9ce14076fbb645,,Binance: Hot Wallet 11,,Binance: Hot Wallet 11,,,0,,0.6195,402.14,408.13,5.99,658.81,2026-05-21,1,0.6195,402.14,408.13,1,friendly_tag_or_url_contains_binance,inflow_to_you
0xf3641f3bf97acc645892265f505293b6cb2d8d396a5ea1e7a0f4e1c234d2b9f7,https://bscscan.com/tx/0xf3641f3bf97acc645892265f505293b6cb2d8d396a5ea1e7a0f4e1c234d2b9f7,26389410,2023-03-12 2:52:25,,javascript:;,0xB6934215...68B6A3182,https://bscscan.com/address/0xb6934215b856b03430fc8dc058bd1c668b6a3182,0.89 BNB $577.73,0 . 000105,,0xb6934215b856b03430fc8dc058bd1c668b6a3182,,,,,,0,,0.89,577.73,586.34,8.61,658.81,2026-05-21,0,0,0.00,0.00,1,user_binance_address_match,outflow_from_you
0xa83f6b18821fd0860e0e4c42b0c41e0c76a772cf0ca05bd079cf53e872e8de7d,https://bscscan.com/tx/0xa83f6b18821fd0860e0e4c42b0c41e0c76a772cf0ca05bd079cf53e872e8de7d,26389333,2023-03-12 2:48:34,Binance: Withdrawals 7,https://bscscan.com/address/0xe2fc31f816a9b94326492132018c3aecc4a93ae1,,javascript:;,0.87203084 BNB $566.07,0 . 00021,0xe2fc31f816a9b94326492132018c3aecc4a93ae1,,Binance: Withdrawals 7,,Binance: Withdrawals 7,,,0,,0.87203084,566.07,574.50,8.43,658.81,2026-05-21,1,0.87203084,566.07,574.50,1,friendly_tag_or_url_contains_binance,inflow_to_you
0xda1685e24eb9f5f23d0cd42b4d002b1484cb2c4691fa6dd76eab086d39c811cf,https://bscscan.com/tx/0xda1685e24eb9f5f23d0cd42b4d002b1484cb2c4691fa6dd76eab086d39c811cf,25899877,2023-02-22 22:44:55,,javascript:;,PancakeSwap: Prediction V2,https://bscscan.com/address/0x18b2a687610328590bc8f2e5fedde3b582a49cda,0.013125184 BNB $8.52,0 . 00056181,,0x18b2a687610328590bc8f2e5fedde3b582a49cda,,PancakeSwap: Prediction V2,,PancakeSwap: Prediction V2,,0,,0.013125184,8.52,8.65,0.13,658.81,2026-05-21,0,0,0.00,0.00,0,,outflow_from_you
0x51534f4818f48b9d40d82692ba98e8ae4251a3e9e3e45635455a7cd25314c506,https://bscscan.com/tx/0x51534f4818f48b9d40d82692ba98e8ae4251a3e9e3e45635455a7cd25314c506,25899783,2023-02-22 22:40:13,,javascript:;,PancakeSwap: Prediction V2,https://bscscan.com/address/0x18b2a687610328590bc8f2e5fedde3b582a49cda,0.017687518 BNB $11.48,0 . 00056181,,0x18b2a687610328590bc8f2e5fedde3b582a49cda,,PancakeSwap: Prediction V2,,PancakeSwap: Prediction V2,,0,,0.017687518,11.48,11.65,0.17,658.81,2026-05-21,0,0,0.00,0.00,0,,outflow_from_you
0x76f98b97347ecb06d727ad65ced5a15bd7e352da1edb9db6782f22f683a52856,https://bscscan.com/tx/0x76f98b97347ecb06d727ad65ced5a15bd7e352da1edb9db6782f22f683a52856,25882205,2023-02-22 7:52:31,,javascript:;,0xB6934215...68B6A3182,https://bscscan.com/address/0xb6934215b856b03430fc8dc058bd1c668b6a3182,0.2 BNB $129.83,0 . 000105,,0xb6934215b856b03430fc8dc058bd1c668b6a3182,,,,,,0,,0.2,129.83,131.76,1.93,658.81,2026-05-21,0,0,0.00,0.00,1,user_binance_address_match,outflow_from_you
0x7d84dd25a23046ff2875bcb0539194c5a7b8d4db0633297f440e5f97afc3896b,https://bscscan.com/tx/0x7d84dd25a23046ff2875bcb0539194c5a7b8d4db0633297f440e5f97afc3896b,25882115,2023-02-22 7:48:01,,javascript:;,PancakeSwap: Prediction V2,https://bscscan.com/address/0x18b2a687610328590bc8f2e5fedde3b582a49cda,0.030157431 BNB $19.58,0 . 00056181,,0x18b2a687610328590bc8f2e5fedde3b582a49cda,,PancakeSwap: Prediction V2,,PancakeSwap: Prediction V2,,0,,0.030157431,19.58,19.87,0.29,658.81,2026-05-21,0,0,0.00,0.00,0,,outflow_from_you
0xc44b6bc3576c4ec361adcd464b48714e422846355f79e51a5b86947410c2b402,https://bscscan.com/tx/0xc44b6bc3576c4ec361adcd464b48714e422846355f79e51a5b86947410c2b402,25877454,2023-02-22 3:53:44,,javascript:;,BUSD-T Stablecoin,https://bscscan.com/address/0x55d398326f99059ff775485246999027b3197955,0 BNB $0.00,0 . 00010563,,0x55d398326f99059ff775485246999027b3197955,,BUSD-T Stablecoin,,BUSD-T Stablecoin,,0,,0,0.00,0.00,0.00,658.81,2026-05-21,0,0,0.00,0.00,0,,outflow_from_you
0xcb1337127ac1786a6a182523b5e6dd3c8ddcd34d83d7c62a42813a07a1a064c6,https://bscscan.com/tx/0xcb1337127ac1786a6a182523b5e6dd3c8ddcd34d83d7c62a42813a07a1a064c6,25877438,2023-02-22 3:52:56,,javascript:;,PancakeSwap: Prediction V2,https://bscscan.com/address/0x18b2a687610328590bc8f2e5fedde3b582a49cda,0.033571741 BNB $21.79,0 . 00046572,,0x18b2a687610328590bc8f2e5fedde3b582a49cda,,PancakeSwap: Prediction V2,,PancakeSwap: Prediction V2,,0,,0.033571741,21.79,22.12,0.33,658.81,2026-05-21,0,0,0.00,0.00,0,,outflow_from_you
0x6359d0e25f37a480ff9f58718036a6de5b7dba6c71effbc78faad1ce1031aba4,https://bscscan.com/tx/0x6359d0e25f37a480ff9f58718036a6de5b7dba6c71effbc78faad1ce1031aba4,25877362,2023-02-22 3:49:08,Binance: Hot Wallet 19,https://bscscan.com/address/0x1fbe2acee135d991592f167ac371f3dd893a508b,,javascript:;,0.3285 BNB $213.24,0 . 00021,0x1fbe2acee135d991592f167ac371f3dd893a508b,,Binance: Hot Wallet 19,,Binance: Hot Wallet 19,,,0,,0.3285,213.24,216.42,3.18,658.81,2026-05-21,1,0.3285,213.24,216.42,1,friendly_tag_or_url_contains_binance,inflow_to_you
0x04d75e654c1f5e3e997d6ef401281ff742391108b605ae0d30e1b43ed4244da3,https://bscscan.com/tx/0x04d75e654c1f5e3e997d6ef401281ff742391108b605ae0d30e1b43ed4244da3,25561028,2023-02-11 1:12:16,,javascript:;,Binance: BUSD Stablecoin,https://bscscan.com/address/0xe9e7cea3dedca5984780bafc599bd69add087d56,0 BNB $0.00,0 . 00018069,,0xe9e7cea3dedca5984780bafc599bd69add087d56,,Binance: BUSD Stablecoin,,Binance: BUSD Stablecoin,,0,,0,0.00,0.00,0.00,658.81,2026-05-21,0,0,0.00,0.00,1,friendly_tag_or_url_contains_binance,outflow_from_you
0x6eb1f044f587016e51a0d90904eb2552dbb52617677f8ee70f95aa6733a0f187,https://bscscan.com/tx/0x6eb1f044f587016e51a0d90904eb2552dbb52617677f8ee70f95aa6733a0f187,25557997,2023-02-10 22:38:32,,javascript:;,Binance: BUSD Stablecoin,https://bscscan.com/address/0xe9e7cea3dedca5984780bafc599bd69add087d56,0 BNB $0.00,0 . 00014565,,0xe9e7cea3dedca5984780bafc599bd69add087d56,,Binance: BUSD Stablecoin,,Binance: BUSD Stablecoin,,0,,0,0.00,0.00,0.00,658.81,2026-05-21,0,0,0.00,0.00,1,friendly_tag_or_url_contains_binance,outflow_from_you
0xd9d6cb9d4e239ad13e15ea76e8b3cdb5b827ad1d06bb20c5cb183cf13af233fe,https://bscscan.com/tx/0xd9d6cb9d4e239ad13e15ea76e8b3cdb5b827ad1d06bb20c5cb183cf13af233fe,25557970,2023-02-10 22:37:11,,javascript:;,Binance: BUSD Stablecoin,https://bscscan.com/address/0xe9e7cea3dedca5984780bafc599bd69add087d56,0 BNB $0.00,0 . 00022065,,0xe9e7cea3dedca5984780bafc599bd69add087d56,,Binance: BUSD Stablecoin,,Binance: BUSD Stablecoin,,0,,0,0.00,0.00,0.00,658.81,2026-05-21,0,0,0.00,0.00,1,friendly_tag_or_url_contains_binance,outflow_from_you
0x911698eb94572e8f1a5362e43cfc6f01a6c649f7224eb2a1a0948b80bed4dc53,https://bscscan.com/tx/0x911698eb94572e8f1a5362e43cfc6f01a6c649f7224eb2a1a0948b80bed4dc53,25225799,2023-01-30 5:25:48,,javascript:;,Metamask: Swap Router,https://bscscan.com/address/0x1a1ec25dc08e98e5e93f1104b5e5cdd298707d31,0.0065 BNB $4.22,0 . 0009934,,0x1a1ec25dc08e98e5e93f1104b5e5cdd298707d31,,Metamask: Swap Router,,Metamask: Swap Router,,0,,0.0065,4.22,4.28,0.06,658.81,2026-05-21,0,0,0.00,0.00,0,,outflow_from_you
0x2ef76ce8683c13f74ac937618b1c5c2bf19abec20bc0c88d00d5b4df7fefe96e,https://bscscan.com/tx/0x2ef76ce8683c13f74ac937618b1c5c2bf19abec20bc0c88d00d5b4df7fefe96e,25225737,2023-01-30 5:22:42,Binance: Hot Wallet 16,https://bscscan.com/address/0xa180fe01b906a1be37be6c534a3300785b20d947,,javascript:;,0.0095 BNB $6.17,0 . 00021,0xa180fe01b906a1be37be6c534a3300785b20d947,,Binance: Hot Wallet 16,,Binance: Hot Wallet 16,,,0,,0.0095,6.17,6.26,0.09,658.81,2026-05-21,1,0.0095,6.17,6.26,1,friendly_tag_or_url_contains_binance,inflow_to_you
0x25ec93ee9583c0f1b553cb770697fbcf532d60e32482a868b027f391f04c08c9,https://bscscan.com/tx/0x25ec93ee9583c0f1b553cb770697fbcf532d60e32482a868b027f391f04c08c9,25225471,2023-01-30 5:08:29,,javascript:;,Binance: BTCB Token,https://bscscan.com/address/0x7130d2a12b9bcbfae4f2634d864a1ee1ce3ead9c,0 BNB $0.00,0 . 00010539,,0x7130d2a12b9bcbfae4f2634d864a1ee1ce3ead9c,,Binance: BTCB Token,,Binance: BTCB Token,,0,,0,0.00,0.00,0.00,658.81,2026-05-21,0,0,0.00,0.00,1,friendly_tag_or_url_contains_binance,outflow_from_you
0x403b60406ab52b3bdad9568c43def4caa0487e77e5f8dd48fb0690f17f87c86a,https://bscscan.com/tx/0x403b60406ab52b3bdad9568c43def4caa0487e77e5f8dd48fb0690f17f87c86a,25219820,2023-01-30 0:23:22,,javascript:;,0x2B8B70ff...8C4fA702A,https://bscscan.com/address/0x2b8b70ffe0f0e752352ebe6021c99a58c4fa702a,0 BNB $0.00,0 . 00044508,,0x2b8b70ffe0f0e752352ebe6021c99a58c4fa702a,,,,,,0,,0,0.00,0.00,0.00,658.81,2026-05-21,0,0,0.00,0.00,0,,outflow_from_you
0xbfac9e8a4340ee3f42fbcbbb7fe3802e897da29f714c5a2ee0ad995bd9e5b318,https://bscscan.com/tx/0xbfac9e8a4340ee3f42fbcbbb7fe3802e897da29f714c5a2ee0ad995bd9e5b318,24935069,2023-01-19 23:55:23,,javascript:;,Binance: BUSD Stablecoin,https://bscscan.com/address/0xe9e7cea3dedca5984780bafc599bd69add087d56,0 BNB $0.00,0 . 00010569,,0xe9e7cea3dedca5984780bafc599bd69add087d56,,Binance: BUSD Stablecoin,,Binance: BUSD Stablecoin,,0,,0,0.00,0.00,0.00,658.81,2026-05-21,0,0,0.00,0.00,1,friendly_tag_or_url_contains_binance,outflow_from_you
0xa80bba7f5c75f64720f008ef9488e42b2f77f60b3645c5543b2c313034e8b12b,https://bscscan.com/tx/0xa80bba7f5c75f64720f008ef9488e42b2f77f60b3645c5543b2c313034e8b12b,24935032,2023-01-19 23:53:32,,javascript:;,PancakeSwap: Router v2,https://bscscan.com/address/0x10ed43c718714eb63d5aa57b78b54704e256024e,0 BNB $0.00,0 . 00103379,,0x10ed43c718714eb63d5aa57b78b54704e256024e,,PancakeSwap: Router v2,,PancakeSwap: Router v2,,0,,0,0.00,0.00,0.00,658.81,2026-05-21,0,0,0.00,0.00,0,,outflow_from_you
0x04814b45027f6e97b451ab7cdfa1d12862fbf6d6e6134e99c380173b245e6865,https://bscscan.com/tx/0x04814b45027f6e97b451ab7cdfa1d12862fbf6d6e6134e99c380173b245e6865,24840191,2023-01-16 16:05:41,,javascript:;,0x396407B8...58CbFF9A4,https://bscscan.com/address/0x396407b841dcdda2ae7a97a84df9e3c58cbff9a4,0 BNB $0.00,0 . 00100784,,0x396407b841dcdda2ae7a97a84df9e3c58cbff9a4,,,,,,0,,0,0.00,0.00,0.00,658.81,2026-05-21,0,0,0.00,0.00,0,,outflow_from_you
0xdcd1099c44c809131a8ccb9422cba8052fe6ac3df63dab93df0fde956505a218,https://bscscan.com/tx/0xdcd1099c44c809131a8ccb9422cba8052fe6ac3df63dab93df0fde956505a218,24840170,2023-01-16 16:04:38,,javascript:;,YieldRobot Rug 2,https://bscscan.com/address/0xb8cda6ae6d005d56205b29797add341c85e59608,0 BNB $0.00,0 . 00037275,,0xb8cda6ae6d005d56205b29797add341c85e59608,,YieldRobot Rug 2,,YieldRobot Rug 2,,0,,0,0.00,0.00,0.00,658.81,2026-05-21,0,0,0.00,0.00,0,,outflow_from_you
0x9ee1709cf234ad2e3c2944852b17e0281ca4482591d41ff617e8d84c94f70784,https://bscscan.com/tx/0x9ee1709cf234ad2e3c2944852b17e0281ca4482591d41ff617e8d84c94f70784,24810809,2023-01-15 15:15:04,,javascript:;,0x396407B8...58CbFF9A4,https://bscscan.com/address/0x396407b841dcdda2ae7a97a84df9e3c58cbff9a4,0 BNB $0.00,0 . 00135701,,0x396407b841dcdda2ae7a97a84df9e3c58cbff9a4,,,,,,0,,0,0.00,0.00,0.00,658.81,2026-05-21,0,0,0.00,0.00,0,,outflow_from_you
0x04dc299265446e93b979d12e08fd3271efc2ef2dd73420fbde823c11e4f196bb,https://bscscan.com/tx/0x04dc299265446e93b979d12e08fd3271efc2ef2dd73420fbde823c11e4f196bb,24810800,2023-01-15 15:14:37,,javascript:;,0x2B8B70ff...8C4fA702A,https://bscscan.com/address/0x2b8b70ffe0f0e752352ebe6021c99a58c4fa702a,0 BNB $0.00,0 . 00052008,,0x2b8b70ffe0f0e752352ebe6021c99a58c4fa702a,,,,,,0,,0,0.00,0.00,0.00,658.81,2026-05-21,0,0,0.00,0.00,0,,outflow_from_you
0xc8f4a479c9c983223f0570c972a76eacae25ee99fd65498198c005d4b2de78b5,https://bscscan.com/tx/0xc8f4a479c9c983223f0570c972a76eacae25ee99fd65498198c005d4b2de78b5,24810760,2023-01-15 15:12:37,,javascript:;,YieldRobot Rug 2,https://bscscan.com/address/0xb8cda6ae6d005d56205b29797add341c85e59608,0 BNB $0.00,0 . 00037275,,0xb8cda6ae6d005d56205b29797add341c85e59608,,YieldRobot Rug 2,,YieldRobot Rug 2,,0,,0,0.00,0.00,0.00,658.81,2026-05-21,0,0,0.00,0.00,0,,outflow_from_you
0xe822396fcd92ef4098a0597dc3ea56b1640f43ab4d9d4ab1faf329f7274f9176,https://bscscan.com/tx/0xe822396fcd92ef4098a0597dc3ea56b1640f43ab4d9d4ab1faf329f7274f9176,24757198,2023-01-13 18:07:07,,javascript:;,Binance: BUSD Stablecoin,https://bscscan.com/address/0xe9e7cea3dedca5984780bafc599bd69add087d56,0 BNB $0.00,0 . 00025557,,0xe9e7cea3dedca5984780bafc599bd69add087d56,,Binance: BUSD Stablecoin,,Binance: BUSD Stablecoin,,0,,0,0.00,0.00,0.00,658.81,2026-05-21,0,0,0.00,0.00,1,friendly_tag_or_url_contains_binance,outflow_from_you
0xa973a151cd84d243706948003b7153de7bc50b33b06467427bbf6fbfb71c2b55,https://bscscan.com/tx/0xa973a151cd84d243706948003b7153de7bc50b33b06467427bbf6fbfb71c2b55,24754919,2023-01-13 16:12:17,,javascript:;,Binance: BUSD Stablecoin,https://bscscan.com/address/0xe9e7cea3dedca5984780bafc599bd69add087d56,0 BNB $0.00,0 . 00018057,,0xe9e7cea3dedca5984780bafc599bd69add087d56,,Binance: BUSD Stablecoin,,Binance: BUSD Stablecoin,,0,,0,0.00,0.00,0.00,658.81,2026-05-21,0,0,0.00,0.00,1,friendly_tag_or_url_contains_binance,outflow_from_you
0xed11a9b1144815f109a1f63faf2905a932cf7021e2a5ee9edb7ef1ab8a019fa1,https://bscscan.com/tx/0xed11a9b1144815f109a1f63faf2905a932cf7021e2a5ee9edb7ef1ab8a019fa1,24754891,2023-01-13 16:10:53,,javascript:;,PancakeSwap: Router v2,https://bscscan.com/address/0x10ed43c718714eb63d5aa57b78b54704e256024e,0 BNB $0.00,0 . 00180595,,0x10ed43c718714eb63d5aa57b78b54704e256024e,,PancakeSwap: Router v2,,PancakeSwap: Router v2,safuu,1,high,0,0.00,0.00,0.00,658.81,2026-05-21,0,0,0.00,0.00,0,,outflow_from_you
0xdf5c270a502fbe33f75ac1f0c1b17206278b72bd9c20f71ce6bfeb2867dab941,https://bscscan.com/tx/0xdf5c270a502fbe33f75ac1f0c1b17206278b72bd9c20f71ce6bfeb2867dab941,24754856,2023-01-13 16:09:08,,javascript:;,0x0c30D3d6...cb24FD599,https://bscscan.com/address/0x0c30d3d66bc7c73a83fda929888c34dcb24fd599,0 BNB $0.00,0 . 00105691,,0x0c30d3d66bc7c73a83fda929888c34dcb24fd599,,,,,safuu,1,high,0,0.00,0.00,0.00,658.81,2026-05-21,0,0,0.00,0.00,0,,outflow_from_you
0x174d763aac42ff0014039c47be41709c28739807b794d166abb7554a4bc90003,https://bscscan.com/tx/0x174d763aac42ff0014039c47be41709c28739807b794d166abb7554a4bc90003,24754820,2023-01-13 16:07:16,Binance 47,https://bscscan.com/address/0x3c783c21a0383057d128bae431894a5c19f9cf06,,javascript:;,0.0095 BNB $6.17,0 . 00021,0x3c783c21a0383057d128bae431894a5c19f9cf06,,Binance 47,,Binance 47,,,0,,0.0095,6.17,6.26,0.09,658.81,2026-05-21,1,0.0095,6.17,6.26,1,friendly_tag_or_url_contains_binance,inflow_to_you
0x1953887dd9061fdb0105df3b907899aad870774e4cd24dd27a2cbb538f83a385,https://bscscan.com/tx/0x1953887dd9061fdb0105df3b907899aad870774e4cd24dd27a2cbb538f83a385,24753210,2023-01-13 14:45:49,,javascript:;,Binance: BUSD Stablecoin,https://bscscan.com/address/0xe9e7cea3dedca5984780bafc599bd69add087d56,0 BNB $0.00,0 . 00010569,,0xe9e7cea3dedca5984780bafc599bd69add087d56,,Binance: BUSD Stablecoin,,Binance: BUSD Stablecoin,,0,,0,0.00,0.00,0.00,658.81,2026-05-21,0,0,0.00,0.00,1,friendly_tag_or_url_contains_binance,outflow_from_you
0xb088a4be039fc68d6752859f39fbafd8e57e16f3c6da7d8e99d517e769b04f18,https://bscscan.com/tx/0xb088a4be039fc68d6752859f39fbafd8e57e16f3c6da7d8e99d517e769b04f18,24753197,2023-01-13 14:45:10,,javascript:;,YieldRobot Rug 2,https://bscscan.com/address/0xb8cda6ae6d005d56205b29797add341c85e59608,0 BNB $0.00,0 . 00037275,,0xb8cda6ae6d005d56205b29797add341c85e59608,,YieldRobot Rug 2,,YieldRobot Rug 2,,0,,0,0.00,0.00,0.00,658.81,2026-05-21,0,0,0.00,0.00,0,,outflow_from_you
0xd1c7398d05e18dfa018439625a13bbc49f7942e43fe1f4680ef3dd0f5b907a1f,https://bscscan.com/tx/0xd1c7398d05e18dfa018439625a13bbc49f7942e43fe1f4680ef3dd0f5b907a1f,24751858,2023-01-13 13:37:57,,javascript:;,Binance: BUSD Stablecoin,https://bscscan.com/address/0xe9e7cea3dedca5984780bafc599bd69add087d56,0 BNB $0.00,0 . 00022203,,0xe9e7cea3dedca5984780bafc599bd69add087d56,,Binance: BUSD Stablecoin,,Binance: BUSD Stablecoin,,0,,0,0.00,0.00,0.00,658.81,2026-05-21,0,0,0.00,0.00,1,friendly_tag_or_url_contains_binance,outflow_from_you
0xdb31785dc36c77e027267ffb32081c1c5cec9f43f887f3ad7eef5b91c234b1ea,https://bscscan.com/tx/0xdb31785dc36c77e027267ffb32081c1c5cec9f43f887f3ad7eef5b91c234b1ea,24734406,2023-01-12 22:54:50,,javascript:;,Binance: BUSD Stablecoin,https://bscscan.com/address/0xe9e7cea3dedca5984780bafc599bd69add087d56,0 BNB $0.00,0 . 00018057,,0xe9e7cea3dedca5984780bafc599bd69add087d56,,Binance: BUSD Stablecoin,,Binance: BUSD Stablecoin,,0,,0,0.00,0.00,0.00,658.81,2026-05-21,0,0,0.00,0.00,1,friendly_tag_or_url_contains_binance,outflow_from_you
0x8a727b29b5df6deb15d5cc536f2afe03d8a9a154334e77c8df26b16de7b04467,https://bscscan.com/tx/0x8a727b29b5df6deb15d5cc536f2afe03d8a9a154334e77c8df26b16de7b04467,24734384,2023-01-12 22:53:44,,javascript:;,YieldRobot Rug 2,https://bscscan.com/address/0xb8cda6ae6d005d56205b29797add341c85e59608,0 BNB $0.00,0 . 00037275,,0xb8cda6ae6d005d56205b29797add341c85e59608,,YieldRobot Rug 2,,YieldRobot Rug 2,,0,,0,0.00,0.00,0.00,658.81,2026-05-21,0,0,0.00,0.00,0,,outflow_from_you
0x9a44ff216e8eb9fe544e09ec60f6acb7a8844fceb633ee3edea0e35b86b493b6,https://bscscan.com/tx/0x9a44ff216e8eb9fe544e09ec60f6acb7a8844fceb633ee3edea0e35b86b493b6,24711217,2023-01-12 3:25:00,,javascript:;,0x64c7f3c2...bB3284F34,https://bscscan.com/address/0x64c7f3c2c19b41a6ad67bb5f4edc8edbb3284f34,0 BNB $0.00,0 . 00114674,,0x64c7f3c2c19b41a6ad67bb5f4edc8edbb3284f34,,,,,safuu,1,high,0,0.00,0.00,0.00,658.81,2026-05-21,0,0,0.00,0.00,0,,outflow_from_you
0x306045df0ddb7e03d34d8446883bc3bb09f88d8cbf42bddf6bf26198d7e6b735,https://bscscan.com/tx/0x306045df0ddb7e03d34d8446883bc3bb09f88d8cbf42bddf6bf26198d7e6b735,24689506,2023-01-11 9:09:36,,javascript:;,YieldRobot Rug 2,https://bscscan.com/address/0xb8cda6ae6d005d56205b29797add341c85e59608,0 BNB $0.00,0 . 00044775,,0xb8cda6ae6d005d56205b29797add341c85e59608,,YieldRobot Rug 2,,YieldRobot Rug 2,,0,,0,0.00,0.00,0.00,658.81,2026-05-21,0,0,0.00,0.00,0,,outflow_from_you
0xa4d7abccbf39546bf469572d9d0f9d159afaf34d616a46c468fd041e843a6b92,https://bscscan.com/tx/0xa4d7abccbf39546bf469572d9d0f9d159afaf34d616a46c468fd041e843a6b92,24647239,2023-01-09 21:31:10,,javascript:;,Binance: BUSD Stablecoin,https://bscscan.com/address/0xe9e7cea3dedca5984780bafc599bd69add087d56,0 BNB $0.00,0 . 00010563,,0xe9e7cea3dedca5984780bafc599bd69add087d56,,Binance: BUSD Stablecoin,,Binance: BUSD Stablecoin,,0,,0,0.00,0.00,0.00,658.81,2026-05-21,0,0,0.00,0.00,1,friendly_tag_or_url_contains_binance,outflow_from_you
0x53219a3f344858648f979e1e801c693c1447cef1469372de3662a74ba61a5361,https://bscscan.com/tx/0x53219a3f344858648f979e1e801c693c1447cef1469372de3662a74ba61a5361,24647224,2023-01-09 21:30:14,,javascript:;,PancakeSwap: Router v2,https://bscscan.com/address/0x10ed43c718714eb63d5aa57b78b54704e256024e,0 BNB $0.00,0 . 00123394,,0x10ed43c718714eb63d5aa57b78b54704e256024e,,PancakeSwap: Router v2,,PancakeSwap: Router v2,safuu,1,high,0,0.00,0.00,0.00,658.81,2026-05-21,0,0,0.00,0.00,0,,outflow_from_you
0xc786661069f8e2c2273de136ae0b46a2eb2612c83b64118c8a011d1977d186fd,https://bscscan.com/tx/0xc786661069f8e2c2273de136ae0b46a2eb2612c83b64118c8a011d1977d186fd,24645831,2023-01-09 20:20:16,,javascript:;,Binance: BUSD Stablecoin,https://bscscan.com/address/0xe9e7cea3dedca5984780bafc599bd69add087d56,0 BNB $0.00,0 . 00010569,,0xe9e7cea3dedca5984780bafc599bd69add087d56,,Binance: BUSD Stablecoin,,Binance: BUSD Stablecoin,,0,,0,0.00,0.00,0.00,658.81,2026-05-21,0,0,0.00,0.00,1,friendly_tag_or_url_contains_binance,outflow_from_you
0x05058e72fd50bfd7d579d1c3f41abfec02f7da7ac4ade46a40e1beedbb56eb8d,https://bscscan.com/tx/0x05058e72fd50bfd7d579d1c3f41abfec02f7da7ac4ade46a40e1beedbb56eb8d,24645774,2023-01-09 20:17:25,,javascript:;,PancakeSwap: Router v2,https://bscscan.com/address/0x10ed43c718714eb63d5aa57b78b54704e256024e,0 BNB $0.00,0 . 00173089,,0x10ed43c718714eb63d5aa57b78b54704e256024e,,PancakeSwap: Router v2,,PancakeSwap: Router v2,safuu,1,high,0,0.00,0.00,0.00,658.81,2026-05-21,0,0,0.00,0.00,0,,outflow_from_you
0x5e7b43bfb89e3091273cc4d74aa30c9ea6b314f25031fcef4c580cd9c5b43df8,https://bscscan.com/tx/0x5e7b43bfb89e3091273cc4d74aa30c9ea6b314f25031fcef4c580cd9c5b43df8,24645742,2023-01-09 20:15:49,,javascript:;,0x0c30D3d6...cb24FD599,https://bscscan.com/address/0x0c30d3d66bc7c73a83fda929888c34dcb24fd599,0 BNB $0.00,0 . 00034054,,0x0c30d3d66bc7c73a83fda929888c34dcb24fd599,,,,,safuu,1,high,0,0.00,0.00,0.00,658.81,2026-05-21,0,0,0.00,0.00,0,,outflow_from_you
0x3f5239c2809434a93adb970259fe062fe407b0c65f52bfaa6a9a8376d515efd4,https://bscscan.com/tx/0x3f5239c2809434a93adb970259fe062fe407b0c65f52bfaa6a9a8376d515efd4,24645737,2023-01-09 20:15:34,,javascript:;,0x0c30D3d6...cb24FD599,https://bscscan.com/address/0x0c30d3d66bc7c73a83fda929888c34dcb24fd599,0 BNB $0.00,0 . 00105691,,0x0c30d3d66bc7c73a83fda929888c34dcb24fd599,,,,,safuu,1,high,0,0.00,0.00,0.00,658.81,2026-05-21,0,0,0.00,0.00,0,,outflow_from_you
0x7f9b6b1ac91108d3977afc07fb90038eaefe98d68706c9d3d6d66423a8220edf,https://bscscan.com/tx/0x7f9b6b1ac91108d3977afc07fb90038eaefe98d68706c9d3d6d66423a8220edf,24641606,2023-01-09 16:46:17,,javascript:;,Binance: BUSD Stablecoin,https://bscscan.com/address/0xe9e7cea3dedca5984780bafc599bd69add087d56,0 BNB $0.00,0 . 00025557,,0xe9e7cea3dedca5984780bafc599bd69add087d56,,Binance: BUSD Stablecoin,,Binance: BUSD Stablecoin,,0,,0,0.00,0.00,0.00,658.81,2026-05-21,0,0,0.00,0.00,1,friendly_tag_or_url_contains_binance,outflow_from_you
0x513e2d75a54022f826cc4c43b32a414309c0e4e364105e8a04a2ab54d96d5896,https://bscscan.com/tx/0x513e2d75a54022f826cc4c43b32a414309c0e4e364105e8a04a2ab54d96d5896,24639258,2023-01-09 14:46:28,,javascript:;,Binance: BUSD Stablecoin,https://bscscan.com/address/0xe9e7cea3dedca5984780bafc599bd69add087d56,0 BNB $0.00,0 . 00018057,,0xe9e7cea3dedca5984780bafc599bd69add087d56,,Binance: BUSD Stablecoin,,Binance: BUSD Stablecoin,,0,,0,0.00,0.00,0.00,658.81,2026-05-21,0,0,0.00,0.00,1,friendly_tag_or_url_contains_binance,outflow_from_you
0x49204e46e9bb11227e5a890edb62674eb8e5f1ea988c879a3e41d87d25873d3b,https://bscscan.com/tx/0x49204e46e9bb11227e5a890edb62674eb8e5f1ea988c879a3e41d87d25873d3b,24639160,2023-01-09 14:41:34,,javascript:;,PancakeSwap: Router v2,https://bscscan.com/address/0x10ed43c718714eb63d5aa57b78b54704e256024e,0 BNB $0.00,0 . 00173095,,0x10ed43c718714eb63d5aa57b78b54704e256024e,,PancakeSwap: Router v2,,PancakeSwap: Router v2,safuu,1,high,0,0.00,0.00,0.00,658.81,2026-05-21,0,0,0.00,0.00,0,,outflow_from_you
0x07e1eff24fd204d0b21543d8036fc6f591fec06d0c2866f2aa973ad507f7cad8,https://bscscan.com/tx/0x07e1eff24fd204d0b21543d8036fc6f591fec06d0c2866f2aa973ad507f7cad8,24636436,2023-01-09 12:24:44,,javascript:;,0x0c30D3d6...cb24FD599,https://bscscan.com/address/0x0c30d3d66bc7c73a83fda929888c34dcb24fd599,0 BNB $0.00,0 . 00105691,,0x0c30d3d66bc7c73a83fda929888c34dcb24fd599,,,,,safuu,1,high,0,0.00,0.00,0.00,658.81,2026-05-21,0,0,0.00,0.00,0,,outflow_from_you
0x3258f72d383bed3768af3ee7b2a725674b587ccd527d8d6090632c48a288f821,https://bscscan.com/tx/0x3258f72d383bed3768af3ee7b2a725674b587ccd527d8d6090632c48a288f821,24629125,2023-01-09 6:14:59,,javascript:;,Binance: BUSD Stablecoin,https://bscscan.com/address/0xe9e7cea3dedca5984780bafc599bd69add087d56,0 BNB $0.00,0 . 00018057,,0xe9e7cea3dedca5984780bafc599bd69add087d56,,Binance: BUSD Stablecoin,,Binance: BUSD Stablecoin,,0,,0,0.00,0.00,0.00,658.81,2026-05-21,0,0,0.00,0.00,1,friendly_tag_or_url_contains_binance,outflow_from_you
0xf22f74222f1fcfababf6d0d82b17af92aa4894b1ad8d69193cb9761d72f29fab,https://bscscan.com/tx/0xf22f74222f1fcfababf6d0d82b17af92aa4894b1ad8d69193cb9761d72f29fab,24629013,2023-01-09 6:09:23,,javascript:;,YieldRobot Rug 2,https://bscscan.com/address/0xb8cda6ae6d005d56205b29797add341c85e59608,0 BNB $0.00,0 . 00037349,,0xb8cda6ae6d005d56205b29797add341c85e59608,,YieldRobot Rug 2,,YieldRobot Rug 2,,0,,0,0.00,0.00,0.00,658.81,2026-05-21,0,0,0.00,0.00,0,,outflow_from_you
0x1d46edce8a10af217946a4810df399ababd522c520d5f71ae6d640ee005a6d25,https://bscscan.com/tx/0x1d46edce8a10af217946a4810df399ababd522c520d5f71ae6d640ee005a6d25,24623386,2023-01-09 1:26:27,,javascript:;,0x64c7f3c2...bB3284F34,https://bscscan.com/address/0x64c7f3c2c19b41a6ad67bb5f4edc8edbb3284f34,0 BNB $0.00,0 . 00114674,,0x64c7f3c2c19b41a6ad67bb5f4edc8edbb3284f34,,,,,safuu,1,high,0,0.00,0.00,0.00,658.81,2026-05-21,0,0,0.00,0.00,0,,outflow_from_you
0xc3ec52e65c79f09585191be3065bf42e109d760de6b2439bca1af30ee3698cd7,https://bscscan.com/tx/0xc3ec52e65c79f09585191be3065bf42e109d760de6b2439bca1af30ee3698cd7,24615829,2023-01-08 19:06:11,,javascript:;,Binance: BUSD Stablecoin,https://bscscan.com/address/0xe9e7cea3dedca5984780bafc599bd69add087d56,0 BNB $0.00,0 . 00025551,,0xe9e7cea3dedca5984780bafc599bd69add087d56,,Binance: BUSD Stablecoin,,Binance: BUSD Stablecoin,,0,,0,0.00,0.00,0.00,658.81,2026-05-21,0,0,0.00,0.00,1,friendly_tag_or_url_contains_binance,outflow_from_you
0xcf93cbdab11897252f7a5ebe1e953e0a010530469ae3a8d0f25896f31d3e1195,https://bscscan.com/tx/0xcf93cbdab11897252f7a5ebe1e953e0a010530469ae3a8d0f25896f31d3e1195,24615765,2023-01-08 19:02:59,,javascript:;,0xE42BE986...70D329C86,https://bscscan.com/address/0xe42be98613347658f82dcd90ce8102e70d329c86,0.01 BNB $6.49,0 . 000105,,0xe42be98613347658f82dcd90ce8102e70d329c86,,,,,,0,,0.01,6.49,6.59,0.10,658.81,2026-05-21,0,0,0.00,0.00,0,,outflow_from_you
0xb2e90f736c9db28e991f14bc6dfa6fa724e0d2432e06e4e81f5a02f51c349d1b,https://bscscan.com/tx/0xb2e90f736c9db28e991f14bc6dfa6fa724e0d2432e06e4e81f5a02f51c349d1b,24596027,2023-01-08 2:30:34,,javascript:;,YieldRobot Rug 2,https://bscscan.com/address/0xb8cda6ae6d005d56205b29797add341c85e59608,0 BNB $0.00,0 . 00037349,,0xb8cda6ae6d005d56205b29797add341c85e59608,,YieldRobot Rug 2,,YieldRobot Rug 2,,0,,0,0.00,0.00,0.00,658.81,2026-05-21,0,0,0.00,0.00,0,,outflow_from_you
0xebaf0c8f6f95cdbc0aca912ec82fe0c7a9af58c944efea4e37228e8417a7e7bd,https://bscscan.com/tx/0xebaf0c8f6f95cdbc0aca912ec82fe0c7a9af58c944efea4e37228e8417a7e7bd,24596010,2023-01-08 2:29:43,,javascript:;,YieldRobot Rug 2,https://bscscan.com/address/0xb8cda6ae6d005d56205b29797add341c85e59608,0 BNB $0.00,0 . 00041002,,0xb8cda6ae6d005d56205b29797add341c85e59608,,YieldRobot Rug 2,,YieldRobot Rug 2,,0,,0,0.00,0.00,0.00,658.81,2026-05-21,0,0,0.00,0.00,0,,outflow_from_you
0x9b806e6897fbdbabe3dbeed2415306496deb28fab6811742b29ef9e58bf6cf36,https://bscscan.com/tx/0x9b806e6897fbdbabe3dbeed2415306496deb28fab6811742b29ef9e58bf6cf36,24564419,2023-01-07 0:02:52,,javascript:;,0x64c7f3c2...bB3284F34,https://bscscan.com/address/0x64c7f3c2c19b41a6ad67bb5f4edc8edbb3284f34,0 BNB $0.00,0 . 00114662,,0x64c7f3c2c19b41a6ad67bb5f4edc8edbb3284f34,,,,,safuu,1,high,0,0.00,0.00,0.00,658.81,2026-05-21,0,0,0.00,0.00,0,,outflow_from_you
0x9a7c6ecc2954fa22ab2b20f49f857a61cab918e544f1c53e64e069388c538603,https://bscscan.com/tx/0x9a7c6ecc2954fa22ab2b20f49f857a61cab918e544f1c53e64e069388c538603,24549673,2023-01-06 11:37:48,,javascript:;,YieldRobot Rug 2,https://bscscan.com/address/0xb8cda6ae6d005d56205b29797add341c85e59608,0 BNB $0.00,0 . 00037275,,0xb8cda6ae6d005d56205b29797add341c85e59608,,YieldRobot Rug 2,,YieldRobot Rug 2,,0,,0,0.00,0.00,0.00,658.81,2026-05-21,0,0,0.00,0.00,0,,outflow_from_you
0xa2764f39156234bfc7b02c8495ba4dad0b3075f3893c776c00eafb0fde89f310,https://bscscan.com/tx/0xa2764f39156234bfc7b02c8495ba4dad0b3075f3893c776c00eafb0fde89f310,24519876,2023-01-05 10:29:38,,javascript:;,0xB6934215...68B6A3182,https://bscscan.com/address/0xb6934215b856b03430fc8dc058bd1c668b6a3182,0.65 BNB $421.94,0 . 000105,,0xb6934215b856b03430fc8dc058bd1c668b6a3182,,,,,,0,,0.65,421.94,428.23,6.29,658.81,2026-05-21,0,0,0.00,0.00,1,user_binance_address_match,outflow_from_you
0x33fcac5278a49b319e2a570720c8c9c72a429d9d15bd4cccce15ce36c821ab93,https://bscscan.com/tx/0x33fcac5278a49b319e2a570720c8c9c72a429d9d15bd4cccce15ce36c821ab93,24509345,2023-01-05 1:31:06,,javascript:;,0x396407B8...58CbFF9A4,https://bscscan.com/address/0x396407b841dcdda2ae7a97a84df9e3c58cbff9a4,0 BNB $0.00,0 . 00222862,,0x396407b841dcdda2ae7a97a84df9e3c58cbff9a4,,,,,,0,,0,0.00,0.00,0.00,658.81,2026-05-21,0,0,0.00,0.00,0,,outflow_from_you
0xff2af9bb681b814b2de8b2a963fc1e5376d9f7c33fade46dd0afa9155f6b5a31,https://bscscan.com/tx/0xff2af9bb681b814b2de8b2a963fc1e5376d9f7c33fade46dd0afa9155f6b5a31,24509334,2023-01-05 1:30:33,,javascript:;,0xE81A79e9...6b3A0C7E5,https://bscscan.com/address/0xe81a79e9d951759aef3fccef17022276b3a0c7e5,0 BNB $0.00,0 . 00016044,,0xe81a79e9d951759aef3fccef17022276b3a0c7e5,,,,,,0,,0,0.00,0.00,0.00,658.81,2026-05-21,0,0,0.00,0.00,0,,outflow_from_you
0x79f9b2726764ffccb4eedadc698ec565eadf82ea8883f5b017f1666fafc156e2,https://bscscan.com/tx/0x79f9b2726764ffccb4eedadc698ec565eadf82ea8883f5b017f1666fafc156e2,24509230,2023-01-05 1:24:51,,javascript:;,YieldRobot Rug 2,https://bscscan.com/address/0xb8cda6ae6d005d56205b29797add341c85e59608,0 BNB $0.00,0 . 00037275,,0xb8cda6ae6d005d56205b29797add341c85e59608,,YieldRobot Rug 2,,YieldRobot Rug 2,,0,,0,0.00,0.00,0.00,658.81,2026-05-21,0,0,0.00,0.00,0,,outflow_from_you
0xc27077c68ee377f109e143b63760b7bb189e32148515218bdc782a3f737777c0,https://bscscan.com/tx/0xc27077c68ee377f109e143b63760b7bb189e32148515218bdc782a3f737777c0,24478882,2023-01-03 23:51:24,,javascript:;,0x06f94a00...CCFFfF887,https://bscscan.com/address/0x06f94a00ab25a808c7588d080cd4cfdccffff887,0 BNB $0.00,0 . 00113317,,0x06f94a00ab25a808c7588d080cd4cfdccffff887,,,,,,0,,0,0.00,0.00,0.00,658.81,2026-05-21,0,0,0.00,0.00,0,,outflow_from_you
0x4eb3df0e4a2a0dc759d2593183f86b33d600cd99852be8f051bdffc929888a52,https://bscscan.com/tx/0x4eb3df0e4a2a0dc759d2593183f86b33d600cd99852be8f051bdffc929888a52,24473025,2023-01-03 18:53:50,,javascript:;,0x64c7f3c2...bB3284F34,https://bscscan.com/address/0x64c7f3c2c19b41a6ad67bb5f4edc8edbb3284f34,0 BNB $0.00,0 . 00114674,,0x64c7f3c2c19b41a6ad67bb5f4edc8edbb3284f34,,,,,safuu,1,high,0,0.00,0.00,0.00,658.81,2026-05-21,0,0,0.00,0.00,0,,outflow_from_you
0xfda0edff58d0903646b54cb126a2aa5fe96adb2a3d73b09d0352e9e83ac88cad,https://bscscan.com/tx/0xfda0edff58d0903646b54cb126a2aa5fe96adb2a3d73b09d0352e9e83ac88cad,24437645,2023-01-02 13:03:50,,javascript:;,YieldRobot Rug 2,https://bscscan.com/address/0xb8cda6ae6d005d56205b29797add341c85e59608,0 BNB $0.00,0 . 00031875,,0xb8cda6ae6d005d56205b29797add341c85e59608,,YieldRobot Rug 2,,YieldRobot Rug 2,,0,,0,0.00,0.00,0.00,658.81,2026-05-21,0,0,0.00,0.00,0,,outflow_from_you
0xaa03bbad445efebed1a33bf6c549d829afd28975ce9a294447142150fd1e23e0,https://bscscan.com/tx/0xaa03bbad445efebed1a33bf6c549d829afd28975ce9a294447142150fd1e23e0,24422911,2023-01-02 0:39:05,,javascript:;,YieldRobot Rug 2,https://bscscan.com/address/0xb8cda6ae6d005d56205b29797add341c85e59608,0 BNB $0.00,0 . 00126802,,0xb8cda6ae6d005d56205b29797add341c85e59608,,YieldRobot Rug 2,,YieldRobot Rug 2,,0,,0,0.00,0.00,0.00,658.81,2026-05-21,0,0,0.00,0.00,0,,outflow_from_you
0x22f7486729be63aeb0014952b6e92fc30304c2948a94351778bc84b116e2d821,https://bscscan.com/tx/0x22f7486729be63aeb0014952b6e92fc30304c2948a94351778bc84b116e2d821,24422896,2023-01-02 0:38:20,,javascript:;,Metamask: Swap Router,https://bscscan.com/address/0x1a1ec25dc08e98e5e93f1104b5e5cdd298707d31,"2 BNB $1,298.28",0 . 0009196,,0x1a1ec25dc08e98e5e93f1104b5e5cdd298707d31,,Metamask: Swap Router,,Metamask: Swap Router,,0,,2,1298.28,1317.62,19.34,658.81,2026-05-21,0,0,0.00,0.00,0,,outflow_from_you
0x86331df4312dec35aeb852392bae8695208b39f333f0f5b48a1647ca7f133fb8,https://bscscan.com/tx/0x86331df4312dec35aeb852392bae8695208b39f333f0f5b48a1647ca7f133fb8,24416326,2023-01-01 19:05:23,,javascript:;,YieldRobot Rug 2,https://bscscan.com/address/0xb8cda6ae6d005d56205b29797add341c85e59608,0 BNB $0.00,0 . 00037275,,0xb8cda6ae6d005d56205b29797add341c85e59608,,YieldRobot Rug 2,,YieldRobot Rug 2,,0,,0,0.00,0.00,0.00,658.81,2026-05-21,0,0,0.00,0.00,0,,outflow_from_you
0x0d0730dd7e6f1b77ef14e24d8c7171d1f488451f2344fabc8dc242dde0462c8e,https://bscscan.com/tx/0x0d0730dd7e6f1b77ef14e24d8c7171d1f488451f2344fabc8dc242dde0462c8e,24416284,2023-01-01 19:03:17,,javascript:;,YieldRobot Rug 2,https://bscscan.com/address/0xb8cda6ae6d005d56205b29797add341c85e59608,0 BNB $0.00,0 . 00031875,,0xb8cda6ae6d005d56205b29797add341c85e59608,,YieldRobot Rug 2,,YieldRobot Rug 2,,0,,0,0.00,0.00,0.00,658.81,2026-05-21,0,0,0.00,0.00,0,,outflow_from_you
0x6791732205cda9ca0fba26825a1f1e1e465eef60b904fe2b3c2d342324236bf9,https://bscscan.com/tx/0x6791732205cda9ca0fba26825a1f1e1e465eef60b904fe2b3c2d342324236bf9,24376502,2022-12-31 9:32:01,,javascript:;,PancakeSwap: Router v2,https://bscscan.com/address/0x10ed43c718714eb63d5aa57b78b54704e256024e,0 BNB $0.00,0 . 00150314,,0x10ed43c718714eb63d5aa57b78b54704e256024e,,PancakeSwap: Router v2,,PancakeSwap: Router v2,safuu,1,high,0,0.00,0.00,0.00,658.81,2026-05-21,0,0,0.00,0.00,0,,outflow_from_you
0xe3697f06a730153a96ec26bfa7a009dc8a193aa0e8b12e8d422f74668d78258f,https://bscscan.com/tx/0xe3697f06a730153a96ec26bfa7a009dc8a193aa0e8b12e8d422f74668d78258f,24268600,2022-12-27 14:33:53,,javascript:;,0x0c30D3d6...cb24FD599,https://bscscan.com/address/0x0c30d3d66bc7c73a83fda929888c34dcb24fd599,0 BNB $0.00,0 . 00105685,,0x0c30d3d66bc7c73a83fda929888c34dcb24fd599,,,,,safuu,1,high,0,0.00,0.00,0.00,658.81,2026-05-21,0,0,0.00,0.00,0,,outflow_from_you
0xb35ee2c4cd3fa5e3cdf98a6d7fc4f0955a734fced2b930c7b19a1b5f909bd2b9,https://bscscan.com/tx/0xb35ee2c4cd3fa5e3cdf98a6d7fc4f0955a734fced2b930c7b19a1b5f909bd2b9,24266887,2022-12-27 13:06:40,,javascript:;,YieldRobot Rug 2,https://bscscan.com/address/0xb8cda6ae6d005d56205b29797add341c85e59608,0 BNB $0.00,0 . 00127269,,0xb8cda6ae6d005d56205b29797add341c85e59608,,YieldRobot Rug 2,,YieldRobot Rug 2,,0,,0,0.00,0.00,0.00,658.81,2026-05-21,0,0,0.00,0.00,0,,outflow_from_you
0x65528226b964053c29b33fced7926ee05e737f40b285123e1b16ce7ae8f851e2,https://bscscan.com/tx/0x65528226b964053c29b33fced7926ee05e737f40b285123e1b16ce7ae8f851e2,24266860,2022-12-27 13:05:19,,javascript:;,YieldRobot Rug 2,https://bscscan.com/address/0xb8cda6ae6d005d56205b29797add341c85e59608,0 BNB $0.00,0 . 00044864,,0xb8cda6ae6d005d56205b29797add341c85e59608,,YieldRobot Rug 2,,YieldRobot Rug 2,,0,,0,0.00,0.00,0.00,658.81,2026-05-21,0,0,0.00,0.00,0,,outflow_from_you
0xe2e02dd8216316ffc646737b9110543247e2ccc1a0f3ef9cc793ea8b09930f6d,https://bscscan.com/tx/0xe2e02dd8216316ffc646737b9110543247e2ccc1a0f3ef9cc793ea8b09930f6d,24196263,2022-12-25 1:20:32,,javascript:;,YieldRobot Rug 2,https://bscscan.com/address/0xb8cda6ae6d005d56205b29797add341c85e59608,0 BNB $0.00,0 . 0017468,,0xb8cda6ae6d005d56205b29797add341c85e59608,,YieldRobot Rug 2,,YieldRobot Rug 2,,0,,0,0.00,0.00,0.00,658.81,2026-05-21,0,0,0.00,0.00,0,,outflow_from_you
0x5b2adaa2fc369386aed2726eccd6a068f2daba3a76d9c80925dd992369291d69,https://bscscan.com/tx/0x5b2adaa2fc369386aed2726eccd6a068f2daba3a76d9c80925dd992369291d69,24196255,2022-12-25 1:20:04,,javascript:;,Binance: BUSD Stablecoin,https://bscscan.com/address/0xe9e7cea3dedca5984780bafc599bd69add087d56,0 BNB $0.00,0 . 00022197,,0xe9e7cea3dedca5984780bafc599bd69add087d56,,Binance: BUSD Stablecoin,,Binance: BUSD Stablecoin,,0,,0,0.00,0.00,0.00,658.81,2026-05-21,0,0,0.00,0.00,1,friendly_tag_or_url_contains_binance,outflow_from_you
0x34055ae190ddbf42535e15bc9e9222898210ef4f17a0faa61d7ef04e5723f712,https://bscscan.com/tx/0x34055ae190ddbf42535e15bc9e9222898210ef4f17a0faa61d7ef04e5723f712,24185817,2022-12-24 16:27:55,,javascript:;,Binance: BUSD Stablecoin,https://bscscan.com/address/0xe9e7cea3dedca5984780bafc599bd69add087d56,0 BNB $0.00,0 . 00010569,,0xe9e7cea3dedca5984780bafc599bd69add087d56,,Binance: BUSD Stablecoin,,Binance: BUSD Stablecoin,,0,,0,0.00,0.00,0.00,658.81,2026-05-21,0,0,0.00,0.00,1,friendly_tag_or_url_contains_binance,outflow_from_you
0x89634539c5374d6de3905519500527fe5f3d3ff37beed4b9d8c7e73d871ad3bf,https://bscscan.com/tx/0x89634539c5374d6de3905519500527fe5f3d3ff37beed4b9d8c7e73d871ad3bf,24184442,2022-12-24 15:17:15,,javascript:;,Binance: BUSD Stablecoin,https://bscscan.com/address/0xe9e7cea3dedca5984780bafc599bd69add087d56,0 BNB $0.00,0 . 00018051,,0xe9e7cea3dedca5984780bafc599bd69add087d56,,Binance: BUSD Stablecoin,,Binance: BUSD Stablecoin,,0,,0,0.00,0.00,0.00,658.81,2026-05-21,0,0,0.00,0.00,1,friendly_tag_or_url_contains_binance,outflow_from_you
0xac6dcbf7e43a37e8bb0b7a60ccea1a6230b926f86252b62e96864f5abedda151,https://bscscan.com/tx/0xac6dcbf7e43a37e8bb0b7a60ccea1a6230b926f86252b62e96864f5abedda151,24134426,2022-12-22 21:05:39,,javascript:;,Binance: BUSD Stablecoin,https://bscscan.com/address/0xe9e7cea3dedca5984780bafc599bd69add087d56,0 BNB $0.00,0 . 00018057,,0xe9e7cea3dedca5984780bafc599bd69add087d56,,Binance: BUSD Stablecoin,,Binance: BUSD Stablecoin,,0,,0,0.00,0.00,0.00,658.81,2026-05-21,0,0,0.00,0.00,1,friendly_tag_or_url_contains_binance,outflow_from_you
0x53401a3b5e164f39c567cf10f8f247dd00248a74725db0af05dedae8e68cd2f0,https://bscscan.com/tx/0x53401a3b5e164f39c567cf10f8f247dd00248a74725db0af05dedae8e68cd2f0,24134370,2022-12-22 21:02:45,,javascript:;,PancakeSwap: Router v2,https://bscscan.com/address/0x10ed43c718714eb63d5aa57b78b54704e256024e,0 BNB $0.00,0 . 00150314,,0x10ed43c718714eb63d5aa57b78b54704e256024e,,PancakeSwap: Router v2,,PancakeSwap: Router v2,safuu,1,high,0,0.00,0.00,0.00,658.81,2026-05-21,0,0,0.00,0.00,0,,outflow_from_you
0x58925d9b3d737c8dc5ddedb1e43eac0c0dd1d28c9f8990991aeca6fbfb6a3d29,https://bscscan.com/tx/0x58925d9b3d737c8dc5ddedb1e43eac0c0dd1d28c9f8990991aeca6fbfb6a3d29,24102858,2022-12-21 18:23:57,,javascript:;,0xB6934215...68B6A3182,https://bscscan.com/address/0xb6934215b856b03430fc8dc058bd1c668b6a3182,0.06 BNB $38.95,0 . 000105,,0xb6934215b856b03430fc8dc058bd1c668b6a3182,,,,,,0,,0.06,38.95,39.53,0.58,658.81,2026-05-21,0,0,0.00,0.00,1,user_binance_address_match,outflow_from_you
0x2ef2224c92672208dd59057847a2411f6521abb304586f7f8166f88a09d3d72f,https://bscscan.com/tx/0x2ef2224c92672208dd59057847a2411f6521abb304586f7f8166f88a09d3d72f,24102820,2022-12-21 18:22:03,,javascript:;,PancakeSwap: Router v2,https://bscscan.com/address/0x10ed43c718714eb63d5aa57b78b54704e256024e,0 BNB $0.00,0 . 00150314,,0x10ed43c718714eb63d5aa57b78b54704e256024e,,PancakeSwap: Router v2,,PancakeSwap: Router v2,safuu,1,high,0,0.00,0.00,0.00,658.81,2026-05-21,0,0,0.00,0.00,0,,outflow_from_you
0xd6ee400dfe7849a158fd01024b65d13d6d0734bd81f973df2c55dbcc53e2c48c,https://bscscan.com/tx/0xd6ee400dfe7849a158fd01024b65d13d6d0734bd81f973df2c55dbcc53e2c48c,24102119,2022-12-21 17:46:50,,javascript:;,0xB6934215...68B6A3182,https://bscscan.com/address/0xb6934215b856b03430fc8dc058bd1c668b6a3182,"1.63089684 BNB $1,058.68",0 . 000105,,0xb6934215b856b03430fc8dc058bd1c668b6a3182,,,,,,0,,1.63089684,1058.68,1074.45,15.77,658.81,2026-05-21,0,0,0.00,0.00,1,user_binance_address_match,outflow_from_you
0x9d2c4fe9aabd15b42ac887132f7960ee133b00adfbf1c567e2d7f28ccc5fe640,https://bscscan.com/tx/0x9d2c4fe9aabd15b42ac887132f7960ee133b00adfbf1c567e2d7f28ccc5fe640,24102101,2022-12-21 17:45:56,,javascript:;,PancakeSwap: Router v2,https://bscscan.com/address/0x10ed43c718714eb63d5aa57b78b54704e256024e,0 BNB $0.00,0 . 0015032,,0x10ed43c718714eb63d5aa57b78b54704e256024e,,PancakeSwap: Router v2,,PancakeSwap: Router v2,safuu,1,high,0,0.00,0.00,0.00,658.81,2026-05-21,0,0,0.00,0.00,0,,outflow_from_you
0x4be056d79561c96ab6b2979a05a5cfb3aa3741c49f7306cd5aa1e1f489c5be1b,https://bscscan.com/tx/0x4be056d79561c96ab6b2979a05a5cfb3aa3741c49f7306cd5aa1e1f489c5be1b,24101888,2022-12-21 17:35:17,,javascript:;,0x0c30D3d6...cb24FD599,https://bscscan.com/address/0x0c30d3d66bc7c73a83fda929888c34dcb24fd599,0 BNB $0.00,0 . 00105685,,0x0c30d3d66bc7c73a83fda929888c34dcb24fd599,,,,,safuu,1,high,0,0.00,0.00,0.00,658.81,2026-05-21,0,0,0.00,0.00,0,,outflow_from_you
0x72c9627ea3d359b03a57a1af935b1d6f119b0cfb9eea52633896c5760f3773be,https://bscscan.com/tx/0x72c9627ea3d359b03a57a1af935b1d6f119b0cfb9eea52633896c5760f3773be,24097109,2022-12-21 13:33:57,,javascript:;,0x64c7f3c2...bB3284F34,https://bscscan.com/address/0x64c7f3c2c19b41a6ad67bb5f4edc8edbb3284f34,0 BNB $0.00,0 . 00043037,,0x64c7f3c2c19b41a6ad67bb5f4edc8edbb3284f34,,,,,safuu,1,high,0,0.00,0.00,0.00,658.81,2026-05-21,0,0,0.00,0.00,0,,outflow_from_you
0xd3141d28b92dd5744ac4fb32b5ae835c512bdc1a8c82e7912ef172063da66dcd,https://bscscan.com/tx/0xd3141d28b92dd5744ac4fb32b5ae835c512bdc1a8c82e7912ef172063da66dcd,24093943,2022-12-21 10:50:54,,javascript:;,0x64c7f3c2...bB3284F34,https://bscscan.com/address/0x64c7f3c2c19b41a6ad67bb5f4edc8edbb3284f34,0 BNB $0.00,0 . 00114662,,0x64c7f3c2c19b41a6ad67bb5f4edc8edbb3284f34,,,,,safuu,1,high,0,0.00,0.00,0.00,658.81,2026-05-21,0,0,0.00,0.00,0,,outflow_from_you
0x107783d9a991b813ca8510f4ce21b7934ad7efb172d1239d2faa11d4cf6c01bb,https://bscscan.com/tx/0x107783d9a991b813ca8510f4ce21b7934ad7efb172d1239d2faa11d4cf6c01bb,24093903,2022-12-21 10:48:54,,javascript:;,Safuu: SAFUU Token,https://bscscan.com/address/0xe5ba47fd94cb645ba4119222e34fb33f59c7cd90,0 BNB $0.00,0 . 0002221,,0xe5ba47fd94cb645ba4119222e34fb33f59c7cd90,,Safuu: SAFUU Token,,Safuu: SAFUU Token,safuu,1,high,0,0.00,0.00,0.00,658.81,2026-05-21,0,0,0.00,0.00,0,,outflow_from_you
0x66625c6c31ee99ff5b4d6a1cf31cad8bca68704d8a80008175e04e57e5ada032,https://bscscan.com/tx/0x66625c6c31ee99ff5b4d6a1cf31cad8bca68704d8a80008175e04e57e5ada032,24093582,2022-12-21 10:32:51,,javascript:;,Binance: BUSD Stablecoin,https://bscscan.com/address/0xe9e7cea3dedca5984780bafc599bd69add087d56,0 BNB $0.00,0 . 00018057,,0xe9e7cea3dedca5984780bafc599bd69add087d56,,Binance: BUSD Stablecoin,,Binance: BUSD Stablecoin,,0,,0,0.00,0.00,0.00,658.81,2026-05-21,0,0,0.00,0.00,1,friendly_tag_or_url_contains_binance,outflow_from_you
0x9f43fc21ee5688f58d9f10529dfca808da76f9efd8bfc7b261c88b777f8737e6,https://bscscan.com/tx/0x9f43fc21ee5688f58d9f10529dfca808da76f9efd8bfc7b261c88b777f8737e6,24093455,2022-12-21 10:26:30,,javascript:;,PancakeSwap: Router v2,https://bscscan.com/address/0x10ed43c718714eb63d5aa57b78b54704e256024e,0 BNB $0.00,0 . 00103379,,0x10ed43c718714eb63d5aa57b78b54704e256024e,,PancakeSwap: Router v2,,PancakeSwap: Router v2,,0,,0,0.00,0.00,0.00,658.81,2026-05-21,0,0,0.00,0.00,0,,outflow_from_you
0x34a847836d97ae6a554151de0556010733d21f59728445afcdfb3c8d81cfcf27,https://bscscan.com/tx/0x34a847836d97ae6a554151de0556010733d21f59728445afcdfb3c8d81cfcf27,24093412,2022-12-21 10:24:21,,javascript:;,0x06f94a00...CCFFfF887,https://bscscan.com/address/0x06f94a00ab25a808c7588d080cd4cfdccffff887,0 BNB $0.00,0 . 00118206,,0x06f94a00ab25a808c7588d080cd4cfdccffff887,,,,,,0,,0,0.00,0.00,0.00,658.81,2026-05-21,0,0,0.00,0.00,0,,outflow_from_you
0x464f279da54f27b1cd83d661823fd51521643e72c082461eb9f6ab0e17117b05,https://bscscan.com/tx/0x464f279da54f27b1cd83d661823fd51521643e72c082461eb9f6ab0e17117b05,24074844,2022-12-20 18:43:05,,javascript:;,PancakeSwap: Router v2,https://bscscan.com/address/0x10ed43c718714eb63d5aa57b78b54704e256024e,0 BNB $0.00,0 . 00103379,,0x10ed43c718714eb63d5aa57b78b54704e256024e,,PancakeSwap: Router v2,,PancakeSwap: Router v2,,0,,0,0.00,0.00,0.00,658.81,2026-05-21,0,0,0.00,0.00,0,,outflow_from_you
0x0ff608b48a8e213442ef93dabd4f509f8d505bd7b7cb4234017b36da77dfef52,https://bscscan.com/tx/0x0ff608b48a8e213442ef93dabd4f509f8d505bd7b7cb4234017b36da77dfef52,24074632,2022-12-20 18:32:09,,javascript:;,0x06f94a00...CCFFfF887,https://bscscan.com/address/0x06f94a00ab25a808c7588d080cd4cfdccffff887,0 BNB $0.00,0 . 00147798,,0x06f94a00ab25a808c7588d080cd4cfdccffff887,,,,,,0,,0,0.00,0.00,0.00,658.81,2026-05-21,0,0,0.00,0.00,0,,outflow_from_you
0xc9cebc0aa33114a01d2d011dc796208818527e2c2f99f749fb5f55cbc630e96b,https://bscscan.com/tx/0xc9cebc0aa33114a01d2d011dc796208818527e2c2f99f749fb5f55cbc630e96b,24012924,2022-12-18 14:26:07,,javascript:;,Binance: BUSD Stablecoin,https://bscscan.com/address/0xe9e7cea3dedca5984780bafc599bd69add087d56,0 BNB $0.00,0 . 00010563,,0xe9e7cea3dedca5984780bafc599bd69add087d56,,Binance: BUSD Stablecoin,,Binance: BUSD Stablecoin,,0,,0,0.00,0.00,0.00,658.81,2026-05-21,0,0,0.00,0.00,1,friendly_tag_or_url_contains_binance,outflow_from_you
0xdfa34837e79aa00d9c2be65807b0e1ea7ad39645450f8a0224b0f811244c1847,https://bscscan.com/tx/0xdfa34837e79aa00d9c2be65807b0e1ea7ad39645450f8a0224b0f811244c1847,24012767,2022-12-18 14:18:02,,javascript:;,0x6Eb3326D...f8DAf7fa1,https://bscscan.com/address/0x6eb3326de16da7453955000cbe3023af8daf7fa1,0 BNB $0.00,0 . 00213684,,0x6eb3326de16da7453955000cbe3023af8daf7fa1,,,,,,0,,0,0.00,0.00,0.00,658.81,2026-05-21,0,0,0.00,0.00,0,,outflow_from_you
0xee3ad0d775baec8629077654933152ff20447d215fe6d64c92bd4210e44774c1,https://bscscan.com/tx/0xee3ad0d775baec8629077654933152ff20447d215fe6d64c92bd4210e44774c1,24012710,2022-12-18 14:15:11,,javascript:;,0x18286e60...5B0f327C5,https://bscscan.com/address/0x18286e6091a6f75ab88adb51d48726d5b0f327c5,0 BNB $0.00,0 . 00318332,,0x18286e6091a6f75ab88adb51d48726d5b0f327c5,,,,,,0,,0,0.00,0.00,0.00,658.81,2026-05-21,0,0,0.00,0.00,0,,outflow_from_you
0xfd5a6b6fbbeec60b1e6e11d27bb527c533213af40d32a085c0069212b7feb50a,https://bscscan.com/tx/0xfd5a6b6fbbeec60b1e6e11d27bb527c533213af40d32a085c0069212b7feb50a,24012403,2022-12-18 13:59:50,,javascript:;,0x06f94a00...CCFFfF887,https://bscscan.com/address/0x06f94a00ab25a808c7588d080cd4cfdccffff887,0 BNB $0.00,0 . 00321825,,0x06f94a00ab25a808c7588d080cd4cfdccffff887,,,,,,0,,0,0.00,0.00,0.00,658.81,2026-05-21,0,0,0.00,0.00,0,,outflow_from_you
0xdfd45324f3a03da05e58dabd008681b0d23c861d4c91dbec0299c6581063e571,https://bscscan.com/tx/0xdfd45324f3a03da05e58dabd008681b0d23c861d4c91dbec0299c6581063e571,23993495,2022-12-17 22:08:09,,javascript:;,0x8b206a40...4e0eAF63E,https://bscscan.com/address/0x8b206a405c11664189cec6673bf5a9b4e0eaf63e,0.02 BNB $12.98,0 . 000105,,0x8b206a405c11664189cec6673bf5a9b4e0eaf63e,,,,,,0,,0.02,12.98,13.18,0.20,658.81,2026-05-21,0,0,0.00,0.00,0,,outflow_from_you
0x177b795f22c161d5054906f0fc77a38c560d1b60511dc0a89fcc604221e5b523,https://bscscan.com/tx/0x177b795f22c161d5054906f0fc77a38c560d1b60511dc0a89fcc604221e5b523,23993387,2022-12-17 22:02:45,,javascript:;,Binance: BUSD Stablecoin,https://bscscan.com/address/0xe9e7cea3dedca5984780bafc599bd69add087d56,0 BNB $0.00,0 . 00010569,,0xe9e7cea3dedca5984780bafc599bd69add087d56,,Binance: BUSD Stablecoin,,Binance: BUSD Stablecoin,,0,,0,0.00,0.00,0.00,658.81,2026-05-21,0,0,0.00,0.00,1,friendly_tag_or_url_contains_binance,outflow_from_you
0xea9a027d09892c6dd366680fa0807b3f4261dd4a0baf4d362d862174b974e691,https://bscscan.com/tx/0xea9a027d09892c6dd366680fa0807b3f4261dd4a0baf4d362d862174b974e691,23993270,2022-12-17 21:56:54,,javascript:;,0x06f94a00...CCFFfF887,https://bscscan.com/address/0x06f94a00ab25a808c7588d080cd4cfdccffff887,0 BNB $0.00,0 . 00555474,,0x06f94a00ab25a808c7588d080cd4cfdccffff887,,,,,,0,,0,0.00,0.00,0.00,658.81,2026-05-21,0,0,0.00,0.00,0,,outflow_from_you
0x286bdd0444fe89db2df6259195bf2f28b1fccc43f0e3492b45429e0f6ded52f2,https://bscscan.com/tx/0x286bdd0444fe89db2df6259195bf2f28b1fccc43f0e3492b45429e0f6ded52f2,23993138,2022-12-17 21:50:18,Binance: Withdrawals 2,https://bscscan.com/address/0xdccf3b77da55107280bd850ea519df3705d1a75a,,javascript:;,0.0495 BNB $32.13,0 . 00021,0xdccf3b77da55107280bd850ea519df3705d1a75a,,Binance: Withdrawals 2,,Binance: Withdrawals 2,,,0,,0.0495,32.13,32.61,0.48,658.81,2026-05-21,1,0.0495,32.13,32.61,1,friendly_tag_or_url_contains_binance,inflow_to_you
0xcdc7e7854df67c84fb35387ef490d271125b416a4172ab229a34b16d2d5a73ed,https://bscscan.com/tx/0xcdc7e7854df67c84fb35387ef490d271125b416a4172ab229a34b16d2d5a73ed,23961542,2022-12-16 19:05:56,,javascript:;,Binance: BUSD Stablecoin,https://bscscan.com/address/0xe9e7cea3dedca5984780bafc599bd69add087d56,0 BNB $0.00,0 . 00010569,,0xe9e7cea3dedca5984780bafc599bd69add087d56,,Binance: BUSD Stablecoin,,Binance: BUSD Stablecoin,,0,,0,0.00,0.00,0.00,658.81,2026-05-21,0,0,0.00,0.00,1,friendly_tag_or_url_contains_binance,outflow_from_you
0xdda1ae3199f1c00ca459785a06278e0f6dd9040b23b61b28503da5516f858075,https://bscscan.com/tx/0xdda1ae3199f1c00ca459785a06278e0f6dd9040b23b61b28503da5516f858075,23961500,2022-12-16 19:03:50,,javascript:;,Safuu: SAFUU Token,https://bscscan.com/address/0xe5ba47fd94cb645ba4119222e34fb33f59c7cd90,0 BNB $0.00,0 . 0002221,,0xe5ba47fd94cb645ba4119222e34fb33f59c7cd90,,Safuu: SAFUU Token,,Safuu: SAFUU Token,safuu,1,high,0,0.00,0.00,0.00,658.81,2026-05-21,0,0,0.00,0.00,0,,outflow_from_you
0x657c66f5d285f94dbb40a292728846b79d882213a5fa28672fdc56a7ef15c64e,https://bscscan.com/tx/0x657c66f5d285f94dbb40a292728846b79d882213a5fa28672fdc56a7ef15c64e,23960346,2022-12-16 18:05:06,,javascript:;,0x396407B8...58CbFF9A4,https://bscscan.com/address/0x396407b841dcdda2ae7a97a84df9e3c58cbff9a4,0 BNB $0.00,0 . 00240507,,0x396407b841dcdda2ae7a97a84df9e3c58cbff9a4,,,,,,0,,0,0.00,0.00,0.00,658.81,2026-05-21,0,0,0.00,0.00,0,,outflow_from_you
0xd1bc6b601f84a604ccd573b6bad6b1809ead92f9279e2f2b353e42c86967e746,https://bscscan.com/tx/0xd1bc6b601f84a604ccd573b6bad6b1809ead92f9279e2f2b353e42c86967e746,23960337,2022-12-16 18:04:39,,javascript:;,0xE81A79e9...6b3A0C7E5,https://bscscan.com/address/0xe81a79e9d951759aef3fccef17022276b3a0c7e5,0 BNB $0.00,0 . 00023544,,0xe81a79e9d951759aef3fccef17022276b3a0c7e5,,,,,,0,,0,0.00,0.00,0.00,658.81,2026-05-21,0,0,0.00,0.00,0,,outflow_from_you
0xf313cb46d356bf6e8be4223c49c65869a5031d0d6416f41fb28d99490774499a,https://bscscan.com/tx/0xf313cb46d356bf6e8be4223c49c65869a5031d0d6416f41fb28d99490774499a,23960314,2022-12-16 18:03:30,,javascript:;,PancakeSwap: Router v2,https://bscscan.com/address/0x10ed43c718714eb63d5aa57b78b54704e256024e,0 BNB $0.00,0 . 00142642,,0x10ed43c718714eb63d5aa57b78b54704e256024e,,PancakeSwap: Router v2,,PancakeSwap: Router v2,,0,,0,0.00,0.00,0.00,658.81,2026-05-21,0,0,0.00,0.00,0,,outflow_from_you
0x55fbda3f99b44d87a47c8ffdf5e1f2ef117eaeb13830972f005e001702fcb192,https://bscscan.com/tx/0x55fbda3f99b44d87a47c8ffdf5e1f2ef117eaeb13830972f005e001702fcb192,23959947,2022-12-16 17:44:51,,javascript:;,0x06f94a00...CCFFfF887,https://bscscan.com/address/0x06f94a00ab25a808c7588d080cd4cfdccffff887,0 BNB $0.00,0 . 00570816,,0x06f94a00ab25a808c7588d080cd4cfdccffff887,,,,,,0,,0,0.00,0.00,0.00,658.81,2026-05-21,0,0,0.00,0.00,0,,outflow_from_you
0x2bb86a93231b6a73ca59432613bd1df76cdde07a2c91b4438cb12f4f437cc2c4,https://bscscan.com/tx/0x2bb86a93231b6a73ca59432613bd1df76cdde07a2c91b4438cb12f4f437cc2c4,23932426,2022-12-15 18:24:43,,javascript:;,Binance: BUSD Stablecoin,https://bscscan.com/address/0xe9e7cea3dedca5984780bafc599bd69add087d56,0 BNB $0.00,0 . 00010563,,0xe9e7cea3dedca5984780bafc599bd69add087d56,,Binance: BUSD Stablecoin,,Binance: BUSD Stablecoin,,0,,0,0.00,0.00,0.00,658.81,2026-05-21,0,0,0.00,0.00,1,friendly_tag_or_url_contains_binance,outflow_from_you
0xdfb18cfcc15bcf4c1bfb3d0812ef95f763e3bbe9a134a62d24a57ea7c29b4943,https://bscscan.com/tx/0xdfb18cfcc15bcf4c1bfb3d0812ef95f763e3bbe9a134a62d24a57ea7c29b4943,23932413,2022-12-15 18:24:04,,javascript:;,PancakeSwap: Router v2,https://bscscan.com/address/0x10ed43c718714eb63d5aa57b78b54704e256024e,0 BNB $0.00,0 . 00150142,,0x10ed43c718714eb63d5aa57b78b54704e256024e,,PancakeSwap: Router v2,,PancakeSwap: Router v2,,0,,0,0.00,0.00,0.00,658.81,2026-05-21,0,0,0.00,0.00,0,,outflow_from_you
0x6004e6ad9863ce9fdbad6d08101c995bd455581084a09d579d1d4183698a2020,https://bscscan.com/tx/0x6004e6ad9863ce9fdbad6d08101c995bd455581084a09d579d1d4183698a2020,23932376,2022-12-15 18:22:13,,javascript:;,0x06f94a00...CCFFfF887,https://bscscan.com/address/0x06f94a00ab25a808c7588d080cd4cfdccffff887,0 BNB $0.00,0 . 00563802,,0x06f94a00ab25a808c7588d080cd4cfdccffff887,,,,,,0,,0,0.00,0.00,0.00,658.81,2026-05-21,0,0,0.00,0.00,0,,outflow_from_you
0x9b384ef4aaf146b9858adbec5d6187473218f02a1dd5f06dde72986e68f8d6f0,https://bscscan.com/tx/0x9b384ef4aaf146b9858adbec5d6187473218f02a1dd5f06dde72986e68f8d6f0,23911772,2022-12-15 0:58:00,,javascript:;,0x18286e60...5B0f327C5,https://bscscan.com/address/0x18286e6091a6f75ab88adb51d48726d5b0f327c5,0 BNB $0.00,0 . 00366435,,0x18286e6091a6f75ab88adb51d48726d5b0f327c5,,,,,,0,,0,0.00,0.00,0.00,658.81,2026-05-21,0,0,0.00,0.00,0,,outflow_from_you
0xd6b680ca103e9ad296465d238d8efd4cae0ba66a7738cf992221fbbfd5f51218,https://bscscan.com/tx/0xd6b680ca103e9ad296465d238d8efd4cae0ba66a7738cf992221fbbfd5f51218,23911725,2022-12-15 0:55:39,,javascript:;,Binance: BUSD Stablecoin,https://bscscan.com/address/0xe9e7cea3dedca5984780bafc599bd69add087d56,0 BNB $0.00,0 . 00014553,,0xe9e7cea3dedca5984780bafc599bd69add087d56,,Binance: BUSD Stablecoin,,Binance: BUSD Stablecoin,,0,,0,0.00,0.00,0.00,658.81,2026-05-21,0,0,0.00,0.00,1,friendly_tag_or_url_contains_binance,outflow_from_you
0xf00f2ee056076a3016bba7abaf34b89f2a21ebaed2be62a1da569ba88eece412,https://bscscan.com/tx/0xf00f2ee056076a3016bba7abaf34b89f2a21ebaed2be62a1da569ba88eece412,23911704,2022-12-15 0:54:36,,javascript:;,PancakeSwap: Router v2,https://bscscan.com/address/0x10ed43c718714eb63d5aa57b78b54704e256024e,0 BNB $0.00,0 . 00139425,,0x10ed43c718714eb63d5aa57b78b54704e256024e,,PancakeSwap: Router v2,,PancakeSwap: Router v2,,0,,0,0.00,0.00,0.00,658.81,2026-05-21,0,0,0.00,0.00,0,,outflow_from_you
0xc5e772614c02bbf7e6f52bbb5c71b5965b44b8d64a972cea89f77740e4274ecd,https://bscscan.com/tx/0xc5e772614c02bbf7e6f52bbb5c71b5965b44b8d64a972cea89f77740e4274ecd,23911357,2022-12-15 0:36:40,,javascript:;,0x06f94a00...CCFFfF887,https://bscscan.com/address/0x06f94a00ab25a808c7588d080cd4cfdccffff887,0 BNB $0.00,0 . 00196979,,0x06f94a00ab25a808c7588d080cd4cfdccffff887,,,,,,0,,0,0.00,0.00,0.00,658.81,2026-05-21,0,0,0.00,0.00,0,,outflow_from_you
0x99ae813023ba78ddca856453c33d3dd56e048529dddb13121083b3fa3927ad85,https://bscscan.com/tx/0x99ae813023ba78ddca856453c33d3dd56e048529dddb13121083b3fa3927ad85,23909136,2022-12-14 22:42:40,,javascript:;,0x18286e60...5B0f327C5,https://bscscan.com/address/0x18286e6091a6f75ab88adb51d48726d5b0f327c5,0 BNB $0.00,0 . 00298191,,0x18286e6091a6f75ab88adb51d48726d5b0f327c5,,,,,,0,,0,0.00,0.00,0.00,658.81,2026-05-21,0,0,0.00,0.00,0,,outflow_from_you
0xa14fabdff354d3ca921e8c3f399076fcdcd5e8be0dd62de76e79561d589d6ebc,https://bscscan.com/tx/0xa14fabdff354d3ca921e8c3f399076fcdcd5e8be0dd62de76e79561d589d6ebc,23909106,2022-12-14 22:41:10,,javascript:;,Binance: BUSD Stablecoin,https://bscscan.com/address/0xe9e7cea3dedca5984780bafc599bd69add087d56,0 BNB $0.00,0 . 00014553,,0xe9e7cea3dedca5984780bafc599bd69add087d56,,Binance: BUSD Stablecoin,,Binance: BUSD Stablecoin,,0,,0,0.00,0.00,0.00,658.81,2026-05-21,0,0,0.00,0.00,1,friendly_tag_or_url_contains_binance,outflow_from_you
0x12ba777c5b9eba40d34a43c5a77b071e7b5c9eafd88c9e3ea2c8df58a17cca62,https://bscscan.com/tx/0x12ba777c5b9eba40d34a43c5a77b071e7b5c9eafd88c9e3ea2c8df58a17cca62,23909094,2022-12-14 22:40:34,,javascript:;,Binance: BUSD Stablecoin,https://bscscan.com/address/0xe9e7cea3dedca5984780bafc599bd69add087d56,0 BNB $0.00,0 . 00014553,,0xe9e7cea3dedca5984780bafc599bd69add087d56,,Binance: BUSD Stablecoin,,Binance: BUSD Stablecoin,,0,,0,0.00,0.00,0.00,658.81,2026-05-21,0,0,0.00,0.00,1,friendly_tag_or_url_contains_binance,outflow_from_you
0x166f5bf9213cda4fe0ed1009ce4cabf0eb2d6166c1543cc21102eb81a800376c,https://bscscan.com/tx/0x166f5bf9213cda4fe0ed1009ce4cabf0eb2d6166c1543cc21102eb81a800376c,23909049,2022-12-14 22:38:19,,javascript:;,Binance: BUSD Stablecoin,https://bscscan.com/address/0xe9e7cea3dedca5984780bafc599bd69add087d56,0 BNB $0.00,0 . 00018051,,0xe9e7cea3dedca5984780bafc599bd69add087d56,,Binance: BUSD Stablecoin,,Binance: BUSD Stablecoin,,0,,0,0.00,0.00,0.00,658.81,2026-05-21,0,0,0.00,0.00,1,friendly_tag_or_url_contains_binance,outflow_from_you
0x1c6e385a248843851ee2870da32e3a693452589d238979f449a8f7f51e33b5f2,https://bscscan.com/tx/0x1c6e385a248843851ee2870da32e3a693452589d238979f449a8f7f51e33b5f2,23909017,2022-12-14 22:36:43,,javascript:;,0xb34DA672...A36f59F6f,https://bscscan.com/address/0xb34da672837afe372ecef419b25a357a36f59f6f,0 BNB $0.00,0 . 00099043,,0xb34da672837afe372ecef419b25a357a36f59f6f,,,,,,0,,0,0.00,0.00,0.00,658.81,2026-05-21,0,0,0.00,0.00,0,,outflow_from_you
0xfd0b04d0cd7dfc3b1282b78ff5dfa7ee3514800611a6e77a8c68e63c374a5dc6,https://bscscan.com/tx/0xfd0b04d0cd7dfc3b1282b78ff5dfa7ee3514800611a6e77a8c68e63c374a5dc6,23908661,2022-12-14 22:18:55,,javascript:;,0x18286e60...5B0f327C5,https://bscscan.com/address/0x18286e6091a6f75ab88adb51d48726d5b0f327c5,0 BNB $0.00,0 . 00303851,,0x18286e6091a6f75ab88adb51d48726d5b0f327c5,,,,,,0,,0,0.00,0.00,0.00,658.81,2026-05-21,0,0,0.00,0.00,0,,outflow_from_you
0x1ad3524d8b7b7e81b21444eb23b533bea41f24c867b3a178a482a64d865a7558,https://bscscan.com/tx/0x1ad3524d8b7b7e81b21444eb23b533bea41f24c867b3a178a482a64d865a7558,23908643,2022-12-14 22:18:01,,javascript:;,PancakeSwap: Router v2,https://bscscan.com/address/0x10ed43c718714eb63d5aa57b78b54704e256024e,0 BNB $0.00,0 . 00131925,,0x10ed43c718714eb63d5aa57b78b54704e256024e,,PancakeSwap: Router v2,,PancakeSwap: Router v2,,0,,0,0.00,0.00,0.00,658.81,2026-05-21,0,0,0.00,0.00,0,,outflow_from_you
0x8084a31cadf74d44dccd2c96daf5114d4e91516ae3ee3b67151f32c32168a5ac,https://bscscan.com/tx/0x8084a31cadf74d44dccd2c96daf5114d4e91516ae3ee3b67151f32c32168a5ac,23908590,2022-12-14 22:15:22,,javascript:;,Binance: BUSD Stablecoin,https://bscscan.com/address/0xe9e7cea3dedca5984780bafc599bd69add087d56,0 BNB $0.00,0 . 00022059,,0xe9e7cea3dedca5984780bafc599bd69add087d56,,Binance: BUSD Stablecoin,,Binance: BUSD Stablecoin,,0,,0,0.00,0.00,0.00,658.81,2026-05-21,0,0,0.00,0.00,1,friendly_tag_or_url_contains_binance,outflow_from_you
0x80a98f20037115b031350f5c8d1ed79c71f7543d5e09f31c6cb1122759a129f4,https://bscscan.com/tx/0x80a98f20037115b031350f5c8d1ed79c71f7543d5e09f31c6cb1122759a129f4,23908564,2022-12-14 22:14:04,,javascript:;,PancakeSwap: Router v2,https://bscscan.com/address/0x10ed43c718714eb63d5aa57b78b54704e256024e,0 BNB $0.00,0 . 00121099,,0x10ed43c718714eb63d5aa57b78b54704e256024e,,PancakeSwap: Router v2,,PancakeSwap: Router v2,,0,,0,0.00,0.00,0.00,658.81,2026-05-21,0,0,0.00,0.00,0,,outflow_from_you
0xe9135a9c501e2aebe988e5a948240e113d54a1cf3537ea7ab9a30f6c45345455,https://bscscan.com/tx/0xe9135a9c501e2aebe988e5a948240e113d54a1cf3537ea7ab9a30f6c45345455,23908185,2022-12-14 21:55:01,,javascript:;,0xb34DA672...A36f59F6f,https://bscscan.com/address/0xb34da672837afe372ecef419b25a357a36f59f6f,0 BNB $0.00,0 . 00128256,,0xb34da672837afe372ecef419b25a357a36f59f6f,,,,,,0,,0,0.00,0.00,0.00,658.81,2026-05-21,0,0,0.00,0.00,0,,outflow_from_you
0x6d81752b7fe8a7463838dddc1fe5e591479b444fbe5d6f771290c0b55cbaf346,https://bscscan.com/tx/0x6d81752b7fe8a7463838dddc1fe5e591479b444fbe5d6f771290c0b55cbaf346,23908151,2022-12-14 21:53:19,,javascript:;,Metamask: Swap Router,https://bscscan.com/address/0x1a1ec25dc08e98e5e93f1104b5e5cdd298707d31,0 BNB $0.00,0 . 00097597,,0x1a1ec25dc08e98e5e93f1104b5e5cdd298707d31,,Metamask: Swap Router,,Metamask: Swap Router,,0,,0,0.00,0.00,0.00,658.81,2026-05-21,0,0,0.00,0.00,0,,outflow_from_you
0x64b02baa52ccbe06cff4b2a6d75066ff85a464ae05984f3fe5bfbc50c087801d,https://bscscan.com/tx/0x64b02baa52ccbe06cff4b2a6d75066ff85a464ae05984f3fe5bfbc50c087801d,23908112,2022-12-14 21:51:22,,javascript:;,0x8f0E57e9...7c22d338C,https://bscscan.com/address/0x8f0e57e961b6b3c767f01a9d045c7457c22d338c,0 BNB $0.00,0 . 00033844,,0x8f0e57e961b6b3c767f01a9d045c7457c22d338c,,,,,,0,,0,0.00,0.00,0.00,658.81,2026-05-21,0,0,0.00,0.00,0,,outflow_from_you
0x8fe2bfe63166de9c022b0fbb2f3f9aae2e22dd7bfd9a82f2ffba975a9f46ea38,https://bscscan.com/tx/0x8fe2bfe63166de9c022b0fbb2f3f9aae2e22dd7bfd9a82f2ffba975a9f46ea38,23908096,2022-12-14 21:50:34,,javascript:;,0x8f0E57e9...7c22d338C,https://bscscan.com/address/0x8f0e57e961b6b3c767f01a9d045c7457c22d338c,0 BNB $0.00,0 . 00014383,,0x8f0e57e961b6b3c767f01a9d045c7457c22d338c,,,,,,0,,0,0.00,0.00,0.00,658.81,2026-05-21,0,0,0.00,0.00,0,,outflow_from_you
0x9b8113d5eb2374ee0177040b37279f745f8185afc9ff3ab9395f2959dd671489,https://bscscan.com/tx/0x9b8113d5eb2374ee0177040b37279f745f8185afc9ff3ab9395f2959dd671489,23908040,2022-12-14 21:47:46,,javascript:;,0x77fCC833...183424867,https://bscscan.com/address/0x77fcc833fbb6e1e39262b817466041c183424867,0 BNB $0.00,0 . 00049656,,0x77fcc833fbb6e1e39262b817466041c183424867,,,,,,0,,0,0.00,0.00,0.00,658.81,2026-05-21,0,0,0.00,0.00,0,,outflow_from_you
0xd93a24b3f4dbfcb50d452290865d1f7f90d2afa398a819e4683906c2fda7cd10,https://bscscan.com/tx/0xd93a24b3f4dbfcb50d452290865d1f7f90d2afa398a819e4683906c2fda7cd10,23908027,2022-12-14 21:47:07,,javascript:;,0x8f0E57e9...7c22d338C,https://bscscan.com/address/0x8f0e57e961b6b3c767f01a9d045c7457c22d338c,0 BNB $0.00,0 . 00027424,,0x8f0e57e961b6b3c767f01a9d045c7457c22d338c,,,,,,0,,0,0.00,0.00,0.00,658.81,2026-05-21,0,0,0.00,0.00,0,,outflow_from_you
0xfe13cedd19cfbec6347e1adf04b804e1a210f916c113e65835927b8f48e8ccba,https://bscscan.com/tx/0xfe13cedd19cfbec6347e1adf04b804e1a210f916c113e65835927b8f48e8ccba,23891775,2022-12-14 8:03:25,,javascript:;,0x18286e60...5B0f327C5,https://bscscan.com/address/0x18286e6091a6f75ab88adb51d48726d5b0f327c5,0 BNB $0.00,0 . 00290691,,0x18286e6091a6f75ab88adb51d48726d5b0f327c5,,,,,,0,,0,0.00,0.00,0.00,658.81,2026-05-21,0,0,0.00,0.00,0,,outflow_from_you
0xa132dc3ceb39445d5cddcca23355b7b9767166f8fae7081bca69146193f0318b,https://bscscan.com/tx/0xa132dc3ceb39445d5cddcca23355b7b9767166f8fae7081bca69146193f0318b,23891747,2022-12-14 8:02:01,,javascript:;,0x18286e60...5B0f327C5,https://bscscan.com/address/0x18286e6091a6f75ab88adb51d48726d5b0f327c5,0 BNB $0.00,0 . 00298213,,0x18286e6091a6f75ab88adb51d48726d5b0f327c5,,,,,,0,,0,0.00,0.00,0.00,658.81,2026-05-21,0,0,0.00,0.00,0,,outflow_from_you
0xe35dd7db6a8aaa0b8af4092f0aa84828dd2346bcfd88fefa74d387a620374e01,https://bscscan.com/tx/0xe35dd7db6a8aaa0b8af4092f0aa84828dd2346bcfd88fefa74d387a620374e01,23891736,2022-12-14 8:01:28,,javascript:;,Binance: BUSD Stablecoin,https://bscscan.com/address/0xe9e7cea3dedca5984780bafc599bd69add087d56,0 BNB $0.00,0 . 00014553,,0xe9e7cea3dedca5984780bafc599bd69add087d56,,Binance: BUSD Stablecoin,,Binance: BUSD Stablecoin,,0,,0,0.00,0.00,0.00,658.81,2026-05-21,0,0,0.00,0.00,1,friendly_tag_or_url_contains_binance,outflow_from_you
0xd3fe5355f1a7eecdb93621360612873b4d89819b183f6593618d6dc63763ade0,https://bscscan.com/tx/0xd3fe5355f1a7eecdb93621360612873b4d89819b183f6593618d6dc63763ade0,23891708,2022-12-14 8:00:04,,javascript:;,0xb34DA672...A36f59F6f,https://bscscan.com/address/0xb34da672837afe372ecef419b25a357a36f59f6f,0 BNB $0.00,0 . 00099037,,0xb34da672837afe372ecef419b25a357a36f59f6f,,,,,,0,,0,0.00,0.00,0.00,658.81,2026-05-21,0,0,0.00,0.00,0,,outflow_from_you
0x17c70832733d54bf855d2ccf68a3d3a952637481129d33cd7fc16092b6a7d887,https://bscscan.com/tx/0x17c70832733d54bf855d2ccf68a3d3a952637481129d33cd7fc16092b6a7d887,23891247,2022-12-14 7:37:01,,javascript:;,PancakeSwap: Router v2,https://bscscan.com/address/0x10ed43c718714eb63d5aa57b78b54704e256024e,0 BNB $0.00,0 . 00123234,,0x10ed43c718714eb63d5aa57b78b54704e256024e,,PancakeSwap: Router v2,,PancakeSwap: Router v2,,0,,0,0.00,0.00,0.00,658.81,2026-05-21,0,0,0.00,0.00,0,,outflow_from_you
0xa21cef96a0068e5287e3d34643290cb403a2bb6ef052f77ae17d258aeee69ea3,https://bscscan.com/tx/0xa21cef96a0068e5287e3d34643290cb403a2bb6ef052f77ae17d258aeee69ea3,23891214,2022-12-14 7:35:22,,javascript:;,0x06f94a00...CCFFfF887,https://bscscan.com/address/0x06f94a00ab25a808c7588d080cd4cfdccffff887,0 BNB $0.00,0 . 00321022,,0x06f94a00ab25a808c7588d080cd4cfdccffff887,,,,,,0,,0,0.00,0.00,0.00,658.81,2026-05-21,0,0,0.00,0.00,0,,outflow_from_you
0x706d0a1ac62b8eeb149f36d9ea678740d2d5b15c9ae7e0b3afdf53cf6dba29cf,https://bscscan.com/tx/0x706d0a1ac62b8eeb149f36d9ea678740d2d5b15c9ae7e0b3afdf53cf6dba29cf,23853409,2022-12-12 23:14:08,,javascript:;,Binance: BUSD Stablecoin,https://bscscan.com/address/0xe9e7cea3dedca5984780bafc599bd69add087d56,0 BNB $0.00,0 . 00018057,,0xe9e7cea3dedca5984780bafc599bd69add087d56,,Binance: BUSD Stablecoin,,Binance: BUSD Stablecoin,,0,,0,0.00,0.00,0.00,658.81,2026-05-21,0,0,0.00,0.00,1,friendly_tag_or_url_contains_binance,outflow_from_you
0x5cb853878693e5474507b13bf679c38a3bd4984a246626e6441a5228ccb89a10,https://bscscan.com/tx/0x5cb853878693e5474507b13bf679c38a3bd4984a246626e6441a5228ccb89a10,23853128,2022-12-12 22:59:35,,javascript:;,0x18286e60...5B0f327C5,https://bscscan.com/address/0x18286e6091a6f75ab88adb51d48726d5b0f327c5,0 BNB $0.00,0 . 00420794,,0x18286e6091a6f75ab88adb51d48726d5b0f327c5,,,,,,0,,0,0.00,0.00,0.00,658.81,2026-05-21,0,0,0.00,0.00,0,,outflow_from_you
0x96d4538f1e943dd836160add64437f348fdb1bb86980fdd21e9e3320b9a30eab,https://bscscan.com/tx/0x96d4538f1e943dd836160add64437f348fdb1bb86980fdd21e9e3320b9a30eab,23853054,2022-12-12 22:55:24,,javascript:;,Metamask: Swap Router,https://bscscan.com/address/0x1a1ec25dc08e98e5e93f1104b5e5cdd298707d31,0 BNB $0.00,0 . 00097603,,0x1a1ec25dc08e98e5e93f1104b5e5cdd298707d31,,Metamask: Swap Router,,Metamask: Swap Router,,0,,0,0.00,0.00,0.00,658.81,2026-05-21,0,0,0.00,0.00,0,,outflow_from_you
0xb848ca0f2532790dcaa1447a69204c2fb52290a7b9c95b77c94758339fe5bca8,https://bscscan.com/tx/0xb848ca0f2532790dcaa1447a69204c2fb52290a7b9c95b77c94758339fe5bca8,23853027,2022-12-12 22:54:03,,javascript:;,Binance: BUSD Stablecoin,https://bscscan.com/address/0xe9e7cea3dedca5984780bafc599bd69add087d56,0 BNB $0.00,0 . 00014553,,0xe9e7cea3dedca5984780bafc599bd69add087d56,,Binance: BUSD Stablecoin,,Binance: BUSD Stablecoin,,0,,0,0.00,0.00,0.00,658.81,2026-05-21,0,0,0.00,0.00,1,friendly_tag_or_url_contains_binance,outflow_from_you
0xe1c308c5ad2565b74efd0b800b55c226fb83b805d28ef64cf2aa003c7d8ba8c3,https://bscscan.com/tx/0xe1c308c5ad2565b74efd0b800b55c226fb83b805d28ef64cf2aa003c7d8ba8c3,23850294,2022-12-12 20:34:49,,javascript:;,PancakeSwap: Router v2,https://bscscan.com/address/0x10ed43c718714eb63d5aa57b78b54704e256024e,0 BNB $0.00,0 . 00100734,,0x10ed43c718714eb63d5aa57b78b54704e256024e,,PancakeSwap: Router v2,,PancakeSwap: Router v2,,0,,0,0.00,0.00,0.00,658.81,2026-05-21,0,0,0.00,0.00,0,,outflow_from_you
0xfa4eda20a1e646a63bf1806215a16b8e358c518b2122df0be8bd9e1646b9a95d,https://bscscan.com/tx/0xfa4eda20a1e646a63bf1806215a16b8e358c518b2122df0be8bd9e1646b9a95d,23850181,2022-12-12 20:29:10,,javascript:;,0x06f94a00...CCFFfF887,https://bscscan.com/address/0x06f94a00ab25a808c7588d080cd4cfdccffff887,0 BNB $0.00,0 . 00329944,,0x06f94a00ab25a808c7588d080cd4cfdccffff887,,,,,,0,,0,0.00,0.00,0.00,658.81,2026-05-21,0,0,0.00,0.00,0,,outflow_from_you
0x2e7b29f5acf9c157c0fdbd21d6b0570a8d37c2921e90979993716f8202ce514e,https://bscscan.com/tx/0x2e7b29f5acf9c157c0fdbd21d6b0570a8d37c2921e90979993716f8202ce514e,23818625,2022-12-11 17:32:05,,javascript:;,BUSD-T Stablecoin,https://bscscan.com/address/0x55d398326f99059ff775485246999027b3197955,0 BNB $0.00,0 . 00018063,,0x55d398326f99059ff775485246999027b3197955,,BUSD-T Stablecoin,,BUSD-T Stablecoin,,0,,0,0.00,0.00,0.00,658.81,2026-05-21,0,0,0.00,0.00,0,,outflow_from_you
0xd91b48a246f759e50e5764beabd6759b6dfbede6f2edac8177666c2023cfe78f,https://bscscan.com/tx/0xd91b48a246f759e50e5764beabd6759b6dfbede6f2edac8177666c2023cfe78f,23818605,2022-12-11 17:31:05,,javascript:;,Metamask: Swap Router,https://bscscan.com/address/0x1a1ec25dc08e98e5e93f1104b5e5cdd298707d31,0 BNB $0.00,0 . 0009605,,0x1a1ec25dc08e98e5e93f1104b5e5cdd298707d31,,Metamask: Swap Router,,Metamask: Swap Router,,0,,0,0.00,0.00,0.00,658.81,2026-05-21,0,0,0.00,0.00,0,,outflow_from_you
0x722105f7407755dbc52b638fab7e9f46c68885d1096c89024b70686a80526b41,https://bscscan.com/tx/0x722105f7407755dbc52b638fab7e9f46c68885d1096c89024b70686a80526b41,23817591,2022-12-11 16:40:02,,javascript:;,Binance: BUSD Stablecoin,https://bscscan.com/address/0xe9e7cea3dedca5984780bafc599bd69add087d56,0 BNB $0.00,0 . 00018057,,0xe9e7cea3dedca5984780bafc599bd69add087d56,,Binance: BUSD Stablecoin,,Binance: BUSD Stablecoin,,0,,0,0.00,0.00,0.00,658.81,2026-05-21,0,0,0.00,0.00,1,friendly_tag_or_url_contains_binance,outflow_from_you
0xf13140e8912fc6f64c8ea4ed60e647691baa6ca2b2e6246e10a748f805021849,https://bscscan.com/tx/0xf13140e8912fc6f64c8ea4ed60e647691baa6ca2b2e6246e10a748f805021849,23817555,2022-12-11 16:38:14,,javascript:;,PancakeSwap: Router v2,https://bscscan.com/address/0x10ed43c718714eb63d5aa57b78b54704e256024e,0 BNB $0.00,0 . 00104456,,0x10ed43c718714eb63d5aa57b78b54704e256024e,,PancakeSwap: Router v2,,PancakeSwap: Router v2,,0,,0,0.00,0.00,0.00,658.81,2026-05-21,0,0,0.00,0.00,0,,outflow_from_you
0x6e74189a4b14aeae14e15e847522ffe170319d1e0af2d9a532da64b18cc0dbcf,https://bscscan.com/tx/0x6e74189a4b14aeae14e15e847522ffe170319d1e0af2d9a532da64b18cc0dbcf,23807744,2022-12-11 8:13:48,,javascript:;,0x06f94a00...CCFFfF887,https://bscscan.com/address/0x06f94a00ab25a808c7588d080cd4cfdccffff887,0 BNB $0.00,0 . 00329885,,0x06f94a00ab25a808c7588d080cd4cfdccffff887,,,,,,0,,0,0.00,0.00,0.00,658.81,2026-05-21,0,0,0.00,0.00,0,,outflow_from_you
0xa497e8507cdd4af6cc0e0d0cea3323cc27b0951bf13d2889f95cfbdb64273e8f,https://bscscan.com/tx/0xa497e8507cdd4af6cc0e0d0cea3323cc27b0951bf13d2889f95cfbdb64273e8f,23794902,2022-12-10 21:18:34,,javascript:;,0x77fCC833...183424867,https://bscscan.com/address/0x77fcc833fbb6e1e39262b817466041c183424867,0 BNB $0.00,0 . 00066382,,0x77fcc833fbb6e1e39262b817466041c183424867,,,,,,0,,0,0.00,0.00,0.00,658.81,2026-05-21,0,0,0.00,0.00,0,,outflow_from_you
0x1c3c7cb0d9e4e98f6bb4fb87692f5210ffbd831b4ecd0a6b1eef79418b130220,https://bscscan.com/tx/0x1c3c7cb0d9e4e98f6bb4fb87692f5210ffbd831b4ecd0a6b1eef79418b130220,23794893,2022-12-10 21:18:07,,javascript:;,0x62529D7d...81DE47f0E,https://bscscan.com/address/0x62529d7de8293217c8f74d60c8c0f6481de47f0e,0 BNB $0.00,0 . 00022225,,0x62529d7de8293217c8f74d60c8c0f6481de47f0e,,,,,,0,,0,0.00,0.00,0.00,658.81,2026-05-21,0,0,0.00,0.00,0,,outflow_from_you
0xdc921f1b3d25aaf4dcfb2b43c0c8bb1ba4e3d37952b242a6820f0178677b87de,https://bscscan.com/tx/0xdc921f1b3d25aaf4dcfb2b43c0c8bb1ba4e3d37952b242a6820f0178677b87de,23794838,2022-12-10 21:15:01,,javascript:;,0x8f0E57e9...7c22d338C,https://bscscan.com/address/0x8f0e57e961b6b3c767f01a9d045c7457c22d338c,0 BNB $0.00,0 . 00050397,,0x8f0e57e961b6b3c767f01a9d045c7457c22d338c,,,,,,0,,0,0.00,0.00,0.00,658.81,2026-05-21,0,0,0.00,0.00,0,,outflow_from_you
0x334c8d5021f6e0925d73336efc4672425b8252ec32d39cbadc7304351c92a859,https://bscscan.com/tx/0x334c8d5021f6e0925d73336efc4672425b8252ec32d39cbadc7304351c92a859,23794823,2022-12-10 21:14:13,,javascript:;,0x9d023385...adab350Bb,https://bscscan.com/address/0x9d0233857a7f75089924ff27e7cc554adab350bb,0 BNB $0.00,0 . 00022228,,0x9d0233857a7f75089924ff27e7cc554adab350bb,,,,,,0,,0,0.00,0.00,0.00,658.81,2026-05-21,0,0,0.00,0.00,0,,outflow_from_you
0x62c1ee174c654df8847652e9fa910cff53a07e254bc8dc634b22184ec3ccb165,https://bscscan.com/tx/0x62c1ee174c654df8847652e9fa910cff53a07e254bc8dc634b22184ec3ccb165,23794813,2022-12-10 21:13:42,,javascript:;,0xb34DA672...A36f59F6f,https://bscscan.com/address/0xb34da672837afe372ecef419b25a357a36f59f6f,0 BNB $0.00,0 . 00140593,,0xb34da672837afe372ecef419b25a357a36f59f6f,,,,,,0,,0,0.00,0.00,0.00,658.81,2026-05-21,0,0,0.00,0.00,0,,outflow_from_you
0x51f717ec636816d68c4eea588f5bf09e38cb267861022add65f0ab29513e846f,https://bscscan.com/tx/0x51f717ec636816d68c4eea588f5bf09e38cb267861022add65f0ab29513e846f,23794808,2022-12-10 21:13:19,,javascript:;,Binance: BUSD Stablecoin,https://bscscan.com/address/0xe9e7cea3dedca5984780bafc599bd69add087d56,0 BNB $0.00,0 . 00022203,,0xe9e7cea3dedca5984780bafc599bd69add087d56,,Binance: BUSD Stablecoin,,Binance: BUSD Stablecoin,,0,,0,0.00,0.00,0.00,658.81,2026-05-21,0,0,0.00,0.00,1,friendly_tag_or_url_contains_binance,outflow_from_you
0xb97217a6d9a2dab14f722712eb943bf658099da0558bb073b60c4fca53c51244,https://bscscan.com/tx/0xb97217a6d9a2dab14f722712eb943bf658099da0558bb073b60c4fca53c51244,23794279,2022-12-10 20:46:51,,javascript:;,Metamask: Swap Router,https://bscscan.com/address/0x1a1ec25dc08e98e5e93f1104b5e5cdd298707d31,1.19 BNB $772.48,0 . 0009946,,0x1a1ec25dc08e98e5e93f1104b5e5cdd298707d31,,Metamask: Swap Router,,Metamask: Swap Router,,0,,1.19,772.48,783.98,11.50,658.81,2026-05-21,0,0,0.00,0.00,0,,outflow_from_you
0xf2dff715e6f0397dc96c16f12ac3324bc919568a13e53179b244708f2588ac9d,https://bscscan.com/tx/0xf2dff715e6f0397dc96c16f12ac3324bc919568a13e53179b244708f2588ac9d,23794089,2022-12-10 20:37:08,,javascript:;,0xb34DA672...A36f59F6f,https://bscscan.com/address/0xb34da672837afe372ecef419b25a357a36f59f6f,0 BNB $0.00,0 . 00130104,,0xb34da672837afe372ecef419b25a357a36f59f6f,,,,,,0,,0,0.00,0.00,0.00,658.81,2026-05-21,0,0,0.00,0.00,0,,outflow_from_you
0xb1cb3e500034d8eb43c96f3129dcc7cbc30030e30ac32b72e27e3fa0acf194fc,https://bscscan.com/tx/0xb1cb3e500034d8eb43c96f3129dcc7cbc30030e30ac32b72e27e3fa0acf194fc,23793108,2022-12-10 19:48:00,,javascript:;,0xB6934215...68B6A3182,https://bscscan.com/address/0xb6934215b856b03430fc8dc058bd1c668b6a3182,0.1 BNB $64.91,0 . 000105,,0xb6934215b856b03430fc8dc058bd1c668b6a3182,,,,,,0,,0.1,64.91,65.88,0.97,658.81,2026-05-21,0,0,0.00,0.00,1,user_binance_address_match,outflow_from_you
0x37b705bf50bdcaee2dbb870978de5d792dfd01c0b3715c53f242dcb399a112d3,https://bscscan.com/tx/0x37b705bf50bdcaee2dbb870978de5d792dfd01c0b3715c53f242dcb399a112d3,23792881,2022-12-10 19:36:03,,javascript:;,0xb34DA672...A36f59F6f,https://bscscan.com/address/0xb34da672837afe372ecef419b25a357a36f59f6f,1 BNB $649.14,0 . 00133942,,0xb34da672837afe372ecef419b25a357a36f59f6f,,,,,,0,,1,649.14,658.81,9.67,658.81,2026-05-21,0,0,0.00,0.00,0,,outflow_from_you
0x99aca6ba1455df49654d3fdd2542b1d31277e15bb671b717efc59c85152a7caf,https://bscscan.com/tx/0x99aca6ba1455df49654d3fdd2542b1d31277e15bb671b717efc59c85152a7caf,23792848,2022-12-10 19:34:24,,javascript:;,0xb34DA672...A36f59F6f,https://bscscan.com/address/0xb34da672837afe372ecef419b25a357a36f59f6f,0 BNB $0.00,0 . 00129858,,0xb34da672837afe372ecef419b25a357a36f59f6f,,,,,,0,,0,0.00,0.00,0.00,658.81,2026-05-21,0,0,0.00,0.00,0,,outflow_from_you
0x81bbe7d0453e7e00932c383ab08f44f173c5cd3eaf52c8574875a2e5557f03c2,https://bscscan.com/tx/0x81bbe7d0453e7e00932c383ab08f44f173c5cd3eaf52c8574875a2e5557f03c2,23792620,2022-12-10 19:22:59,,javascript:;,0xb34DA672...A36f59F6f,https://bscscan.com/address/0xb34da672837afe372ecef419b25a357a36f59f6f,0.086463486 BNB $56.13,0 . 00133948,,0xb34da672837afe372ecef419b25a357a36f59f6f,,,,,,0,,0.086463486,56.13,56.96,0.83,658.81,2026-05-21,0,0,0.00,0.00,0,,outflow_from_you
0x3c7917c241bf14a9ffbceeb07649e438a6bffbdd01895ea560ed2a9c9a2f688e,https://bscscan.com/tx/0x3c7917c241bf14a9ffbceeb07649e438a6bffbdd01895ea560ed2a9c9a2f688e,23792599,2022-12-10 19:21:56,,javascript:;,0xb34DA672...A36f59F6f,https://bscscan.com/address/0xb34da672837afe372ecef419b25a357a36f59f6f,0 BNB $0.00,0 . 00137598,,0xb34da672837afe372ecef419b25a357a36f59f6f,,,,,,0,,0,0.00,0.00,0.00,658.81,2026-05-21,0,0,0.00,0.00,0,,outflow_from_you
0x051d73c7a6ce9238a9212f2d6518258da51f7fc36aeda8e6c513fbd55ad88a9e,https://bscscan.com/tx/0x051d73c7a6ce9238a9212f2d6518258da51f7fc36aeda8e6c513fbd55ad88a9e,23791110,2022-12-10 18:05:57,,javascript:;,0xb34DA672...A36f59F6f,https://bscscan.com/address/0xb34da672837afe372ecef419b25a357a36f59f6f,1.38 BNB $895.81,0 . 00133942,,0xb34da672837afe372ecef419b25a357a36f59f6f,,,,,,0,,1.38,895.81,909.16,13.35,658.81,2026-05-21,0,0,0.00,0.00,0,,outflow_from_you
0x2afbeeb9e717bd8174fecbd163a2800ac5f174ac9697163e9c82d4e76e79a3e8,https://bscscan.com/tx/0x2afbeeb9e717bd8174fecbd163a2800ac5f174ac9697163e9c82d4e76e79a3e8,23791084,2022-12-10 18:04:39,,javascript:;,0x62529D7d...81DE47f0E,https://bscscan.com/address/0x62529d7de8293217c8f74d60c8c0f6481de47f0e,0 BNB $0.00,0 . 00022225,,0x62529d7de8293217c8f74d60c8c0f6481de47f0e,,,,,,0,,0,0.00,0.00,0.00,658.81,2026-05-21,0,0,0.00,0.00,0,,outflow_from_you
0x290ff82a88566f29e376b831b532c77a6a0dc23af909fd89a665a731849a0dba,https://bscscan.com/tx/0x290ff82a88566f29e376b831b532c77a6a0dc23af909fd89a665a731849a0dba,23791063,2022-12-10 18:03:36,,javascript:;,Metamask: Swap Router,https://bscscan.com/address/0x1a1ec25dc08e98e5e93f1104b5e5cdd298707d31,0 BNB $0.00,0 . 00091389,,0x1a1ec25dc08e98e5e93f1104b5e5cdd298707d31,,Metamask: Swap Router,,Metamask: Swap Router,,0,,0,0.00,0.00,0.00,658.81,2026-05-21,0,0,0.00,0.00,0,,outflow_from_you
0x2e0a4bfbde018f2ee49f55910ca524cc1029f617f0b5436acd67e1d05f25fcce,https://bscscan.com/tx/0x2e0a4bfbde018f2ee49f55910ca524cc1029f617f0b5436acd67e1d05f25fcce,23791062,2022-12-10 18:03:33,,javascript:;,Binance: BUSD Stablecoin,https://bscscan.com/address/0xe9e7cea3dedca5984780bafc599bd69add087d56,0 BNB $0.00,0 . 00022203,,0xe9e7cea3dedca5984780bafc599bd69add087d56,,Binance: BUSD Stablecoin,,Binance: BUSD Stablecoin,,0,,0,0.00,0.00,0.00,658.81,2026-05-21,0,0,0.00,0.00,1,friendly_tag_or_url_contains_binance,outflow_from_you
0x8f86311bd754dc0556e09c8f020816c88b4f41ef3847aa334797407ee3a083da,https://bscscan.com/tx/0x8f86311bd754dc0556e09c8f020816c88b4f41ef3847aa334797407ee3a083da,23790901,2022-12-10 17:55:30,,javascript:;,PancakeSwap: Router v2,https://bscscan.com/address/0x10ed43c718714eb63d5aa57b78b54704e256024e,0 BNB $0.00,0 . 00088265,,0x10ed43c718714eb63d5aa57b78b54704e256024e,,PancakeSwap: Router v2,,PancakeSwap: Router v2,,0,,0,0.00,0.00,0.00,658.81,2026-05-21,0,0,0.00,0.00,0,,outflow_from_you
0x1a3b95cfcba572bf880d4cc5f04eba65a08e101b6b907b7ae74ec8a8013629e3,https://bscscan.com/tx/0x1a3b95cfcba572bf880d4cc5f04eba65a08e101b6b907b7ae74ec8a8013629e3,23790559,2022-12-10 17:38:08,,javascript:;,0xE81A79e9...6b3A0C7E5,https://bscscan.com/address/0xe81a79e9d951759aef3fccef17022276b3a0c7e5,0 BNB $0.00,0 . 00023697,,0xe81a79e9d951759aef3fccef17022276b3a0c7e5,,,,,,0,,0,0.00,0.00,0.00,658.81,2026-05-21,0,0,0.00,0.00,0,,outflow_from_you
0x717fa0f9d429a807bfbd7da84716b1a5529c204058164e02d1c2afa15a94b2ba,https://bscscan.com/tx/0x717fa0f9d429a807bfbd7da84716b1a5529c204058164e02d1c2afa15a94b2ba,23790439,2022-12-10 17:31:55,,javascript:;,0x06f94a00...CCFFfF887,https://bscscan.com/address/0x06f94a00ab25a808c7588d080cd4cfdccffff887,0 BNB $0.00,0 . 00368941,,0x06f94a00ab25a808c7588d080cd4cfdccffff887,,,,,,0,,0,0.00,0.00,0.00,658.81,2026-05-21,0,0,0.00,0.00,0,,outflow_from_you
0x7611ac7f8e28c50ef2b5c09205d626c0679894eeac02ffae8e60461688d4198f,https://bscscan.com/tx/0x7611ac7f8e28c50ef2b5c09205d626c0679894eeac02ffae8e60461688d4198f,23767191,2022-12-09 21:44:32,,javascript:;,0x06f94a00...CCFFfF887,https://bscscan.com/address/0x06f94a00ab25a808c7588d080cd4cfdccffff887,0 BNB $0.00,0 . 00538815,,0x06f94a00ab25a808c7588d080cd4cfdccffff887,,,,,,0,,0,0.00,0.00,0.00,658.81,2026-05-21,0,0,0.00,0.00,0,,outflow_from_you
0x658a98c536e31ffeb17e99b49f97e7bb128d3844ec66ccec0a2dbf0e8da361da,https://bscscan.com/tx/0x658a98c536e31ffeb17e99b49f97e7bb128d3844ec66ccec0a2dbf0e8da361da,23754314,2022-12-09 10:47:13,,javascript:;,0x06f94a00...CCFFfF887,https://bscscan.com/address/0x06f94a00ab25a808c7588d080cd4cfdccffff887,0 BNB $0.00,0 . 00360735,,0x06f94a00ab25a808c7588d080cd4cfdccffff887,,,,,,0,,0,0.00,0.00,0.00,658.81,2026-05-21,0,0,0.00,0.00,0,,outflow_from_you
0x62ea1d583daa5d885052c97ab9f066be264ff4739e2e53baa334e62b57c85bfd,https://bscscan.com/tx/0x62ea1d583daa5d885052c97ab9f066be264ff4739e2e53baa334e62b57c85bfd,23712749,2022-12-07 23:29:26,,javascript:;,0x18286e60...5B0f327C5,https://bscscan.com/address/0x18286e6091a6f75ab88adb51d48726d5b0f327c5,0 BNB $0.00,0 . 00297419,,0x18286e6091a6f75ab88adb51d48726d5b0f327c5,,,,,,0,,0,0.00,0.00,0.00,658.81,2026-05-21,0,0,0.00,0.00,0,,outflow_from_you
0xb43418c3ff0cd4b38b1ec0de9cf529ab061ee6700a1e3bfc9b129bff929cf311,https://bscscan.com/tx/0xb43418c3ff0cd4b38b1ec0de9cf529ab061ee6700a1e3bfc9b129bff929cf311,23712284,2022-12-07 23:06:06,Binance: Hot Wallet 16,https://bscscan.com/address/0xa180fe01b906a1be37be6c534a3300785b20d947,,javascript:;,0.0695 BNB $45.12,0 . 00021,0xa180fe01b906a1be37be6c534a3300785b20d947,,Binance: Hot Wallet 16,,Binance: Hot Wallet 16,,,0,,0.0695,45.12,45.79,0.67,658.81,2026-05-21,1,0.0695,45.12,45.79,1,friendly_tag_or_url_contains_binance,inflow_to_you
0xd10df2e31a6d4db9c72579ca81535fa0bb78a93dd1be3993208a3c530ad4ed5f,https://bscscan.com/tx/0xd10df2e31a6d4db9c72579ca81535fa0bb78a93dd1be3993208a3c530ad4ed5f,23712166,2022-12-07 23:00:12,,javascript:;,Binance: BUSD Stablecoin,https://bscscan.com/address/0xe9e7cea3dedca5984780bafc599bd69add087d56,0 BNB $0.00,0 . 00018057,,0xe9e7cea3dedca5984780bafc599bd69add087d56,,Binance: BUSD Stablecoin,,Binance: BUSD Stablecoin,,0,,0,0.00,0.00,0.00,658.81,2026-05-21,0,0,0.00,0.00,1,friendly_tag_or_url_contains_binance,outflow_from_you
0x799f02f2f314143e09a7f467f99eb720bcdc9898341f2fbd05e71b518679fafb,https://bscscan.com/tx/0x799f02f2f314143e09a7f467f99eb720bcdc9898341f2fbd05e71b518679fafb,23712096,2022-12-07 22:56:42,,javascript:;,Binance: BUSD Stablecoin,https://bscscan.com/address/0xe9e7cea3dedca5984780bafc599bd69add087d56,0 BNB $0.00,0 . 00014553,,0xe9e7cea3dedca5984780bafc599bd69add087d56,,Binance: BUSD Stablecoin,,Binance: BUSD Stablecoin,,0,,0,0.00,0.00,0.00,658.81,2026-05-21,0,0,0.00,0.00,1,friendly_tag_or_url_contains_binance,outflow_from_you
0x0f84cad14eb8c317fb417d4ddb2b28c50529fd75499150bc6657eaed6ac68c31,https://bscscan.com/tx/0x0f84cad14eb8c317fb417d4ddb2b28c50529fd75499150bc6657eaed6ac68c31,23707770,2022-12-07 19:14:14,,javascript:;,0x18286e60...5B0f327C5,https://bscscan.com/address/0x18286e6091a6f75ab88adb51d48726d5b0f327c5,0 BNB $0.00,0 . 00312479,,0x18286e6091a6f75ab88adb51d48726d5b0f327c5,,,,,,0,,0,0.00,0.00,0.00,658.81,2026-05-21,0,0,0.00,0.00,0,,outflow_from_you
0x31bbaf97eced3327e8036b7cb6181d570a14acb9d5255b2e80ac21089a847a0d,https://bscscan.com/tx/0x31bbaf97eced3327e8036b7cb6181d570a14acb9d5255b2e80ac21089a847a0d,23707710,2022-12-07 19:10:43,,javascript:;,Binance: BUSD Stablecoin,https://bscscan.com/address/0xe9e7cea3dedca5984780bafc599bd69add087d56,0 BNB $0.00,0 . 00022053,,0xe9e7cea3dedca5984780bafc599bd69add087d56,,Binance: BUSD Stablecoin,,Binance: BUSD Stablecoin,,0,,0,0.00,0.00,0.00,658.81,2026-05-21,0,0,0.00,0.00,1,friendly_tag_or_url_contains_binance,outflow_from_you
0x65a0297c3f46d67a283b87d200f6ac3580d5b11400122f625027eb5fb161df8b,https://bscscan.com/tx/0x65a0297c3f46d67a283b87d200f6ac3580d5b11400122f625027eb5fb161df8b,23707585,2022-12-07 19:03:54,,javascript:;,0x18286e60...5B0f327C5,https://bscscan.com/address/0x18286e6091a6f75ab88adb51d48726d5b0f327c5,0 BNB $0.00,0 . 00331248,,0x18286e6091a6f75ab88adb51d48726d5b0f327c5,,,,,,0,,0,0.00,0.00,0.00,658.81,2026-05-21,0,0,0.00,0.00,0,,outflow_from_you
0x8eb8bb55f58b81ec1797cb59474f594b588407c5eeb4c04196a19fc26d390837,https://bscscan.com/tx/0x8eb8bb55f58b81ec1797cb59474f594b588407c5eeb4c04196a19fc26d390837,23707560,2022-12-07 19:02:39,,javascript:;,Binance: BUSD Stablecoin,https://bscscan.com/address/0xe9e7cea3dedca5984780bafc599bd69add087d56,0 BNB $0.00,0 . 00022053,,0xe9e7cea3dedca5984780bafc599bd69add087d56,,Binance: BUSD Stablecoin,,Binance: BUSD Stablecoin,,0,,0,0.00,0.00,0.00,658.81,2026-05-21,0,0,0.00,0.00,1,friendly_tag_or_url_contains_binance,outflow_from_you
0xefdd4e65e75547c2afb0c0eff46849f108f68466357a10b912df097ddf398488,https://bscscan.com/tx/0xefdd4e65e75547c2afb0c0eff46849f108f68466357a10b912df097ddf398488,23424893,2022-11-27 19:17:03,,javascript:;,PancakeSwap: Router v2,https://bscscan.com/address/0x10ed43c718714eb63d5aa57b78b54704e256024e,"2 BNB $1,298.28",0 . 00084856,,0x10ed43c718714eb63d5aa57b78b54704e256024e,,PancakeSwap: Router v2,,PancakeSwap: Router v2,safuu,1,high,2,1298.28,1317.62,19.34,658.81,2026-05-21,0,0,0.00,0.00,0,,outflow_from_you
0xc8b5ade82fd2f424948f89f8652586a2da35791784ca76765330dbe7d597557a,https://bscscan.com/tx/0xc8b5ade82fd2f424948f89f8652586a2da35791784ca76765330dbe7d597557a,23424768,2022-11-27 19:10:20,,javascript:;,PancakeSwap: Router v2,https://bscscan.com/address/0x10ed43c718714eb63d5aa57b78b54704e256024e,1 BNB $649.14,0 . 00078814,,0x10ed43c718714eb63d5aa57b78b54704e256024e,,PancakeSwap: Router v2,,PancakeSwap: Router v2,safuu,1,high,1,649.14,658.81,9.67,658.81,2026-05-21,0,0,0.00,0.00,0,,outflow_from_you
0x6ebac3d39dca0b793575011090311cba82a8ebba9dfd2689599476911c656a88,https://bscscan.com/tx/0x6ebac3d39dca0b793575011090311cba82a8ebba9dfd2689599476911c656a88,23424732,2022-11-27 19:08:32,,javascript:;,Metamask: Swap Router,https://bscscan.com/address/0x1a1ec25dc08e98e5e93f1104b5e5cdd298707d31,0 BNB $0.00,0 . 00098133,,0x1a1ec25dc08e98e5e93f1104b5e5cdd298707d31,,Metamask: Swap Router,,Metamask: Swap Router,,0,,0,0.00,0.00,0.00,658.81,2026-05-21,0,0,0.00,0.00,0,,outflow_from_you
0x2fe8ee686e000a6caba48d2f9cc78b83dc8f68760cb6215b92bad5a7569f447a,https://bscscan.com/tx/0x2fe8ee686e000a6caba48d2f9cc78b83dc8f68760cb6215b92bad5a7569f447a,23424732,2022-11-27 19:08:32,,javascript:;,Ethereum: ETH Token,https://bscscan.com/address/0x2170ed0880ac9a755fd29b2688956bd959f933f8,0 BNB $0.00,0 . 00022203,,0x2170ed0880ac9a755fd29b2688956bd959f933f8,,Ethereum: ETH Token,,Ethereum: ETH Token,,0,,0,0.00,0.00,0.00,658.81,2026-05-21,0,0,0.00,0.00,0,,outflow_from_you
0x6b746aecf3335c5afdd1c5cc5c74daea9736fac83c3077285fd2dd1178d1cf86,https://bscscan.com/tx/0x6b746aecf3335c5afdd1c5cc5c74daea9736fac83c3077285fd2dd1178d1cf86,23400282,2022-11-26 22:32:24,,javascript:;,BUSD-T Stablecoin,https://bscscan.com/address/0x55d398326f99059ff775485246999027b3197955,0 BNB $0.00,0 . 00010563,,0x55d398326f99059ff775485246999027b3197955,,BUSD-T Stablecoin,,BUSD-T Stablecoin,,0,,0,0.00,0.00,0.00,658.81,2026-05-21,0,0,0.00,0.00,0,,outflow_from_you
0x01c66c4b697a8064f34d4651db74d97c114b322d1f35303013bb3354ea06ca2d,https://bscscan.com/tx/0x01c66c4b697a8064f34d4651db74d97c114b322d1f35303013bb3354ea06ca2d,23372104,2022-11-25 22:31:54,,javascript:;,BUSD-T Stablecoin,https://bscscan.com/address/0x55d398326f99059ff775485246999027b3197955,0 BNB $0.00,0 . 00018057,,0x55d398326f99059ff775485246999027b3197955,,BUSD-T Stablecoin,,BUSD-T Stablecoin,,0,,0,0.00,0.00,0.00,658.81,2026-05-21,0,0,0.00,0.00,0,,outflow_from_you
0x37a28bc92e25edab8641505bf21a9a72ac4cbaaf838f43dfae95d712d7263eef,https://bscscan.com/tx/0x37a28bc92e25edab8641505bf21a9a72ac4cbaaf838f43dfae95d712d7263eef,23363178,2022-11-25 14:57:46,,javascript:;,BUSD-T Stablecoin,https://bscscan.com/address/0x55d398326f99059ff775485246999027b3197955,0 BNB $0.00,0 . 00018051,,0x55d398326f99059ff775485246999027b3197955,,BUSD-T Stablecoin,,BUSD-T Stablecoin,,0,,0,0.00,0.00,0.00,658.81,2026-05-21,0,0,0.00,0.00,0,,outflow_from_you
0x9a8829cd226c718872780f875e5af2e799c49fd416104f8c6a96d98b43689bbb,https://bscscan.com/tx/0x9a8829cd226c718872780f875e5af2e799c49fd416104f8c6a96d98b43689bbb,23334756,2022-11-24 14:48:53,,javascript:;,BUSD-T Stablecoin,https://bscscan.com/address/0x55d398326f99059ff775485246999027b3197955,0 BNB $0.00,0 . 00018057,,0x55d398326f99059ff775485246999027b3197955,,BUSD-T Stablecoin,,BUSD-T Stablecoin,,0,,0,0.00,0.00,0.00,658.81,2026-05-21,0,0,0.00,0.00,0,,outflow_from_you
0x9deeaa1a86ccadd2028cb24df9b11031c9ddce612e2d4780acaf81942e59f522,https://bscscan.com/tx/0x9deeaa1a86ccadd2028cb24df9b11031c9ddce612e2d4780acaf81942e59f522,23334076,2022-11-24 14:14:16,,javascript:;,BUSD-T Stablecoin,https://bscscan.com/address/0x55d398326f99059ff775485246999027b3197955,0 BNB $0.00,0 . 00018057,,0x55d398326f99059ff775485246999027b3197955,,BUSD-T Stablecoin,,BUSD-T Stablecoin,,0,,0,0.00,0.00,0.00,658.81,2026-05-21,0,0,0.00,0.00,0,,outflow_from_you
0xa4fb875eb77e208f5d5e600924f79d4742c1b8e4676651e86bcbea6e87b18636,https://bscscan.com/tx/0xa4fb875eb77e208f5d5e600924f79d4742c1b8e4676651e86bcbea6e87b18636,23276782,2022-11-22 13:48:55,,javascript:;,Bogged Finance: Proxy,https://bscscan.com/address/0xb099ed146fad4d0daa31e3810591fc0554af62bb,"4.745932138 BNB $3,080.77",0 . 00107125,,0xb099ed146fad4d0daa31e3810591fc0554af62bb,,Bogged Finance: Proxy,,Bogged Finance: Proxy,safuu,1,high,4.745932138,3080.77,3126.67,45.90,658.81,2026-05-21,0,0,0.00,0.00,0,,outflow_from_you
0xefd88775be386ca479fce63641bc8d23ce54cd1703ab59cf2a7b2321a158a4d9,https://bscscan.com/tx/0xefd88775be386ca479fce63641bc8d23ce54cd1703ab59cf2a7b2321a158a4d9,23276547,2022-11-22 13:36:28,,javascript:;,PancakeSwap: Router v2,https://bscscan.com/address/0x10ed43c718714eb63d5aa57b78b54704e256024e,0 BNB $0.00,0 . 0015032,,0x10ed43c718714eb63d5aa57b78b54704e256024e,,PancakeSwap: Router v2,,PancakeSwap: Router v2,safuu,1,high,0,0.00,0.00,0.00,658.81,2026-05-21,0,0,0.00,0.00,0,,outflow_from_you
0x73a37a770fef05accfe677bc1e2841c1850f76add80d0e08ecbab0e367797f62,https://bscscan.com/tx/0x73a37a770fef05accfe677bc1e2841c1850f76add80d0e08ecbab0e367797f62,23276296,2022-11-22 13:23:55,,javascript:;,PancakeSwap: Router v2,https://bscscan.com/address/0x10ed43c718714eb63d5aa57b78b54704e256024e,"1.9 BNB $1,233.36",0 . 00084856,,0x10ed43c718714eb63d5aa57b78b54704e256024e,,PancakeSwap: Router v2,,PancakeSwap: Router v2,safuu,1,high,1.9,1233.36,1251.74,18.38,658.81,2026-05-21,0,0,0.00,0.00,0,,outflow_from_you
0xa6d51951040b422a7d2499b9093888cc210a5a464925d50abc104b47a59a3de4,https://bscscan.com/tx/0xa6d51951040b422a7d2499b9093888cc210a5a464925d50abc104b47a59a3de4,23276262,2022-11-22 13:22:13,,javascript:;,Metamask: Swap Router,https://bscscan.com/address/0x1a1ec25dc08e98e5e93f1104b5e5cdd298707d31,0 BNB $0.00,0 . 00106365,,0x1a1ec25dc08e98e5e93f1104b5e5cdd298707d31,,Metamask: Swap Router,,Metamask: Swap Router,,0,,0,0.00,0.00,0.00,658.81,2026-05-21,0,0,0.00,0.00,0,,outflow_from_you
0x8995b25e99b63e5160350cfce865ffa383d4d61c7a39ee0d0a4439fe37417118,https://bscscan.com/tx/0x8995b25e99b63e5160350cfce865ffa383d4d61c7a39ee0d0a4439fe37417118,23273065,2022-11-22 10:39:09,,javascript:;,PancakeSwap: Router v2,https://bscscan.com/address/0x10ed43c718714eb63d5aa57b78b54704e256024e,"1.954 BNB $1,268.42",0 . 00084856,,0x10ed43c718714eb63d5aa57b78b54704e256024e,,PancakeSwap: Router v2,,PancakeSwap: Router v2,safuu,1,high,1.954,1268.42,1287.31,18.89,658.81,2026-05-21,0,0,0.00,0.00,0,,outflow_from_you
0x41e31063802e1a69b802770e1b72835c46f7e2a34b20c9ddf1d81371f3742c93,https://bscscan.com/tx/0x41e31063802e1a69b802770e1b72835c46f7e2a34b20c9ddf1d81371f3742c93,23273027,2022-11-22 10:36:56,,javascript:;,Metamask: Swap Router,https://bscscan.com/address/0x1a1ec25dc08e98e5e93f1104b5e5cdd298707d31,0 BNB $0.00,0 . 00106497,,0x1a1ec25dc08e98e5e93f1104b5e5cdd298707d31,,Metamask: Swap Router,,Metamask: Swap Router,,0,,0,0.00,0.00,0.00,658.81,2026-05-21,0,0,0.00,0.00,0,,outflow_from_you
0x410942b56357d5493e045235b530a661c74870696be4f0a1a5e1b8bfb43069e9,https://bscscan.com/tx/0x410942b56357d5493e045235b530a661c74870696be4f0a1a5e1b8bfb43069e9,23271685,2022-11-22 9:29:21,,javascript:;,PancakeSwap: Router v2,https://bscscan.com/address/0x10ed43c718714eb63d5aa57b78b54704e256024e,0.47 BNB $305.10,0 . 00078814,,0x10ed43c718714eb63d5aa57b78b54704e256024e,,PancakeSwap: Router v2,,PancakeSwap: Router v2,safuu,1,high,0.47,305.10,309.64,4.54,658.81,2026-05-21,0,0,0.00,0.00,0,,outflow_from_you
0x8893ae8b736a4c7f7afc67eec62b760b2c6b19df9d91b535b6a6db5f415a0cd2,https://bscscan.com/tx/0x8893ae8b736a4c7f7afc67eec62b760b2c6b19df9d91b535b6a6db5f415a0cd2,23271519,2022-11-22 9:21:03,,javascript:;,PancakeSwap: Router v2,https://bscscan.com/address/0x10ed43c718714eb63d5aa57b78b54704e256024e,1 BNB $649.14,0 . 00084856,,0x10ed43c718714eb63d5aa57b78b54704e256024e,,PancakeSwap: Router v2,,PancakeSwap: Router v2,safuu,1,high,1,649.14,658.81,9.67,658.81,2026-05-21,0,0,0.00,0.00,0,,outflow_from_you
0x2d348454a9f00a23944fc860e072140f81a0bb01abff374f0e8b36544c03920d,https://bscscan.com/tx/0x2d348454a9f00a23944fc860e072140f81a0bb01abff374f0e8b36544c03920d,23271341,2022-11-22 9:12:09,,javascript:;,Bogged Finance: Proxy,https://bscscan.com/address/0xb099ed146fad4d0daa31e3810591fc0554af62bb,0.5 BNB $324.57,0 . 00101071,,0xb099ed146fad4d0daa31e3810591fc0554af62bb,,Bogged Finance: Proxy,,Bogged Finance: Proxy,safuu,1,high,0.5,324.57,329.40,4.83,658.81,2026-05-21,0,0,0.00,0.00,0,,outflow_from_you
0x641a4db23d2b32b5060aee4be3ddad6e4a4d4bd8df941b5d0da65558709265c6,https://bscscan.com/tx/0x641a4db23d2b32b5060aee4be3ddad6e4a4d4bd8df941b5d0da65558709265c6,23271329,2022-11-22 9:11:33,,javascript:;,Metamask: Swap Router,https://bscscan.com/address/0x1a1ec25dc08e98e5e93f1104b5e5cdd298707d31,0 BNB $0.00,0 . 00106326,,0x1a1ec25dc08e98e5e93f1104b5e5cdd298707d31,,Metamask: Swap Router,,Metamask: Swap Router,,0,,0,0.00,0.00,0.00,658.81,2026-05-21,0,0,0.00,0.00,0,,outflow_from_you
0x46b604f5dca069f38abe2d56f53d8d749f401793a9948a7229bda3a64bdb08c5,https://bscscan.com/tx/0x46b604f5dca069f38abe2d56f53d8d749f401793a9948a7229bda3a64bdb08c5,23217744,2022-11-20 11:56:30,,javascript:;,0xe4d3C149...8E1A725A4,https://bscscan.com/address/0xe4d3c1492993fb9a01119cd23122a3b8e1a725a4,0 BNB $0.00,0 . 00137527,,0xe4d3c1492993fb9a01119cd23122a3b8e1a725a4,,,,,safuu,1,high,0,0.00,0.00,0.00,658.81,2026-05-21,0,0,0.00,0.00,0,,outflow_from_you
0xa759da5515e17287196407ce53a5c690305128371e75f75ac7313286f66a0796,https://bscscan.com/tx/0xa759da5515e17287196407ce53a5c690305128371e75f75ac7313286f66a0796,23217736,2022-11-20 11:56:06,,javascript:;,Safuu: SAFUU Token,https://bscscan.com/address/0xe5ba47fd94cb645ba4119222e34fb33f59c7cd90,0 BNB $0.00,0 . 00022036,,0xe5ba47fd94cb645ba4119222e34fb33f59c7cd90,,Safuu: SAFUU Token,,Safuu: SAFUU Token,safuu,1,high,0,0.00,0.00,0.00,658.81,2026-05-21,0,0,0.00,0.00,0,,outflow_from_you
0x3ec3e15ea6794a66fceb1a9513661465de98fe195fa7d2448001a206d540f138,https://bscscan.com/tx/0x3ec3e15ea6794a66fceb1a9513661465de98fe195fa7d2448001a206d540f138,23217719,2022-11-20 11:55:15,0x2FAB0c7a...4d8BFE39D,https://bscscan.com/address/0x2fab0c7ace25621a34cf31e0ce282634d8bfe39d,,javascript:;,0.005305325 BNB $3.44,0 . 000105,0x2fab0c7ace25621a34cf31e0ce282634d8bfe39d,,,,,,,0,,0.005305325,3.44,3.50,0.06,658.81,2026-05-21,0,0,0.00,0.00,0,,inflow_to_you
0x81777cc4f1afc3df5514e0709484da1c3a64bd333d0cc1ca2d6b585fda2b44ed,https://bscscan.com/tx/0x81777cc4f1afc3df5514e0709484da1c3a64bd333d0cc1ca2d6b585fda2b44ed,23217586,2022-11-20 11:48:36,,javascript:;,0xE42BE986...70D329C86,https://bscscan.com/address/0xe42be98613347658f82dcd90ce8102e70d329c86,0.01 BNB $6.49,0 . 000105,,0xe42be98613347658f82dcd90ce8102e70d329c86,,,,,,0,,0.01,6.49,6.59,0.10,658.81,2026-05-21,0,0,0.00,0.00,0,,outflow_from_you
0xc98ba41a1b72650e088776bf999a7c38ab8daeedf9e970603240ddddb81c0d1b,https://bscscan.com/tx/0xc98ba41a1b72650e088776bf999a7c38ab8daeedf9e970603240ddddb81c0d1b,23217417,2022-11-20 11:40:05,,javascript:;,0xe4d3C149...8E1A725A4,https://bscscan.com/address/0xe4d3c1492993fb9a01119cd23122a3b8e1a725a4,0 BNB $0.00,0 . 00209164,,0xe4d3c1492993fb9a01119cd23122a3b8e1a725a4,,,,,safuu,1,high,0,0.00,0.00,0.00,658.81,2026-05-21,0,0,0.00,0.00,0,,outflow_from_you
0x2bf1087e75f000b1c4f8a325211901a0ea824e44ba0e4ad7baeb2e4318cdab07,https://bscscan.com/tx/0x2bf1087e75f000b1c4f8a325211901a0ea824e44ba0e4ad7baeb2e4318cdab07,23217411,2022-11-20 11:39:47,,javascript:;,Safuu: SAFUU Token,https://bscscan.com/address/0xe5ba47fd94cb645ba4119222e34fb33f59c7cd90,0 BNB $0.00,0 . 00022042,,0xe5ba47fd94cb645ba4119222e34fb33f59c7cd90,,Safuu: SAFUU Token,,Safuu: SAFUU Token,safuu,1,high,0,0.00,0.00,0.00,658.81,2026-05-21,0,0,0.00,0.00,0,,outflow_from_you
0x2ddcc9dd4263aae6f5a3f9f69ccca91007416c2706193768b2a8d246a7ea8704,https://bscscan.com/tx/0x2ddcc9dd4263aae6f5a3f9f69ccca91007416c2706193768b2a8d246a7ea8704,23144739,2022-11-17 22:14:27,,javascript:;,BUSD-T Stablecoin,https://bscscan.com/address/0x55d398326f99059ff775485246999027b3197955,0 BNB $0.00,0 . 00018057,,0x55d398326f99059ff775485246999027b3197955,,BUSD-T Stablecoin,,BUSD-T Stablecoin,,0,,0,0.00,0.00,0.00,658.81,2026-05-21,0,0,0.00,0.00,0,,outflow_from_you
0x22c45079d3575af32509df237bcace2eb3d49e5f78492524b1921710bcc8ea91,https://bscscan.com/tx/0x22c45079d3575af32509df237bcace2eb3d49e5f78492524b1921710bcc8ea91,23144582,2022-11-17 22:06:36,,javascript:;,BUSD-T Stablecoin,https://bscscan.com/address/0x55d398326f99059ff775485246999027b3197955,0 BNB $0.00,0 . 00018057,,0x55d398326f99059ff775485246999027b3197955,,BUSD-T Stablecoin,,BUSD-T Stablecoin,,0,,0,0.00,0.00,0.00,658.81,2026-05-21,0,0,0.00,0.00,0,,outflow_from_you
0xc361aec922868735f877d53adefd4ca3e6ade7961c5433e25c6ae02cb201ae6b,https://bscscan.com/tx/0xc361aec922868735f877d53adefd4ca3e6ade7961c5433e25c6ae02cb201ae6b,23105400,2022-11-16 12:52:46,,javascript:;,BUSD-T Stablecoin,https://bscscan.com/address/0x55d398326f99059ff775485246999027b3197955,0 BNB $0.00,0 . 00018057,,0x55d398326f99059ff775485246999027b3197955,,BUSD-T Stablecoin,,BUSD-T Stablecoin,,0,,0,0.00,0.00,0.00,658.81,2026-05-21,0,0,0.00,0.00,0,,outflow_from_you
0xbf10851272637ffe36a8f5bdf1625bf3890099fe82bc7cd452844bd2e949aea0,https://bscscan.com/tx/0xbf10851272637ffe36a8f5bdf1625bf3890099fe82bc7cd452844bd2e949aea0,23089944,2022-11-15 23:43:09,,javascript:;,BUSD-T Stablecoin,https://bscscan.com/address/0x55d398326f99059ff775485246999027b3197955,0 BNB $0.00,0 . 00018057,,0x55d398326f99059ff775485246999027b3197955,,BUSD-T Stablecoin,,BUSD-T Stablecoin,,0,,0,0.00,0.00,0.00,658.81,2026-05-21,0,0,0.00,0.00,0,,outflow_from_you
0x51b4334c6b85ba6f078980bd4c1de1b61b9e70dcb4d345f4cdedb965aa1354a6,https://bscscan.com/tx/0x51b4334c6b85ba6f078980bd4c1de1b61b9e70dcb4d345f4cdedb965aa1354a6,23086383,2022-11-15 20:42:45,,javascript:;,BUSD-T Stablecoin,https://bscscan.com/address/0x55d398326f99059ff775485246999027b3197955,0 BNB $0.00,0 . 00018051,,0x55d398326f99059ff775485246999027b3197955,,BUSD-T Stablecoin,,BUSD-T Stablecoin,,0,,0,0.00,0.00,0.00,658.81,2026-05-21,0,0,0.00,0.00,0,,outflow_from_you
0x7cd3d1987fc7b47f0a8a85a448b1990352bf4f72ab05dcb2ad30462a3c3a1de2,https://bscscan.com/tx/0x7cd3d1987fc7b47f0a8a85a448b1990352bf4f72ab05dcb2ad30462a3c3a1de2,23053478,2022-11-14 16:50:16,,javascript:;,BUSD-T Stablecoin,https://bscscan.com/address/0x55d398326f99059ff775485246999027b3197955,0 BNB $0.00,0 . 00018057,,0x55d398326f99059ff775485246999027b3197955,,BUSD-T Stablecoin,,BUSD-T Stablecoin,,0,,0,0.00,0.00,0.00,658.81,2026-05-21,0,0,0.00,0.00,0,,outflow_from_you
0xf7fdb5a779ea7fddc40c36513a54ae779356062141394fb3a0df4ac6a4200f95,https://bscscan.com/tx/0xf7fdb5a779ea7fddc40c36513a54ae779356062141394fb3a0df4ac6a4200f95,23044769,2022-11-14 9:27:28,Binance: Hot Wallet 16,https://bscscan.com/address/0xa180fe01b906a1be37be6c534a3300785b20d947,,javascript:;,0.042 BNB $27.26,0 . 00021,0xa180fe01b906a1be37be6c534a3300785b20d947,,Binance: Hot Wallet 16,,Binance: Hot Wallet 16,,,0,,0.042,27.26,27.67,0.41,658.81,2026-05-21,1,0.042,27.26,27.67,1,friendly_tag_or_url_contains_binance,inflow_to_you
0x61bed606e586a6eef3adbf0df02cee2bda3ec2db24da5a51995f28fe39c32be9,https://bscscan.com/tx/0x61bed606e586a6eef3adbf0df02cee2bda3ec2db24da5a51995f28fe39c32be9,23044642,2022-11-14 9:21:07,,javascript:;,Binance: BTCB Token,https://bscscan.com/address/0x7130d2a12b9bcbfae4f2634d864a1ee1ce3ead9c,0 BNB $0.00,0 . 00018063,,0x7130d2a12b9bcbfae4f2634d864a1ee1ce3ead9c,,Binance: BTCB Token,,Binance: BTCB Token,,0,,0,0.00,0.00,0.00,658.81,2026-05-21,0,0,0.00,0.00,1,friendly_tag_or_url_contains_binance,outflow_from_you
0xa0f7ce6da3a5f4f30bfbd446d47b66aeb5e87675519a416ec049071a3589bb4f,https://bscscan.com/tx/0xa0f7ce6da3a5f4f30bfbd446d47b66aeb5e87675519a416ec049071a3589bb4f,22985012,2022-11-12 6:54:54,,javascript:;,Binance: BTCB Token,https://bscscan.com/address/0x7130d2a12b9bcbfae4f2634d864a1ee1ce3ead9c,0 BNB $0.00,0 . 00020723,,0x7130d2a12b9bcbfae4f2634d864a1ee1ce3ead9c,,Binance: BTCB Token,,Binance: BTCB Token,,0,,0,0.00,0.00,0.00,658.81,2026-05-21,0,0,0.00,0.00,1,friendly_tag_or_url_contains_binance,outflow_from_you
0x94638704c78f5a41f8341053a472eb9e5cfd7d43f4030fa5c8863f9623d5f31b,https://bscscan.com/tx/0x94638704c78f5a41f8341053a472eb9e5cfd7d43f4030fa5c8863f9623d5f31b,22984521,2022-11-12 6:29:28,,javascript:;,0xB6934215...68B6A3182,https://bscscan.com/address/0xb6934215b856b03430fc8dc058bd1c668b6a3182,"3.546 BNB $2,301.85",0 . 000105,,0xb6934215b856b03430fc8dc058bd1c668b6a3182,,,,,,0,,3.546,2301.85,2336.14,34.29,658.81,2026-05-21,0,0,0.00,0.00,1,user_binance_address_match,outflow_from_you
0x3cf5d7ef0bcbf5ece5abe8dc16e7c39c7296778cef1debdf701ee78320c18d23,https://bscscan.com/tx/0x3cf5d7ef0bcbf5ece5abe8dc16e7c39c7296778cef1debdf701ee78320c18d23,22965143,2022-11-11 13:59:18,,javascript:;,BUSD-T Stablecoin,https://bscscan.com/address/0x55d398326f99059ff775485246999027b3197955,0 BNB $0.00,0 . 00018057,,0x55d398326f99059ff775485246999027b3197955,,BUSD-T Stablecoin,,BUSD-T Stablecoin,,0,,0,0.00,0.00,0.00,658.81,2026-05-21,0,0,0.00,0.00,0,,outflow_from_you
0x02672209df4707bb92de2b15dd7606cf6f9d0f1f84dc3b8f0ff5c47b6a95c780,https://bscscan.com/tx/0x02672209df4707bb92de2b15dd7606cf6f9d0f1f84dc3b8f0ff5c47b6a95c780,22961618,2022-11-11 11:01:18,,javascript:;,Metamask: Swap Router,https://bscscan.com/address/0x1a1ec25dc08e98e5e93f1104b5e5cdd298707d31,0 BNB $0.00,0 . 0010405,,0x1a1ec25dc08e98e5e93f1104b5e5cdd298707d31,,Metamask: Swap Router,,Metamask: Swap Router,,0,,0,0.00,0.00,0.00,658.81,2026-05-21,0,0,0.00,0.00,0,,outflow_from_you
0x02b0a3c84903c81ce8637664dc435912e8d816070f2494fd12254674c3b31043,https://bscscan.com/tx/0x02b0a3c84903c81ce8637664dc435912e8d816070f2494fd12254674c3b31043,22961601,2022-11-11 11:00:27,,javascript:;,Metamask: Swap Router,https://bscscan.com/address/0x1a1ec25dc08e98e5e93f1104b5e5cdd298707d31,0 BNB $0.00,0 . 00159588,,0x1a1ec25dc08e98e5e93f1104b5e5cdd298707d31,,Metamask: Swap Router,,Metamask: Swap Router,,0,,0,0.00,0.00,0.00,658.81,2026-05-21,0,0,0.00,0.00,0,,outflow_from_you
0x2a45aaacc0846e86a6db912c4e1d762702d22171b66f754dee4410556fbec289,https://bscscan.com/tx/0x2a45aaacc0846e86a6db912c4e1d762702d22171b66f754dee4410556fbec289,22961582,2022-11-11 10:59:30,,javascript:;,BUSD-T Stablecoin,https://bscscan.com/address/0x55d398326f99059ff775485246999027b3197955,0 BNB $0.00,0 . 00018057,,0x55d398326f99059ff775485246999027b3197955,,BUSD-T Stablecoin,,BUSD-T Stablecoin,,0,,0,0.00,0.00,0.00,658.81,2026-05-21,0,0,0.00,0.00,0,,outflow_from_you
0x71b3066ad06e37894961e03c349307ae0d4fb4e3b727d13c94561f6abcb1fa02,https://bscscan.com/tx/0x71b3066ad06e37894961e03c349307ae0d4fb4e3b727d13c94561f6abcb1fa02,22961563,2022-11-11 10:58:33,,javascript:;,Metamask: Swap Router,https://bscscan.com/address/0x1a1ec25dc08e98e5e93f1104b5e5cdd298707d31,0 BNB $0.00,0 . 0012352,,0x1a1ec25dc08e98e5e93f1104b5e5cdd298707d31,,Metamask: Swap Router,,Metamask: Swap Router,,0,,0,0.00,0.00,0.00,658.81,2026-05-21,0,0,0.00,0.00,0,,outflow_from_you
0x4c5491eb6ff4384cc552340efb0046831f78c89d1675c3b542521d50c3dc1286,https://bscscan.com/tx/0x4c5491eb6ff4384cc552340efb0046831f78c89d1675c3b542521d50c3dc1286,22944524,2022-11-10 20:33:53,,javascript:;,BUSD-T Stablecoin,https://bscscan.com/address/0x55d398326f99059ff775485246999027b3197955,0 BNB $0.00,0 . 00018057,,0x55d398326f99059ff775485246999027b3197955,,BUSD-T Stablecoin,,BUSD-T Stablecoin,,0,,0,0.00,0.00,0.00,658.81,2026-05-21,0,0,0.00,0.00,0,,outflow_from_you
0xe688d98003d633905cc113a2c6434cebf1782a7b91bcb1028f5e266ee7d91ca5,https://bscscan.com/tx/0xe688d98003d633905cc113a2c6434cebf1782a7b91bcb1028f5e266ee7d91ca5,22931238,2022-11-10 9:14:36,,javascript:;,0xB6934215...68B6A3182,https://bscscan.com/address/0xb6934215b856b03430fc8dc058bd1c668b6a3182,0.8 BNB $519.31,0 . 000105,,0xb6934215b856b03430fc8dc058bd1c668b6a3182,,,,,,0,,0.8,519.31,527.05,7.74,658.81,2026-05-21,0,0,0.00,0.00,1,user_binance_address_match,outflow_from_you
0xd839588f78a092188a7533ac382caac591522f397bf13ec35cdfbb0a7e03b74d,https://bscscan.com/tx/0xd839588f78a092188a7533ac382caac591522f397bf13ec35cdfbb0a7e03b74d,22920285,2022-11-09 23:56:50,,javascript:;,PancakeSwap: Prediction V2,https://bscscan.com/address/0x18b2a687610328590bc8f2e5fedde3b582a49cda,0 BNB $0.00,0 . 00043285,,0x18b2a687610328590bc8f2e5fedde3b582a49cda,,PancakeSwap: Prediction V2,,PancakeSwap: Prediction V2,,0,,0,0.00,0.00,0.00,658.81,2026-05-21,0,0,0.00,0.00,0,,outflow_from_you
0xc86f9948bfa7b3c8f21390f5cd2c888de216644c2fda86fa0bfa91fe69ca6975,https://bscscan.com/tx/0xc86f9948bfa7b3c8f21390f5cd2c888de216644c2fda86fa0bfa91fe69ca6975,22920053,2022-11-09 23:44:35,,javascript:;,PancakeSwap: Router v2,https://bscscan.com/address/0x10ed43c718714eb63d5aa57b78b54704e256024e,0 BNB $0.00,0 . 00062765,,0x10ed43c718714eb63d5aa57b78b54704e256024e,,PancakeSwap: Router v2,,PancakeSwap: Router v2,,0,,0,0.00,0.00,0.00,658.81,2026-05-21,0,0,0.00,0.00,0,,outflow_from_you
0xdf5946a1ca7512ede97f4d53695e0d075096155911e898f7e1a0418af3da843d,https://bscscan.com/tx/0xdf5946a1ca7512ede97f4d53695e0d075096155911e898f7e1a0418af3da843d,22885016,2022-11-08 17:56:27,Binance: Hot Wallet 12,https://bscscan.com/address/0x515b72ed8a97f42c568d6a143232775018f133c8,,javascript:;,0.0995 BNB $64.59,0 . 00021,0x515b72ed8a97f42c568d6a143232775018f133c8,,Binance: Hot Wallet 12,,Binance: Hot Wallet 12,,,0,,0.0995,64.59,65.55,0.96,658.81,2026-05-21,1,0.0995,64.59,65.55,1,friendly_tag_or_url_contains_binance,inflow_to_you
0xc3be659780574272f48ab62453601b9f73e917593fe37f0d00aef8322dc742b5,https://bscscan.com/tx/0xc3be659780574272f48ab62453601b9f73e917593fe37f0d00aef8322dc742b5,22878087,2022-11-08 12:02:01,,javascript:;,0xFa94E681...B6eFa3f89,https://bscscan.com/address/0xfa94e681dfa1cff9c23a4ab2117b861b6efa3f89,0 BNB $0.00,0 . 0008254,,0xfa94e681dfa1cff9c23a4ab2117b861b6efa3f89,,,,,,0,,0,0.00,0.00,0.00,658.81,2026-05-21,0,0,0.00,0.00,0,,outflow_from_you
0x5c5b7966dab38deb13b858fb18c36ddb05d366fee4d62d719100e54335144283,https://bscscan.com/tx/0x5c5b7966dab38deb13b858fb18c36ddb05d366fee4d62d719100e54335144283,22877298,2022-11-08 11:22:10,,javascript:;,Binance: BUSD Stablecoin,https://bscscan.com/address/0xe9e7cea3dedca5984780bafc599bd69add087d56,0 BNB $0.00,0 . 00022203,,0xe9e7cea3dedca5984780bafc599bd69add087d56,,Binance: BUSD Stablecoin,,Binance: BUSD Stablecoin,,0,,0,0.00,0.00,0.00,658.81,2026-05-21,0,0,0.00,0.00,1,friendly_tag_or_url_contains_binance,outflow_from_you
0xa6555a01b2451d0b6aa790fd995f1025708fb058478f142507c80067d2ab23ff,https://bscscan.com/tx/0xa6555a01b2451d0b6aa790fd995f1025708fb058478f142507c80067d2ab23ff,22819967,2022-11-06 11:00:11,,javascript:;,PancakeSwap: Router v2,https://bscscan.com/address/0x10ed43c718714eb63d5aa57b78b54704e256024e,0.765 BNB $496.84,0 . 00086956,,0x10ed43c718714eb63d5aa57b78b54704e256024e,,PancakeSwap: Router v2,,PancakeSwap: Router v2,safuu,1,high,0.765,496.84,503.99,7.15,658.81,2026-05-21,0,0,0.00,0.00,0,,outflow_from_you
0x98fe33e89cf1f2c52f9e7b560838b90ed56de80df20dbba23fbc0ae65b8d2192,https://bscscan.com/tx/0x98fe33e89cf1f2c52f9e7b560838b90ed56de80df20dbba23fbc0ae65b8d2192,22819820,2022-11-06 10:52:50,,javascript:;,PancakeSwap: Router v2,https://bscscan.com/address/0x10ed43c718714eb63d5aa57b78b54704e256024e,0.765 BNB $496.84,0 . 00091835,,0x10ed43c718714eb63d5aa57b78b54704e256024e,,PancakeSwap: Router v2,,PancakeSwap: Router v2,,0,,0.765,496.84,503.99,7.15,658.81,2026-05-21,0,0,0.00,0.00,0,,outflow_from_you
0x08c816b360703107185cdf8a77100b014c444ecd97eaf5f9c1b958e6fab4827f,https://bscscan.com/tx/0x08c816b360703107185cdf8a77100b014c444ecd97eaf5f9c1b958e6fab4827f,22801527,2022-11-05 19:33:53,Binance: Hot Wallet 13,https://bscscan.com/address/0xbd612a3f30dca67bf60a39fd0d35e39b7ab80774,,javascript:;,0.7595 BNB $493.26,0 . 00021,0xbd612a3f30dca67bf60a39fd0d35e39b7ab80774,,Binance: Hot Wallet 13,,Binance: Hot Wallet 13,,,0,,0.7595,493.26,500.37,7.11,658.81,2026-05-21,1,0.7595,493.26,500.37,1,friendly_tag_or_url_contains_binance,inflow_to_you
0x387860ba0cabbd2761386b5c3c8e9bfe0ff5c7faf13be4d7a00b961cdd7d6e2e,https://bscscan.com/tx/0x387860ba0cabbd2761386b5c3c8e9bfe0ff5c7faf13be4d7a00b961cdd7d6e2e,22775776,2022-11-04 21:43:06,,javascript:;,PancakeSwap: Router v2,https://bscscan.com/address/0x10ed43c718714eb63d5aa57b78b54704e256024e,1.04 BNB $675.44,0 . 00086956,,0x10ed43c718714eb63d5aa57b78b54704e256024e,,PancakeSwap: Router v2,,PancakeSwap: Router v2,safuu,1,high,1.04,675.44,685.16,9.72,658.81,2026-05-21,0,0,0.00,0.00,0,,outflow_from_you
0x136a7b1ba60e891375d81792750fb580c2fa4b05c8b0ddc2cbb223447fb8e45a,https://bscscan.com/tx/0x136a7b1ba60e891375d81792750fb580c2fa4b05c8b0ddc2cbb223447fb8e45a,22774444,2022-11-04 20:35:46,Binance: Hot Wallet 18,https://bscscan.com/address/0x73f5ebe90f27b46ea12e5795d16c4b408b19cc6f,,javascript:;,1.0495 BNB $681.61,0 . 00021,0x73f5ebe90f27b46ea12e5795d16c4b408b19cc6f,,Binance: Hot Wallet 18,,Binance: Hot Wallet 18,,,0,,1.0495,681.61,691.42,9.81,658.81,2026-05-21,1,1.0495,681.61,691.42,1,friendly_tag_or_url_contains_binance,inflow_to_you
0x88ebbd473624e3f50f1e534c5b68b5b2525e56cdc47a0c5598575c647a2023d0,https://bscscan.com/tx/0x88ebbd473624e3f50f1e534c5b68b5b2525e56cdc47a0c5598575c647a2023d0,22771858,2022-11-04 18:26:12,,javascript:;,0xB6934215...68B6A3182,https://bscscan.com/address/0xb6934215b856b03430fc8dc058bd1c668b6a3182,"1.61 BNB $1,045.63",0 . 000105,,0xb6934215b856b03430fc8dc058bd1c668b6a3182,,,,,,0,,1.61,1045.63,1060.68,15.05,658.81,2026-05-21,0,0,0.00,0.00,1,user_binance_address_match,outflow_from_you
0xfefb7ac2aa2d0129094e7a6da63d4b331a2e713e85b23502854e470e3c975fa0,https://bscscan.com/tx/0xfefb7ac2aa2d0129094e7a6da63d4b331a2e713e85b23502854e470e3c975fa0,22771840,2022-11-04 18:25:15,Binance: Hot Wallet 16,https://bscscan.com/address/0xa180fe01b906a1be37be6c534a3300785b20d947,,javascript:;,"1.6095 BNB $1,045.31",0 . 00021,0xa180fe01b906a1be37be6c534a3300785b20d947,,Binance: Hot Wallet 16,,Binance: Hot Wallet 16,,,0,,1.6095,1045.31,1060.35,15.04,658.81,2026-05-21,1,1.6095,1045.31,1060.35,1,friendly_tag_or_url_contains_binance,inflow_to_you
0x1f7da2aa6c19f5ba82e67d373d44fcbd7d52727cf41be1dd5953ee76dae8961b,https://bscscan.com/tx/0x1f7da2aa6c19f5ba82e67d373d44fcbd7d52727cf41be1dd5953ee76dae8961b,22618316,2022-10-30 8:20:54,,javascript:;,PancakeSwap: Router v2,https://bscscan.com/address/0x10ed43c718714eb63d5aa57b78b54704e256024e,0.175 BNB $113.66,0 . 00086956,,0x10ed43c718714eb63d5aa57b78b54704e256024e,,PancakeSwap: Router v2,,PancakeSwap: Router v2,safuu,1,high,0.175,113.66,115.29,1.63,658.81,2026-05-21,0,0,0.00,0.00,0,,outflow_from_you
0x599e796dd2319eb9c30b7a28d4975bcafafc89e93bef408e28b4e7400332d578,https://bscscan.com/tx/0x599e796dd2319eb9c30b7a28d4975bcafafc89e93bef408e28b4e7400332d578,22617315,2022-10-30 7:29:01,Binance: Withdrawals 2,https://bscscan.com/address/0xdccf3b77da55107280bd850ea519df3705d1a75a,,javascript:;,0.1395 BNB $90.60,0 . 00021,0xdccf3b77da55107280bd850ea519df3705d1a75a,,Binance: Withdrawals 2,,Binance: Withdrawals 2,,,0,,0.1395,90.60,91.90,1.30,658.81,2026-05-21,1,0.1395,90.60,91.90,1,friendly_tag_or_url_contains_binance,inflow_to_you
0x3f7b561e7f000991029d1ff994e7fc45dc2620254aacde68d209da69bb33b986,https://bscscan.com/tx/0x3f7b561e7f000991029d1ff994e7fc45dc2620254aacde68d209da69bb33b986,22616324,2022-10-30 6:39:21,,javascript:;,0xB6934215...68B6A3182,https://bscscan.com/address/0xb6934215b856b03430fc8dc058bd1c668b6a3182,0.15 BNB $97.42,0 . 000105,,0xb6934215b856b03430fc8dc058bd1c668b6a3182,,,,,,0,,0.15,97.42,98.82,1.40,658.81,2026-05-21,0,0,0.00,0.00,1,user_binance_address_match,outflow_from_you
0xa8bcc25f2c4cb13b7a5acfeddf3daf78c6f3de250767eb3eae50e4dab7c70f0c,https://bscscan.com/tx/0xa8bcc25f2c4cb13b7a5acfeddf3daf78c6f3de250767eb3eae50e4dab7c70f0c,22608062,2022-10-29 23:42:40,Binance: Hot Wallet 11,https://bscscan.com/address/0x161ba15a5f335c9f06bb5bbb0a9ce14076fbb645,,javascript:;,0.1865 BNB $121.12,0 . 00021,0x161ba15a5f335c9f06bb5bbb0a9ce14076fbb645,,Binance: Hot Wallet 11,,Binance: Hot Wallet 11,,,0,,0.1865,121.12,122.87,1.75,658.81,2026-05-21,1,0.1865,121.12,122.87,1,friendly_tag_or_url_contains_binance,inflow_to_you
0x6f39031935e4dcc3ba997f57a23b55f23911b19e5b74a0defb0aea239b3c167a,https://bscscan.com/tx/0x6f39031935e4dcc3ba997f57a23b55f23911b19e5b74a0defb0aea239b3c167a,22598123,2022-10-29 15:16:43,,javascript:;,PancakeSwap: Router v2,https://bscscan.com/address/0x10ed43c718714eb63d5aa57b78b54704e256024e,0.107 BNB $69.49,0 . 00086956,,0x10ed43c718714eb63d5aa57b78b54704e256024e,,PancakeSwap: Router v2,,PancakeSwap: Router v2,safuu,1,high,0.107,69.49,70.49,1.00,658.81,2026-05-21,0,0,0.00,0.00,0,,outflow_from_you
0x8ef99cbec810a4cb28df9cce7377f21559d3f26a341022098743cb9234c6510e,https://bscscan.com/tx/0x8ef99cbec810a4cb28df9cce7377f21559d3f26a341022098743cb9234c6510e,22598074,2022-10-29 15:14:07,Binance: Hot Wallet 12,https://bscscan.com/address/0x515b72ed8a97f42c568d6a143232775018f133c8,,javascript:;,0.1075 BNB $69.82,0 . 00021,0x515b72ed8a97f42c568d6a143232775018f133c8,,Binance: Hot Wallet 12,,Binance: Hot Wallet 12,,,0,,0.1075,69.82,70.82,1.00,658.81,2026-05-21,1,0.1075,69.82,70.82,1,friendly_tag_or_url_contains_binance,inflow_to_you
0x21254918f13933dc4ae217c0a15c54bb51fd8c7063705289ed95309ba96b01b2,https://bscscan.com/tx/0x21254918f13933dc4ae217c0a15c54bb51fd8c7063705289ed95309ba96b01b2,22492328,2022-10-25 21:27:41,,javascript:;,PancakeSwap: Router v2,https://bscscan.com/address/0x10ed43c718714eb63d5aa57b78b54704e256024e,0.028 BNB $18.18,0 . 00086956,,0x10ed43c718714eb63d5aa57b78b54704e256024e,,PancakeSwap: Router v2,,PancakeSwap: Router v2,safuu,1,high,0.028,18.18,18.45,0.27,658.81,2026-05-21,0,0,0.00,0.00,0,,outflow_from_you
0xd799635fd9b876dfb44a2eb69d814df8e28037fc7b0d78b3a47fdfb5ff070f21,https://bscscan.com/tx/0xd799635fd9b876dfb44a2eb69d814df8e28037fc7b0d78b3a47fdfb5ff070f21,22490830,2022-10-25 20:12:29,Binance: Hot Wallet 23,https://bscscan.com/address/0x01c952174c24e1210d26961d456a77a39e1f0bb0,,javascript:;,0.0329 BNB $21.37,0 . 00021,0x01c952174c24e1210d26961d456a77a39e1f0bb0,,Binance: Hot Wallet 23,,Binance: Hot Wallet 23,,,0,,0.0329,21.37,21.67,0.30,658.81,2026-05-21,1,0.0329,21.37,21.67,1,friendly_tag_or_url_contains_binance,inflow_to_you
0x439db4085f800085c6584505f2b6acf32892c5808a2d16d2d7f2ed4505ff1869,https://bscscan.com/tx/0x439db4085f800085c6584505f2b6acf32892c5808a2d16d2d7f2ed4505ff1869,22389343,2022-10-22 6:45:58,,javascript:;,0x8b206a40...4e0eAF63E,https://bscscan.com/address/0x8b206a405c11664189cec6673bf5a9b4e0eaf63e,0.004 BNB $2.60,0 . 000105,,0x8b206a405c11664189cec6673bf5a9b4e0eaf63e,,,,,,0,,0.004,2.60,2.64,0.04,658.81,2026-05-21,0,0,0.00,0.00,0,,outflow_from_you
0xea7e54b2ffb60f06995d76d744842e8600ec0be244242d66e172b879f3b31517,https://bscscan.com/tx/0xea7e54b2ffb60f06995d76d744842e8600ec0be244242d66e172b879f3b31517,22348156,2022-10-20 20:10:05,0x2FAB0c7a...4d8BFE39D,https://bscscan.com/address/0x2fab0c7ace25621a34cf31e0ce282634d8bfe39d,,javascript:;,0.003239896 BNB $2.10,0 . 000105,0x2fab0c7ace25621a34cf31e0ce282634d8bfe39d,,,,,,,0,,0.003239896,2.10,2.13,0.03,658.81,2026-05-21,0,0,0.00,0.00,0,,inflow_to_you
0x8b2fb39a9cc04dee6b54c37ce4705dfac2316c48696456ac8de8a41da799269c,https://bscscan.com/tx/0x8b2fb39a9cc04dee6b54c37ce4705dfac2316c48696456ac8de8a41da799269c,22347351,2022-10-20 19:29:50,,javascript:;,0xE42BE986...70D329C86,https://bscscan.com/address/0xe42be98613347658f82dcd90ce8102e70d329c86,0.01 BNB $6.49,0 . 000105,,0xe42be98613347658f82dcd90ce8102e70d329c86,,,,,,0,,0.01,6.49,6.59,0.10,658.81,2026-05-21,0,0,0.00,0.00,0,,outflow_from_you
0xa438c7e90307ab1e22fc3c5ef63bd4db9e83ccdb8b906d1008205a07de37c7e0,https://bscscan.com/tx/0xa438c7e90307ab1e22fc3c5ef63bd4db9e83ccdb8b906d1008205a07de37c7e0,22347304,2022-10-20 19:27:29,Binance 51,https://bscscan.com/address/0x8894e0a0c962cb723c1976a4421c95949be2d4e3,,javascript:;,0.0115 BNB $7.47,0 . 00021,0x8894e0a0c962cb723c1976a4421c95949be2d4e3,,Binance 51,,Binance 51,,,0,,0.0115,7.47,7.58,0.11,658.81,2026-05-21,1,0.0115,7.47,7.58,1,friendly_tag_or_url_contains_binance,inflow_to_you
0x73826e2d8fd6dc6900f0364d78ef1a22818657cd2f4debb00cae62c87784b0c8,https://bscscan.com/tx/0x73826e2d8fd6dc6900f0364d78ef1a22818657cd2f4debb00cae62c87784b0c8,22347216,2022-10-20 19:23:05,,javascript:;,0xE42BE986...70D329C86,https://bscscan.com/address/0xe42be98613347658f82dcd90ce8102e70d329c86,0.002 BNB $1.30,0 . 000105,,0xe42be98613347658f82dcd90ce8102e70d329c86,,,,,,0,,0.002,1.30,1.32,0.02,658.81,2026-05-21,0,0,0.00,0.00,0,,outflow_from_you
0x3f6f454a010ddd64343056179cc815c52dee36d292e9af140d63f4289271f610,https://bscscan.com/tx/0x3f6f454a010ddd64343056179cc815c52dee36d292e9af140d63f4289271f610,22345129,2022-10-20 17:38:18,,javascript:;,0xe4d3C149...8E1A725A4,https://bscscan.com/address/0xe4d3c1492993fb9a01119cd23122a3b8e1a725a4,0 BNB $0.00,0 . 00204403,,0xe4d3c1492993fb9a01119cd23122a3b8e1a725a4,,,,,safuu,1,high,0,0.00,0.00,0.00,658.81,2026-05-21,0,0,0.00,0.00,0,,outflow_from_you
0xe77b802e18ab1ceb38c4e28ce63dd357f45dbcac3ab68ad68f8f176385f56958,https://bscscan.com/tx/0xe77b802e18ab1ceb38c4e28ce63dd357f45dbcac3ab68ad68f8f176385f56958,22345122,2022-10-20 17:37:57,,javascript:;,Safuu: SAFUU Token,https://bscscan.com/address/0xe5ba47fd94cb645ba4119222e34fb33f59c7cd90,0 BNB $0.00,0 . 00022036,,0xe5ba47fd94cb645ba4119222e34fb33f59c7cd90,,Safuu: SAFUU Token,,Safuu: SAFUU Token,safuu,1,high,0,0.00,0.00,0.00,658.81,2026-05-21,0,0,0.00,0.00,0,,outflow_from_you
0x1973a2a23e915f12ac7faa22590c82e5a83be062633935148b456eb5c55dcc1f,https://bscscan.com/tx/0x1973a2a23e915f12ac7faa22590c82e5a83be062633935148b456eb5c55dcc1f,22345097,2022-10-20 17:36:42,,javascript:;,PancakeSwap: Router v2,https://bscscan.com/address/0x10ed43c718714eb63d5aa57b78b54704e256024e,0.07 BNB $45.46,0 . 00087833,,0x10ed43c718714eb63d5aa57b78b54704e256024e,,PancakeSwap: Router v2,,PancakeSwap: Router v2,safuu,1,high,0.07,45.46,46.12,0.66,658.81,2026-05-21,0,0,0.00,0.00,0,,outflow_from_you
0x5c52e1209fd13975ee1fc0e0a3c762f88bdf3953422329e69de830a580983d33,https://bscscan.com/tx/0x5c52e1209fd13975ee1fc0e0a3c762f88bdf3953422329e69de830a580983d33,22345067,2022-10-20 17:35:12,,javascript:;,0xe4d3C149...8E1A725A4,https://bscscan.com/address/0xe4d3c1492993fb9a01119cd23122a3b8e1a725a4,0 BNB $0.00,0 . 0013882,,0xe4d3c1492993fb9a01119cd23122a3b8e1a725a4,,,,,safuu,1,high,0,0.00,0.00,0.00,658.81,2026-05-21,0,0,0.00,0.00,0,,outflow_from_you
0xa63b28a196e10fa9b920df321e18a66272004398fede90c20b9b72990959d782,https://bscscan.com/tx/0xa63b28a196e10fa9b920df321e18a66272004398fede90c20b9b72990959d782,22345058,2022-10-20 17:34:45,,javascript:;,Safuu: SAFUU Token,https://bscscan.com/address/0xe5ba47fd94cb645ba4119222e34fb33f59c7cd90,0 BNB $0.00,0 . 00012442,,0xe5ba47fd94cb645ba4119222e34fb33f59c7cd90,,Safuu: SAFUU Token,,Safuu: SAFUU Token,safuu,1,high,0,0.00,0.00,0.00,658.81,2026-05-21,0,0,0.00,0.00,0,,outflow_from_you
0x00168490f1e1365fc52e2733afd34be97a31aa23a9478eaf940137c70bd6bb0e,https://bscscan.com/tx/0x00168490f1e1365fc52e2733afd34be97a31aa23a9478eaf940137c70bd6bb0e,22344915,2022-10-20 17:27:36,0x8b206a40...4e0eAF63E,https://bscscan.com/address/0x8b206a405c11664189cec6673bf5a9b4e0eaf63e,,javascript:;,0.06 BNB $38.97,0 . 00011025,0x8b206a405c11664189cec6673bf5a9b4e0eaf63e,,,,,,,0,,0.06,38.97,39.53,0.56,658.81,2026-05-21,0,0,0.00,0.00,0,,inflow_to_you
0xec0f6ebe2843fbc8b8c29bbb9010358e8b4053dbb974d0b4308916f023f796da,https://bscscan.com/tx/0xec0f6ebe2843fbc8b8c29bbb9010358e8b4053dbb974d0b4308916f023f796da,22344740,2022-10-20 17:18:51,,javascript:;,0xe4d3C149...8E1A725A4,https://bscscan.com/address/0xe4d3c1492993fb9a01119cd23122a3b8e1a725a4,0 BNB $0.00,0 . 00226981,,0xe4d3c1492993fb9a01119cd23122a3b8e1a725a4,,,,,,0,,0,0.00,0.00,0.00,658.81,2026-05-21,0,0,0.00,0.00,0,,outflow_from_you
0x7be816492164c56f6cc077cf11a930a023099d8a396b8a8043cccce8e93b33bf,https://bscscan.com/tx/0x7be816492164c56f6cc077cf11a930a023099d8a396b8a8043cccce8e93b33bf,22344733,2022-10-20 17:18:30,,javascript:;,Safuu: SAFUU Token,https://bscscan.com/address/0xe5ba47fd94cb645ba4119222e34fb33f59c7cd90,0 BNB $0.00,0 . 00022042,,0xe5ba47fd94cb645ba4119222e34fb33f59c7cd90,,Safuu: SAFUU Token,,Safuu: SAFUU Token,safuu,1,high,0,0.00,0.00,0.00,658.81,2026-05-21,0,0,0.00,0.00,0,,outflow_from_you
0x707376ec54ff8023df80d1aeede433dce7de80716b54b6f8161db38d293f6d68,https://bscscan.com/tx/0x707376ec54ff8023df80d1aeede433dce7de80716b54b6f8161db38d293f6d68,22344681,2022-10-20 17:15:54,,javascript:;,0xe4d3C149...8E1A725A4,https://bscscan.com/address/0xe4d3c1492993fb9a01119cd23122a3b8e1a725a4,0 BNB $0.00,0 . 0013882,,0xe4d3c1492993fb9a01119cd23122a3b8e1a725a4,,,,,safuu,1,high,0,0.00,0.00,0.00,658.81,2026-05-21,0,0,0.00,0.00,0,,outflow_from_you
0xfbf8237100a7c9772f0dddfff04f61385e4993fe72cf2edd24c6156b0c720d7f,https://bscscan.com/tx/0xfbf8237100a7c9772f0dddfff04f61385e4993fe72cf2edd24c6156b0c720d7f,22344672,2022-10-20 17:15:27,,javascript:;,Safuu: SAFUU Token,https://bscscan.com/address/0xe5ba47fd94cb645ba4119222e34fb33f59c7cd90,0 BNB $0.00,0 . 00022042,,0xe5ba47fd94cb645ba4119222e34fb33f59c7cd90,,Safuu: SAFUU Token,,Safuu: SAFUU Token,safuu,1,high,0,0.00,0.00,0.00,658.81,2026-05-21,0,0,0.00,0.00,0,,outflow_from_you
0x0534eb798284e4f77d0320ef4d5cbb64861a63f65bbc6ac1fc770201ba5b2dfd,https://bscscan.com/tx/0x0534eb798284e4f77d0320ef4d5cbb64861a63f65bbc6ac1fc770201ba5b2dfd,22344624,2022-10-20 17:13:03,,javascript:;,0xe4d3C149...8E1A725A4,https://bscscan.com/address/0xe4d3c1492993fb9a01119cd23122a3b8e1a725a4,0 BNB $0.00,0 . 00128264,,0xe4d3c1492993fb9a01119cd23122a3b8e1a725a4,,,,,,0,,0,0.00,0.00,0.00,658.81,2026-05-21,0,0,0.00,0.00,0,,outflow_from_you
0xb93bf2461711687b8be7fb9085661027d976a31c5e703cf96b903d301678b2e4,https://bscscan.com/tx/0xb93bf2461711687b8be7fb9085661027d976a31c5e703cf96b903d301678b2e4,22344619,2022-10-20 17:12:48,,javascript:;,0xe4d3C149...8E1A725A4,https://bscscan.com/address/0xe4d3c1492993fb9a01119cd23122a3b8e1a725a4,0 BNB $0.00,0 . 0015382,,0xe4d3c1492993fb9a01119cd23122a3b8e1a725a4,,,,,safuu,1,high,0,0.00,0.00,0.00,658.81,2026-05-21,0,0,0.00,0.00,0,,outflow_from_you
0x9855e927117b57b069639a65b53ba4d54a825210aebb402b2210a6f648e90ab1,https://bscscan.com/tx/0x9855e927117b57b069639a65b53ba4d54a825210aebb402b2210a6f648e90ab1,22344614,2022-10-20 17:12:33,,javascript:;,Safuu: SAFUU Token,https://bscscan.com/address/0xe5ba47fd94cb645ba4119222e34fb33f59c7cd90,0 BNB $0.00,0 . 00012436,,0xe5ba47fd94cb645ba4119222e34fb33f59c7cd90,,Safuu: SAFUU Token,,Safuu: SAFUU Token,safuu,1,high,0,0.00,0.00,0.00,658.81,2026-05-21,0,0,0.00,0.00,0,,outflow_from_you
0x318be5bc73326b02ff39f0a24df84d3709781e49e85b552efd99b2c597cbe509,https://bscscan.com/tx/0x318be5bc73326b02ff39f0a24df84d3709781e49e85b552efd99b2c597cbe509,22344607,2022-10-20 17:12:12,,javascript:;,Safuu: SAFUU Token,https://bscscan.com/address/0xe5ba47fd94cb645ba4119222e34fb33f59c7cd90,0 BNB $0.00,0 . 00022036,,0xe5ba47fd94cb645ba4119222e34fb33f59c7cd90,,Safuu: SAFUU Token,,Safuu: SAFUU Token,safuu,1,high,0,0.00,0.00,0.00,658.81,2026-05-21,0,0,0.00,0.00,0,,outflow_from_you
0x80a91b7dada57635fc1b2393dbccd2c3a08ac7d887459adbacd47fa5d0cdb63d,https://bscscan.com/tx/0x80a91b7dada57635fc1b2393dbccd2c3a08ac7d887459adbacd47fa5d0cdb63d,22341003,2022-10-20 14:09:37,,javascript:;,PancakeSwap: Router v2,https://bscscan.com/address/0x10ed43c718714eb63d5aa57b78b54704e256024e,0.15 BNB $97.42,0 . 00087833,,0x10ed43c718714eb63d5aa57b78b54704e256024e,,PancakeSwap: Router v2,,PancakeSwap: Router v2,safuu,1,high,0.15,97.42,98.82,1.40,658.81,2026-05-21,0,0,0.00,0.00,0,,outflow_from_you
0xc96a62971e1b2f22d4bfbf82dc45930d844c3208c159434a469aa1148f0d3860,https://bscscan.com/tx/0xc96a62971e1b2f22d4bfbf82dc45930d844c3208c159434a469aa1148f0d3860,22340430,2022-10-20 13:40:55,,javascript:;,0xB6934215...68B6A3182,https://bscscan.com/address/0xb6934215b856b03430fc8dc058bd1c668b6a3182,0.1 BNB $64.95,0 . 000105,,0xb6934215b856b03430fc8dc058bd1c668b6a3182,,,,,,0,,0.1,64.95,65.88,0.93,658.81,2026-05-21,0,0,0.00,0.00,1,user_binance_address_match,outflow_from_you
0x821b57d779f72f84fd1ce6e88b829f534d788e616a2258644c12e80a2d3947c2,https://bscscan.com/tx/0x821b57d779f72f84fd1ce6e88b829f534d788e616a2258644c12e80a2d3947c2,22319091,2022-10-19 19:31:12,Binance: Hot Wallet 19,https://bscscan.com/address/0x1fbe2acee135d991592f167ac371f3dd893a508b,,javascript:;,0.0655 BNB $42.54,0 . 00021,0x1fbe2acee135d991592f167ac371f3dd893a508b,,Binance: Hot Wallet 19,,Binance: Hot Wallet 19,,,0,,0.0655,42.54,43.15,0.61,658.81,2026-05-21,1,0.0655,42.54,43.15,1,friendly_tag_or_url_contains_binance,inflow_to_you
0x63b4544ffae8d6b51240387115df0f1f768e3af214a5e505af3eada8620d174d,https://bscscan.com/tx/0x63b4544ffae8d6b51240387115df0f1f768e3af214a5e505af3eada8620d174d,22319008,2022-10-19 19:26:35,0x8b206a40...4e0eAF63E,https://bscscan.com/address/0x8b206a405c11664189cec6673bf5a9b4e0eaf63e,,javascript:;,0.02 BNB $12.99,0 . 00011025,0x8b206a405c11664189cec6673bf5a9b4e0eaf63e,,,,,,,0,,0.02,12.99,13.18,0.19,658.81,2026-05-21,0,0,0.00,0.00,0,,inflow_to_you
0xb8a58b0f6da2d67bc8a27945411b61b14bea1f0cf03c64dad9256079ca1e4fdc,https://bscscan.com/tx/0xb8a58b0f6da2d67bc8a27945411b61b14bea1f0cf03c64dad9256079ca1e4fdc,22318964,2022-10-19 19:24:23,0x8b206a40...4e0eAF63E,https://bscscan.com/address/0x8b206a405c11664189cec6673bf5a9b4e0eaf63e,,javascript:;,0.19 BNB $123.40,0 . 00011025,0x8b206a405c11664189cec6673bf5a9b4e0eaf63e,,,,,,,0,,0.19,123.40,125.17,1.77,658.81,2026-05-21,0,0,0.00,0.00,0,,inflow_to_you
0x34ff5b72367cbde698b84b4d94e090cbc48dafe946db24707ffc5f53a3ed4224,https://bscscan.com/tx/0x34ff5b72367cbde698b84b4d94e090cbc48dafe946db24707ffc5f53a3ed4224,22318022,2022-10-19 18:35:47,,javascript:;,Safuu: SAFUU Token,https://bscscan.com/address/0xe5ba47fd94cb645ba4119222e34fb33f59c7cd90,0 BNB $0.00,0 . 00049498,,0xe5ba47fd94cb645ba4119222e34fb33f59c7cd90,,Safuu: SAFUU Token,,Safuu: SAFUU Token,safuu,1,high,0,0.00,0.00,0.00,658.81,2026-05-21,0,0,0.00,0.00,0,,outflow_from_you
0x5e3ec75ef44d5953b7eefebaeaa38680639404e012b14dd0be2c47a2423f7ca0,https://bscscan.com/tx/0x5e3ec75ef44d5953b7eefebaeaa38680639404e012b14dd0be2c47a2423f7ca0,22317950,2022-10-19 18:31:47,,javascript:;,0x87C17151...0606a56bf,https://bscscan.com/address/0x87c1715176dfd3e3083c68287b339dd0606a56bf,0.13 BNB $84.43,0 . 000105,,0x87c1715176dfd3e3083c68287b339dd0606a56bf,,,,,,0,,0.13,84.43,85.65,1.22,658.81,2026-05-21,0,0,0.00,0.00,0,,outflow_from_you
0xf4f76f254226950e0dfe6d2888964e0a7573e18488cd3684978397754a76ed13,https://bscscan.com/tx/0xf4f76f254226950e0dfe6d2888964e0a7573e18488cd3684978397754a76ed13,22317901,2022-10-19 18:29:20,,javascript:;,0x2FAB0c7a...4d8BFE39D,https://bscscan.com/address/0x2fab0c7ace25621a34cf31e0ce282634d8bfe39d,0.001 BNB $0.65,0 . 000105,,0x2fab0c7ace25621a34cf31e0ce282634d8bfe39d,,,,,,0,,0.001,0.65,0.66,0.01,658.81,2026-05-21,0,0,0.00,0.00,0,,outflow_from_you
0x1d7441267112261a906ad8bf96f788ba3c788ed9f0ee29e9c1e15ec5d5571263,https://bscscan.com/tx/0x1d7441267112261a906ad8bf96f788ba3c788ed9f0ee29e9c1e15ec5d5571263,22317897,2022-10-19 18:29:08,,javascript:;,0x1a29bd7c...f3b80B17f,https://bscscan.com/address/0x1a29bd7c11347dba166f0893b2fcf03f3b80b17f,0.001 BNB $0.65,0 . 000105,,0x1a29bd7c11347dba166f0893b2fcf03f3b80b17f,,,,,,0,,0.001,0.65,0.66,0.01,658.81,2026-05-21,0,0,0.00,0.00,0,,outflow_from_you
0xc95f8f20cfcdebf36cc553e29694fd283b53cd1896667d90b48d2e263322ae9d,https://bscscan.com/tx/0xc95f8f20cfcdebf36cc553e29694fd283b53cd1896667d90b48d2e263322ae9d,22317874,2022-10-19 18:27:59,,javascript:;,0xCC1785D9...D19a6cc38,https://bscscan.com/address/0xcc1785d9b3279cbe66c1567f43b0df8d19a6cc38,0.001 BNB $0.65,0 . 000105,,0xcc1785d9b3279cbe66c1567f43b0df8d19a6cc38,,,,,,0,,0.001,0.65,0.66,0.01,658.81,2026-05-21,0,0,0.00,0.00,0,,outflow_from_you
0xe3b93af5148f6dffdcec363915f74f252a3d1fb8888775d5e7aff57be3a130b0,https://bscscan.com/tx/0xe3b93af5148f6dffdcec363915f74f252a3d1fb8888775d5e7aff57be3a130b0,22317840,2022-10-19 18:26:17,,javascript:;,0x5e0f5bDC...2B40e6373,https://bscscan.com/address/0x5e0f5bdc4d1c68f5e45a72cf0ce70b82b40e6373,0.001 BNB $0.65,0 . 000105,,0x5e0f5bdc4d1c68f5e45a72cf0ce70b82b40e6373,,,,,,0,,0.001,0.65,0.66,0.01,658.81,2026-05-21,0,0,0.00,0.00,0,,outflow_from_you
0xc01af1a28eb129e2f684b6d2f2b875a2b82d85a0b44f5a5175346c08d0e40766,https://bscscan.com/tx/0xc01af1a28eb129e2f684b6d2f2b875a2b82d85a0b44f5a5175346c08d0e40766,22317829,2022-10-19 18:25:43,,javascript:;,0xE42BE986...70D329C86,https://bscscan.com/address/0xe42be98613347658f82dcd90ce8102e70d329c86,0.001 BNB $0.65,0 . 000105,,0xe42be98613347658f82dcd90ce8102e70d329c86,,,,,,0,,0.001,0.65,0.66,0.01,658.81,2026-05-21,0,0,0.00,0.00,0,,outflow_from_you
0xe13d6ea6d2888f75d731cfd6eea7f6dc02bc2c5444611be52a967beca504ca35,https://bscscan.com/tx/0xe13d6ea6d2888f75d731cfd6eea7f6dc02bc2c5444611be52a967beca504ca35,22317786,2022-10-19 18:23:27,,javascript:;,PancakeSwap: Router v2,https://bscscan.com/address/0x10ed43c718714eb63d5aa57b78b54704e256024e,"5.3 BNB $3,442.14",0 . 00088705,,0x10ed43c718714eb63d5aa57b78b54704e256024e,,PancakeSwap: Router v2,,PancakeSwap: Router v2,safuu,1,high,5.3,3442.14,3491.69,49.55,658.81,2026-05-21,0,0,0.00,0.00,0,,outflow_from_you
0x3a411367a574892ebc8598f4361ae3745f4552921578df948fe0bd581e6cf1de,https://bscscan.com/tx/0x3a411367a574892ebc8598f4361ae3745f4552921578df948fe0bd581e6cf1de,22305601,2022-10-19 7:53:57,,javascript:;,PancakeSwap: Router v2,https://bscscan.com/address/0x10ed43c718714eb63d5aa57b78b54704e256024e,0 BNB $0.00,0 . 00155429,,0x10ed43c718714eb63d5aa57b78b54704e256024e,,PancakeSwap: Router v2,,PancakeSwap: Router v2,safuu,1,high,0,0.00,0.00,0.00,658.81,2026-05-21,0,0,0.00,0.00,0,,outflow_from_you
0xc90f5e005eabe4e9e648f79b16fc4be87813cc47eec2ec42389f98f9195d988f,https://bscscan.com/tx/0xc90f5e005eabe4e9e648f79b16fc4be87813cc47eec2ec42389f98f9195d988f,22305579,2022-10-19 7:52:51,,javascript:;,PancakeSwap: Router v2,https://bscscan.com/address/0x10ed43c718714eb63d5aa57b78b54704e256024e,0 BNB $0.00,0 . 00111671,,0x10ed43c718714eb63d5aa57b78b54704e256024e,,PancakeSwap: Router v2,,PancakeSwap: Router v2,,0,,0,0.00,0.00,0.00,658.81,2026-05-21,0,0,0.00,0.00,0,,outflow_from_you
0xadc07e81fe824b33b44475fa709fc2911f2d41be06e82f392248f09b3b88d43d,https://bscscan.com/tx/0xadc07e81fe824b33b44475fa709fc2911f2d41be06e82f392248f09b3b88d43d,22265318,2022-10-17 21:55:17,,javascript:;,0xB6934215...68B6A3182,https://bscscan.com/address/0xb6934215b856b03430fc8dc058bd1c668b6a3182,0.12 BNB $77.90,0 . 000105,,0xb6934215b856b03430fc8dc058bd1c668b6a3182,,,,,,0,,0.12,77.90,79.06,1.16,658.81,2026-05-21,0,0,0.00,0.00,1,user_binance_address_match,outflow_from_you
0x5ecb6916618d8630f562d498aca58c2d8c6c80f716eeac389d83b822c27725f8,https://bscscan.com/tx/0x5ecb6916618d8630f562d498aca58c2d8c6c80f716eeac389d83b822c27725f8,22265307,2022-10-17 21:54:44,,javascript:;,PancakeSwap: Router v2,https://bscscan.com/address/0x10ed43c718714eb63d5aa57b78b54704e256024e,0 BNB $0.00,0 . 00155429,,0x10ed43c718714eb63d5aa57b78b54704e256024e,,PancakeSwap: Router v2,,PancakeSwap: Router v2,safuu,1,high,0,0.00,0.00,0.00,658.81,2026-05-21,0,0,0.00,0.00,0,,outflow_from_you
0x151bce9d0c0aef7b44cfd88ce0f8721fa3e5aaca0323d0ca7bbe171f4ece71be,https://bscscan.com/tx/0x151bce9d0c0aef7b44cfd88ce0f8721fa3e5aaca0323d0ca7bbe171f4ece71be,22265275,2022-10-17 21:53:08,,javascript:;,0xB6934215...68B6A3182,https://bscscan.com/address/0xb6934215b856b03430fc8dc058bd1c668b6a3182,0.017 BNB $11.04,0 . 000105,,0xb6934215b856b03430fc8dc058bd1c668b6a3182,,,,,,0,,0.017,11.04,11.20,0.16,658.81,2026-05-21,0,0,0.00,0.00,1,user_binance_address_match,outflow_from_you
0x5501a587a7f09d270fc5315ccefa9b292eff1f6e08f4a733b984ac8147d508da,https://bscscan.com/tx/0x5501a587a7f09d270fc5315ccefa9b292eff1f6e08f4a733b984ac8147d508da,22254155,2022-10-17 12:31:57,,javascript:;,PancakeSwap: Router v2,https://bscscan.com/address/0x10ed43c718714eb63d5aa57b78b54704e256024e,0.06 BNB $38.95,0 . 00088705,,0x10ed43c718714eb63d5aa57b78b54704e256024e,,PancakeSwap: Router v2,,PancakeSwap: Router v2,safuu,1,high,0.06,38.95,39.53,0.58,658.81,2026-05-21,0,0,0.00,0.00,0,,outflow_from_you
0x38adaacd7c98a7776853ec4913f99a28e025cbee6f03d18fa18f963f9fe9080b,https://bscscan.com/tx/0x38adaacd7c98a7776853ec4913f99a28e025cbee6f03d18fa18f963f9fe9080b,22254095,2022-10-17 12:28:57,,javascript:;,Safuu: SAFUU Token,https://bscscan.com/address/0xe5ba47fd94cb645ba4119222e34fb33f59c7cd90,0 BNB $0.00,0 . 00036608,,0xe5ba47fd94cb645ba4119222e34fb33f59c7cd90,,Safuu: SAFUU Token,,Safuu: SAFUU Token,safuu,1,high,0,0.00,0.00,0.00,658.81,2026-05-21,0,0,0.00,0.00,0,,outflow_from_you
0x261faa83a0f2c79770ae81c86a76a8a4d182dfa7d2bc5316087527d76db7060c,https://bscscan.com/tx/0x261faa83a0f2c79770ae81c86a76a8a4d182dfa7d2bc5316087527d76db7060c,22254091,2022-10-17 12:28:45,,javascript:;,Safuu: SAFUU Token,https://bscscan.com/address/0xe5ba47fd94cb645ba4119222e34fb33f59c7cd90,0 BNB $0.00,0 . 00036608,,0xe5ba47fd94cb645ba4119222e34fb33f59c7cd90,,Safuu: SAFUU Token,,Safuu: SAFUU Token,safuu,1,high,0,0.00,0.00,0.00,658.81,2026-05-21,0,0,0.00,0.00,0,,outflow_from_you
0xd7ec300c85f6ba478f3e22efb34667e99bac89f2917593c5df7681235bbfc261,https://bscscan.com/tx/0xd7ec300c85f6ba478f3e22efb34667e99bac89f2917593c5df7681235bbfc261,22254086,2022-10-17 12:28:30,,javascript:;,Safuu: SAFUU Token,https://bscscan.com/address/0xe5ba47fd94cb645ba4119222e34fb33f59c7cd90,0 BNB $0.00,0 . 00036608,,0xe5ba47fd94cb645ba4119222e34fb33f59c7cd90,,Safuu: SAFUU Token,,Safuu: SAFUU Token,safuu,1,high,0,0.00,0.00,0.00,658.81,2026-05-21,0,0,0.00,0.00,0,,outflow_from_you
0x32d57d1c2537a31f2887853d498bb527f17688e3564d2fcbdab426ef07eea3b5,https://bscscan.com/tx/0x32d57d1c2537a31f2887853d498bb527f17688e3564d2fcbdab426ef07eea3b5,22254081,2022-10-17 12:28:15,,javascript:;,Safuu: SAFUU Token,https://bscscan.com/address/0xe5ba47fd94cb645ba4119222e34fb33f59c7cd90,0 BNB $0.00,0 . 00036608,,0xe5ba47fd94cb645ba4119222e34fb33f59c7cd90,,Safuu: SAFUU Token,,Safuu: SAFUU Token,safuu,1,high,0,0.00,0.00,0.00,658.81,2026-05-21,0,0,0.00,0.00,0,,outflow_from_you
0x4469793125aafaa8be3e5be3e00dd7ea7031f666cb33d36489a89924414e7f6c,https://bscscan.com/tx/0x4469793125aafaa8be3e5be3e00dd7ea7031f666cb33d36489a89924414e7f6c,22254076,2022-10-17 12:28:00,,javascript:;,Safuu: SAFUU Token,https://bscscan.com/address/0xe5ba47fd94cb645ba4119222e34fb33f59c7cd90,0 BNB $0.00,0 . 00100739,,0xe5ba47fd94cb645ba4119222e34fb33f59c7cd90,,Safuu: SAFUU Token,,Safuu: SAFUU Token,safuu,1,high,0,0.00,0.00,0.00,658.81,2026-05-21,0,0,0.00,0.00,0,,outflow_from_you
0x070b3935a9d8ae0dd8f9cffac26d30cf1227dfed5ed9c153da72f1c6d12d9cc5,https://bscscan.com/tx/0x070b3935a9d8ae0dd8f9cffac26d30cf1227dfed5ed9c153da72f1c6d12d9cc5,22253938,2022-10-17 12:21:06,0x87C17151...0606a56bf,https://bscscan.com/address/0x87c1715176dfd3e3083c68287b339dd0606a56bf,,javascript:;,0.073 BNB $47.39,0 . 000105,0x87c1715176dfd3e3083c68287b339dd0606a56bf,,,,,,,0,,0.073,47.39,48.09,0.70,658.81,2026-05-21,0,0,0.00,0.00,0,,inflow_to_you
0xe5f8d8394211817e6a738a5b4e3147387b06e827b98b8bdf5d4dc744d234c471,https://bscscan.com/tx/0xe5f8d8394211817e6a738a5b4e3147387b06e827b98b8bdf5d4dc744d234c471,22240691,2022-10-17 1:10:42,,javascript:;,PancakeSwap: Router v2,https://bscscan.com/address/0x10ed43c718714eb63d5aa57b78b54704e256024e,0.43 BNB $279.13,0 . 00088705,,0x10ed43c718714eb63d5aa57b78b54704e256024e,,PancakeSwap: Router v2,,PancakeSwap: Router v2,safuu,1,high,0.43,279.13,283.29,4.16,658.81,2026-05-21,0,0,0.00,0.00,0,,outflow_from_you
0x2d1bcab57fa979be8592659cb065f7c169cd9e0b9e02f3e7cd9f9ec0dae18d22,https://bscscan.com/tx/0x2d1bcab57fa979be8592659cb065f7c169cd9e0b9e02f3e7cd9f9ec0dae18d22,22226738,2022-10-16 13:26:32,Binance: Hot Wallet 10,https://bscscan.com/address/0xeb2d2f1b8c558a40207669291fda468e50c8a0bb,,javascript:;,0.3895 BNB $252.84,0 . 00021,0xeb2d2f1b8c558a40207669291fda468e50c8a0bb,,Binance: Hot Wallet 10,,Binance: Hot Wallet 10,,,0,,0.3895,252.84,256.61,3.77,658.81,2026-05-21,1,0.3895,252.84,256.61,1,friendly_tag_or_url_contains_binance,inflow_to_you
0xc2ee90d759102ff102ecdc80be30867d890640d75064d3fea545c13361b338af,https://bscscan.com/tx/0xc2ee90d759102ff102ecdc80be30867d890640d75064d3fea545c13361b338af,22226665,2022-10-16 13:22:53,,javascript:;,PancakeSwap: Router v2,https://bscscan.com/address/0x10ed43c718714eb63d5aa57b78b54704e256024e,0.75 BNB $486.85,0 . 00088705,,0x10ed43c718714eb63d5aa57b78b54704e256024e,,PancakeSwap: Router v2,,PancakeSwap: Router v2,safuu,1,high,0.75,486.85,494.11,7.26,658.81,2026-05-21,0,0,0.00,0.00,0,,outflow_from_you
0x603eb73f90ce8eef7fc15b869f29391e631065b91f9360ddcafc1cfb8adf538f,https://bscscan.com/tx/0x603eb73f90ce8eef7fc15b869f29391e631065b91f9360ddcafc1cfb8adf538f,22225622,2022-10-16 12:30:03,,javascript:;,PancakeSwap: Router v2,https://bscscan.com/address/0x10ed43c718714eb63d5aa57b78b54704e256024e,0.35 BNB $227.20,0 . 00088705,,0x10ed43c718714eb63d5aa57b78b54704e256024e,,PancakeSwap: Router v2,,PancakeSwap: Router v2,safuu,1,high,0.35,227.20,230.58,3.38,658.81,2026-05-21,0,0,0.00,0.00,0,,outflow_from_you
0x6488893feda2d1c53cf07f6ef5a76833ed00122c9e51cac418ea3fad63265147,https://bscscan.com/tx/0x6488893feda2d1c53cf07f6ef5a76833ed00122c9e51cac418ea3fad63265147,22149160,2022-10-13 20:18:06,Binance: Hot Wallet 11,https://bscscan.com/address/0x161ba15a5f335c9f06bb5bbb0a9ce14076fbb645,,javascript:;,0.7495 BNB $486.53,0 . 00021,0x161ba15a5f335c9f06bb5bbb0a9ce14076fbb645,,Binance: Hot Wallet 11,,Binance: Hot Wallet 11,,,0,,0.7495,486.53,493.78,7.25,658.81,2026-05-21,1,0.7495,486.53,493.78,1,friendly_tag_or_url_contains_binance,inflow_to_you
0xaa4a3cbeefe8fdafa65f230b167f004cac723666138c21911569a9beb24cb104,https://bscscan.com/tx/0xaa4a3cbeefe8fdafa65f230b167f004cac723666138c21911569a9beb24cb104,22149055,2022-10-13 20:12:51,,javascript:;,PancakeSwap: Router v2,https://bscscan.com/address/0x10ed43c718714eb63d5aa57b78b54704e256024e,0.35 BNB $227.20,0 . 00088705,,0x10ed43c718714eb63d5aa57b78b54704e256024e,,PancakeSwap: Router v2,,PancakeSwap: Router v2,safuu,1,high,0.35,227.20,230.58,3.38,658.81,2026-05-21,0,0,0.00,0.00,0,,outflow_from_you
0xaa68248a13d78c5d55580e2d61b99f91bfc53fce52a5ee67f7ced0db72f4e221,https://bscscan.com/tx/0xaa68248a13d78c5d55580e2d61b99f91bfc53fce52a5ee67f7ced0db72f4e221,22147691,2022-10-13 19:03:58,Binance: Hot Wallet 13,https://bscscan.com/address/0xbd612a3f30dca67bf60a39fd0d35e39b7ab80774,,javascript:;,0.7495 BNB $486.53,0 . 00021,0xbd612a3f30dca67bf60a39fd0d35e39b7ab80774,,Binance: Hot Wallet 13,,Binance: Hot Wallet 13,,,0,,0.7495,486.53,493.78,7.25,658.81,2026-05-21,1,0.7495,486.53,493.78,1,friendly_tag_or_url_contains_binance,inflow_to_you
0x4e83595da7ed0781edb39c115b7c959c3329a56869badb3d0f81cbc0a114933f,https://bscscan.com/tx/0x4e83595da7ed0781edb39c115b7c959c3329a56869badb3d0f81cbc0a114933f,22147051,2022-10-13 18:31:31,,javascript:;,PancakeSwap: Router v2,https://bscscan.com/address/0x10ed43c718714eb63d5aa57b78b54704e256024e,0.34 BNB $220.71,0 . 00088705,,0x10ed43c718714eb63d5aa57b78b54704e256024e,,PancakeSwap: Router v2,,PancakeSwap: Router v2,safuu,1,high,0.34,220.71,224.00,3.29,658.81,2026-05-21,0,0,0.00,0.00,0,,outflow_from_you
0x4f1accaa5af52ce934d73d35a1d826bdf0b2aed361bf11e4cd19e5bc38c90582,https://bscscan.com/tx/0x4f1accaa5af52ce934d73d35a1d826bdf0b2aed361bf11e4cd19e5bc38c90582,22143850,2022-10-13 15:50:33,,javascript:;,PancakeSwap: Router v2,https://bscscan.com/address/0x10ed43c718714eb63d5aa57b78b54704e256024e,0.35 BNB $227.20,0 . 00088705,,0x10ed43c718714eb63d5aa57b78b54704e256024e,,PancakeSwap: Router v2,,PancakeSwap: Router v2,safuu,1,high,0.35,227.20,230.58,3.38,658.81,2026-05-21,0,0,0.00,0.00,0,,outflow_from_you
0xfcb6988e1388dc07962c719668e4bb20a475a4128fd50ef81b26dffe89c8e076,https://bscscan.com/tx/0xfcb6988e1388dc07962c719668e4bb20a475a4128fd50ef81b26dffe89c8e076,22143834,2022-10-13 15:49:45,,javascript:;,PancakeSwap: Router v2,https://bscscan.com/address/0x10ed43c718714eb63d5aa57b78b54704e256024e,0.35 BNB $227.20,0 . 00093556,,0x10ed43c718714eb63d5aa57b78b54704e256024e,,PancakeSwap: Router v2,,PancakeSwap: Router v2,,0,,0.35,227.20,230.58,3.38,658.81,2026-05-21,0,0,0.00,0.00,0,,outflow_from_you
0x359ef0bc55afd0b8f4f1fa0ddd5e4a3c62b177722bf62fda7668a3a7da89e6c1,https://bscscan.com/tx/0x359ef0bc55afd0b8f4f1fa0ddd5e4a3c62b177722bf62fda7668a3a7da89e6c1,22142596,2022-10-13 14:46:22,,javascript:;,PancakeSwap: Router v2,https://bscscan.com/address/0x10ed43c718714eb63d5aa57b78b54704e256024e,0.35 BNB $227.20,0 . 00088705,,0x10ed43c718714eb63d5aa57b78b54704e256024e,,PancakeSwap: Router v2,,PancakeSwap: Router v2,safuu,1,high,0.35,227.20,230.58,3.38,658.81,2026-05-21,0,0,0.00,0.00,0,,outflow_from_you
0x5a02cb49dd47a0e189a938ed48abdf638963e890cd5308574b4734f63b08e605,https://bscscan.com/tx/0x5a02cb49dd47a0e189a938ed48abdf638963e890cd5308574b4734f63b08e605,22142592,2022-10-13 14:46:10,,javascript:;,PancakeSwap: Router v2,https://bscscan.com/address/0x10ed43c718714eb63d5aa57b78b54704e256024e,0.35 BNB $227.20,0 . 00088705,,0x10ed43c718714eb63d5aa57b78b54704e256024e,,PancakeSwap: Router v2,,PancakeSwap: Router v2,safuu,1,high,0.35,227.20,230.58,3.38,658.81,2026-05-21,0,0,0.00,0.00,0,,outflow_from_you
0x3471644e2508a0d210f9e377fd49573637827cfd6bb449a10b60ade76574d5e5,https://bscscan.com/tx/0x3471644e2508a0d210f9e377fd49573637827cfd6bb449a10b60ade76574d5e5,22142543,2022-10-13 14:43:34,Binance 51,https://bscscan.com/address/0x8894e0a0c962cb723c1976a4421c95949be2d4e3,,javascript:;,1.3995 BNB $908.47,0 . 00021,0x8894e0a0c962cb723c1976a4421c95949be2d4e3,,Binance 51,,Binance 51,,,0,,1.3995,908.47,922.00,13.53,658.81,2026-05-21,1,1.3995,908.47,922.00,1,friendly_tag_or_url_contains_binance,inflow_to_you
0xe2a2e5bc772493840c83f2bdc85be44fdda3f272e2ae0d99a31a93e953c3c29b,https://bscscan.com/tx/0xe2a2e5bc772493840c83f2bdc85be44fdda3f272e2ae0d99a31a93e953c3c29b,22142239,2022-10-13 14:27:53,,javascript:;,PancakeSwap: Router v2,https://bscscan.com/address/0x10ed43c718714eb63d5aa57b78b54704e256024e,0.75 BNB $486.85,0 . 00088705,,0x10ed43c718714eb63d5aa57b78b54704e256024e,,PancakeSwap: Router v2,,PancakeSwap: Router v2,safuu,1,high,0.75,486.85,494.11,7.26,658.81,2026-05-21,0,0,0.00,0.00,0,,outflow_from_you
0x9c8de2bb5d96ec8cd0fc1ff9e11556be92935c3ac872180301c04b8024ff606b,https://bscscan.com/tx/0x9c8de2bb5d96ec8cd0fc1ff9e11556be92935c3ac872180301c04b8024ff606b,22122659,2022-10-12 21:54:27,,javascript:;,PancakeSwap: Router v2,https://bscscan.com/address/0x10ed43c718714eb63d5aa57b78b54704e256024e,0.75 BNB $486.85,0 . 00088705,,0x10ed43c718714eb63d5aa57b78b54704e256024e,,PancakeSwap: Router v2,,PancakeSwap: Router v2,safuu,1,high,0.75,486.85,494.11,7.26,658.81,2026-05-21,0,0,0.00,0.00,0,,outflow_from_you
0x1955c86aec3d1d275ad484fcd5111cc88f4a417dd0a43ebe83e6f476b9b9bf56,https://bscscan.com/tx/0x1955c86aec3d1d275ad484fcd5111cc88f4a417dd0a43ebe83e6f476b9b9bf56,22118417,2022-10-12 18:18:23,,javascript:;,PancakeSwap: Router v2,https://bscscan.com/address/0x10ed43c718714eb63d5aa57b78b54704e256024e,0.75 BNB $486.85,0 . 00088705,,0x10ed43c718714eb63d5aa57b78b54704e256024e,,PancakeSwap: Router v2,,PancakeSwap: Router v2,safuu,1,high,0.75,486.85,494.11,7.26,658.81,2026-05-21,0,0,0.00,0.00,0,,outflow_from_you
0xdd54f5c9db090913848bec9c610451ec5019ae75de4f2b52cfce2b00fbcc5ccc,https://bscscan.com/tx/0xdd54f5c9db090913848bec9c610451ec5019ae75de4f2b52cfce2b00fbcc5ccc,22118299,2022-10-12 18:12:19,Binance: Hot Wallet 11,https://bscscan.com/address/0x161ba15a5f335c9f06bb5bbb0a9ce14076fbb645,,javascript:;,0.7495 BNB $486.53,0 . 00021,0x161ba15a5f335c9f06bb5bbb0a9ce14076fbb645,,Binance: Hot Wallet 11,,Binance: Hot Wallet 11,,,0,,0.7495,486.53,493.78,7.25,658.81,2026-05-21,1,0.7495,486.53,493.78,1,friendly_tag_or_url_contains_binance,inflow_to_you
0xfb347818b6b81789433fc6f431954c4cd4765d47df71dd179a43d2bffe74d569,https://bscscan.com/tx/0xfb347818b6b81789433fc6f431954c4cd4765d47df71dd179a43d2bffe74d569,22118272,2022-10-12 18:10:58,Binance: Hot Wallet 12,https://bscscan.com/address/0x515b72ed8a97f42c568d6a143232775018f133c8,,javascript:;,1.4995 BNB $973.38,0 . 00021,0x515b72ed8a97f42c568d6a143232775018f133c8,,Binance: Hot Wallet 12,,Binance: Hot Wallet 12,,,0,,1.4995,973.38,987.89,14.51,658.81,2026-05-21,1,1.4995,973.38,987.89,1,friendly_tag_or_url_contains_binance,inflow_to_you
0x67b349beb878ea7843cb2cfe41bd99a412057f6b1090a0c0473c3606b65359d3,https://bscscan.com/tx/0x67b349beb878ea7843cb2cfe41bd99a412057f6b1090a0c0473c3606b65359d3,22118203,2022-10-12 18:07:31,,javascript:;,PancakeSwap: Router v2,https://bscscan.com/address/0x10ed43c718714eb63d5aa57b78b54704e256024e,0.75 BNB $486.85,0 . 00088705,,0x10ed43c718714eb63d5aa57b78b54704e256024e,,PancakeSwap: Router v2,,PancakeSwap: Router v2,safuu,1,high,0.75,486.85,494.11,7.26,658.81,2026-05-21,0,0,0.00,0.00,0,,outflow_from_you
0x4e6dbc413fb8aef0de3b876ccea8085c8666d8e1de246072908b6aee53d2be61,https://bscscan.com/tx/0x4e6dbc413fb8aef0de3b876ccea8085c8666d8e1de246072908b6aee53d2be61,22114918,2022-10-12 15:21:07,,javascript:;,PancakeSwap: Router v2,https://bscscan.com/address/0x10ed43c718714eb63d5aa57b78b54704e256024e,0.75 BNB $486.85,0 . 00088705,,0x10ed43c718714eb63d5aa57b78b54704e256024e,,PancakeSwap: Router v2,,PancakeSwap: Router v2,safuu,1,high,0.75,486.85,494.11,7.26,658.81,2026-05-21,0,0,0.00,0.00,0,,outflow_from_you
0x0d1fef977daead1a463f63221c9d593d534be6390833b0f66e4d4efe1fc2cb6f,https://bscscan.com/tx/0x0d1fef977daead1a463f63221c9d593d534be6390833b0f66e4d4efe1fc2cb6f,22112728,2022-10-12 13:30:43,Binance: Hot Wallet 23,https://bscscan.com/address/0x01c952174c24e1210d26961d456a77a39e1f0bb0,,javascript:;,0.7495 BNB $486.53,0 . 00021,0x01c952174c24e1210d26961d456a77a39e1f0bb0,,Binance: Hot Wallet 23,,Binance: Hot Wallet 23,,,0,,0.7495,486.53,493.78,7.25,658.81,2026-05-21,1,0.7495,486.53,493.78,1,friendly_tag_or_url_contains_binance,inflow_to_you
0xd9c12ef750fdb58c31bc9eecbe93fff98aeaca06fb6bb2a65d4f23b4380c23d0,https://bscscan.com/tx/0xd9c12ef750fdb58c31bc9eecbe93fff98aeaca06fb6bb2a65d4f23b4380c23d0,22112284,2022-10-12 13:08:31,Binance: Hot Wallet 23,https://bscscan.com/address/0x01c952174c24e1210d26961d456a77a39e1f0bb0,,javascript:;,0.0095 BNB $6.17,0 . 00021,0x01c952174c24e1210d26961d456a77a39e1f0bb0,,Binance: Hot Wallet 23,,Binance: Hot Wallet 23,,,0,,0.0095,6.17,6.26,0.09,658.81,2026-05-21,1,0.0095,6.17,6.26,1,friendly_tag_or_url_contains_binance,inflow_to_you
0x9a391aa9ff59a83def9d3bc61e95fc78364d115762ff87215097988bc33e80ba,https://bscscan.com/tx/0x9a391aa9ff59a83def9d3bc61e95fc78364d115762ff87215097988bc33e80ba,22112174,2022-10-12 13:02:49,,javascript:;,PancakeSwap: Router v2,https://bscscan.com/address/0x10ed43c718714eb63d5aa57b78b54704e256024e,0.75 BNB $486.85,0 . 00088705,,0x10ed43c718714eb63d5aa57b78b54704e256024e,,PancakeSwap: Router v2,,PancakeSwap: Router v2,safuu,1,high,0.75,486.85,494.11,7.26,658.81,2026-05-21,0,0,0.00,0.00,0,,outflow_from_you
0x403517a01aa2238ef634db47a750d03d67972da5feca0c9242738c8ba3c8e127,https://bscscan.com/tx/0x403517a01aa2238ef634db47a750d03d67972da5feca0c9242738c8ba3c8e127,22112129,2022-10-12 13:00:24,Binance 47,https://bscscan.com/address/0x3c783c21a0383057d128bae431894a5c19f9cf06,,javascript:;,0.7495 BNB $486.53,0 . 00021,0x3c783c21a0383057d128bae431894a5c19f9cf06,,Binance 47,,Binance 47,,,0,,0.7495,486.53,493.78,7.25,658.81,2026-05-21,1,0.7495,486.53,493.78,1,friendly_tag_or_url_contains_binance,inflow_to_you
0x35c9b1404fdab2432cf38d02e118d7501d62add77d65af2f956bd1d34985156f,https://bscscan.com/tx/0x35c9b1404fdab2432cf38d02e118d7501d62add77d65af2f956bd1d34985156f,22111843,2022-10-12 12:45:58,Binance: Hot Wallet 16,https://bscscan.com/address/0xa180fe01b906a1be37be6c534a3300785b20d947,,javascript:;,0.7495 BNB $486.53,0 . 00021,0xa180fe01b906a1be37be6c534a3300785b20d947,,Binance: Hot Wallet 16,,Binance: Hot Wallet 16,,,0,,0.7495,486.53,493.78,7.25,658.81,2026-05-21,1,0.7495,486.53,493.78,1,friendly_tag_or_url_contains_binance,inflow_to_you
0x304b9687329fb236bfb3495d728ed4e5bb7829ce6b26197964dc84c7ba76b728,https://bscscan.com/tx/0x304b9687329fb236bfb3495d728ed4e5bb7829ce6b26197964dc84c7ba76b728,22109651,2022-10-12 10:54:01,,javascript:;,0xB6934215...68B6A3182,https://bscscan.com/address/0xb6934215b856b03430fc8dc058bd1c668b6a3182,0.291 BNB $188.90,0 . 000105,,0xb6934215b856b03430fc8dc058bd1c668b6a3182,,,,,,0,,0.291,188.90,191.71,2.81,658.81,2026-05-21,0,0,0.00,0.00,1,user_binance_address_match,outflow_from_you
0x3b94d0cf1a814d61eac28267f7383910936e06abcf2164ae6bc19b6b3581bd80,https://bscscan.com/tx/0x3b94d0cf1a814d61eac28267f7383910936e06abcf2164ae6bc19b6b3581bd80,22109627,2022-10-12 10:52:36,,javascript:;,0x1c440E95...62818ce96,https://bscscan.com/address/0x1c440e95bf2c1354043963e3543e93162818ce96,0 BNB $0.00,0 . 00225206,,0x1c440e95bf2c1354043963e3543e93162818ce96,,,,,,0,,0,0.00,0.00,0.00,658.81,2026-05-21,0,0,0.00,0.00,0,,outflow_from_you
0x2ba2c69ba96fe9db8b9a658402db9e87997aa383d4e89a3c8658f2e10c2c774b,https://bscscan.com/tx/0x2ba2c69ba96fe9db8b9a658402db9e87997aa383d4e89a3c8658f2e10c2c774b,22109622,2022-10-12 10:52:18,,javascript:;,0x78B2425F...43af83FB8,https://bscscan.com/address/0x78b2425fc305c0266143eaa527b01b043af83fb8,0 BNB $0.00,0 . 00012529,,0x78b2425fc305c0266143eaa527b01b043af83fb8,,,,,,0,,0,0.00,0.00,0.00,658.81,2026-05-21,0,0,0.00,0.00,0,,outflow_from_you
0xa9fa6702156a921ccf1739e21ff9a9c6f8059f8a3674b05a0eb95f284dc1c362,https://bscscan.com/tx/0xa9fa6702156a921ccf1739e21ff9a9c6f8059f8a3674b05a0eb95f284dc1c362,22109617,2022-10-12 10:51:59,,javascript:;,0x78B2425F...43af83FB8,https://bscscan.com/address/0x78b2425fc305c0266143eaa527b01b043af83fb8,0 BNB $0.00,0 . 00022129,,0x78b2425fc305c0266143eaa527b01b043af83fb8,,,,,,0,,0,0.00,0.00,0.00,658.81,2026-05-21,0,0,0.00,0.00,0,,outflow_from_you
0x8cfeef390810721954a6e5f451f7862bbaf3383c19e5195770789eed95e5c8ed,https://bscscan.com/tx/0x8cfeef390810721954a6e5f451f7862bbaf3383c19e5195770789eed95e5c8ed,22108896,2022-10-12 10:14:17,,javascript:;,0xBdb2cf92...2B0687C4b,https://bscscan.com/address/0xbdb2cf92ffad65c9d195a9cb95759912b0687c4b,0 BNB $0.00,0 . 00595764,,0xbdb2cf92ffad65c9d195a9cb95759912b0687c4b,,,,,,0,,0,0.00,0.00,0.00,658.81,2026-05-21,0,0,0.00,0.00,0,,outflow_from_you
0xfdf076458d67eacfa5bf55986cb2757a4213fd6af71dee09fd06bbe917e78ba6,https://bscscan.com/tx/0xfdf076458d67eacfa5bf55986cb2757a4213fd6af71dee09fd06bbe917e78ba6,22081061,2022-10-11 10:22:41,Binance: Hot Wallet 23,https://bscscan.com/address/0x01c952174c24e1210d26961d456a77a39e1f0bb0,,javascript:;,0.0095 BNB $6.17,0 . 00021,0x01c952174c24e1210d26961d456a77a39e1f0bb0,,Binance: Hot Wallet 23,,Binance: Hot Wallet 23,,,0,,0.0095,6.17,6.26,0.09,658.81,2026-05-21,1,0.0095,6.17,6.26,1,friendly_tag_or_url_contains_binance,inflow_to_you
0x4151177c1d6f8a289664485f125c1896018fe4d1d21528517e642709fcd86a6f,https://bscscan.com/tx/0x4151177c1d6f8a289664485f125c1896018fe4d1d21528517e642709fcd86a6f,22080902,2022-10-11 10:14:44,,javascript:;,0xBdb2cf92...2B0687C4b,https://bscscan.com/address/0xbdb2cf92ffad65c9d195a9cb95759912b0687c4b,0 BNB $0.00,0 . 00056708,,0xbdb2cf92ffad65c9d195a9cb95759912b0687c4b,,,,,,0,,0,0.00,0.00,0.00,658.81,2026-05-21,0,0,0.00,0.00,0,,outflow_from_you
0x952f649b4059f18763d3e2adb728d9efcd0fcbe3baacd72882376b4762d5c2c4,https://bscscan.com/tx/0x952f649b4059f18763d3e2adb728d9efcd0fcbe3baacd72882376b4762d5c2c4,22080838,2022-10-11 10:11:32,,javascript:;,0xBdb2cf92...2B0687C4b,https://bscscan.com/address/0xbdb2cf92ffad65c9d195a9cb95759912b0687c4b,0 BNB $0.00,0 . 00130859,,0xbdb2cf92ffad65c9d195a9cb95759912b0687c4b,,,,,,0,,0,0.00,0.00,0.00,658.81,2026-05-21,0,0,0.00,0.00,0,,outflow_from_you
0x3b4ffb1459fdea8bd1bd5c14791780027e20fec7ce464cb036ca2fb1640d86d4,https://bscscan.com/tx/0x3b4ffb1459fdea8bd1bd5c14791780027e20fec7ce464cb036ca2fb1640d86d4,22080471,2022-10-11 9:52:19,,javascript:;,0xB6934215...68B6A3182,https://bscscan.com/address/0xb6934215b856b03430fc8dc058bd1c668b6a3182,"3.1 BNB $2,012.33",0 . 000105,,0xb6934215b856b03430fc8dc058bd1c668b6a3182,,,,,,0,,3.1,2012.33,2042.31,29.98,658.81,2026-05-21,0,0,0.00,0.00,1,user_binance_address_match,outflow_from_you
0xea8620afc941934ca0061d88b80924c3ca597dae9132580b145eaf17d8372530,https://bscscan.com/tx/0xea8620afc941934ca0061d88b80924c3ca597dae9132580b145eaf17d8372530,22080440,2022-10-11 9:50:34,,javascript:;,PancakeSwap: Router v2,https://bscscan.com/address/0x10ed43c718714eb63d5aa57b78b54704e256024e,0 BNB $0.00,0 . 00155435,,0x10ed43c718714eb63d5aa57b78b54704e256024e,,PancakeSwap: Router v2,,PancakeSwap: Router v2,safuu,1,high,0,0.00,0.00,0.00,658.81,2026-05-21,0,0,0.00,0.00,0,,outflow_from_you
0x957df08990ace2060776258600bac7412c0a1d5908f74ea8341994b68b597545,https://bscscan.com/tx/0x957df08990ace2060776258600bac7412c0a1d5908f74ea8341994b68b597545,22080429,2022-10-11 9:50:01,Binance: Hot Wallet 19,https://bscscan.com/address/0x1fbe2acee135d991592f167ac371f3dd893a508b,,javascript:;,0.0195 BNB $12.66,0 . 00021,0x1fbe2acee135d991592f167ac371f3dd893a508b,,Binance: Hot Wallet 19,,Binance: Hot Wallet 19,,,0,,0.0195,12.66,12.85,0.19,658.81,2026-05-21,1,0.0195,12.66,12.85,1,friendly_tag_or_url_contains_binance,inflow_to_you
0x076269779661bda52f41a0c7ff215a194d82c9513fc4ebeba158f7c06e84b801,https://bscscan.com/tx/0x076269779661bda52f41a0c7ff215a194d82c9513fc4ebeba158f7c06e84b801,22020769,2022-10-09 7:39:10,,javascript:;,0xB6934215...68B6A3182,https://bscscan.com/address/0xb6934215b856b03430fc8dc058bd1c668b6a3182,0.069 BNB $44.79,0 . 000105,,0xb6934215b856b03430fc8dc058bd1c668b6a3182,,,,,,0,,0.069,44.79,45.46,0.67,658.81,2026-05-21,0,0,0.00,0.00,1,user_binance_address_match,outflow_from_you
0xdc9ab0244f81e12a446f62c7a2fb0d1765ecaba6d2b822858c0583677f0901ae,https://bscscan.com/tx/0xdc9ab0244f81e12a446f62c7a2fb0d1765ecaba6d2b822858c0583677f0901ae,22020755,2022-10-09 7:38:28,,javascript:;,Bogged Finance: Proxy,https://bscscan.com/address/0xb099ed146fad4d0daa31e3810591fc0554af62bb,0 BNB $0.00,0 . 00178414,,0xb099ed146fad4d0daa31e3810591fc0554af62bb,,Bogged Finance: Proxy,,Bogged Finance: Proxy,safuu,1,high,0,0.00,0.00,0.00,658.81,2026-05-21,0,0,0.00,0.00,0,,outflow_from_you
0xb461c9a3955f0e59cdcaef650fb494c47e060524d98271beb4bc23f10ea7b199,https://bscscan.com/tx/0xb461c9a3955f0e59cdcaef650fb494c47e060524d98271beb4bc23f10ea7b199,22020525,2022-10-09 7:26:58,Binance: Hot Wallet 12,https://bscscan.com/address/0x515b72ed8a97f42c568d6a143232775018f133c8,,javascript:;,0.0215 BNB $13.96,0 . 00021,0x515b72ed8a97f42c568d6a143232775018f133c8,,Binance: Hot Wallet 12,,Binance: Hot Wallet 12,,,0,,0.0215,13.96,14.16,0.20,658.81,2026-05-21,1,0.0215,13.96,14.16,1,friendly_tag_or_url_contains_binance,inflow_to_you
0xbe98342438e80d95480eaf56447200988fbd5c918ee5912071694d5cf5232ad3,https://bscscan.com/tx/0xbe98342438e80d95480eaf56447200988fbd5c918ee5912071694d5cf5232ad3,22020192,2022-10-09 7:10:19,,javascript:;,0xB6934215...68B6A3182,https://bscscan.com/address/0xb6934215b856b03430fc8dc058bd1c668b6a3182,0.001519088 BNB $0.99,0 . 000105,,0xb6934215b856b03430fc8dc058bd1c668b6a3182,,,,,,0,,0.001519088,0.99,1.00,0.01,658.81,2026-05-21,0,0,0.00,0.00,1,user_binance_address_match,outflow_from_you
0xb37523d048658abff04f7c73aee0e2e37e0ab77cb6f3bf8023ac705cb55e1bbd,https://bscscan.com/tx/0xb37523d048658abff04f7c73aee0e2e37e0ab77cb6f3bf8023ac705cb55e1bbd,21962138,2022-10-06 22:10:37,,javascript:;,0xB6934215...68B6A3182,https://bscscan.com/address/0xb6934215b856b03430fc8dc058bd1c668b6a3182,0.057 BNB $37.02,0 . 000105,,0xb6934215b856b03430fc8dc058bd1c668b6a3182,,,,,,0,,0.057,37.02,37.55,0.53,658.81,2026-05-21,0,0,0.00,0.00,1,user_binance_address_match,outflow_from_you
0x84d0f4f892895e7722fc78e1ef6d7c559299187520ac85febd5c3c460f9d1bcf,https://bscscan.com/tx/0x84d0f4f892895e7722fc78e1ef6d7c559299187520ac85febd5c3c460f9d1bcf,21962136,2022-10-06 22:10:07,,javascript:;,Bogged Finance: Proxy,https://bscscan.com/address/0xb099ed146fad4d0daa31e3810591fc0554af62bb,0 BNB $0.00,0 . 00202802,,0xb099ed146fad4d0daa31e3810591fc0554af62bb,,Bogged Finance: Proxy,,Bogged Finance: Proxy,safuu,1,high,0,0.00,0.00,0.00,658.81,2026-05-21,0,0,0.00,0.00,0,,outflow_from_you
0x683df47bfd588b0fd4ddbe453c5717a42671ab6fc6a8197772598f9f5bb4ec4f,https://bscscan.com/tx/0x683df47bfd588b0fd4ddbe453c5717a42671ab6fc6a8197772598f9f5bb4ec4f,21962066,2022-10-06 22:04:03,Binance: Hot Wallet 12,https://bscscan.com/address/0x515b72ed8a97f42c568d6a143232775018f133c8,,javascript:;,0.0095 BNB $6.17,0 . 00021,0x515b72ed8a97f42c568d6a143232775018f133c8,,Binance: Hot Wallet 12,,Binance: Hot Wallet 12,,,0,,0.0095,6.17,6.26,0.09,658.81,2026-05-21,1,0.0095,6.17,6.26,1,friendly_tag_or_url_contains_binance,inflow_to_you
0x59e872fa8b10b7f228f92ddc9783a25c1b9a7d37a84ef738b7c4c16246de1926,https://bscscan.com/tx/0x59e872fa8b10b7f228f92ddc9783a25c1b9a7d37a84ef738b7c4c16246de1926,21961860,2022-10-06 21:53:24,,javascript:;,0xB6934215...68B6A3182,https://bscscan.com/address/0xb6934215b856b03430fc8dc058bd1c668b6a3182,0.009 BNB $5.85,0 . 000105,,0xb6934215b856b03430fc8dc058bd1c668b6a3182,,,,,,0,,0.009,5.85,5.93,0.08,658.81,2026-05-21,0,0,0.00,0.00,1,user_binance_address_match,outflow_from_you
0xea96b4c2f05380379e7faede5031f102aa32259ad9d195b966594767942c7001,https://bscscan.com/tx/0xea96b4c2f05380379e7faede5031f102aa32259ad9d195b966594767942c7001,21935303,2022-10-05 23:29:51,,javascript:;,0xB6934215...68B6A3182,https://bscscan.com/address/0xb6934215b856b03430fc8dc058bd1c668b6a3182,0.062 BNB $40.27,0 . 000105,,0xb6934215b856b03430fc8dc058bd1c668b6a3182,,,,,,0,,0.062,40.27,40.85,0.58,658.81,2026-05-21,0,0,0.00,0.00,1,user_binance_address_match,outflow_from_you
0xa7269826df2651c4bbe2e9ce45f7245a903d94b65203039e49626754c0976ef8,https://bscscan.com/tx/0xa7269826df2651c4bbe2e9ce45f7245a903d94b65203039e49626754c0976ef8,21934606,2022-10-05 22:55:00,,javascript:;,Metamask: Swap Router,https://bscscan.com/address/0x1a1ec25dc08e98e5e93f1104b5e5cdd298707d31,0 BNB $0.00,0 . 0009631,,0x1a1ec25dc08e98e5e93f1104b5e5cdd298707d31,,Metamask: Swap Router,,Metamask: Swap Router,,0,,0,0.00,0.00,0.00,658.81,2026-05-21,0,0,0.00,0.00,0,,outflow_from_you
0x16d646522d9dc95bec26711ac9488bd57f82d1c110b2d51118303ecf7aa2e8ac,https://bscscan.com/tx/0x16d646522d9dc95bec26711ac9488bd57f82d1c110b2d51118303ecf7aa2e8ac,21934606,2022-10-05 22:55:00,,javascript:;,Vetter: VETTER Token,https://bscscan.com/address/0x6169b3b23e57de79a6146a2170980ceb1f83b9e0,0 BNB $0.00,0 . 00022258,,0x6169b3b23e57de79a6146a2170980ceb1f83b9e0,,Vetter: VETTER Token,,Vetter: VETTER Token,,0,,0,0.00,0.00,0.00,658.81,2026-05-21,0,0,0.00,0.00,0,,outflow_from_you
0x1b5cd714bf8567f39722ff03a55977f1bc62b55076d1ba787b4e5720001a82b5,https://bscscan.com/tx/0x1b5cd714bf8567f39722ff03a55977f1bc62b55076d1ba787b4e5720001a82b5,21934545,2022-10-05 22:51:57,0x87C17151...0606a56bf,https://bscscan.com/address/0x87c1715176dfd3e3083c68287b339dd0606a56bf,,javascript:;,0.017 BNB $11.04,0 . 000105,0x87c1715176dfd3e3083c68287b339dd0606a56bf,,,,,,,0,,0.017,11.04,11.20,0.16,658.81,2026-05-21,0,0,0.00,0.00,0,,inflow_to_you
0xbdb4b6680ff9379f7f27ad4c49621344dbab54c5799892cca2e121dcb184f603,https://bscscan.com/tx/0xbdb4b6680ff9379f7f27ad4c49621344dbab54c5799892cca2e121dcb184f603,21933890,2022-10-05 22:19:12,,javascript:;,0xBdb2cf92...2B0687C4b,https://bscscan.com/address/0xbdb2cf92ffad65c9d195a9cb95759912b0687c4b,0 BNB $0.00,0 . 00071134,,0xbdb2cf92ffad65c9d195a9cb95759912b0687c4b,,,,,,0,,0,0.00,0.00,0.00,658.81,2026-05-21,0,0,0.00,0.00,0,,outflow_from_you
0xbff4993080c5cba926b5c414cbe05c26e7146615bfa06dfb7843761b4778a08b,https://bscscan.com/tx/0xbff4993080c5cba926b5c414cbe05c26e7146615bfa06dfb7843761b4778a08b,21925739,2022-10-05 15:28:25,,javascript:;,0xBdb2cf92...2B0687C4b,https://bscscan.com/address/0xbdb2cf92ffad65c9d195a9cb95759912b0687c4b,0 BNB $0.00,0 . 00068701,,0xbdb2cf92ffad65c9d195a9cb95759912b0687c4b,,,,,,0,,0,0.00,0.00,0.00,658.81,2026-05-21,0,0,0.00,0.00,0,,outflow_from_you
0x47f16a63b1128ae81765873bcb84d33b84d39c64da8d266cbdb8fff17c79883d,https://bscscan.com/tx/0x47f16a63b1128ae81765873bcb84d33b84d39c64da8d266cbdb8fff17c79883d,21921756,2022-10-05 12:07:14,,javascript:;,0xB6934215...68B6A3182,https://bscscan.com/address/0xb6934215b856b03430fc8dc058bd1c668b6a3182,0.276 BNB $179.25,0 . 000105,,0xb6934215b856b03430fc8dc058bd1c668b6a3182,,,,,,0,,0.276,179.25,181.83,2.58,658.81,2026-05-21,0,0,0.00,0.00,1,user_binance_address_match,outflow_from_you
0xf61a635770f116a8ee5fa05238ac5c4823f6e106746dfe49a5ee1fb831453f58,https://bscscan.com/tx/0xf61a635770f116a8ee5fa05238ac5c4823f6e106746dfe49a5ee1fb831453f58,21918905,2022-10-05 9:43:28,,javascript:;,0x458AEE8b...026a62068,https://bscscan.com/address/0x458aee8b453f0d0ff22d8aab4fc1d10026a62068,0.75 BNB $487.09,0 . 00050892,,0x458aee8b453f0d0ff22d8aab4fc1d10026a62068,,,,,safuu,1,high,0.75,487.09,494.11,7.02,658.81,2026-05-21,0,0,0.00,0.00,0,,outflow_from_you
0xd7c4fbd945dba51f1bfad54acd19918951bb037f421dc329ecc9c36dcdce901d,https://bscscan.com/tx/0xd7c4fbd945dba51f1bfad54acd19918951bb037f421dc329ecc9c36dcdce901d,21918661,2022-10-05 9:31:13,,javascript:;,0xB6934215...68B6A3182,https://bscscan.com/address/0xb6934215b856b03430fc8dc058bd1c668b6a3182,0.03 BNB $19.48,0 . 000105,,0xb6934215b856b03430fc8dc058bd1c668b6a3182,,,,,,0,,0.03,19.48,19.76,0.28,658.81,2026-05-21,0,0,0.00,0.00,1,user_binance_address_match,outflow_from_you
0x53ea119876f92b9bbcf2bde45cd2eb76f3ce5be48faa5427218d0e90300e0f73,https://bscscan.com/tx/0x53ea119876f92b9bbcf2bde45cd2eb76f3ce5be48faa5427218d0e90300e0f73,21918442,2022-10-05 9:20:09,,javascript:;,Bogged Finance: Proxy,https://bscscan.com/address/0xb099ed146fad4d0daa31e3810591fc0554af62bb,0 BNB $0.00,0 . 00178432,,0xb099ed146fad4d0daa31e3810591fc0554af62bb,,Bogged Finance: Proxy,,Bogged Finance: Proxy,safuu,1,high,0,0.00,0.00,0.00,658.81,2026-05-21,0,0,0.00,0.00,0,,outflow_from_you
0xb7cb8f127179c15273489b3872acbc1b01774cfad64ca99a348793e9586d0a02,https://bscscan.com/tx/0xb7cb8f127179c15273489b3872acbc1b01774cfad64ca99a348793e9586d0a02,21918421,2022-10-05 9:19:06,Binance: Hot Wallet 19,https://bscscan.com/address/0x1fbe2acee135d991592f167ac371f3dd893a508b,,javascript:;,0.0095 BNB $6.17,0 . 00021,0x1fbe2acee135d991592f167ac371f3dd893a508b,,Binance: Hot Wallet 19,,Binance: Hot Wallet 19,,,0,,0.0095,6.17,6.26,0.09,658.81,2026-05-21,1,0.0095,6.17,6.26,1,friendly_tag_or_url_contains_binance,inflow_to_you
0x4ed8e2b7670d7f50268f3640d56357c28b098f6a4db134868965057544e79a79,https://bscscan.com/tx/0x4ed8e2b7670d7f50268f3640d56357c28b098f6a4db134868965057544e79a79,21904657,2022-10-04 21:26:49,,javascript:;,0xB6934215...68B6A3182,https://bscscan.com/address/0xb6934215b856b03430fc8dc058bd1c668b6a3182,0.038 BNB $24.68,0 . 000105,,0xb6934215b856b03430fc8dc058bd1c668b6a3182,,,,,,0,,0.038,24.68,25.03,0.35,658.81,2026-05-21,0,0,0.00,0.00,1,user_binance_address_match,outflow_from_you
0x0c6ba248bfa4e115fbacda95e3579bb7dfe879fca28f47ad0a4ebaf8584bc6f4,https://bscscan.com/tx/0x0c6ba248bfa4e115fbacda95e3579bb7dfe879fca28f47ad0a4ebaf8584bc6f4,21904626,2022-10-04 21:25:06,Binance: Hot Wallet 16,https://bscscan.com/address/0xa180fe01b906a1be37be6c534a3300785b20d947,,javascript:;,0.0375 BNB $24.35,0 . 00021,0xa180fe01b906a1be37be6c534a3300785b20d947,,Binance: Hot Wallet 16,,Binance: Hot Wallet 16,,,0,,0.0375,24.35,24.71,0.36,658.81,2026-05-21,1,0.0375,24.35,24.71,1,friendly_tag_or_url_contains_binance,inflow_to_you
0x5f43a3cc71ca8a92cb78a8c6f369035214f12d154419905ef4ffcc77a3c3f1a4,https://bscscan.com/tx/0x5f43a3cc71ca8a92cb78a8c6f369035214f12d154419905ef4ffcc77a3c3f1a4,21878407,2022-10-03 23:04:51,,javascript:;,0xB6934215...68B6A3182,https://bscscan.com/address/0xb6934215b856b03430fc8dc058bd1c668b6a3182,0.081 BNB $52.61,0 . 000105,,0xb6934215b856b03430fc8dc058bd1c668b6a3182,,,,,,0,,0.081,52.61,53.36,0.75,658.81,2026-05-21,0,0,0.00,0.00,1,user_binance_address_match,outflow_from_you
0x2a8880f1ffe29cd8e63d3891a3ddfdf5b5fb90e143c50ec23d0e900b462c8307,https://bscscan.com/tx/0x2a8880f1ffe29cd8e63d3891a3ddfdf5b5fb90e143c50ec23d0e900b462c8307,21878363,2022-10-03 23:02:39,,javascript:;,Bogged Finance: Proxy,https://bscscan.com/address/0xb099ed146fad4d0daa31e3810591fc0554af62bb,0 BNB $0.00,0 . 0017845,,0xb099ed146fad4d0daa31e3810591fc0554af62bb,,Bogged Finance: Proxy,,Bogged Finance: Proxy,safuu,1,high,0,0.00,0.00,0.00,658.81,2026-05-21,0,0,0.00,0.00,0,,outflow_from_you
0x60d68a8d2740a9bff3a0e0267e7dd8a463b5f2d10597257c772667298c3cfe79,https://bscscan.com/tx/0x60d68a8d2740a9bff3a0e0267e7dd8a463b5f2d10597257c772667298c3cfe79,21878344,2022-10-03 23:01:42,Binance: Hot Wallet 18,https://bscscan.com/address/0x73f5ebe90f27b46ea12e5795d16c4b408b19cc6f,,javascript:;,0.0175 BNB $11.37,0 . 00021,0x73f5ebe90f27b46ea12e5795d16c4b408b19cc6f,,Binance: Hot Wallet 18,,Binance: Hot Wallet 18,,,0,,0.0175,11.37,11.53,0.16,658.81,2026-05-21,1,0.0175,11.37,11.53,1,friendly_tag_or_url_contains_binance,inflow_to_you
0xf728c29ced41885b28216433f0a3a407df4005cdb4c1316795e1fff56a05ac78,https://bscscan.com/tx/0xf728c29ced41885b28216433f0a3a407df4005cdb4c1316795e1fff56a05ac78,21866391,2022-10-03 12:41:40,,javascript:;,0xB6934215...68B6A3182,https://bscscan.com/address/0xb6934215b856b03430fc8dc058bd1c668b6a3182,0.132 BNB $85.73,0 . 000105,,0xb6934215b856b03430fc8dc058bd1c668b6a3182,,,,,,0,,0.132,85.73,86.96,1.23,658.81,2026-05-21,0,0,0.00,0.00,1,user_binance_address_match,outflow_from_you
0x4bbd724ac43878ba2ac4770806beffb32ae5de07feb96ad4688fed3f81143974,https://bscscan.com/tx/0x4bbd724ac43878ba2ac4770806beffb32ae5de07feb96ad4688fed3f81143974,21866365,2022-10-03 12:40:22,,javascript:;,Bogged Finance: Proxy,https://bscscan.com/address/0xb099ed146fad4d0daa31e3810591fc0554af62bb,0 BNB $0.00,0 . 00178456,,0xb099ed146fad4d0daa31e3810591fc0554af62bb,,Bogged Finance: Proxy,,Bogged Finance: Proxy,safuu,1,high,0,0.00,0.00,0.00,658.81,2026-05-21,0,0,0.00,0.00,0,,outflow_from_you
0x82d7a0f49594e918ca567edeec07f77b3dce482c4e226ee2ca2db7515ea6927b,https://bscscan.com/tx/0x82d7a0f49594e918ca567edeec07f77b3dce482c4e226ee2ca2db7515ea6927b,21842503,2022-10-02 16:21:52,,javascript:;,0xB6934215...68B6A3182,https://bscscan.com/address/0xb6934215b856b03430fc8dc058bd1c668b6a3182,0.1 BNB $64.95,0 . 000105,,0xb6934215b856b03430fc8dc058bd1c668b6a3182,,,,,,0,,0.1,64.95,65.88,0.93,658.81,2026-05-21,0,0,0.00,0.00,1,user_binance_address_match,outflow_from_you
0x19f0b21097b948c2976273d1975567baef35c475de9c8c60ef82876b484fd084,https://bscscan.com/tx/0x19f0b21097b948c2976273d1975567baef35c475de9c8c60ef82876b484fd084,21842480,2022-10-02 16:20:43,,javascript:;,Bogged Finance: Proxy,https://bscscan.com/address/0xb099ed146fad4d0daa31e3810591fc0554af62bb,0 BNB $0.00,0 . 00121267,,0xb099ed146fad4d0daa31e3810591fc0554af62bb,,Bogged Finance: Proxy,,Bogged Finance: Proxy,safuu,1,high,0,0.00,0.00,0.00,658.81,2026-05-21,0,0,0.00,0.00,0,,outflow_from_you
0xe13764dc574134c08af57dba26649565254e2992ab033f5f0481b22530e028d9,https://bscscan.com/tx/0xe13764dc574134c08af57dba26649565254e2992ab033f5f0481b22530e028d9,21825443,2022-10-02 2:04:59,,javascript:;,0xB6934215...68B6A3182,https://bscscan.com/address/0xb6934215b856b03430fc8dc058bd1c668b6a3182,0.76 BNB $493.59,0 . 000105,,0xb6934215b856b03430fc8dc058bd1c668b6a3182,,,,,,0,,0.76,493.59,500.70,7.11,658.81,2026-05-21,0,0,0.00,0.00,1,user_binance_address_match,outflow_from_you
0xa2ec5d9815d231a1958b18d2083d4155c753c4dd9b71db56ebd8767b2e175d23,https://bscscan.com/tx/0xa2ec5d9815d231a1958b18d2083d4155c753c4dd9b71db56ebd8767b2e175d23,21824832,2022-10-02 1:34:26,,javascript:;,Bogged Finance: Proxy,https://bscscan.com/address/0xb099ed146fad4d0daa31e3810591fc0554af62bb,0 BNB $0.00,0 . 00178468,,0xb099ed146fad4d0daa31e3810591fc0554af62bb,,Bogged Finance: Proxy,,Bogged Finance: Proxy,safuu,1,high,0,0.00,0.00,0.00,658.81,2026-05-21,0,0,0.00,0.00,0,,outflow_from_you
0xaef40304c88563beb912d6627fdb59886c156210d5ca0aac0e4920bce95668a4,https://bscscan.com/tx/0xaef40304c88563beb912d6627fdb59886c156210d5ca0aac0e4920bce95668a4,21812852,2022-10-01 15:31:11,,javascript:;,0xB6934215...68B6A3182,https://bscscan.com/address/0xb6934215b856b03430fc8dc058bd1c668b6a3182,0.01 BNB $6.49,0 . 000105,,0xb6934215b856b03430fc8dc058bd1c668b6a3182,,,,,,0,,0.01,6.49,6.59,0.10,658.81,2026-05-21,0,0,0.00,0.00,1,user_binance_address_match,outflow_from_you
0xaef653e4272117c962ed99bf10ce5f9000c6929c62e8ee3e661e73e0a79b5e52,https://bscscan.com/tx/0xaef653e4272117c962ed99bf10ce5f9000c6929c62e8ee3e661e73e0a79b5e52,21796612,2022-10-01 1:54:09,Binance: Hot Wallet 10,https://bscscan.com/address/0xeb2d2f1b8c558a40207669291fda468e50c8a0bb,,javascript:;,0.0195 BNB $12.66,0 . 00021,0xeb2d2f1b8c558a40207669291fda468e50c8a0bb,,Binance: Hot Wallet 10,,Binance: Hot Wallet 10,,,0,,0.0195,12.66,12.85,0.19,658.81,2026-05-21,1,0.0195,12.66,12.85,1,friendly_tag_or_url_contains_binance,inflow_to_you
0x4839ac26d2996b8de5cd6626b08a6b086e8a47e5159419ed5885edf7bbc2c342,https://bscscan.com/tx/0x4839ac26d2996b8de5cd6626b08a6b086e8a47e5159419ed5885edf7bbc2c342,21756895,2022-09-29 16:12:18,,javascript:;,0xB6934215...68B6A3182,https://bscscan.com/address/0xb6934215b856b03430fc8dc058bd1c668b6a3182,0.051 BNB $33.12,0 . 000105,,0xb6934215b856b03430fc8dc058bd1c668b6a3182,,,,,,0,,0.051,33.12,33.60,0.48,658.81,2026-05-21,0,0,0.00,0.00,1,user_binance_address_match,outflow_from_you
0x036f24038c14c6e4756e8ac79e2ff10aa292879477eac1f8be1c01e983a07f9c,https://bscscan.com/tx/0x036f24038c14c6e4756e8ac79e2ff10aa292879477eac1f8be1c01e983a07f9c,21756880,2022-09-29 16:11:33,,javascript:;,Bogged Finance: Proxy,https://bscscan.com/address/0xb099ed146fad4d0daa31e3810591fc0554af62bb,0 BNB $0.00,0 . 00178426,,0xb099ed146fad4d0daa31e3810591fc0554af62bb,,Bogged Finance: Proxy,,Bogged Finance: Proxy,safuu,1,high,0,0.00,0.00,0.00,658.81,2026-05-21,0,0,0.00,0.00,0,,outflow_from_you
0xf00dbf7c1ef89e71e9da7854ed30848b1e93e2549839b5043976b97c741ce7cc,https://bscscan.com/tx/0xf00dbf7c1ef89e71e9da7854ed30848b1e93e2549839b5043976b97c741ce7cc,21735587,2022-09-28 21:26:52,,javascript:;,0xB6934215...68B6A3182,https://bscscan.com/address/0xb6934215b856b03430fc8dc058bd1c668b6a3182,0.68 BNB $441.63,0 . 000105,,0xb6934215b856b03430fc8dc058bd1c668b6a3182,,,,,,0,,0.68,441.63,447.99,6.36,658.81,2026-05-21,0,0,0.00,0.00,1,user_binance_address_match,outflow_from_you
0x4040c6cb0380a1f5e25a6c16b5497ad2eb15e82e82c28200618af8840a54424a,https://bscscan.com/tx/0x4040c6cb0380a1f5e25a6c16b5497ad2eb15e82e82c28200618af8840a54424a,21735528,2022-09-28 21:23:55,,javascript:;,Bogged Finance: Proxy,https://bscscan.com/address/0xb099ed146fad4d0daa31e3810591fc0554af62bb,0 BNB $0.00,0 . 00178462,,0xb099ed146fad4d0daa31e3810591fc0554af62bb,,Bogged Finance: Proxy,,Bogged Finance: Proxy,safuu,1,high,0,0.00,0.00,0.00,658.81,2026-05-21,0,0,0.00,0.00,0,,outflow_from_you
0xbba47595e63002d298ad2ac5258d788b4e985672ad20ea8cbf1e49538a7c5d76,https://bscscan.com/tx/0xbba47595e63002d298ad2ac5258d788b4e985672ad20ea8cbf1e49538a7c5d76,21720828,2022-09-28 8:55:41,,javascript:;,0xB6934215...68B6A3182,https://bscscan.com/address/0xb6934215b856b03430fc8dc058bd1c668b6a3182,0.04 BNB $25.98,0 . 000105,,0xb6934215b856b03430fc8dc058bd1c668b6a3182,,,,,,0,,0.04,25.98,26.35,0.37,658.81,2026-05-21,0,0,0.00,0.00,1,user_binance_address_match,outflow_from_you
0xd417b31d2a7ac2a3de251e3285e85147229fe8f6039169c395996809fd05b3d2,https://bscscan.com/tx/0xd417b31d2a7ac2a3de251e3285e85147229fe8f6039169c395996809fd05b3d2,21720803,2022-09-28 8:54:26,,javascript:;,PancakeSwap: Router v2,https://bscscan.com/address/0x10ed43c718714eb63d5aa57b78b54704e256024e,0 BNB $0.00,0 . 00061347,,0x10ed43c718714eb63d5aa57b78b54704e256024e,,PancakeSwap: Router v2,,PancakeSwap: Router v2,,0,,0,0.00,0.00,0.00,658.81,2026-05-21,0,0,0.00,0.00,0,,outflow_from_you
0x68008de6d642dd0cc444564f312a50da3cd135781dd64f1ced6c235d2d2f4118,https://bscscan.com/tx/0x68008de6d642dd0cc444564f312a50da3cd135781dd64f1ced6c235d2d2f4118,21708026,2022-09-27 22:03:46,,javascript:;,0xB6934215...68B6A3182,https://bscscan.com/address/0xb6934215b856b03430fc8dc058bd1c668b6a3182,0.05 BNB $32.47,0 . 000105,,0xb6934215b856b03430fc8dc058bd1c668b6a3182,,,,,,0,,0.05,32.47,32.94,0.47,658.81,2026-05-21,0,0,0.00,0.00,1,user_binance_address_match,outflow_from_you
0xede00c86dd6db6124384072773db6261055439c5688a5a57b32db1f63e34f2e5,https://bscscan.com/tx/0xede00c86dd6db6124384072773db6261055439c5688a5a57b32db1f63e34f2e5,21708005,2022-09-27 22:02:37,,javascript:;,Bogged Finance: Proxy,https://bscscan.com/address/0xb099ed146fad4d0daa31e3810591fc0554af62bb,0 BNB $0.00,0 . 00178414,,0xb099ed146fad4d0daa31e3810591fc0554af62bb,,Bogged Finance: Proxy,,Bogged Finance: Proxy,safuu,1,high,0,0.00,0.00,0.00,658.81,2026-05-21,0,0,0.00,0.00,0,,outflow_from_you
0x2987b5e7794075ba236c5879c917c888a3d7921e2d1bb83ee687f7afd97e2ed5,https://bscscan.com/tx/0x2987b5e7794075ba236c5879c917c888a3d7921e2d1bb83ee687f7afd97e2ed5,21707722,2022-09-27 21:48:28,,javascript:;,0xB6934215...68B6A3182,https://bscscan.com/address/0xb6934215b856b03430fc8dc058bd1c668b6a3182,0.02 BNB $12.99,0 . 000105,,0xb6934215b856b03430fc8dc058bd1c668b6a3182,,,,,,0,,0.02,12.99,13.18,0.19,658.81,2026-05-21,0,0,0.00,0.00,1,user_binance_address_match,outflow_from_you
0x63971155c19269fd928301d73289573d51fcaa3e90db9713b4bd04f727d60726,https://bscscan.com/tx/0x63971155c19269fd928301d73289573d51fcaa3e90db9713b4bd04f727d60726,21686122,2022-09-27 3:37:02,,javascript:;,0xBdb2cf92...2B0687C4b,https://bscscan.com/address/0xbdb2cf92ffad65c9d195a9cb95759912b0687c4b,0 BNB $0.00,0 . 0008088,,0xbdb2cf92ffad65c9d195a9cb95759912b0687c4b,,,,,,0,,0,0.00,0.00,0.00,658.81,2026-05-21,0,0,0.00,0.00,0,,outflow_from_you
0x1c17e99ac73a382eb1bb0c3ea9ee5805d52af3c904554ac1ad5cbea2af5b46dd,https://bscscan.com/tx/0x1c17e99ac73a382eb1bb0c3ea9ee5805d52af3c904554ac1ad5cbea2af5b46dd,21686109,2022-09-27 3:36:23,,javascript:;,0xBdb2cf92...2B0687C4b,https://bscscan.com/address/0xbdb2cf92ffad65c9d195a9cb95759912b0687c4b,0 BNB $0.00,0 . 00086997,,0xbdb2cf92ffad65c9d195a9cb95759912b0687c4b,,,,,,0,,0,0.00,0.00,0.00,658.81,2026-05-21,0,0,0.00,0.00,0,,outflow_from_you
0xca0acabb785730cda959721c928771bd79ea0eb2882e18092363e687fb0f3c86,https://bscscan.com/tx/0xca0acabb785730cda959721c928771bd79ea0eb2882e18092363e687fb0f3c86,21685381,2022-09-27 2:59:52,,javascript:;,0xBdb2cf92...2B0687C4b,https://bscscan.com/address/0xbdb2cf92ffad65c9d195a9cb95759912b0687c4b,0 BNB $0.00,0 . 00148011,,0xbdb2cf92ffad65c9d195a9cb95759912b0687c4b,,,,,,0,,0,0.00,0.00,0.00,658.81,2026-05-21,0,0,0.00,0.00,0,,outflow_from_you
0x5c2624a4ab9caf131764d54622d731b4eaf550b5063f0f5176fd91aa4c075e2a,https://bscscan.com/tx/0x5c2624a4ab9caf131764d54622d731b4eaf550b5063f0f5176fd91aa4c075e2a,21685304,2022-09-27 2:56:01,,javascript:;,0xBdb2cf92...2B0687C4b,https://bscscan.com/address/0xbdb2cf92ffad65c9d195a9cb95759912b0687c4b,0 BNB $0.00,0 . 00788228,,0xbdb2cf92ffad65c9d195a9cb95759912b0687c4b,,,,,,0,,0,0.00,0.00,0.00,658.81,2026-05-21,0,0,0.00,0.00,0,,outflow_from_you
0x4e174dcdf3853c7db4b3e1146e236e6768abe8b69f4be57fb73078db6ee2020d,https://bscscan.com/tx/0x4e174dcdf3853c7db4b3e1146e236e6768abe8b69f4be57fb73078db6ee2020d,21680816,2022-09-26 23:09:15,,javascript:;,0x18c24073...F52e6d7e5,https://bscscan.com/address/0x18c240732237ec214a93b44f2a99cfdf52e6d7e5,0 BNB $0.00,0 . 00046187,,0x18c240732237ec214a93b44f2a99cfdf52e6d7e5,,,,,,0,,0,0.00,0.00,0.00,658.81,2026-05-21,0,0,0.00,0.00,0,,outflow_from_you
0x232a718de1b4e4799a042df8892b710e4265f741ea6f960cbb0bf028c24b12eb,https://bscscan.com/tx/0x232a718de1b4e4799a042df8892b710e4265f741ea6f960cbb0bf028c24b12eb,21672096,2022-09-26 15:35:07,,javascript:;,0xB6934215...68B6A3182,https://bscscan.com/address/0xb6934215b856b03430fc8dc058bd1c668b6a3182,0.1 BNB $64.95,0 . 000105,,0xb6934215b856b03430fc8dc058bd1c668b6a3182,,,,,,0,,0.1,64.95,65.88,0.93,658.81,2026-05-21,0,0,0.00,0.00,1,user_binance_address_match,outflow_from_you
0x71110665ddf541669a8bc2ff17c84d5d8ba63105c8b086f71dc331b16b158ab2,https://bscscan.com/tx/0x71110665ddf541669a8bc2ff17c84d5d8ba63105c8b086f71dc331b16b158ab2,21525825,2022-09-21 13:01:35,,javascript:;,Binance: BUSD Stablecoin,https://bscscan.com/address/0xe9e7cea3dedca5984780bafc599bd69add087d56,0 BNB $0.00,0 . 00022071,,0xe9e7cea3dedca5984780bafc599bd69add087d56,,Binance: BUSD Stablecoin,,Binance: BUSD Stablecoin,,0,,0,0.00,0.00,0.00,658.81,2026-05-21,0,0,0.00,0.00,1,friendly_tag_or_url_contains_binance,outflow_from_you
0x6545d4fdde4f00da43b611d2ace70c691113dfeeba822f15be16aaa560fd21d6,https://bscscan.com/tx/0x6545d4fdde4f00da43b611d2ace70c691113dfeeba822f15be16aaa560fd21d6,21525558,2022-09-21 12:48:14,,javascript:;,0xde886E29...8A0D9aF44,https://bscscan.com/address/0xde886e293a5bf5ebd7d6fdf7504fb368a0d9af44,0 BNB $0.00,0 . 00022087,,0xde886e293a5bf5ebd7d6fdf7504fb368a0d9af44,,,,,,0,,0,0.00,0.00,0.00,658.81,2026-05-21,0,0,0.00,0.00,0,,outflow_from_you
0x0fec3a190226f315b3f530d278fd11d429b9c54dd48d6f446a5841ac7d0a1366,https://bscscan.com/tx/0x0fec3a190226f315b3f530d278fd11d429b9c54dd48d6f446a5841ac7d0a1366,21525554,2022-09-21 12:48:02,,javascript:;,Binance: BUSD Stablecoin,https://bscscan.com/address/0xe9e7cea3dedca5984780bafc599bd69add087d56,0 BNB $0.00,0 . 00022071,,0xe9e7cea3dedca5984780bafc599bd69add087d56,,Binance: BUSD Stablecoin,,Binance: BUSD Stablecoin,,0,,0,0.00,0.00,0.00,658.81,2026-05-21,0,0,0.00,0.00,1,friendly_tag_or_url_contains_binance,outflow_from_you
0x1db59b9f4a5032e78d69a19b9713389f6690c068bb51ec3b8ec76ec197ef0b45,https://bscscan.com/tx/0x1db59b9f4a5032e78d69a19b9713389f6690c068bb51ec3b8ec76ec197ef0b45,21509413,2022-09-20 23:17:57,,javascript:;,BNB Chain: WBNB Token,https://bscscan.com/address/0xbb4cdb9cbd36b01bd1cbaebf2de08d9173bc095c,0 BNB $0.00,0 . 00011158,,0xbb4cdb9cbd36b01bd1cbaebf2de08d9173bc095c,,BNB Chain: WBNB Token,,BNB Chain: WBNB Token,,0,,0,0.00,0.00,0.00,658.81,2026-05-21,0,0,0.00,0.00,0,,outflow_from_you
0x95fd5f7ccc14a4913b749201b36db3d86b7785c5f0475648218b39f850478bf2,https://bscscan.com/tx/0x95fd5f7ccc14a4913b749201b36db3d86b7785c5f0475648218b39f850478bf2,21509367,2022-09-20 23:15:37,,javascript:;,0xA844B2fF...125DA7919,https://bscscan.com/address/0xa844b2ffeb34ab5878e3b520e87b50f125da7919,0 BNB $0.00,0 . 00037666,,0xa844b2ffeb34ab5878e3b520e87b50f125da7919,,,,,,0,,0,0.00,0.00,0.00,658.81,2026-05-21,0,0,0.00,0.00,0,,outflow_from_you
0x28447230843800fdf37417916bcdd2846a130cec5dbcc85796ca71878fb217db,https://bscscan.com/tx/0x28447230843800fdf37417916bcdd2846a130cec5dbcc85796ca71878fb217db,21509356,2022-09-20 23:15:04,,javascript:;,0x2E9a994C...0f862f4da,https://bscscan.com/address/0x2e9a994c9a2f661ae685e8d08662df00f862f4da,0 BNB $0.00,0 . 00022556,,0x2e9a994c9a2f661ae685e8d08662df00f862f4da,,,,,,0,,0,0.00,0.00,0.00,658.81,2026-05-21,0,0,0.00,0.00,0,,outflow_from_you
0x93196e207372a6bf5cc0b5cf825c205648b796d8eb8fe81d2a903762ceb419a4,https://bscscan.com/tx/0x93196e207372a6bf5cc0b5cf825c205648b796d8eb8fe81d2a903762ceb419a4,21509337,2022-09-20 23:14:07,,javascript:;,0x5C9b8346...AdD6d4195,https://bscscan.com/address/0x5c9b83467cb615b387f5eb6e0c5aef7add6d4195,0 BNB $0.00,0 . 00160199,,0x5c9b83467cb615b387f5eb6e0c5aef7add6d4195,,,,,,0,,0,0.00,0.00,0.00,658.81,2026-05-21,0,0,0.00,0.00,0,,outflow_from_you
0x6d4a503e0c2881e525ce39a0b35d51536345ca06fa421651ecd60e2e09765cf6,https://bscscan.com/tx/0x6d4a503e0c2881e525ce39a0b35d51536345ca06fa421651ecd60e2e09765cf6,21509326,2022-09-20 23:13:34,,javascript:;,PancakeSwap: Router v2,https://bscscan.com/address/0x10ed43c718714eb63d5aa57b78b54704e256024e,0 BNB $0.00,0 . 0009634,,0x10ed43c718714eb63d5aa57b78b54704e256024e,,PancakeSwap: Router v2,,PancakeSwap: Router v2,,0,,0,0.00,0.00,0.00,658.81,2026-05-21,0,0,0.00,0.00,0,,outflow_from_you
0xb283593542a3125450e86857869516497857293d20a1b7551b4e044596893aa3,https://bscscan.com/tx/0xb283593542a3125450e86857869516497857293d20a1b7551b4e044596893aa3,21509321,2022-09-20 23:13:19,,javascript:;,Wombat Exchange: WOM Token,https://bscscan.com/address/0xad6742a35fb341a9cc6ad674738dd8da98b94fb1,0 BNB $0.00,0 . 00022103,,0xad6742a35fb341a9cc6ad674738dd8da98b94fb1,,Wombat Exchange: WOM Token,,Wombat Exchange: WOM Token,,0,,0,0.00,0.00,0.00,658.81,2026-05-21,0,0,0.00,0.00,0,,outflow_from_you
0xb4e1d05ff431dff6acd393accdc98abaa9ef0447ce0eaab36a5a6ff5d644b47e,https://bscscan.com/tx/0xb4e1d05ff431dff6acd393accdc98abaa9ef0447ce0eaab36a5a6ff5d644b47e,21509304,2022-09-20 23:12:28,,javascript:;,0xbf1fc296...B1E03E75F,https://bscscan.com/address/0xbf1fc29668e5f5eaa819948599c9ac1b1e03e75f,0 BNB $0.00,0 . 00122596,,0xbf1fc29668e5f5eaa819948599c9ac1b1e03e75f,,,,,,0,,0,0.00,0.00,0.00,658.81,2026-05-21,0,0,0.00,0.00,0,,outflow_from_you
0xc3c59af8c7ada114c73945845c01f335ac082ae82e118e488ff006691c6fde66,https://bscscan.com/tx/0xc3c59af8c7ada114c73945845c01f335ac082ae82e118e488ff006691c6fde66,21509298,2022-09-20 23:12:10,,javascript:;,0xA6020580...eECe05AC9,https://bscscan.com/address/0xa60205802e1b5c6ec1cafa3cacd49dfeece05ac9,0 BNB $0.00,0 . 00022204,,0xa60205802e1b5c6ec1cafa3cacd49dfeece05ac9,,,,,,0,,0,0.00,0.00,0.00,658.81,2026-05-21,0,0,0.00,0.00,0,,outflow_from_you
0x15e46d58a33a4752ad38acf9ef6847dc3be046b2a8dd018f031cf6ccd72ba54e,https://bscscan.com/tx/0x15e46d58a33a4752ad38acf9ef6847dc3be046b2a8dd018f031cf6ccd72ba54e,21509285,2022-09-20 23:11:31,,javascript:;,PancakeSwap: Router v2,https://bscscan.com/address/0x10ed43c718714eb63d5aa57b78b54704e256024e,0 BNB $0.00,0 . 00103516,,0x10ed43c718714eb63d5aa57b78b54704e256024e,,PancakeSwap: Router v2,,PancakeSwap: Router v2,,0,,0,0.00,0.00,0.00,658.81,2026-05-21,0,0,0.00,0.00,0,,outflow_from_you
0xde3d92353f5ef1d5c59984679593467101efeacfce98d09bfcf9b179c95e60e2,https://bscscan.com/tx/0xde3d92353f5ef1d5c59984679593467101efeacfce98d09bfcf9b179c95e60e2,21509271,2022-09-20 23:10:49,,javascript:;,0xBF170DF9...e53Aa5cAD,https://bscscan.com/address/0xbf170df928ae5c90c9e1b2d10e17c84e53aa5cad,0 BNB $0.00,0 . 00108462,,0xbf170df928ae5c90c9e1b2d10e17c84e53aa5cad,,,,,,0,,0,0.00,0.00,0.00,658.81,2026-05-21,0,0,0.00,0.00,0,,outflow_from_you
0x8e9b168aa1af24a0d591f730c8bb0ce0305c9db2e43bf6fd1d48c4722877ece2,https://bscscan.com/tx/0x8e9b168aa1af24a0d591f730c8bb0ce0305c9db2e43bf6fd1d48c4722877ece2,21509251,2022-09-20 23:09:49,,javascript:;,0xbf1fc296...B1E03E75F,https://bscscan.com/address/0xbf1fc29668e5f5eaa819948599c9ac1b1e03e75f,0 BNB $0.00,0 . 0010683,,0xbf1fc29668e5f5eaa819948599c9ac1b1e03e75f,,,,,,0,,0,0.00,0.00,0.00,658.81,2026-05-21,0,0,0.00,0.00,0,,outflow_from_you
0x6fffb020bb51b12468071bf8856c2286330cc7a5f792c8a7c5300c6c657b5c5c,https://bscscan.com/tx/0x6fffb020bb51b12468071bf8856c2286330cc7a5f792c8a7c5300c6c657b5c5c,21509243,2022-09-20 23:09:25,,javascript:;,0x672cD820...263F41951,https://bscscan.com/address/0x672cd8201ceb518f9e42526ef7bcfe5263f41951,0 BNB $0.00,0 . 00022238,,0x672cd8201ceb518f9e42526ef7bcfe5263f41951,,,,,,0,,0,0.00,0.00,0.00,658.81,2026-05-21,0,0,0.00,0.00,0,,outflow_from_you
0x020e7fa33e6c52e3e8d3d05be626383286ac26862fed0c983249e0f4c75365d4,https://bscscan.com/tx/0x020e7fa33e6c52e3e8d3d05be626383286ac26862fed0c983249e0f4c75365d4,21509202,2022-09-20 23:07:22,,javascript:;,0xCE125B4B...38DF18969,https://bscscan.com/address/0xce125b4bc12cd4c478679db968089b038df18969,0 BNB $0.00,0 . 0025414,,0xce125b4bc12cd4c478679db968089b038df18969,,,,,,0,,0,0.00,0.00,0.00,658.81,2026-05-21,0,0,0.00,0.00,0,,outflow_from_you
0x868d885f1668615ceb271b7bc1bef0596828eb3141dd3c1ea1400ba451eb1b49,https://bscscan.com/tx/0x868d885f1668615ceb271b7bc1bef0596828eb3141dd3c1ea1400ba451eb1b49,21509012,2022-09-20 22:57:52,,javascript:;,0xE52471bc...97E1107A8,https://bscscan.com/address/0xe52471bcea9c7d7e3fc2da48ecf177c97e1107a8,0 BNB $0.00,0 . 00063667,,0xe52471bcea9c7d7e3fc2da48ecf177c97e1107a8,,,,,,0,,0,0.00,0.00,0.00,658.81,2026-05-21,0,0,0.00,0.00,0,,outflow_from_you
0xda948a39108fbf99d354e3e3737435b1ab6e9b20fadb9cb475fae7663402faef,https://bscscan.com/tx/0xda948a39108fbf99d354e3e3737435b1ab6e9b20fadb9cb475fae7663402faef,21506325,2022-09-20 20:42:21,,javascript:;,0x8E40e36b...E77F4C8e6,https://bscscan.com/address/0x8e40e36b6673ae3f683e6d7f2db91bbe77f4c8e6,0.08045654 BNB $52.23,0 . 00092542,,0x8e40e36b6673ae3f683e6d7f2db91bbe77f4c8e6,,,,,,0,,0.08045654,52.23,53.01,0.78,658.81,2026-05-21,0,0,0.00,0.00,0,,outflow_from_you
0x818340e65cca877e86482f4763e8de2e4c89c4578547d1d8606c893dc8fa4e76,https://bscscan.com/tx/0x818340e65cca877e86482f4763e8de2e4c89c4578547d1d8606c893dc8fa4e76,21505863,2022-09-20 20:19:15,Binance: Hot Wallet 12,https://bscscan.com/address/0x515b72ed8a97f42c568d6a143232775018f133c8,,javascript:;,0.0995 BNB $64.59,0 . 00021,0x515b72ed8a97f42c568d6a143232775018f133c8,,Binance: Hot Wallet 12,,Binance: Hot Wallet 12,,,0,,0.0995,64.59,65.55,0.96,658.81,2026-05-21,1,0.0995,64.59,65.55,1,friendly_tag_or_url_contains_binance,inflow_to_you
0xefecd4ea9620a88e8bde132c0315e4262afde1770a8fc3c8d75b0d2048dddd36,https://bscscan.com/tx/0xefecd4ea9620a88e8bde132c0315e4262afde1770a8fc3c8d75b0d2048dddd36,21351642,2022-09-15 10:27:32,,javascript:;,Bogged Finance: Proxy,https://bscscan.com/address/0xb099ed146fad4d0daa31e3810591fc0554af62bb,"1.81 BNB $1,174.94",0 . 00110962,,0xb099ed146fad4d0daa31e3810591fc0554af62bb,,Bogged Finance: Proxy,,Bogged Finance: Proxy,safuu,1,high,1.81,1174.94,1192.45,17.51,658.81,2026-05-21,0,0,0.00,0.00,0,,outflow_from_you
0xc1da9b39a43561b5a6a4bc04fa5365bae9b9cebcf2fb9adcff0baa24d22b8e80,https://bscscan.com/tx/0xc1da9b39a43561b5a6a4bc04fa5365bae9b9cebcf2fb9adcff0baa24d22b8e80,21351611,2022-09-15 10:25:59,Binance: Hot Wallet 16,https://bscscan.com/address/0xa180fe01b906a1be37be6c534a3300785b20d947,,javascript:;,"1.8105 BNB $1,175.27",0 . 00021,0xa180fe01b906a1be37be6c534a3300785b20d947,,Binance: Hot Wallet 16,,Binance: Hot Wallet 16,,,0,,1.8105,1175.27,1192.78,17.51,658.81,2026-05-21,1,1.8105,1175.27,1192.78,1,friendly_tag_or_url_contains_binance,inflow_to_you
0xb91b5a5a70e3b246180d99f991f895730cc4c7512d5209261748a2b6fc8b07e8,https://bscscan.com/tx/0xb91b5a5a70e3b246180d99f991f895730cc4c7512d5209261748a2b6fc8b07e8,21314994,2022-09-14 3:46:35,,javascript:;,Bogged Finance: Proxy,https://bscscan.com/address/0xb099ed146fad4d0daa31e3810591fc0554af62bb,0.42 BNB $272.64,0 . 00110944,,0xb099ed146fad4d0daa31e3810591fc0554af62bb,,Bogged Finance: Proxy,,Bogged Finance: Proxy,safuu,1,high,0.42,272.64,276.70,4.06,658.81,2026-05-21,0,0,0.00,0.00,0,,outflow_from_you
0x646230a2f69c37a2d4fa3199374a5ed8f47ad3263aca815ada110cabbe6b3a2d,https://bscscan.com/tx/0x646230a2f69c37a2d4fa3199374a5ed8f47ad3263aca815ada110cabbe6b3a2d,21250586,2022-09-11 22:05:55,,javascript:;,Bogged Finance: Proxy,https://bscscan.com/address/0xb099ed146fad4d0daa31e3810591fc0554af62bb,0.5 BNB $324.57,0 . 00110944,,0xb099ed146fad4d0daa31e3810591fc0554af62bb,,Bogged Finance: Proxy,,Bogged Finance: Proxy,safuu,1,high,0.5,324.57,329.40,4.83,658.81,2026-05-21,0,0,0.00,0.00,0,,outflow_from_you
0xf5607d0eb6682046adaa038277e809e3dfb5bb5b7010b73aadaa77fbb7b7c025,https://bscscan.com/tx/0xf5607d0eb6682046adaa038277e809e3dfb5bb5b7010b73aadaa77fbb7b7c025,21240331,2022-09-11 13:33:10,,javascript:;,Bogged Finance: Proxy,https://bscscan.com/address/0xb099ed146fad4d0daa31e3810591fc0554af62bb,0.5 BNB $324.57,0 . 00110944,,0xb099ed146fad4d0daa31e3810591fc0554af62bb,,Bogged Finance: Proxy,,Bogged Finance: Proxy,safuu,1,high,0.5,324.57,329.40,4.83,658.81,2026-05-21,0,0,0.00,0.00,0,,outflow_from_you
0xe4385e3e15c8b7d02fdcc7d138c5d684bd940b58d73ec8957282c67a70dc3182,https://bscscan.com/tx/0xe4385e3e15c8b7d02fdcc7d138c5d684bd940b58d73ec8957282c67a70dc3182,21233664,2022-09-11 7:59:46,,javascript:;,Bogged Finance: Proxy,https://bscscan.com/address/0xb099ed146fad4d0daa31e3810591fc0554af62bb,0.5 BNB $324.57,0 . 00110944,,0xb099ed146fad4d0daa31e3810591fc0554af62bb,,Bogged Finance: Proxy,,Bogged Finance: Proxy,safuu,1,high,0.5,324.57,329.40,4.83,658.81,2026-05-21,0,0,0.00,0.00,0,,outflow_from_you
0xb648240f9b2d85b84c046d1c742b818d5b7995607a91bed01efba5220cd0a7fe,https://bscscan.com/tx/0xb648240f9b2d85b84c046d1c742b818d5b7995607a91bed01efba5220cd0a7fe,21233168,2022-09-11 7:34:58,Binance: Hot Wallet 18,https://bscscan.com/address/0x73f5ebe90f27b46ea12e5795d16c4b408b19cc6f,,javascript:;,"1.8995 BNB $1,233.04",0 . 00021,0x73f5ebe90f27b46ea12e5795d16c4b408b19cc6f,,Binance: Hot Wallet 18,,Binance: Hot Wallet 18,,,0,,1.8995,1233.04,1251.41,18.37,658.81,2026-05-21,1,1.8995,1233.04,1251.41,1,friendly_tag_or_url_contains_binance,inflow_to_you
0x8411a4deae404f15376a94a4cbbd703c79271f7db6e6112fa2a04cf4c4f047ab,https://bscscan.com/tx/0x8411a4deae404f15376a94a4cbbd703c79271f7db6e6112fa2a04cf4c4f047ab,21211865,2022-09-10 13:49:49,,javascript:;,Bogged Finance: Proxy,https://bscscan.com/address/0xb099ed146fad4d0daa31e3810591fc0554af62bb,"1.7 BNB $1,103.54",0 . 0011095,,0xb099ed146fad4d0daa31e3810591fc0554af62bb,,Bogged Finance: Proxy,,Bogged Finance: Proxy,safuu,1,high,1.7,1103.54,1119.98,16.44,658.81,2026-05-21,0,0,0.00,0.00,0,,outflow_from_you
0x82448390bef074e7a03af0e9f31f68912aa12eac43054f44f275f2ca41bc8743,https://bscscan.com/tx/0x82448390bef074e7a03af0e9f31f68912aa12eac43054f44f275f2ca41bc8743,21211728,2022-09-10 13:42:58,Binance: Hot Wallet 17,https://bscscan.com/address/0x29bdfbf7d27462a2d115748ace2bd71a2646946c,,javascript:;,1.5195 BNB $986.37,0 . 00021,0x29bdfbf7d27462a2d115748ace2bd71a2646946c,,Binance: Hot Wallet 17,,Binance: Hot Wallet 17,,,0,,1.5195,986.37,1001.06,14.69,658.81,2026-05-21,1,1.5195,986.37,1001.06,1,friendly_tag_or_url_contains_binance,inflow_to_you
0x9de89711f29da373e84dd534c64fc807ade12f4e908f3c45ee954f69e98efb7b,https://bscscan.com/tx/0x9de89711f29da373e84dd534c64fc807ade12f4e908f3c45ee954f69e98efb7b,21204417,2022-09-10 7:37:24,,javascript:;,0xBdb2cf92...2B0687C4b,https://bscscan.com/address/0xbdb2cf92ffad65c9d195a9cb95759912b0687c4b,0 BNB $0.00,0 . 00099974,,0xbdb2cf92ffad65c9d195a9cb95759912b0687c4b,,,,,,0,,0,0.00,0.00,0.00,658.81,2026-05-21,0,0,0.00,0.00,0,,outflow_from_you
0xc963b164c837fc22a594cf712b6ddf362376c791022a90750caaaf798b997047,https://bscscan.com/tx/0xc963b164c837fc22a594cf712b6ddf362376c791022a90750caaaf798b997047,21204394,2022-09-10 7:36:15,,javascript:;,0xBdb2cf92...2B0687C4b,https://bscscan.com/address/0xbdb2cf92ffad65c9d195a9cb95759912b0687c4b,0 BNB $0.00,0 . 00166055,,0xbdb2cf92ffad65c9d195a9cb95759912b0687c4b,,,,,,0,,0,0.00,0.00,0.00,658.81,2026-05-21,0,0,0.00,0.00,0,,outflow_from_you
0x3df3e8a753157719f712b10fd864429abe08c482e30171a5150d3766e249a787,https://bscscan.com/tx/0x3df3e8a753157719f712b10fd864429abe08c482e30171a5150d3766e249a787,21204388,2022-09-10 7:35:57,,javascript:;,0x78B2425F...43af83FB8,https://bscscan.com/address/0x78b2425fc305c0266143eaa527b01b043af83fb8,0 BNB $0.00,0 . 00022129,,0x78b2425fc305c0266143eaa527b01b043af83fb8,,,,,,0,,0,0.00,0.00,0.00,658.81,2026-05-21,0,0,0.00,0.00,0,,outflow_from_you
0x5a11a0b147aa9ad57fbb296f6a42338f891e4d66b7837b78e476603856de3d2d,https://bscscan.com/tx/0x5a11a0b147aa9ad57fbb296f6a42338f891e4d66b7837b78e476603856de3d2d,21204375,2022-09-10 7:35:18,,javascript:;,0x1c440E95...62818ce96,https://bscscan.com/address/0x1c440e95bf2c1354043963e3543e93162818ce96,0.859731513 BNB $558.09,0 . 00100181,,0x1c440e95bf2c1354043963e3543e93162818ce96,,,,,,0,,0.859731513,558.09,566.40,8.31,658.81,2026-05-21,0,0,0.00,0.00,0,,outflow_from_you
0x412b542f7c233f343fdac59eee905118910fac877d6f58a92fa0f182d040fd3b,https://bscscan.com/tx/0x412b542f7c233f343fdac59eee905118910fac877d6f58a92fa0f182d040fd3b,21204269,2022-09-10 7:30:00,,javascript:;,Bogged Finance: Proxy,https://bscscan.com/address/0xb099ed146fad4d0daa31e3810591fc0554af62bb,0.7 BNB $454.40,0 . 00110944,,0xb099ed146fad4d0daa31e3810591fc0554af62bb,,Bogged Finance: Proxy,,Bogged Finance: Proxy,safuu,1,high,0.7,454.40,461.17,6.77,658.81,2026-05-21,0,0,0.00,0.00,0,,outflow_from_you
0xaf23035ef59551e7a419241b11733808870ec844cc87936a820b5d114d7b59d9,https://bscscan.com/tx/0xaf23035ef59551e7a419241b11733808870ec844cc87936a820b5d114d7b59d9,21138567,2022-09-08 0:36:01,,javascript:;,Bogged Finance: Proxy,https://bscscan.com/address/0xb099ed146fad4d0daa31e3810591fc0554af62bb,1 BNB $649.14,0 . 00110066,,0xb099ed146fad4d0daa31e3810591fc0554af62bb,,Bogged Finance: Proxy,,Bogged Finance: Proxy,safuu,1,high,1,649.14,658.81,9.67,658.81,2026-05-21,0,0,0.00,0.00,0,,outflow_from_you
0x68a69933027b598a8ac0210262fd39accb9014efda33ef7742e6ff73c4623f8b,https://bscscan.com/tx/0x68a69933027b598a8ac0210262fd39accb9014efda33ef7742e6ff73c4623f8b,21110648,2022-09-07 1:19:31,,javascript:;,Bogged Finance: Proxy,https://bscscan.com/address/0xb099ed146fad4d0daa31e3810591fc0554af62bb,1 BNB $649.14,0 . 00110066,,0xb099ed146fad4d0daa31e3810591fc0554af62bb,,Bogged Finance: Proxy,,Bogged Finance: Proxy,safuu,1,high,1,649.14,658.81,9.67,658.81,2026-05-21,0,0,0.00,0.00,0,,outflow_from_you
0xd5cdba6f76e52817372f2fb4f965f31b4a61958dd2f9162b07beb332ed5fc6e8,https://bscscan.com/tx/0xd5cdba6f76e52817372f2fb4f965f31b4a61958dd2f9162b07beb332ed5fc6e8,21110314,2022-09-07 1:02:47,Binance 51,https://bscscan.com/address/0x8894e0a0c962cb723c1976a4421c95949be2d4e3,,javascript:;,"3.7495 BNB $2,433.95",0 . 00021,0x8894e0a0c962cb723c1976a4421c95949be2d4e3,,Binance 51,,Binance 51,,,0,,3.7495,2433.95,2470.21,36.26,658.81,2026-05-21,1,3.7495,2433.95,2470.21,1,friendly_tag_or_url_contains_binance,inflow_to_you
0x00a272c2a94fff16994431b823181fc20fce1f1b3ab4501e255749da2f7ab427,https://bscscan.com/tx/0x00a272c2a94fff16994431b823181fc20fce1f1b3ab4501e255749da2f7ab427,21109899,2022-09-07 0:42:02,,javascript:;,0xB6934215...68B6A3182,https://bscscan.com/address/0xb6934215b856b03430fc8dc058bd1c668b6a3182,"5.75 BNB $3,732.55",0 . 000105,,0xb6934215b856b03430fc8dc058bd1c668b6a3182,,,,,,0,,5.75,3732.55,3788.16,55.61,658.81,2026-05-21,0,0,0.00,0.00,1,user_binance_address_match,outflow_from_you
0x0e90fbb33d123af488c9726b8dddb8070698db029ba6279bda4070bf1b841043,https://bscscan.com/tx/0x0e90fbb33d123af488c9726b8dddb8070698db029ba6279bda4070bf1b841043,21109833,2022-09-07 0:38:44,Binance: Hot Wallet 13,https://bscscan.com/address/0xbd612a3f30dca67bf60a39fd0d35e39b7ab80774,,javascript:;,"3.4995 BNB $2,271.66",0 . 00021,0xbd612a3f30dca67bf60a39fd0d35e39b7ab80774,,Binance: Hot Wallet 13,,Binance: Hot Wallet 13,,,0,,3.4995,2271.66,2305.51,33.85,658.81,2026-05-21,1,3.4995,2271.66,2305.51,1,friendly_tag_or_url_contains_binance,inflow_to_you
0x154c0cb655decf4251d3769da0565cd55915117b3e02586a0d91b9f5d895c05e,https://bscscan.com/tx/0x154c0cb655decf4251d3769da0565cd55915117b3e02586a0d91b9f5d895c05e,21081903,2022-09-06 1:19:01,,javascript:;,0x5C9b8346...AdD6d4195,https://bscscan.com/address/0x5c9b83467cb615b387f5eb6e0c5aef7add6d4195,0 BNB $0.00,0 . 00982254,,0x5c9b83467cb615b387f5eb6e0c5aef7add6d4195,,,,,,0,,0,0.00,0.00,0.00,658.81,2026-05-21,0,0,0.00,0.00,0,,outflow_from_you
0xe3d1fe5c2a3601cc454b1d7a0a6b8448f3d76b3e933adb3e03c594c276789804,https://bscscan.com/tx/0xe3d1fe5c2a3601cc454b1d7a0a6b8448f3d76b3e933adb3e03c594c276789804,21081898,2022-09-06 1:18:46,,javascript:;,0x2E9a994C...0f862f4da,https://bscscan.com/address/0x2e9a994c9a2f661ae685e8d08662df00f862f4da,0 BNB $0.00,0 . 00022418,,0x2e9a994c9a2f661ae685e8d08662df00f862f4da,,,,,,0,,0,0.00,0.00,0.00,658.81,2026-05-21,0,0,0.00,0.00,0,,outflow_from_you
0xf42bd49b98d7d0e42a18302198bf286749e9ec372ade64fb60f7079733e26f46,https://bscscan.com/tx/0xf42bd49b98d7d0e42a18302198bf286749e9ec372ade64fb60f7079733e26f46,21081879,2022-09-06 1:17:49,,javascript:;,0xA844B2fF...125DA7919,https://bscscan.com/address/0xa844b2ffeb34ab5878e3b520e87b50f125da7919,0.01 BNB $6.49,0 . 00062448,,0xa844b2ffeb34ab5878e3b520e87b50f125da7919,,,,,,0,,0.01,6.49,6.59,0.10,658.81,2026-05-21,0,0,0.00,0.00,0,,outflow_from_you
0xdf1aa118d7c0297915db4706b7b8d5bd415663b8f039cedf95166f46f0632dff,https://bscscan.com/tx/0xdf1aa118d7c0297915db4706b7b8d5bd415663b8f039cedf95166f46f0632dff,21081871,2022-09-06 1:17:25,,javascript:;,Staderlabs: BNBx Token,https://bscscan.com/address/0x1bdd3cf7f79cfb8edbb955f20ad99211551ba275,0 BNB $0.00,0 . 00023668,,0x1bdd3cf7f79cfb8edbb955f20ad99211551ba275,,Staderlabs: BNBx Token,,Staderlabs: BNBx Token,,0,,0,0.00,0.00,0.00,658.81,2026-05-21,0,0,0.00,0.00,0,,outflow_from_you
0x32728d2cf17ecc352d402b002f15b9c5115db6a340b5ce9ffa0f6a1f2520df24,https://bscscan.com/tx/0x32728d2cf17ecc352d402b002f15b9c5115db6a340b5ce9ffa0f6a1f2520df24,21081774,2022-09-06 1:12:34,,javascript:;,0xFD4afeAc...fB7D766DA,https://bscscan.com/address/0xfd4afeac39da03a05f61844095a75c4fb7d766da,0.01 BNB $6.49,0 . 00187278,,0xfd4afeac39da03a05f61844095a75c4fb7d766da,,,,,,0,,0.01,6.49,6.59,0.10,658.81,2026-05-21,0,0,0.00,0.00,0,,outflow_from_you
0xec0bd8a3163b4462637fe9b763f60dc7a14f2dcd66c7083f2b9c8cf7e3e28836,https://bscscan.com/tx/0xec0bd8a3163b4462637fe9b763f60dc7a14f2dcd66c7083f2b9c8cf7e3e28836,21081731,2022-09-06 1:10:25,,javascript:;,BNB Chain: WBNB Token,https://bscscan.com/address/0xbb4cdb9cbd36b01bd1cbaebf2de08d9173bc095c,0 BNB $0.00,0 . 00021994,,0xbb4cdb9cbd36b01bd1cbaebf2de08d9173bc095c,,BNB Chain: WBNB Token,,BNB Chain: WBNB Token,,0,,0,0.00,0.00,0.00,658.81,2026-05-21,0,0,0.00,0.00,0,,outflow_from_you
0x5bd99a03a66e71bbf0235d3730530b951e8501e8643edf6cc7b2bac27954228f,https://bscscan.com/tx/0x5bd99a03a66e71bbf0235d3730530b951e8501e8643edf6cc7b2bac27954228f,21081718,2022-09-06 1:09:46,,javascript:;,0xd0A01e04...1c5b8eF86,https://bscscan.com/address/0xd0a01e04ec25e98bafc6ea22ec655b51c5b8ef86,0 BNB $0.00,0 . 00855307,,0xd0a01e04ec25e98bafc6ea22ec655b51c5b8ef86,,,,,,0,,0,0.00,0.00,0.00,658.81,2026-05-21,0,0,0.00,0.00,0,,outflow_from_you
0x3f9bf8d0e6cdd21c650ccd908f29b9a8faccb99146b4a5c36d8c1003522a2e34,https://bscscan.com/tx/0x3f9bf8d0e6cdd21c650ccd908f29b9a8faccb99146b4a5c36d8c1003522a2e34,21081710,2022-09-06 1:09:22,,javascript:;,0xA6020580...eECe05AC9,https://bscscan.com/address/0xa60205802e1b5c6ec1cafa3cacd49dfeece05ac9,0 BNB $0.00,0 . 00022066,,0xa60205802e1b5c6ec1cafa3cacd49dfeece05ac9,,,,,,0,,0,0.00,0.00,0.00,658.81,2026-05-21,0,0,0.00,0.00,0,,outflow_from_you
0xf288071580faee32a9bbe2b1b608218301f3143b55630234ac90a557e0fbb81e,https://bscscan.com/tx/0xf288071580faee32a9bbe2b1b608218301f3143b55630234ac90a557e0fbb81e,21081701,2022-09-06 1:08:55,,javascript:;,0xbf1fc296...B1E03E75F,https://bscscan.com/address/0xbf1fc29668e5f5eaa819948599c9ac1b1e03e75f,0.2 BNB $129.83,0 . 00085831,,0xbf1fc29668e5f5eaa819948599c9ac1b1e03e75f,,,,,,0,,0.2,129.83,131.76,1.93,658.81,2026-05-21,0,0,0.00,0.00,0,,outflow_from_you
0x68646f7b0cd4bd0ef22804421eb0f46a3ed6bda6833f1ff86a19ccec4a75de07,https://bscscan.com/tx/0x68646f7b0cd4bd0ef22804421eb0f46a3ed6bda6833f1ff86a19ccec4a75de07,21081600,2022-09-06 1:03:52,,javascript:;,0x03c509fd...A147486EA,https://bscscan.com/address/0x03c509fd85d51dc7e75fa2de06276cfa147486ea,0 BNB $0.00,0 . 00591911,,0x03c509fd85d51dc7e75fa2de06276cfa147486ea,,,,,,0,,0,0.00,0.00,0.00,658.81,2026-05-21,0,0,0.00,0.00,0,,outflow_from_you
0x832eb0f468d5b22703361dc5fd53c398fd91d387fe64147a1b723a24e660cb3a,https://bscscan.com/tx/0x832eb0f468d5b22703361dc5fd53c398fd91d387fe64147a1b723a24e660cb3a,21081596,2022-09-06 1:03:40,,javascript:;,Wombat Exchange: WOM Token,https://bscscan.com/address/0xad6742a35fb341a9cc6ad674738dd8da98b94fb1,0 BNB $0.00,0 . 00021965,,0xad6742a35fb341a9cc6ad674738dd8da98b94fb1,,Wombat Exchange: WOM Token,,Wombat Exchange: WOM Token,,0,,0,0.00,0.00,0.00,658.81,2026-05-21,0,0,0.00,0.00,0,,outflow_from_you
0xef07e3271c61a5ef5ba1873caf0962e1bcd463cde93878b2b23c6de8ff0166c7,https://bscscan.com/tx/0xef07e3271c61a5ef5ba1873caf0962e1bcd463cde93878b2b23c6de8ff0166c7,21081569,2022-09-06 1:02:19,,javascript:;,PancakeSwap: Router v2,https://bscscan.com/address/0x10ed43c718714eb63d5aa57b78b54704e256024e,0.1 BNB $64.91,0 . 00096368,,0x10ed43c718714eb63d5aa57b78b54704e256024e,,PancakeSwap: Router v2,,PancakeSwap: Router v2,,0,,0.1,64.91,65.88,0.97,658.81,2026-05-21,0,0,0.00,0.00,0,,outflow_from_you
0x02495f33782df0f738cbd3a03f8b1adcf5dfa39640ebe5672801f3bf692b3230,https://bscscan.com/tx/0x02495f33782df0f738cbd3a03f8b1adcf5dfa39640ebe5672801f3bf692b3230,21081460,2022-09-06 0:56:52,,javascript:;,0x87C17151...0606a56bf,https://bscscan.com/address/0x87c1715176dfd3e3083c68287b339dd0606a56bf,0.001 BNB $0.65,0 . 000105,,0x87c1715176dfd3e3083c68287b339dd0606a56bf,,,,,,0,,0.001,0.65,0.66,0.01,658.81,2026-05-21,0,0,0.00,0.00,0,,outflow_from_you
0xecd4dd41d84684093c524e000d58193a2a7276f4452c622b773603666dfbf7a0,https://bscscan.com/tx/0xecd4dd41d84684093c524e000d58193a2a7276f4452c622b773603666dfbf7a0,21081319,2022-09-06 0:49:49,,javascript:;,0xE42BE986...70D329C86,https://bscscan.com/address/0xe42be98613347658f82dcd90ce8102e70d329c86,0.001 BNB $0.65,0 . 000105,,0xe42be98613347658f82dcd90ce8102e70d329c86,,,,,,0,,0.001,0.65,0.66,0.01,658.81,2026-05-21,0,0,0.00,0.00,0,,outflow_from_you
0x5b9d558c69ad0ab8c45cb4cbcf67ff15d8f37174e9ea0e85dbc2e10a7ea5dab5,https://bscscan.com/tx/0x5b9d558c69ad0ab8c45cb4cbcf67ff15d8f37174e9ea0e85dbc2e10a7ea5dab5,21081295,2022-09-06 0:48:37,,javascript:;,0xE52471bc...97E1107A8,https://bscscan.com/address/0xe52471bcea9c7d7e3fc2da48ecf177c97e1107a8,0 BNB $0.00,0 . 00043275,,0xe52471bcea9c7d7e3fc2da48ecf177c97e1107a8,,,,,,0,,0,0.00,0.00,0.00,658.81,2026-05-21,0,0,0.00,0.00,0,,outflow_from_you
0xaba1514f7339a3d77e47642caff92a265c770b31c7aa8c95ca322c8d0954c026,https://bscscan.com/tx/0xaba1514f7339a3d77e47642caff92a265c770b31c7aa8c95ca322c8d0954c026,21081155,2022-09-06 0:41:37,,javascript:;,Bogged Finance: Proxy,https://bscscan.com/address/0xb099ed146fad4d0daa31e3810591fc0554af62bb,1 BNB $649.14,0 . 00110066,,0xb099ed146fad4d0daa31e3810591fc0554af62bb,,Bogged Finance: Proxy,,Bogged Finance: Proxy,safuu,1,high,1,649.14,658.81,9.67,658.81,2026-05-21,0,0,0.00,0.00,0,,outflow_from_you
0x7a2a8bd17d939552c484ef94f69a518e567b06392a75a9bb43f38f5892e78443,https://bscscan.com/tx/0x7a2a8bd17d939552c484ef94f69a518e567b06392a75a9bb43f38f5892e78443,21081016,2022-09-06 0:34:40,,javascript:;,0x8b206a40...4e0eAF63E,https://bscscan.com/address/0x8b206a405c11664189cec6673bf5a9b4e0eaf63e,0.003 BNB $1.95,0 . 000105,,0x8b206a405c11664189cec6673bf5a9b4e0eaf63e,,,,,,0,,0.003,1.95,1.98,0.03,658.81,2026-05-21,0,0,0.00,0.00,0,,outflow_from_you
0x572a93a9ae1b76f5036c9061920b98e85fd479b782a613c94448f0ee6abc34d3,https://bscscan.com/tx/0x572a93a9ae1b76f5036c9061920b98e85fd479b782a613c94448f0ee6abc34d3,21077443,2022-09-05 21:36:00,Binance: Hot Wallet 13,https://bscscan.com/address/0xbd612a3f30dca67bf60a39fd0d35e39b7ab80774,,javascript:;,"3.5995 BNB $2,336.58",0 . 00021,0xbd612a3f30dca67bf60a39fd0d35e39b7ab80774,,Binance: Hot Wallet 13,,Binance: Hot Wallet 13,,,0,,3.5995,2336.58,2371.39,34.81,658.81,2026-05-21,1,3.5995,2336.58,2371.39,1,friendly_tag_or_url_contains_binance,inflow_to_you
0xde2747905f833b84d82f5c438e5f834fadae0f46879678833d3ac78bf6257fbd,https://bscscan.com/tx/0xde2747905f833b84d82f5c438e5f834fadae0f46879678833d3ac78bf6257fbd,21057997,2022-09-05 5:11:26,,javascript:;,0xB6934215...68B6A3182,https://bscscan.com/address/0xb6934215b856b03430fc8dc058bd1c668b6a3182,0.03 BNB $19.47,0 . 000105,,0xb6934215b856b03430fc8dc058bd1c668b6a3182,,,,,,0,,0.03,19.47,19.76,0.29,658.81,2026-05-21,0,0,0.00,0.00,1,user_binance_address_match,outflow_from_you
0x86c4ccc2ec82c4691745e1c943a592d7de25b81b948b6e08f78abee403983f6b,https://bscscan.com/tx/0x86c4ccc2ec82c4691745e1c943a592d7de25b81b948b6e08f78abee403983f6b,21057946,2022-09-05 5:08:53,,javascript:;,0xB6934215...68B6A3182,https://bscscan.com/address/0xb6934215b856b03430fc8dc058bd1c668b6a3182,0.075 BNB $48.71,0 . 000105,,0xb6934215b856b03430fc8dc058bd1c668b6a3182,,,,,,0,,0.075,48.71,49.41,0.70,658.81,2026-05-21,0,0,0.00,0.00,1,user_binance_address_match,outflow_from_you
0x2889d4bd9f0b787bff00d0c9eca58c3b76ec76d785259fafc48ac04b3eb4db8b,https://bscscan.com/tx/0x2889d4bd9f0b787bff00d0c9eca58c3b76ec76d785259fafc48ac04b3eb4db8b,21053890,2022-09-05 1:45:35,,javascript:;,Safuu: SAFUU Token,https://bscscan.com/address/0xe5ba47fd94cb645ba4119222e34fb33f59c7cd90,0 BNB $0.00,0 . 00022042,,0xe5ba47fd94cb645ba4119222e34fb33f59c7cd90,,Safuu: SAFUU Token,,Safuu: SAFUU Token,safuu,1,high,0,0.00,0.00,0.00,658.81,2026-05-21,0,0,0.00,0.00,0,,outflow_from_you
0x4e0d382e3c572a42d48c9f35d54af4f9186c63604f82cb61701b2ae77a6a4d05,https://bscscan.com/tx/0x4e0d382e3c572a42d48c9f35d54af4f9186c63604f82cb61701b2ae77a6a4d05,21053391,2022-09-05 1:20:38,,javascript:;,0x0989B03B...653690aef,https://bscscan.com/address/0x0989b03b8ced1aa72aca962d22f1098653690aef,0 BNB $0.00,0 . 00061297,,0x0989b03b8ced1aa72aca962d22f1098653690aef,,,,,safuu,1,high,0,0.00,0.00,0.00,658.81,2026-05-21,0,0,0.00,0.00,0,,outflow_from_you
0x6b5118e38ec78143cd23eefeaeaec221b6ffec8e23b82fad29aba9eb1cc3c622,https://bscscan.com/tx/0x6b5118e38ec78143cd23eefeaeaec221b6ffec8e23b82fad29aba9eb1cc3c622,21053383,2022-09-05 1:20:14,,javascript:;,Safuu: SAFUU Token,https://bscscan.com/address/0xe5ba47fd94cb645ba4119222e34fb33f59c7cd90,0 BNB $0.00,0 . 00022042,,0xe5ba47fd94cb645ba4119222e34fb33f59c7cd90,,Safuu: SAFUU Token,,Safuu: SAFUU Token,safuu,1,high,0,0.00,0.00,0.00,658.81,2026-05-21,0,0,0.00,0.00,0,,outflow_from_you
0xa27efdd8937f571178bc1e310654277c62e94ee1eb8298782df862e4eb98dca4,https://bscscan.com/tx/0xa27efdd8937f571178bc1e310654277c62e94ee1eb8298782df862e4eb98dca4,21050698,2022-09-04 23:05:59,,javascript:;,Bogged Finance: Proxy,https://bscscan.com/address/0xb099ed146fad4d0daa31e3810591fc0554af62bb,0 BNB $0.00,0 . 00119944,,0xb099ed146fad4d0daa31e3810591fc0554af62bb,,Bogged Finance: Proxy,,Bogged Finance: Proxy,safuu,1,high,0,0.00,0.00,0.00,658.81,2026-05-21,0,0,0.00,0.00,0,,outflow_from_you
0x7b0c5b520b839b5322728134908d0e195765d8542026fc1dddbd9cd98993fe05,https://bscscan.com/tx/0x7b0c5b520b839b5322728134908d0e195765d8542026fc1dddbd9cd98993fe05,21045677,2022-09-04 18:54:56,Binance: Hot Wallet 17,https://bscscan.com/address/0x29bdfbf7d27462a2d115748ace2bd71a2646946c,,javascript:;,0.0585 BNB $37.99,0 . 00021,0x29bdfbf7d27462a2d115748ace2bd71a2646946c,,Binance: Hot Wallet 17,,Binance: Hot Wallet 17,,,0,,0.0585,37.99,38.54,0.55,658.81,2026-05-21,1,0.0585,37.99,38.54,1,friendly_tag_or_url_contains_binance,inflow_to_you
0x300b3e4cdd0282012f9592e2a65888ce1ba1f2dbd66940a5b0eb4f314ad1b108,https://bscscan.com/tx/0x300b3e4cdd0282012f9592e2a65888ce1ba1f2dbd66940a5b0eb4f314ad1b108,21025818,2022-09-04 2:21:58,,javascript:;,0xB6934215...68B6A3182,https://bscscan.com/address/0xb6934215b856b03430fc8dc058bd1c668b6a3182,0.174 BNB $113.01,0 . 000105,,0xb6934215b856b03430fc8dc058bd1c668b6a3182,,,,,,0,,0.174,113.01,114.63,1.62,658.81,2026-05-21,0,0,0.00,0.00,1,user_binance_address_match,outflow_from_you
0xa6d3586387892e75382c89468e09d2eb05857fc26fa7b0b1175b02592e691815,https://bscscan.com/tx/0xa6d3586387892e75382c89468e09d2eb05857fc26fa7b0b1175b02592e691815,21025808,2022-09-04 2:21:28,,javascript:;,Bogged Finance: Proxy,https://bscscan.com/address/0xb099ed146fad4d0daa31e3810591fc0554af62bb,0 BNB $0.00,0 . 00201539,,0xb099ed146fad4d0daa31e3810591fc0554af62bb,,Bogged Finance: Proxy,,Bogged Finance: Proxy,safuu,1,high,0,0.00,0.00,0.00,658.81,2026-05-21,0,0,0.00,0.00,0,,outflow_from_you
0x7bda7f9e0a93d2d868daa50ddb4a62d71b2b3bc7433c450de640e3808fcca0b3,https://bscscan.com/tx/0x7bda7f9e0a93d2d868daa50ddb4a62d71b2b3bc7433c450de640e3808fcca0b3,21025734,2022-09-04 2:17:46,,javascript:;,0xB6934215...68B6A3182,https://bscscan.com/address/0xb6934215b856b03430fc8dc058bd1c668b6a3182,0.27 BNB $175.35,0 . 000105,,0xb6934215b856b03430fc8dc058bd1c668b6a3182,,,,,,0,,0.27,175.35,177.88,2.53,658.81,2026-05-21,0,0,0.00,0.00,1,user_binance_address_match,outflow_from_you
0x608b954c47faf005f0c133203dd6e0f501fd1b0db018afb86c5056070133caad,https://bscscan.com/tx/0x608b954c47faf005f0c133203dd6e0f501fd1b0db018afb86c5056070133caad,21025720,2022-09-04 2:17:04,,javascript:;,Bogged Finance: Proxy,https://bscscan.com/address/0xb099ed146fad4d0daa31e3810591fc0554af62bb,0 BNB $0.00,0 . 00177151,,0xb099ed146fad4d0daa31e3810591fc0554af62bb,,Bogged Finance: Proxy,,Bogged Finance: Proxy,safuu,1,high,0,0.00,0.00,0.00,658.81,2026-05-21,0,0,0.00,0.00,0,,outflow_from_you
0xa09f2d94f2cfce2f5d8cb542b48c72c72ca718c8a51d2e39092bf9fcee55040e,https://bscscan.com/tx/0xa09f2d94f2cfce2f5d8cb542b48c72c72ca718c8a51d2e39092bf9fcee55040e,20961637,2022-09-01 20:49:45,,javascript:;,Bogged Finance: Proxy,https://bscscan.com/address/0xb099ed146fad4d0daa31e3810591fc0554af62bb,"5.8 BNB $3,766.87",0 . 00110084,,0xb099ed146fad4d0daa31e3810591fc0554af62bb,,Bogged Finance: Proxy,,Bogged Finance: Proxy,safuu,1,high,5.8,3766.87,3821.10,54.23,658.81,2026-05-21,0,0,0.00,0.00,0,,outflow_from_you
0xeeb74a5f12cf2edddf8311fc69d4457ce88a469d6a7ecfb6d4180779f55e77cd,https://bscscan.com/tx/0xeeb74a5f12cf2edddf8311fc69d4457ce88a469d6a7ecfb6d4180779f55e77cd,20961377,2022-09-01 20:36:45,,javascript:;,Bogged Finance: Proxy,https://bscscan.com/address/0xb099ed146fad4d0daa31e3810591fc0554af62bb,1.5 BNB $974.19,0 . 00110072,,0xb099ed146fad4d0daa31e3810591fc0554af62bb,,Bogged Finance: Proxy,,Bogged Finance: Proxy,safuu,1,high,1.5,974.19,988.21,14.02,658.81,2026-05-21,0,0,0.00,0.00,0,,outflow_from_you
0x7dbfc25139f65907cf41f34c39d25c62f63e30ec9c6cef5cbac2e189ddecf07b,https://bscscan.com/tx/0x7dbfc25139f65907cf41f34c39d25c62f63e30ec9c6cef5cbac2e189ddecf07b,20961346,2022-09-01 20:35:12,,javascript:;,Bogged Finance: Proxy,https://bscscan.com/address/0xb099ed146fad4d0daa31e3810591fc0554af62bb,"2 BNB $1,298.92",0 . 00110072,,0xb099ed146fad4d0daa31e3810591fc0554af62bb,,Bogged Finance: Proxy,,Bogged Finance: Proxy,safuu,1,high,2,1298.92,1317.62,18.70,658.81,2026-05-21,0,0,0.00,0.00,0,,outflow_from_you
0x08fe9dcadb4a133a16f32ab0660f64242d77f5222f0ab131ffcb17f21eeb4378,https://bscscan.com/tx/0x08fe9dcadb4a133a16f32ab0660f64242d77f5222f0ab131ffcb17f21eeb4378,20961310,2022-09-01 20:33:24,,javascript:;,Bogged Finance: Proxy,https://bscscan.com/address/0xb099ed146fad4d0daa31e3810591fc0554af62bb,"2 BNB $1,298.92",0 . 00110072,,0xb099ed146fad4d0daa31e3810591fc0554af62bb,,Bogged Finance: Proxy,,Bogged Finance: Proxy,safuu,1,high,2,1298.92,1317.62,18.70,658.81,2026-05-21,0,0,0.00,0.00,0,,outflow_from_you
0x9a074b257303d7630f85b65d9001503f03dcfb6832f6203cf4275d5e577228cc,https://bscscan.com/tx/0x9a074b257303d7630f85b65d9001503f03dcfb6832f6203cf4275d5e577228cc,20961254,2022-09-01 20:30:36,Binance: Hot Wallet 17,https://bscscan.com/address/0x29bdfbf7d27462a2d115748ace2bd71a2646946c,,javascript:;,"1.77096365 BNB $1,150.17",0 . 00021,0x29bdfbf7d27462a2d115748ace2bd71a2646946c,,Binance: Hot Wallet 17,,Binance: Hot Wallet 17,,,0,,1.77096365,1150.17,1166.73,16.56,658.81,2026-05-21,1,1.77096365,1150.17,1166.73,1,friendly_tag_or_url_contains_binance,inflow_to_you
0x767a10cdc992d5562de2877f179b6cd6835526e6671d29a3b456ff097a3be675,https://bscscan.com/tx/0x767a10cdc992d5562de2877f179b6cd6835526e6671d29a3b456ff097a3be675,20955142,2022-09-01 15:24:29,,javascript:;,Bogged Finance: Proxy,https://bscscan.com/address/0xb099ed146fad4d0daa31e3810591fc0554af62bb,0 BNB $0.00,0 . 00201575,,0xb099ed146fad4d0daa31e3810591fc0554af62bb,,Bogged Finance: Proxy,,Bogged Finance: Proxy,safuu,1,high,0,0.00,0.00,0.00,658.81,2026-05-21,0,0,0.00,0.00,0,,outflow_from_you
0xa2e03c2a0cf43ec9c13de454c443db6762b42614e0fe4f6f753761c6bf4d3512,https://bscscan.com/tx/0xa2e03c2a0cf43ec9c13de454c443db6762b42614e0fe4f6f753761c6bf4d3512,20954943,2022-09-01 15:14:32,Binance: Hot Wallet 10,https://bscscan.com/address/0xeb2d2f1b8c558a40207669291fda468e50c8a0bb,,javascript:;,0.0295 BNB $19.16,0 . 00021,0xeb2d2f1b8c558a40207669291fda468e50c8a0bb,,Binance: Hot Wallet 10,,Binance: Hot Wallet 10,,,0,,0.0295,19.16,19.43,0.27,658.81,2026-05-21,1,0.0295,19.16,19.43,1,friendly_tag_or_url_contains_binance,inflow_to_you
0x5cb314f3a8465c12c90112d3a528b416bc393ef6e70fb2f75e3de0d7cb7820ba,https://bscscan.com/tx/0x5cb314f3a8465c12c90112d3a528b416bc393ef6e70fb2f75e3de0d7cb7820ba,20941253,2022-09-01 3:47:37,,javascript:;,0xB6934215...68B6A3182,https://bscscan.com/address/0xb6934215b856b03430fc8dc058bd1c668b6a3182,0.053 BNB $34.42,0 . 000105,,0xb6934215b856b03430fc8dc058bd1c668b6a3182,,,,,,0,,0.053,34.42,34.92,0.50,658.81,2026-05-21,0,0,0.00,0.00,1,user_binance_address_match,outflow_from_you
0xf9c20275daad20653c37c244f89f3c30c0827a2b00f70347e62f6ba8c50a14f7,https://bscscan.com/tx/0xf9c20275daad20653c37c244f89f3c30c0827a2b00f70347e62f6ba8c50a14f7,20941232,2022-09-01 3:46:34,,javascript:;,Bogged Finance: Proxy,https://bscscan.com/address/0xb099ed146fad4d0daa31e3810591fc0554af62bb,0 BNB $0.00,0 . 00177127,,0xb099ed146fad4d0daa31e3810591fc0554af62bb,,Bogged Finance: Proxy,,Bogged Finance: Proxy,safuu,1,high,0,0.00,0.00,0.00,658.81,2026-05-21,0,0,0.00,0.00,0,,outflow_from_you
0x6e8981429a271da2cc756285f76b68d24614b8478cb122573eccca396bca66e6,https://bscscan.com/tx/0x6e8981429a271da2cc756285f76b68d24614b8478cb122573eccca396bca66e6,20925429,2022-08-31 14:33:22,,javascript:;,0xB6934215...68B6A3182,https://bscscan.com/address/0xb6934215b856b03430fc8dc058bd1c668b6a3182,0.17 BNB $110.41,0 . 000105,,0xb6934215b856b03430fc8dc058bd1c668b6a3182,,,,,,0,,0.17,110.41,112.00,1.59,658.81,2026-05-21,0,0,0.00,0.00,1,user_binance_address_match,outflow_from_you
0x276d713511431bd1426e09f7652f76ae766774b3dd99e5376bce4ed16ed6c027,https://bscscan.com/tx/0x276d713511431bd1426e09f7652f76ae766774b3dd99e5376bce4ed16ed6c027,20925387,2022-08-31 14:31:01,,javascript:;,Bogged Finance: Proxy,https://bscscan.com/address/0xb099ed146fad4d0daa31e3810591fc0554af62bb,0 BNB $0.00,0 . 00212567,,0xb099ed146fad4d0daa31e3810591fc0554af62bb,,Bogged Finance: Proxy,,Bogged Finance: Proxy,safuu,1,high,0,0.00,0.00,0.00,658.81,2026-05-21,0,0,0.00,0.00,0,,outflow_from_you
0x55a05fdf2ea5625d1823a456130ae02eeece7caee1185c8c09a90629734cbc99,https://bscscan.com/tx/0x55a05fdf2ea5625d1823a456130ae02eeece7caee1185c8c09a90629734cbc99,20925330,2022-08-31 14:27:30,Binance: Withdrawals 2,https://bscscan.com/address/0xdccf3b77da55107280bd850ea519df3705d1a75a,,javascript:;,0.0095 BNB $6.17,0 . 00021,0xdccf3b77da55107280bd850ea519df3705d1a75a,,Binance: Withdrawals 2,,Binance: Withdrawals 2,,,0,,0.0095,6.17,6.26,0.09,658.81,2026-05-21,1,0.0095,6.17,6.26,1,friendly_tag_or_url_contains_binance,inflow_to_you
0x5c2a2ca037536fb4f87684161b2c819ba853277540019951729a99e598daa453,https://bscscan.com/tx/0x5c2a2ca037536fb4f87684161b2c819ba853277540019951729a99e598daa453,20903890,2022-08-30 20:34:12,,javascript:;,0xB6934215...68B6A3182,https://bscscan.com/address/0xb6934215b856b03430fc8dc058bd1c668b6a3182,0.275 BNB $178.60,0 . 000105,,0xb6934215b856b03430fc8dc058bd1c668b6a3182,,,,,,0,,0.275,178.60,181.17,2.57,658.81,2026-05-21,0,0,0.00,0.00,1,user_binance_address_match,outflow_from_you
0x344d00844c12fb8c957bd39331bc3e5695a3e8c4ebbcaeebad4e2fa50fd1e325,https://bscscan.com/tx/0x344d00844c12fb8c957bd39331bc3e5695a3e8c4ebbcaeebad4e2fa50fd1e325,20903875,2022-08-30 20:33:27,,javascript:;,Bogged Finance: Proxy,https://bscscan.com/address/0xb099ed146fad4d0daa31e3810591fc0554af62bb,0 BNB $0.00,0 . 00177139,,0xb099ed146fad4d0daa31e3810591fc0554af62bb,,Bogged Finance: Proxy,,Bogged Finance: Proxy,safuu,1,high,0,0.00,0.00,0.00,658.81,2026-05-21,0,0,0.00,0.00,0,,outflow_from_you
0xdb659a497921eba60695d9bfc2b1843bca083458ea13b05befc81c24b01b8078,https://bscscan.com/tx/0xdb659a497921eba60695d9bfc2b1843bca083458ea13b05befc81c24b01b8078,20898697,2022-08-30 16:14:33,Binance: Hot Wallet 13,https://bscscan.com/address/0xbd612a3f30dca67bf60a39fd0d35e39b7ab80774,,javascript:;,0.01639187 BNB $10.65,0 . 00021,0xbd612a3f30dca67bf60a39fd0d35e39b7ab80774,,Binance: Hot Wallet 13,,Binance: Hot Wallet 13,,,0,,0.01639187,10.65,10.80,0.15,658.81,2026-05-21,1,0.01639187,10.65,10.80,1,friendly_tag_or_url_contains_binance,inflow_to_you
0xf80f5df31fed96a99f49f0620353a70fd0558f2bcecd60dd143f9232988354fb,https://bscscan.com/tx/0xf80f5df31fed96a99f49f0620353a70fd0558f2bcecd60dd143f9232988354fb,20897780,2022-08-30 15:28:17,,javascript:;,Safuu: SAFUU Token,https://bscscan.com/address/0xe5ba47fd94cb645ba4119222e34fb33f59c7cd90,0 BNB $0.00,0 . 0002221,,0xe5ba47fd94cb645ba4119222e34fb33f59c7cd90,,Safuu: SAFUU Token,,Safuu: SAFUU Token,safuu,1,high,0,0.00,0.00,0.00,658.81,2026-05-21,0,0,0.00,0.00,0,,outflow_from_you
0xc4cae51beb9c50f97d86926f7272a60e4c4c10d7feaa21f1bb806522d75ff800,https://bscscan.com/tx/0xc4cae51beb9c50f97d86926f7272a60e4c4c10d7feaa21f1bb806522d75ff800,20897449,2022-08-30 15:11:44,0xE42BE986...70D329C86,https://bscscan.com/address/0xe42be98613347658f82dcd90ce8102e70d329c86,,javascript:;,0.0006 BNB $0.39,0 . 000105,0xe42be98613347658f82dcd90ce8102e70d329c86,,,,,,,0,,0.0006,0.39,0.40,0.01,658.81,2026-05-21,0,0,0.00,0.00,0,,inflow_to_you
0xfee58b79b0ef819c53df1bd67327054ab34dda602beabd6c073a49f0e00b0849,https://bscscan.com/tx/0xfee58b79b0ef819c53df1bd67327054ab34dda602beabd6c073a49f0e00b0849,20881564,2022-08-30 1:55:24,,javascript:;,0xB6934215...68B6A3182,https://bscscan.com/address/0xb6934215b856b03430fc8dc058bd1c668b6a3182,0.236 BNB $153.27,0 . 000105,,0xb6934215b856b03430fc8dc058bd1c668b6a3182,,,,,,0,,0.236,153.27,155.48,2.21,658.81,2026-05-21,0,0,0.00,0.00,1,user_binance_address_match,outflow_from_you
0x0f7db2f60bd0ee42a32400d3ca8185443083e33674714226a1f112385c79078f,https://bscscan.com/tx/0x0f7db2f60bd0ee42a32400d3ca8185443083e33674714226a1f112385c79078f,20881270,2022-08-30 1:40:42,,javascript:;,Bogged Finance: Proxy,https://bscscan.com/address/0xb099ed146fad4d0daa31e3810591fc0554af62bb,0 BNB $0.00,0 . 00201527,,0xb099ed146fad4d0daa31e3810591fc0554af62bb,,Bogged Finance: Proxy,,Bogged Finance: Proxy,safuu,1,high,0,0.00,0.00,0.00,658.81,2026-05-21,0,0,0.00,0.00,0,,outflow_from_you
0x534945adb2546b620b043e7f860d8a4b35fecd9576dda7b9aeb5cbdaabf145da,https://bscscan.com/tx/0x534945adb2546b620b043e7f860d8a4b35fecd9576dda7b9aeb5cbdaabf145da,20881216,2022-08-30 1:38:00,Binance: Hot Wallet 16,https://bscscan.com/address/0xa180fe01b906a1be37be6c534a3300785b20d947,,javascript:;,0.0275 BNB $17.86,0 . 00021,0xa180fe01b906a1be37be6c534a3300785b20d947,,Binance: Hot Wallet 16,,Binance: Hot Wallet 16,,,0,,0.0275,17.86,18.12,0.26,658.81,2026-05-21,1,0.0275,17.86,18.12,1,friendly_tag_or_url_contains_binance,inflow_to_you
0x51c41d066e88820e9efc0a4440b3d32faefaaa51542fe15552abd2b7aa1cc7a8,https://bscscan.com/tx/0x51c41d066e88820e9efc0a4440b3d32faefaaa51542fe15552abd2b7aa1cc7a8,20875520,2022-08-29 20:53:12,,javascript:;,0xB6934215...68B6A3182,https://bscscan.com/address/0xb6934215b856b03430fc8dc058bd1c668b6a3182,0.013 BNB $8.44,0 . 000105,,0xb6934215b856b03430fc8dc058bd1c668b6a3182,,,,,,0,,0.013,8.44,8.56,0.12,658.81,2026-05-21,0,0,0.00,0.00,1,user_binance_address_match,outflow_from_you
0x812731f321dd1dbabb1836780eed70815236bcf497d205c92dc67b41e834f70c,https://bscscan.com/tx/0x812731f321dd1dbabb1836780eed70815236bcf497d205c92dc67b41e834f70c,20875188,2022-08-29 20:36:36,,javascript:;,0xB6934215...68B6A3182,https://bscscan.com/address/0xb6934215b856b03430fc8dc058bd1c668b6a3182,0.03 BNB $19.48,0 . 000105,,0xb6934215b856b03430fc8dc058bd1c668b6a3182,,,,,,0,,0.03,19.48,19.76,0.28,658.81,2026-05-21,0,0,0.00,0.00,1,user_binance_address_match,outflow_from_you
0xe3e2df6ca54df227b9db9bd13a5e23307d8f89f04b9e80acd235a92a309d3ddf,https://bscscan.com/tx/0xe3e2df6ca54df227b9db9bd13a5e23307d8f89f04b9e80acd235a92a309d3ddf,20875151,2022-08-29 20:34:45,,javascript:;,Bogged Finance: Proxy,https://bscscan.com/address/0xb099ed146fad4d0daa31e3810591fc0554af62bb,0 BNB $0.00,0 . 00119938,,0xb099ed146fad4d0daa31e3810591fc0554af62bb,,Bogged Finance: Proxy,,Bogged Finance: Proxy,safuu,1,high,0,0.00,0.00,0.00,658.81,2026-05-21,0,0,0.00,0.00,0,,outflow_from_you
0xa1d6e0af202f27811a3686d9329126309f222f374502edcaec7b7c56d000d9bd,https://bscscan.com/tx/0xa1d6e0af202f27811a3686d9329126309f222f374502edcaec7b7c56d000d9bd,20874850,2022-08-29 20:19:42,,javascript:;,BNB Chain: WBNB Token,https://bscscan.com/address/0xbb4cdb9cbd36b01bd1cbaebf2de08d9173bc095c,0 BNB $0.00,0 . 00011158,,0xbb4cdb9cbd36b01bd1cbaebf2de08d9173bc095c,,BNB Chain: WBNB Token,,BNB Chain: WBNB Token,,0,,0,0.00,0.00,0.00,658.81,2026-05-21,0,0,0.00,0.00,0,,outflow_from_you
0xb951e6fcccc2a2b646521d9e8b01c6746a53e0c33bc6b452e44d7b960a12c5f3,https://bscscan.com/tx/0xb951e6fcccc2a2b646521d9e8b01c6746a53e0c33bc6b452e44d7b960a12c5f3,20874736,2022-08-29 20:14:00,,javascript:;,0xE52471bc...97E1107A8,https://bscscan.com/address/0xe52471bcea9c7d7e3fc2da48ecf177c97e1107a8,0 BNB $0.00,0 . 00037562,,0xe52471bcea9c7d7e3fc2da48ecf177c97e1107a8,,,,,,0,,0,0.00,0.00,0.00,658.81,2026-05-21,0,0,0.00,0.00,0,,outflow_from_you
0xce8dbb3762b946bd10206bf8d82a530472461c0198be44a05f13babc6be9b4d2,https://bscscan.com/tx/0xce8dbb3762b946bd10206bf8d82a530472461c0198be44a05f13babc6be9b4d2,20817943,2022-08-27 20:51:02,,javascript:;,0xB6934215...68B6A3182,https://bscscan.com/address/0xb6934215b856b03430fc8dc058bd1c668b6a3182,0.003 BNB $1.95,0 . 000105,,0xb6934215b856b03430fc8dc058bd1c668b6a3182,,,,,,0,,0.003,1.95,1.98,0.03,658.81,2026-05-21,0,0,0.00,0.00,1,user_binance_address_match,outflow_from_you
0x68842316e055dac83c876ce0a2aae4279dde339d90694c8d222cdca4a7b96881,https://bscscan.com/tx/0x68842316e055dac83c876ce0a2aae4279dde339d90694c8d222cdca4a7b96881,20817360,2022-08-27 20:21:53,,javascript:;,0xE52471bc...97E1107A8,https://bscscan.com/address/0xe52471bcea9c7d7e3fc2da48ecf177c97e1107a8,0 BNB $0.00,0 . 00037567,,0xe52471bcea9c7d7e3fc2da48ecf177c97e1107a8,,,,,,0,,0,0.00,0.00,0.00,658.81,2026-05-21,0,0,0.00,0.00,0,,outflow_from_you
0x4ff204eb21b0e7b284086fc41188131278fee3fcb8ecff2deae5413195d9dff2,https://bscscan.com/tx/0x4ff204eb21b0e7b284086fc41188131278fee3fcb8ecff2deae5413195d9dff2,20802377,2022-08-27 7:52:39,,javascript:;,0xB6934215...68B6A3182,https://bscscan.com/address/0xb6934215b856b03430fc8dc058bd1c668b6a3182,0.085 BNB $55.20,0 . 000105,,0xb6934215b856b03430fc8dc058bd1c668b6a3182,,,,,,0,,0.085,55.20,56.00,0.80,658.81,2026-05-21,0,0,0.00,0.00,1,user_binance_address_match,outflow_from_you
0x3ff59f8aee1b1fe7a7289894275fa223d7053064a80714d6e9222942898ae168,https://bscscan.com/tx/0x3ff59f8aee1b1fe7a7289894275fa223d7053064a80714d6e9222942898ae168,20802295,2022-08-27 7:48:33,,javascript:;,Bogged Finance: Proxy,https://bscscan.com/address/0xb099ed146fad4d0daa31e3810591fc0554af62bb,0 BNB $0.00,0 . 00177133,,0xb099ed146fad4d0daa31e3810591fc0554af62bb,,Bogged Finance: Proxy,,Bogged Finance: Proxy,safuu,1,high,0,0.00,0.00,0.00,658.81,2026-05-21,0,0,0.00,0.00,0,,outflow_from_you
0x7f417e06be15e2393e3d7d0ec547193d624a16f6261779c46458b2f69ca10598,https://bscscan.com/tx/0x7f417e06be15e2393e3d7d0ec547193d624a16f6261779c46458b2f69ca10598,20802286,2022-08-27 7:48:06,Binance: Hot Wallet 23,https://bscscan.com/address/0x01c952174c24e1210d26961d456a77a39e1f0bb0,,javascript:;,0.0055 BNB $3.57,0 . 00021,0x01c952174c24e1210d26961d456a77a39e1f0bb0,,Binance: Hot Wallet 23,,Binance: Hot Wallet 23,,,0,,0.0055,3.57,3.62,0.05,658.81,2026-05-21,1,0.0055,3.57,3.62,1,friendly_tag_or_url_contains_binance,inflow_to_you
0xfabf37bbbe7f14e2d24a0b9a826b524e2ebcca03ffca5707e74d88498fe6d87c,https://bscscan.com/tx/0xfabf37bbbe7f14e2d24a0b9a826b524e2ebcca03ffca5707e74d88498fe6d87c,20802210,2022-08-27 7:44:18,0xE42BE986...70D329C86,https://bscscan.com/address/0xe42be98613347658f82dcd90ce8102e70d329c86,,javascript:;,0.001 BNB $0.65,0 . 000105,0xe42be98613347658f82dcd90ce8102e70d329c86,,,,,,,0,,0.001,0.65,0.66,0.01,658.81,2026-05-21,0,0,0.00,0.00,0,,inflow_to_you
0xee8286f921049a884a75f49be937fcb3da78cc989144a398304343981be0547f,https://bscscan.com/tx/0xee8286f921049a884a75f49be937fcb3da78cc989144a398304343981be0547f,20802136,2022-08-27 7:40:36,,javascript:;,0xB6934215...68B6A3182,https://bscscan.com/address/0xb6934215b856b03430fc8dc058bd1c668b6a3182,0.004 BNB $2.60,0 . 000105,,0xb6934215b856b03430fc8dc058bd1c668b6a3182,,,,,,0,,0.004,2.60,2.64,0.04,658.81,2026-05-21,0,0,0.00,0.00,1,user_binance_address_match,outflow_from_you
0x710107446ad5f9eef8562cd308f4e7d27fdbc6d0a7653ecc7c57ebc17ad7f4cd,https://bscscan.com/tx/0x710107446ad5f9eef8562cd308f4e7d27fdbc6d0a7653ecc7c57ebc17ad7f4cd,20802089,2022-08-27 7:38:15,,javascript:;,Bogged Finance: Proxy,https://bscscan.com/address/0xb099ed146fad4d0daa31e3810591fc0554af62bb,0 BNB $0.00,0 . 00177133,,0xb099ed146fad4d0daa31e3810591fc0554af62bb,,Bogged Finance: Proxy,,Bogged Finance: Proxy,safuu,1,high,0,0.00,0.00,0.00,658.81,2026-05-21,0,0,0.00,0.00,0,,outflow_from_you
0x45267fb206d59c72958032d378c2f60d39784ca5ed1eb051f5f5d397b2488b49,https://bscscan.com/tx/0x45267fb206d59c72958032d378c2f60d39784ca5ed1eb051f5f5d397b2488b49,20801979,2022-08-27 7:32:45,,javascript:;,0xE42BE986...70D329C86,https://bscscan.com/address/0xe42be98613347658f82dcd90ce8102e70d329c86,0.002 BNB $1.30,0 . 000105,,0xe42be98613347658f82dcd90ce8102e70d329c86,,,,,,0,,0.002,1.30,1.32,0.02,658.81,2026-05-21,0,0,0.00,0.00,0,,outflow_from_you
0xe2d00c428cffc89953c1f7558cbbee38d4ce4677e515f0ae8094b490431c6ef2,https://bscscan.com/tx/0xe2d00c428cffc89953c1f7558cbbee38d4ce4677e515f0ae8094b490431c6ef2,20801929,2022-08-27 7:30:15,,javascript:;,0xE52471bc...97E1107A8,https://bscscan.com/address/0xe52471bcea9c7d7e3fc2da48ecf177c97e1107a8,0 BNB $0.00,0 . 00049357,,0xe52471bcea9c7d7e3fc2da48ecf177c97e1107a8,,,,,,0,,0,0.00,0.00,0.00,658.81,2026-05-21,0,0,0.00,0.00,0,,outflow_from_you
0x338e8fb84dcd1f4f6136cdb584602d7a61d165c584df8225d7fc2bc60488d710,https://bscscan.com/tx/0x338e8fb84dcd1f4f6136cdb584602d7a61d165c584df8225d7fc2bc60488d710,20755190,2022-08-25 16:23:46,,javascript:;,0xE52471bc...97E1107A8,https://bscscan.com/address/0xe52471bcea9c7d7e3fc2da48ecf177c97e1107a8,0 BNB $0.00,0 . 00035029,,0xe52471bcea9c7d7e3fc2da48ecf177c97e1107a8,,,,,,0,,0,0.00,0.00,0.00,658.81,2026-05-21,0,0,0.00,0.00,0,,outflow_from_you
0x54491017f2532932f2a6d8b586256de9be4312cdbe06db541bfeca2e78ca7cd1,https://bscscan.com/tx/0x54491017f2532932f2a6d8b586256de9be4312cdbe06db541bfeca2e78ca7cd1,20732323,2022-08-24 21:19:17,,javascript:;,0xc5c79484...f8ECF6ACf,https://bscscan.com/address/0xc5c794846ad03cd1c25b9f3149fd430f8ecf6acf,0 BNB $0.00,0 . 00149714,,0xc5c794846ad03cd1c25b9f3149fd430f8ecf6acf,,,,,,0,,0,0.00,0.00,0.00,658.81,2026-05-21,0,0,0.00,0.00,0,,outflow_from_you
0xec5ea62873e05b964c338aa0c456990ab727e0ccd0243595069e10c2aae17007,https://bscscan.com/tx/0xec5ea62873e05b964c338aa0c456990ab727e0ccd0243595069e10c2aae17007,20731619,2022-08-24 20:44:05,,javascript:;,0xE52471bc...97E1107A8,https://bscscan.com/address/0xe52471bcea9c7d7e3fc2da48ecf177c97e1107a8,0 BNB $0.00,0 . 00037129,,0xe52471bcea9c7d7e3fc2da48ecf177c97e1107a8,,,,,,0,,0,0.00,0.00,0.00,658.81,2026-05-21,0,0,0.00,0.00,0,,outflow_from_you
0x294e7ea3a8d3bbcad17b54f5d83ecf3e7cd8928eeb2da5928a45f1c9c31b0290,https://bscscan.com/tx/0x294e7ea3a8d3bbcad17b54f5d83ecf3e7cd8928eeb2da5928a45f1c9c31b0290,20711073,2022-08-24 3:35:49,0xE42BE986...70D329C86,https://bscscan.com/address/0xe42be98613347658f82dcd90ce8102e70d329c86,,javascript:;,0.0025 BNB $1.62,0 . 000105,0xe42be98613347658f82dcd90ce8102e70d329c86,,,,,,,0,,0.0025,1.62,1.65,0.03,658.81,2026-05-21,0,0,0.00,0.00,0,,inflow_to_you
0xeb42ca67e1aa4a54ea5047325bf4a4ee9b189ec501bb7a94359e2c52f9b66686,https://bscscan.com/tx/0xeb42ca67e1aa4a54ea5047325bf4a4ee9b189ec501bb7a94359e2c52f9b66686,20711009,2022-08-24 3:32:37,,javascript:;,0xE42BE986...70D329C86,https://bscscan.com/address/0xe42be98613347658f82dcd90ce8102e70d329c86,0.002 BNB $1.30,0 . 000105,,0xe42be98613347658f82dcd90ce8102e70d329c86,,,,,,0,,0.002,1.30,1.32,0.02,658.81,2026-05-21,0,0,0.00,0.00,0,,outflow_from_you
0xb22891709dc7ee7cb61d0f5d966006b11eea0ec58022b9f797d5200a15c35940,https://bscscan.com/tx/0xb22891709dc7ee7cb61d0f5d966006b11eea0ec58022b9f797d5200a15c35940,20710968,2022-08-24 3:30:34,,javascript:;,0xE52471bc...97E1107A8,https://bscscan.com/address/0xe52471bcea9c7d7e3fc2da48ecf177c97e1107a8,0 BNB $0.00,0 . 00056679,,0xe52471bcea9c7d7e3fc2da48ecf177c97e1107a8,,,,,,0,,0,0.00,0.00,0.00,658.81,2026-05-21,0,0,0.00,0.00,0,,outflow_from_you
0x595ba9cdd20d2c68732c6203831ef2b0b61d46c91fd82e9b5898afad3fe43b98,https://bscscan.com/tx/0x595ba9cdd20d2c68732c6203831ef2b0b61d46c91fd82e9b5898afad3fe43b98,20678536,2022-08-23 0:28:49,,javascript:;,Bogged Finance: Proxy,https://bscscan.com/address/0xb099ed146fad4d0daa31e3810591fc0554af62bb,0.102 BNB $66.21,0 . 00110066,,0xb099ed146fad4d0daa31e3810591fc0554af62bb,,Bogged Finance: Proxy,,Bogged Finance: Proxy,safuu,1,high,0.102,66.21,67.20,0.99,658.81,2026-05-21,0,0,0.00,0.00,0,,outflow_from_you
0x28dd94218b7ae85bb391fea984d3545268f3ac054bf4fb788063f790464673ec,https://bscscan.com/tx/0x28dd94218b7ae85bb391fea984d3545268f3ac054bf4fb788063f790464673ec,20678490,2022-08-23 0:26:31,Binance: Withdrawals 2,https://bscscan.com/address/0xdccf3b77da55107280bd850ea519df3705d1a75a,,javascript:;,0.1095 BNB $71.08,0 . 00021,0xdccf3b77da55107280bd850ea519df3705d1a75a,,Binance: Withdrawals 2,,Binance: Withdrawals 2,,,0,,0.1095,71.08,72.14,1.06,658.81,2026-05-21,1,0.1095,71.08,72.14,1,friendly_tag_or_url_contains_binance,inflow_to_you
0xb4899793c1b50c05b28280a10bb3150da03668448bc1cf62e97de5240fee4597,https://bscscan.com/tx/0xb4899793c1b50c05b28280a10bb3150da03668448bc1cf62e97de5240fee4597,20609378,2022-08-20 14:50:16,,javascript:;,0xB6934215...68B6A3182,https://bscscan.com/address/0xb6934215b856b03430fc8dc058bd1c668b6a3182,0.015 BNB $9.74,0 . 000105,,0xb6934215b856b03430fc8dc058bd1c668b6a3182,,,,,,0,,0.015,9.74,9.88,0.14,658.81,2026-05-21,0,0,0.00,0.00,1,user_binance_address_match,outflow_from_you
0xc1d44ccc0fe7ae5e1dae28418ef017d9fba51a4a7fc2ff6b8aa279bda5edd8c4,https://bscscan.com/tx/0xc1d44ccc0fe7ae5e1dae28418ef017d9fba51a4a7fc2ff6b8aa279bda5edd8c4,20609310,2022-08-20 14:46:52,0xE42BE986...70D329C86,https://bscscan.com/address/0xe42be98613347658f82dcd90ce8102e70d329c86,,javascript:;,0.009 BNB $5.84,0 . 000105,0xe42be98613347658f82dcd90ce8102e70d329c86,,,,,,,0,,0.009,5.84,5.93,0.09,658.81,2026-05-21,0,0,0.00,0.00,0,,inflow_to_you
0xbf8531ac36a859775ef1988efda30749a1d5da20374f65b0df89764dadbbcb24,https://bscscan.com/tx/0xbf8531ac36a859775ef1988efda30749a1d5da20374f65b0df89764dadbbcb24,20609265,2022-08-20 14:44:37,,javascript:;,0xE52471bc...97E1107A8,https://bscscan.com/address/0xe52471bcea9c7d7e3fc2da48ecf177c97e1107a8,0 BNB $0.00,0 . 00049035,,0xe52471bcea9c7d7e3fc2da48ecf177c97e1107a8,,,,,,0,,0,0.00,0.00,0.00,658.81,2026-05-21,0,0,0.00,0.00,0,,outflow_from_you
0xa108d8da6b0dbdad603a874c7f3a2989c0b48a12c6cf368677928144a877c921,https://bscscan.com/tx/0xa108d8da6b0dbdad603a874c7f3a2989c0b48a12c6cf368677928144a877c921,20561396,2022-08-18 22:49:19,,javascript:;,0xE52471bc...97E1107A8,https://bscscan.com/address/0xe52471bcea9c7d7e3fc2da48ecf177c97e1107a8,0 BNB $0.00,0 . 00037567,,0xe52471bcea9c7d7e3fc2da48ecf177c97e1107a8,,,,,,0,,0,0.00,0.00,0.00,658.81,2026-05-21,0,0,0.00,0.00,0,,outflow_from_you
0x7c5e0d0af7169af5e95351b6504295f39eca8cb4cc91bc425a4417050d2d2aba,https://bscscan.com/tx/0x7c5e0d0af7169af5e95351b6504295f39eca8cb4cc91bc425a4417050d2d2aba,20560243,2022-08-18 21:51:40,,javascript:;,0xB6934215...68B6A3182,https://bscscan.com/address/0xb6934215b856b03430fc8dc058bd1c668b6a3182,0.02 BNB $12.98,0 . 000105,,0xb6934215b856b03430fc8dc058bd1c668b6a3182,,,,,,0,,0.02,12.98,13.18,0.20,658.81,2026-05-21,0,0,0.00,0.00,1,user_binance_address_match,outflow_from_you
0xf538dc141fb035792a00681c0f9a9ac3ea64d0df99eb75bcfba3a6c7d4dd6914,https://bscscan.com/tx/0xf538dc141fb035792a00681c0f9a9ac3ea64d0df99eb75bcfba3a6c7d4dd6914,20549081,2022-08-18 12:33:12,,javascript:;,0xE52471bc...97E1107A8,https://bscscan.com/address/0xe52471bcea9c7d7e3fc2da48ecf177c97e1107a8,0 BNB $0.00,0 . 00037567,,0xe52471bcea9c7d7e3fc2da48ecf177c97e1107a8,,,,,,0,,0,0.00,0.00,0.00,658.81,2026-05-21,0,0,0.00,0.00,0,,outflow_from_you
0x64269f4727136dc35cf0b20147e6d1357f5bb57852431542b7c9a30dad06cba7,https://bscscan.com/tx/0x64269f4727136dc35cf0b20147e6d1357f5bb57852431542b7c9a30dad06cba7,20533051,2022-08-17 23:09:18,,javascript:;,0xE52471bc...97E1107A8,https://bscscan.com/address/0xe52471bcea9c7d7e3fc2da48ecf177c97e1107a8,0 BNB $0.00,0 . 00041862,,0xe52471bcea9c7d7e3fc2da48ecf177c97e1107a8,,,,,,0,,0,0.00,0.00,0.00,658.81,2026-05-21,0,0,0.00,0.00,0,,outflow_from_you
0x89b809aff2a3dd7378590042f4dad00102dfa2b61dde530d6264941e89f0084e,https://bscscan.com/tx/0x89b809aff2a3dd7378590042f4dad00102dfa2b61dde530d6264941e89f0084e,20530922,2022-08-17 21:22:26,,javascript:;,0xE52471bc...97E1107A8,https://bscscan.com/address/0xe52471bcea9c7d7e3fc2da48ecf177c97e1107a8,0 BNB $0.00,0 . 00037567,,0xe52471bcea9c7d7e3fc2da48ecf177c97e1107a8,,,,,,0,,0,0.00,0.00,0.00,658.81,2026-05-21,0,0,0.00,0.00,0,,outflow_from_you
0x6a600557a8eb17ca9dac4729ed4ec9612bada9ef61e467149db3fe260eb9c9e8,https://bscscan.com/tx/0x6a600557a8eb17ca9dac4729ed4ec9612bada9ef61e467149db3fe260eb9c9e8,20530821,2022-08-17 21:17:23,,javascript:;,0xE42BE986...70D329C86,https://bscscan.com/address/0xe42be98613347658f82dcd90ce8102e70d329c86,0.01 BNB $6.49,0 . 000105,,0xe42be98613347658f82dcd90ce8102e70d329c86,,,,,,0,,0.01,6.49,6.59,0.10,658.81,2026-05-21,0,0,0.00,0.00,0,,outflow_from_you
0xd58c4998a62e4995d7ad604a62f65b1f2a9849672b4151371478e7e852513943,https://bscscan.com/tx/0xd58c4998a62e4995d7ad604a62f65b1f2a9849672b4151371478e7e852513943,20530501,2022-08-17 21:01:23,,javascript:;,Bogged Finance: Proxy,https://bscscan.com/address/0xb099ed146fad4d0daa31e3810591fc0554af62bb,"15.35 BNB $9,964.29",0 . 00110084,,0xb099ed146fad4d0daa31e3810591fc0554af62bb,,Bogged Finance: Proxy,,Bogged Finance: Proxy,safuu,1,high,15.35,9964.29,10112.73,148.44,658.81,2026-05-21,0,0,0.00,0.00,0,,outflow_from_you
0x16b578d8e3942b5d767d1a9909bc374adfa6d824f207626b6eebf5f3567d6976,https://bscscan.com/tx/0x16b578d8e3942b5d767d1a9909bc374adfa6d824f207626b6eebf5f3567d6976,20530444,2022-08-17 20:58:32,Binance: Withdrawals 2,https://bscscan.com/address/0xdccf3b77da55107280bd850ea519df3705d1a75a,,javascript:;,"15.2995 BNB $9,931.51",0 . 00021,0xdccf3b77da55107280bd850ea519df3705d1a75a,,Binance: Withdrawals 2,,Binance: Withdrawals 2,,,0,,15.2995,9931.51,10079.46,147.95,658.81,2026-05-21,1,15.2995,9931.51,10079.46,1,friendly_tag_or_url_contains_binance,inflow_to_you
0xed9cc692594b9b90818ad60675c849a919080faa4c900cb83ac7beb95438c5de,https://bscscan.com/tx/0xed9cc692594b9b90818ad60675c849a919080faa4c900cb83ac7beb95438c5de,20526597,2022-08-17 17:46:02,,javascript:;,0xE52471bc...97E1107A8,https://bscscan.com/address/0xe52471bcea9c7d7e3fc2da48ecf177c97e1107a8,0 BNB $0.00,0 . 00037562,,0xe52471bcea9c7d7e3fc2da48ecf177c97e1107a8,,,,,,0,,0,0.00,0.00,0.00,658.81,2026-05-21,0,0,0.00,0.00,0,,outflow_from_you
0xffb47789d8ed1cc2d03e0d564043ac414d681922971b7199650ab23cc6f87aab,https://bscscan.com/tx/0xffb47789d8ed1cc2d03e0d564043ac414d681922971b7199650ab23cc6f87aab,20526523,2022-08-17 17:42:20,,javascript:;,0xB6934215...68B6A3182,https://bscscan.com/address/0xb6934215b856b03430fc8dc058bd1c668b6a3182,"8.2 BNB $5,322.94",0 . 000105,,0xb6934215b856b03430fc8dc058bd1c668b6a3182,,,,,,0,,8.2,5322.94,5402.24,79.30,658.81,2026-05-21,0,0,0.00,0.00,1,user_binance_address_match,outflow_from_you
0x8f98711456352444df7b8ce5aa5ba896f58869e887878fcb916e1ed6e458fcd7,https://bscscan.com/tx/0x8f98711456352444df7b8ce5aa5ba896f58869e887878fcb916e1ed6e458fcd7,20526394,2022-08-17 17:35:53,,javascript:;,Bogged Finance: Proxy,https://bscscan.com/address/0xb099ed146fad4d0daa31e3810591fc0554af62bb,0 BNB $0.00,0 . 0011395,,0xb099ed146fad4d0daa31e3810591fc0554af62bb,,Bogged Finance: Proxy,,Bogged Finance: Proxy,safuu,1,high,0,0.00,0.00,0.00,658.81,2026-05-21,0,0,0.00,0.00,0,,outflow_from_you
0x8ea8abe40409afdb60ee3ea070daeffb34fb2f0299f1983194f9c22328880257,https://bscscan.com/tx/0x8ea8abe40409afdb60ee3ea070daeffb34fb2f0299f1983194f9c22328880257,20526388,2022-08-17 17:35:35,,javascript:;,Safuu: SAFUU Token,https://bscscan.com/address/0xe5ba47fd94cb645ba4119222e34fb33f59c7cd90,0 BNB $0.00,0 . 0002221,,0xe5ba47fd94cb645ba4119222e34fb33f59c7cd90,,Safuu: SAFUU Token,,Safuu: SAFUU Token,safuu,1,high,0,0.00,0.00,0.00,658.81,2026-05-21,0,0,0.00,0.00,0,,outflow_from_you
0xc902ca162a3a0cc1d733760ca967a6c0d87e5fe49c8c866574c90639a0269586,https://bscscan.com/tx/0xc902ca162a3a0cc1d733760ca967a6c0d87e5fe49c8c866574c90639a0269586,20525446,2022-08-17 16:48:29,Binance: Hot Wallet 18,https://bscscan.com/address/0x73f5ebe90f27b46ea12e5795d16c4b408b19cc6f,,javascript:;,0.1495 BNB $97.05,0 . 00021,0x73f5ebe90f27b46ea12e5795d16c4b408b19cc6f,,Binance: Hot Wallet 18,,Binance: Hot Wallet 18,,,0,,0.1495,97.05,98.49,1.44,658.81,2026-05-21,1,0.1495,97.05,98.49,1,friendly_tag_or_url_contains_binance,inflow_to_you
0x4b719de9eab65770581c072802861242f6fcc4374e671b832fe19f6430052d52,https://bscscan.com/tx/0x4b719de9eab65770581c072802861242f6fcc4374e671b832fe19f6430052d52,20517702,2022-08-17 10:20:58,,javascript:;,0xB6934215...68B6A3182,https://bscscan.com/address/0xb6934215b856b03430fc8dc058bd1c668b6a3182,0.0129 BNB $8.37,0 . 000105,,0xb6934215b856b03430fc8dc058bd1c668b6a3182,,,,,,0,,0.0129,8.37,8.50,0.13,658.81,2026-05-21,0,0,0.00,0.00,1,user_binance_address_match,outflow_from_you
0x4cb0c8a170f1b7a3492cc0e800150ef445ccf136554071648b99a3750bc6c07a,https://bscscan.com/tx/0x4cb0c8a170f1b7a3492cc0e800150ef445ccf136554071648b99a3750bc6c07a,20465542,2022-08-15 14:49:20,,javascript:;,0xE52471bc...97E1107A8,https://bscscan.com/address/0xe52471bcea9c7d7e3fc2da48ecf177c97e1107a8,0 BNB $0.00,0 . 00041857,,0xe52471bcea9c7d7e3fc2da48ecf177c97e1107a8,,,,,,0,,0,0.00,0.00,0.00,658.81,2026-05-21,0,0,0.00,0.00,0,,outflow_from_you
0x30cab64c1eb7c279eebd2c44a5c6549b3cbc40105e94b54ab9016b671c440f24,https://bscscan.com/tx/0x30cab64c1eb7c279eebd2c44a5c6549b3cbc40105e94b54ab9016b671c440f24,20442752,2022-08-14 19:44:04,,javascript:;,0xB6934215...68B6A3182,https://bscscan.com/address/0xb6934215b856b03430fc8dc058bd1c668b6a3182,0.01 BNB $6.49,0 . 000105,,0xb6934215b856b03430fc8dc058bd1c668b6a3182,,,,,,0,,0.01,6.49,6.59,0.10,658.81,2026-05-21,0,0,0.00,0.00,1,user_binance_address_match,outflow_from_you
0xa4fff410e868b30c8f97025eef3e88f8e04f5fd4d0a8abc384f563c1c7482cf6,https://bscscan.com/tx/0xa4fff410e868b30c8f97025eef3e88f8e04f5fd4d0a8abc384f563c1c7482cf6,20416974,2022-08-13 22:14:32,,javascript:;,0xE52471bc...97E1107A8,https://bscscan.com/address/0xe52471bcea9c7d7e3fc2da48ecf177c97e1107a8,0 BNB $0.00,0 . 00037567,,0xe52471bcea9c7d7e3fc2da48ecf177c97e1107a8,,,,,,0,,0,0.00,0.00,0.00,658.81,2026-05-21,0,0,0.00,0.00,0,,outflow_from_you
0xae64251e98b42d9023fd1e9a1df8cb40680a2e25b19203b7c754fd88c0b299ef,https://bscscan.com/tx/0xae64251e98b42d9023fd1e9a1df8cb40680a2e25b19203b7c754fd88c0b299ef,20415080,2022-08-13 20:39:50,,javascript:;,0xE52471bc...97E1107A8,https://bscscan.com/address/0xe52471bcea9c7d7e3fc2da48ecf177c97e1107a8,0 BNB $0.00,0 . 00037567,,0xe52471bcea9c7d7e3fc2da48ecf177c97e1107a8,,,,,,0,,0,0.00,0.00,0.00,658.81,2026-05-21,0,0,0.00,0.00,0,,outflow_from_you
0x3059c58e8ca773e54e0d8702867248e168ac72cc86243ef63afca44d03874da1,https://bscscan.com/tx/0x3059c58e8ca773e54e0d8702867248e168ac72cc86243ef63afca44d03874da1,20413204,2022-08-13 19:06:02,,javascript:;,0xE52471bc...97E1107A8,https://bscscan.com/address/0xe52471bcea9c7d7e3fc2da48ecf177c97e1107a8,0 BNB $0.00,0 . 00041862,,0xe52471bcea9c7d7e3fc2da48ecf177c97e1107a8,,,,,,0,,0,0.00,0.00,0.00,658.81,2026-05-21,0,0,0.00,0.00,0,,outflow_from_you
0xc053a38f603aeb9764ddedd124a6b8966fd1378a480b5ea4d4a8c41962d955bb,https://bscscan.com/tx/0xc053a38f603aeb9764ddedd124a6b8966fd1378a480b5ea4d4a8c41962d955bb,20387107,2022-08-12 21:20:28,,javascript:;,0xE52471bc...97E1107A8,https://bscscan.com/address/0xe52471bcea9c7d7e3fc2da48ecf177c97e1107a8,0 BNB $0.00,0 . 00037567,,0xe52471bcea9c7d7e3fc2da48ecf177c97e1107a8,,,,,,0,,0,0.00,0.00,0.00,658.81,2026-05-21,0,0,0.00,0.00,0,,outflow_from_you
0x4d4a25eb9b7d4308233c47ee812939fd841f3c4f15f9218e77d38a14bae23fd6,https://bscscan.com/tx/0x4d4a25eb9b7d4308233c47ee812939fd841f3c4f15f9218e77d38a14bae23fd6,20376143,2022-08-12 12:11:57,,javascript:;,0xE52471bc...97E1107A8,https://bscscan.com/address/0xe52471bcea9c7d7e3fc2da48ecf177c97e1107a8,0 BNB $0.00,0 . 00037567,,0xe52471bcea9c7d7e3fc2da48ecf177c97e1107a8,,,,,,0,,0,0.00,0.00,0.00,658.81,2026-05-21,0,0,0.00,0.00,0,,outflow_from_you
0xe3ac7a3b08f2e56951d21f681f805afbb1d935b40a35355f4eb6d667eb14b692,https://bscscan.com/tx/0xe3ac7a3b08f2e56951d21f681f805afbb1d935b40a35355f4eb6d667eb14b692,20373405,2022-08-12 9:55:03,,javascript:;,Bogged Finance: Proxy,https://bscscan.com/address/0xb099ed146fad4d0daa31e3810591fc0554af62bb,"2.56 BNB $1,661.80",0 . 0011006,,0xb099ed146fad4d0daa31e3810591fc0554af62bb,,Bogged Finance: Proxy,,Bogged Finance: Proxy,safuu,1,high,2.56,1661.80,1686.55,24.75,658.81,2026-05-21,0,0,0.00,0.00,0,,outflow_from_you
0x95b5fad4655e45fb99529866de31d6d300f456882a18533cb13866a01c74f8b3,https://bscscan.com/tx/0x95b5fad4655e45fb99529866de31d6d300f456882a18533cb13866a01c74f8b3,20373387,2022-08-12 9:54:09,,javascript:;,0xE52471bc...97E1107A8,https://bscscan.com/address/0xe52471bcea9c7d7e3fc2da48ecf177c97e1107a8,0 BNB $0.00,0 . 00041862,,0xe52471bcea9c7d7e3fc2da48ecf177c97e1107a8,,,,,,0,,0,0.00,0.00,0.00,658.81,2026-05-21,0,0,0.00,0.00,0,,outflow_from_you
0x0b4c0f06b17f4658ee0326c423c9c9f8c869692bdba225a8178dd46c93d7cd89,https://bscscan.com/tx/0x0b4c0f06b17f4658ee0326c423c9c9f8c869692bdba225a8178dd46c93d7cd89,20366455,2022-08-12 4:07:33,,javascript:;,Bogged Finance: Proxy,https://bscscan.com/address/0xb099ed146fad4d0daa31e3810591fc0554af62bb,"2 BNB $1,298.28",0 . 00110066,,0xb099ed146fad4d0daa31e3810591fc0554af62bb,,Bogged Finance: Proxy,,Bogged Finance: Proxy,safuu,1,high,2,1298.28,1317.62,19.34,658.81,2026-05-21,0,0,0.00,0.00,0,,outflow_from_you
0xa13502fa52a4ea3f70fee52d5e54a9cbe418a8e2ff45fd01095a3a89f202d698,https://bscscan.com/tx/0xa13502fa52a4ea3f70fee52d5e54a9cbe418a8e2ff45fd01095a3a89f202d698,20366388,2022-08-12 4:04:12,,javascript:;,0xE52471bc...97E1107A8,https://bscscan.com/address/0xe52471bcea9c7d7e3fc2da48ecf177c97e1107a8,0 BNB $0.00,0 . 00037567,,0xe52471bcea9c7d7e3fc2da48ecf177c97e1107a8,,,,,,0,,0,0.00,0.00,0.00,658.81,2026-05-21,0,0,0.00,0.00,0,,outflow_from_you
0x50b6a58bc44914b5927a6106e5e4aeb3ccf98f433c02d84e2439e42f688ae9ab,https://bscscan.com/tx/0x50b6a58bc44914b5927a6106e5e4aeb3ccf98f433c02d84e2439e42f688ae9ab,20358569,2022-08-11 21:33:15,,javascript:;,Bogged Finance: Proxy,https://bscscan.com/address/0xb099ed146fad4d0daa31e3810591fc0554af62bb,"2 BNB $1,298.28",0 . 00110066,,0xb099ed146fad4d0daa31e3810591fc0554af62bb,,Bogged Finance: Proxy,,Bogged Finance: Proxy,safuu,1,high,2,1298.28,1317.62,19.34,658.81,2026-05-21,0,0,0.00,0.00,0,,outflow_from_you
0xd8c7c1ca9ba7e6c1b08ffd3d3eeb0f8ebf7e62f53dede270ea6294e0daade89d,https://bscscan.com/tx/0xd8c7c1ca9ba7e6c1b08ffd3d3eeb0f8ebf7e62f53dede270ea6294e0daade89d,20358414,2022-08-11 21:25:30,,javascript:;,PancakeSwap: Router v2,https://bscscan.com/address/0x10ed43c718714eb63d5aa57b78b54704e256024e,0 BNB $0.00,0 . 00097142,,0x10ed43c718714eb63d5aa57b78b54704e256024e,,PancakeSwap: Router v2,,PancakeSwap: Router v2,,0,,0,0.00,0.00,0.00,658.81,2026-05-21,0,0,0.00,0.00,0,,outflow_from_you
0xcceaa1f085ad332e5ff2020a51f3c0f592648b08d8d92cd223d0aa954d07492d,https://bscscan.com/tx/0xcceaa1f085ad332e5ff2020a51f3c0f592648b08d8d92cd223d0aa954d07492d,20358403,2022-08-11 21:24:57,,javascript:;,0x3b248CEf...b88Dc1d58,https://bscscan.com/address/0x3b248cefa87f836a4e6f6d6c9b42991b88dc1d58,0 BNB $0.00,0 . 00022215,,0x3b248cefa87f836a4e6f6d6c9b42991b88dc1d58,,,,,,0,,0,0.00,0.00,0.00,658.81,2026-05-21,0,0,0.00,0.00,0,,outflow_from_you
0x72a9ca375b3ca7c6ea24042709cee11e734d32ea24e5051dc77b95fc10f490a5,https://bscscan.com/tx/0x72a9ca375b3ca7c6ea24042709cee11e734d32ea24e5051dc77b95fc10f490a5,20358385,2022-08-11 21:24:03,,javascript:;,PancakeSwap: Router v2,https://bscscan.com/address/0x10ed43c718714eb63d5aa57b78b54704e256024e,0 BNB $0.00,0 . 00061355,,0x10ed43c718714eb63d5aa57b78b54704e256024e,,PancakeSwap: Router v2,,PancakeSwap: Router v2,,0,,0,0.00,0.00,0.00,658.81,2026-05-21,0,0,0.00,0.00,0,,outflow_from_you
0xeb14b6844263f45dc61e80730145bf7fa56bca8b67614163acfc00580ea08596,https://bscscan.com/tx/0xeb14b6844263f45dc61e80730145bf7fa56bca8b67614163acfc00580ea08596,20358363,2022-08-11 21:22:57,,javascript:;,PancakeSwap: Router v2,https://bscscan.com/address/0x10ed43c718714eb63d5aa57b78b54704e256024e,0 BNB $0.00,0 . 00094642,,0x10ed43c718714eb63d5aa57b78b54704e256024e,,PancakeSwap: Router v2,,PancakeSwap: Router v2,,0,,0,0.00,0.00,0.00,658.81,2026-05-21,0,0,0.00,0.00,0,,outflow_from_you
0x061f537502c2b6d6ae382fbbf8e32a45c2dfddb16b7c6d114df88f5fee2f67dd,https://bscscan.com/tx/0x061f537502c2b6d6ae382fbbf8e32a45c2dfddb16b7c6d114df88f5fee2f67dd,20357116,2022-08-11 20:20:36,,javascript:;,0xE52471bc...97E1107A8,https://bscscan.com/address/0xe52471bcea9c7d7e3fc2da48ecf177c97e1107a8,0 BNB $0.00,0 . 00037567,,0xe52471bcea9c7d7e3fc2da48ecf177c97e1107a8,,,,,,0,,0,0.00,0.00,0.00,658.81,2026-05-21,0,0,0.00,0.00,0,,outflow_from_you
0x53022e44f4f45a20641ac31cb67dab59d4506069fcf05cd7e55588b1d3d0bb8b,https://bscscan.com/tx/0x53022e44f4f45a20641ac31cb67dab59d4506069fcf05cd7e55588b1d3d0bb8b,20357054,2022-08-11 20:17:30,,javascript:;,Bogged Finance: Proxy,https://bscscan.com/address/0xb099ed146fad4d0daa31e3810591fc0554af62bb,"2 BNB $1,298.28",0 . 00110066,,0xb099ed146fad4d0daa31e3810591fc0554af62bb,,Bogged Finance: Proxy,,Bogged Finance: Proxy,safuu,1,high,2,1298.28,1317.62,19.34,658.81,2026-05-21,0,0,0.00,0.00,0,,outflow_from_you
0xd85a5e4e6804676470f0a990e9841b1631f7c22d430ca1487e6dd0105956fec7,https://bscscan.com/tx/0xd85a5e4e6804676470f0a990e9841b1631f7c22d430ca1487e6dd0105956fec7,20356894,2022-08-11 20:09:30,Binance: Hot Wallet 18,https://bscscan.com/address/0x73f5ebe90f27b46ea12e5795d16c4b408b19cc6f,,javascript:;,"7.7395 BNB $5,024.01",0 . 00021,0x73f5ebe90f27b46ea12e5795d16c4b408b19cc6f,,Binance: Hot Wallet 18,,Binance: Hot Wallet 18,,,0,,7.7395,5024.01,5098.86,74.85,658.81,2026-05-21,1,7.7395,5024.01,5098.86,1,friendly_tag_or_url_contains_binance,inflow_to_you
0x04a953f34505064768ba9000089db6ef7b22fec270335487076b14dc568cf3c3,https://bscscan.com/tx/0x04a953f34505064768ba9000089db6ef7b22fec270335487076b14dc568cf3c3,20343477,2022-08-11 8:58:37,,javascript:;,0xE52471bc...97E1107A8,https://bscscan.com/address/0xe52471bcea9c7d7e3fc2da48ecf177c97e1107a8,0 BNB $0.00,0 . 00041862,,0xe52471bcea9c7d7e3fc2da48ecf177c97e1107a8,,,,,,0,,0,0.00,0.00,0.00,658.81,2026-05-21,0,0,0.00,0.00,0,,outflow_from_you
0xf76946d271d70a3612ab3a4547a441d11900abde8cc95232f128df2fb8ec8836,https://bscscan.com/tx/0xf76946d271d70a3612ab3a4547a441d11900abde8cc95232f128df2fb8ec8836,20338042,2022-08-11 4:26:42,,javascript:;,0xE52471bc...97E1107A8,https://bscscan.com/address/0xe52471bcea9c7d7e3fc2da48ecf177c97e1107a8,0 BNB $0.00,0 . 00037567,,0xe52471bcea9c7d7e3fc2da48ecf177c97e1107a8,,,,,,0,,0,0.00,0.00,0.00,658.81,2026-05-21,0,0,0.00,0.00,0,,outflow_from_you
0x767089a7b794735b2a3137289cf913530e3daab8aae0a89ae6e35e7e64823c5e,https://bscscan.com/tx/0x767089a7b794735b2a3137289cf913530e3daab8aae0a89ae6e35e7e64823c5e,20335848,2022-08-11 2:37:00,,javascript:;,Bogged Finance: Proxy,https://bscscan.com/address/0xb099ed146fad4d0daa31e3810591fc0554af62bb,1.18 BNB $765.98,0 . 00110066,,0xb099ed146fad4d0daa31e3810591fc0554af62bb,,Bogged Finance: Proxy,,Bogged Finance: Proxy,safuu,1,high,1.18,765.98,777.40,11.42,658.81,2026-05-21,0,0,0.00,0.00,0,,outflow_from_you
0x76f7c6bf72ebc704ed6540066a633d038ff4ae2d36cafab9a13879f017ef2e7b,https://bscscan.com/tx/0x76f7c6bf72ebc704ed6540066a633d038ff4ae2d36cafab9a13879f017ef2e7b,20335746,2022-08-11 2:31:54,Binance: Withdrawals 2,https://bscscan.com/address/0xdccf3b77da55107280bd850ea519df3705d1a75a,,javascript:;,1.1795 BNB $765.66,0 . 00021,0xdccf3b77da55107280bd850ea519df3705d1a75a,,Binance: Withdrawals 2,,Binance: Withdrawals 2,,,0,,1.1795,765.66,777.07,11.41,658.81,2026-05-21,1,1.1795,765.66,777.07,1,friendly_tag_or_url_contains_binance,inflow_to_you
0xd5021b1083b4e95bbbe1d8869a81542083604e828a984276f9ddefa839c7f9ac,https://bscscan.com/tx/0xd5021b1083b4e95bbbe1d8869a81542083604e828a984276f9ddefa839c7f9ac,20320072,2022-08-10 13:28:03,,javascript:;,Bogged Finance: Proxy,https://bscscan.com/address/0xb099ed146fad4d0daa31e3810591fc0554af62bb,"3.02 BNB $1,960.40",0 . 00110066,,0xb099ed146fad4d0daa31e3810591fc0554af62bb,,Bogged Finance: Proxy,,Bogged Finance: Proxy,safuu,1,high,3.02,1960.40,1989.61,29.21,658.81,2026-05-21,0,0,0.00,0.00,0,,outflow_from_you
0xdf642eef3728f4dde58219109d90a1f2ad16a24223fd82b9aba4e09a13757234,https://bscscan.com/tx/0xdf642eef3728f4dde58219109d90a1f2ad16a24223fd82b9aba4e09a13757234,20320030,2022-08-10 13:25:57,Binance: Hot Wallet 13,https://bscscan.com/address/0xbd612a3f30dca67bf60a39fd0d35e39b7ab80774,,javascript:;,"3.0195 BNB $1,960.08",0 . 00021,0xbd612a3f30dca67bf60a39fd0d35e39b7ab80774,,Binance: Hot Wallet 13,,Binance: Hot Wallet 13,,,0,,3.0195,1960.08,1989.28,29.20,658.81,2026-05-21,1,3.0195,1960.08,1989.28,1,friendly_tag_or_url_contains_binance,inflow_to_you
0xe20145283d1441b79734d2293ff88f9f66f38dc1df17c2dc1bcbec2619796493,https://bscscan.com/tx/0xe20145283d1441b79734d2293ff88f9f66f38dc1df17c2dc1bcbec2619796493,20319023,2022-08-10 12:35:36,,javascript:;,0xE52471bc...97E1107A8,https://bscscan.com/address/0xe52471bcea9c7d7e3fc2da48ecf177c97e1107a8,0 BNB $0.00,0 . 00037567,,0xe52471bcea9c7d7e3fc2da48ecf177c97e1107a8,,,,,,0,,0,0.00,0.00,0.00,658.81,2026-05-21,0,0,0.00,0.00,0,,outflow_from_you
0xe136ab103cdc104fd04a3671855cb5479166787c4c3a491de5de5a787c76c620,https://bscscan.com/tx/0xe136ab103cdc104fd04a3671855cb5479166787c4c3a491de5de5a787c76c620,20306671,2022-08-10 2:16:08,,javascript:;,0xE52471bc...97E1107A8,https://bscscan.com/address/0xe52471bcea9c7d7e3fc2da48ecf177c97e1107a8,0 BNB $0.00,0 . 00041862,,0xe52471bcea9c7d7e3fc2da48ecf177c97e1107a8,,,,,,0,,0,0.00,0.00,0.00,658.81,2026-05-21,0,0,0.00,0.00,0,,outflow_from_you
0x8ff69f3f189de943e430c230000b33e3754ac4653594bc3aee3abf640316d6e2,https://bscscan.com/tx/0x8ff69f3f189de943e430c230000b33e3754ac4653594bc3aee3abf640316d6e2,20291071,2022-08-09 13:13:21,,javascript:;,Bogged Finance: Proxy,https://bscscan.com/address/0xb099ed146fad4d0daa31e3810591fc0554af62bb,"2.27 BNB $1,473.55",0 . 00110066,,0xb099ed146fad4d0daa31e3810591fc0554af62bb,,Bogged Finance: Proxy,,Bogged Finance: Proxy,safuu,1,high,2.27,1473.55,1495.50,21.95,658.81,2026-05-21,0,0,0.00,0.00,0,,outflow_from_you
0x7bce5c5fb33d14f3e72024af65d9cbb084b14f586fe874f9b852ba963eae8481,https://bscscan.com/tx/0x7bce5c5fb33d14f3e72024af65d9cbb084b14f586fe874f9b852ba963eae8481,20290504,2022-08-09 12:44:59,Binance: Hot Wallet 13,https://bscscan.com/address/0xbd612a3f30dca67bf60a39fd0d35e39b7ab80774,,javascript:;,"2.2995 BNB $1,492.70",0 . 00021,0xbd612a3f30dca67bf60a39fd0d35e39b7ab80774,,Binance: Hot Wallet 13,,Binance: Hot Wallet 13,,,0,,2.2995,1492.70,1514.93,22.23,658.81,2026-05-21,1,2.2995,1492.70,1514.93,1,friendly_tag_or_url_contains_binance,inflow_to_you
0xc64f9db5bb4e6caac957ebfdb22e885934350ebb888cc02bd20ef88d4c5d5695,https://bscscan.com/tx/0xc64f9db5bb4e6caac957ebfdb22e885934350ebb888cc02bd20ef88d4c5d5695,20289374,2022-08-09 11:48:28,,javascript:;,0xE52471bc...97E1107A8,https://bscscan.com/address/0xe52471bcea9c7d7e3fc2da48ecf177c97e1107a8,0 BNB $0.00,0 . 00037567,,0xe52471bcea9c7d7e3fc2da48ecf177c97e1107a8,,,,,,0,,0,0.00,0.00,0.00,658.81,2026-05-21,0,0,0.00,0.00,0,,outflow_from_you
0xb2a5c612a4c0fefb0fde7eb392aebd5fca86adcbfc9d677c49beb639a051c259,https://bscscan.com/tx/0xb2a5c612a4c0fefb0fde7eb392aebd5fca86adcbfc9d677c49beb639a051c259,20282059,2022-08-09 5:42:25,,javascript:;,0xE52471bc...97E1107A8,https://bscscan.com/address/0xe52471bcea9c7d7e3fc2da48ecf177c97e1107a8,0 BNB $0.00,0 . 00037562,,0xe52471bcea9c7d7e3fc2da48ecf177c97e1107a8,,,,,,0,,0,0.00,0.00,0.00,658.81,2026-05-21,0,0,0.00,0.00,0,,outflow_from_you
0x55c41d935ab0db5f60fa1d72bd45c0799955ab4e01aaeb38cb9b04a70be036f7,https://bscscan.com/tx/0x55c41d935ab0db5f60fa1d72bd45c0799955ab4e01aaeb38cb9b04a70be036f7,20251544,2022-08-08 4:15:58,,javascript:;,0xE52471bc...97E1107A8,https://bscscan.com/address/0xe52471bcea9c7d7e3fc2da48ecf177c97e1107a8,0 BNB $0.00,0 . 00041862,,0xe52471bcea9c7d7e3fc2da48ecf177c97e1107a8,,,,,,0,,0,0.00,0.00,0.00,658.81,2026-05-21,0,0,0.00,0.00,0,,outflow_from_you
0xa7bd8df2450093303e7b05465a66c80a0a3dda149af9c32376af9447a6fcea03,https://bscscan.com/tx/0xa7bd8df2450093303e7b05465a66c80a0a3dda149af9c32376af9447a6fcea03,20243696,2022-08-07 21:43:34,,javascript:;,0xB6934215...68B6A3182,https://bscscan.com/address/0xb6934215b856b03430fc8dc058bd1c668b6a3182,0.11 BNB $71.44,0 . 000105,,0xb6934215b856b03430fc8dc058bd1c668b6a3182,,,,,,0,,0.11,71.44,72.47,1.03,658.81,2026-05-21,0,0,0.00,0.00,1,user_binance_address_match,outflow_from_you
0x20857fea81add4b6b4c0e6c1724c86de38a058eca5efc6c33ecb2d27591b646c,https://bscscan.com/tx/0x20857fea81add4b6b4c0e6c1724c86de38a058eca5efc6c33ecb2d27591b646c,20243575,2022-08-07 21:37:31,Binance: Withdrawals 7,https://bscscan.com/address/0xe2fc31f816a9b94326492132018c3aecc4a93ae1,,javascript:;,0.1095 BNB $71.12,0 . 00021,0xe2fc31f816a9b94326492132018c3aecc4a93ae1,,Binance: Withdrawals 7,,Binance: Withdrawals 7,,,0,,0.1095,71.12,72.14,1.02,658.81,2026-05-21,1,0.1095,71.12,72.14,1,friendly_tag_or_url_contains_binance,inflow_to_you
0x07823746aedbf294376320a9925d78458cb0e336e76d44ead0b8d130141df15d,https://bscscan.com/tx/0x07823746aedbf294376320a9925d78458cb0e336e76d44ead0b8d130141df15d,20243494,2022-08-07 21:33:28,,javascript:;,0xE52471bc...97E1107A8,https://bscscan.com/address/0xe52471bcea9c7d7e3fc2da48ecf177c97e1107a8,0 BNB $0.00,0 . 00037567,,0xe52471bcea9c7d7e3fc2da48ecf177c97e1107a8,,,,,,0,,0,0.00,0.00,0.00,658.81,2026-05-21,0,0,0.00,0.00,0,,outflow_from_you
0x3ae45ed85c5dd0cb613996caefc9d7bcb629429233a5c8a9d3a416949b4d85d4,https://bscscan.com/tx/0x3ae45ed85c5dd0cb613996caefc9d7bcb629429233a5c8a9d3a416949b4d85d4,20243474,2022-08-07 21:32:28,,javascript:;,0xB6934215...68B6A3182,https://bscscan.com/address/0xb6934215b856b03430fc8dc058bd1c668b6a3182,0.028 BNB $18.18,0 . 000105,,0xb6934215b856b03430fc8dc058bd1c668b6a3182,,,,,,0,,0.028,18.18,18.45,0.27,658.81,2026-05-21,0,0,0.00,0.00,1,user_binance_address_match,outflow_from_you
0xa5faae5869c891cc31702717649faaf533d77a29f7869b4d8e35348652f0dc06,https://bscscan.com/tx/0xa5faae5869c891cc31702717649faaf533d77a29f7869b4d8e35348652f0dc06,20233462,2022-08-07 13:11:48,,javascript:;,0xE52471bc...97E1107A8,https://bscscan.com/address/0xe52471bcea9c7d7e3fc2da48ecf177c97e1107a8,0 BNB $0.00,0 . 00037567,,0xe52471bcea9c7d7e3fc2da48ecf177c97e1107a8,,,,,,0,,0,0.00,0.00,0.00,658.81,2026-05-21,0,0,0.00,0.00,0,,outflow_from_you
0x46b642e58464869383db1585537e48f1e4aaaee41d1a99b8b639e0163da8a7d0,https://bscscan.com/tx/0x46b642e58464869383db1585537e48f1e4aaaee41d1a99b8b639e0163da8a7d0,20213388,2022-08-06 20:26:41,,javascript:;,0xE52471bc...97E1107A8,https://bscscan.com/address/0xe52471bcea9c7d7e3fc2da48ecf177c97e1107a8,0 BNB $0.00,0 . 00049362,,0xe52471bcea9c7d7e3fc2da48ecf177c97e1107a8,,,,,,0,,0,0.00,0.00,0.00,658.81,2026-05-21,0,0,0.00,0.00,0,,outflow_from_you
0x1d749d175472f3b2aeeb362eb023253057f741da23058538abd25edacddfa265,https://bscscan.com/tx/0x1d749d175472f3b2aeeb362eb023253057f741da23058538abd25edacddfa265,20198032,2022-08-06 7:37:52,,javascript:;,0xE52471bc...97E1107A8,https://bscscan.com/address/0xe52471bcea9c7d7e3fc2da48ecf177c97e1107a8,0 BNB $0.00,0 . 00035029,,0xe52471bcea9c7d7e3fc2da48ecf177c97e1107a8,,,,,,0,,0,0.00,0.00,0.00,658.81,2026-05-21,0,0,0.00,0.00,0,,outflow_from_you
0x19646d17003a68103b8af69d3abb20e1994932221f1473c2f2a64f8824a28fb7,https://bscscan.com/tx/0x19646d17003a68103b8af69d3abb20e1994932221f1473c2f2a64f8824a28fb7,20195364,2022-08-06 5:24:03,,javascript:;,0xE52471bc...97E1107A8,https://bscscan.com/address/0xe52471bcea9c7d7e3fc2da48ecf177c97e1107a8,0 BNB $0.00,0 . 00037124,,0xe52471bcea9c7d7e3fc2da48ecf177c97e1107a8,,,,,,0,,0,0.00,0.00,0.00,658.81,2026-05-21,0,0,0.00,0.00,0,,outflow_from_you
0x2cf4e746b555c6d7970550dc0b60428a45a00c17cad404900ffb3ea11f6fbe9c,https://bscscan.com/tx/0x2cf4e746b555c6d7970550dc0b60428a45a00c17cad404900ffb3ea11f6fbe9c,20142390,2022-08-04 9:10:47,,javascript:;,0xB6934215...68B6A3182,https://bscscan.com/address/0xb6934215b856b03430fc8dc058bd1c668b6a3182,0.45002256 BNB $292.27,0 . 000105,,0xb6934215b856b03430fc8dc058bd1c668b6a3182,,,,,,0,,0.45002256,292.27,296.48,4.21,658.81,2026-05-21,0,0,0.00,0.00,1,user_binance_address_match,outflow_from_you
0xc055c4e714288dc712639c7b148dcf6ff155f9f8c375122f76260844c29d7766,https://bscscan.com/tx/0xc055c4e714288dc712639c7b148dcf6ff155f9f8c375122f76260844c29d7766,20131018,2022-08-03 23:40:57,,javascript:;,0xE52471bc...97E1107A8,https://bscscan.com/address/0xe52471bcea9c7d7e3fc2da48ecf177c97e1107a8,0 BNB $0.00,0 . 00049207,,0xe52471bcea9c7d7e3fc2da48ecf177c97e1107a8,,,,,,0,,0,0.00,0.00,0.00,658.81,2026-05-21,0,0,0.00,0.00,0,,outflow_from_you
0xe76d0e9c9861acbc68f3f8631189db25870e6b8b3ca6865ea0bcd869eb0607e7,https://bscscan.com/tx/0xe76d0e9c9861acbc68f3f8631189db25870e6b8b3ca6865ea0bcd869eb0607e7,20122558,2022-08-03 16:37:31,,javascript:;,0x97a68a79...ae26235b1,https://bscscan.com/address/0x97a68a7949ee30849d273b0c4450314ae26235b1,0 BNB $0.00,0 . 0006078,,0x97a68a7949ee30849d273b0c4450314ae26235b1,,,,,,0,,0,0.00,0.00,0.00,658.81,2026-05-21,0,0,0.00,0.00,0,,outflow_from_you
0x76e025854fbbdcbfe50197200275303e0f2e1b26a2788043ddecd0edf9c617cc,https://bscscan.com/tx/0x76e025854fbbdcbfe50197200275303e0f2e1b26a2788043ddecd0edf9c617cc,20122551,2022-08-03 16:37:10,,javascript:;,0x97a68a79...ae26235b1,https://bscscan.com/address/0x97a68a7949ee30849d273b0c4450314ae26235b1,0 BNB $0.00,0 . 00041299,,0x97a68a7949ee30849d273b0c4450314ae26235b1,,,,,,0,,0,0.00,0.00,0.00,658.81,2026-05-21,0,0,0.00,0.00,0,,outflow_from_you
0x563058a04c2de28b872473ee9eaa2d8405d73eb1736648c624bac968c065bd06,https://bscscan.com/tx/0x563058a04c2de28b872473ee9eaa2d8405d73eb1736648c624bac968c065bd06,20122537,2022-08-03 16:36:28,,javascript:;,0xE9BAcEEA...97a50942F,https://bscscan.com/address/0xe9baceea645e8be68a0b63b9764670f97a50942f,0 BNB $0.00,0 . 00019769,,0xe9baceea645e8be68a0b63b9764670f97a50942f,,,,,,0,,0,0.00,0.00,0.00,658.81,2026-05-21,0,0,0.00,0.00,0,,outflow_from_you
0xac8571f442a94a0e29ddc7385523ca8ecfb3ed6cfcd2faf8098f19b9177ce7d1,https://bscscan.com/tx/0xac8571f442a94a0e29ddc7385523ca8ecfb3ed6cfcd2faf8098f19b9177ce7d1,20122528,2022-08-03 16:36:01,,javascript:;,0xE9BAcEEA...97a50942F,https://bscscan.com/address/0xe9baceea645e8be68a0b63b9764670f97a50942f,0 BNB $0.00,0 . 00079314,,0xe9baceea645e8be68a0b63b9764670f97a50942f,,,,,,0,,0,0.00,0.00,0.00,658.81,2026-05-21,0,0,0.00,0.00,0,,outflow_from_you
0x137b676c70429e64a4ef667562e214fb076f937e489542ca19294c0da3dc53d9,https://bscscan.com/tx/0x137b676c70429e64a4ef667562e214fb076f937e489542ca19294c0da3dc53d9,20079071,2022-08-02 4:20:30,Binance: Hot Wallet 13,https://bscscan.com/address/0xbd612a3f30dca67bf60a39fd0d35e39b7ab80774,,javascript:;,0.3995 BNB $259.46,0 . 00021,0xbd612a3f30dca67bf60a39fd0d35e39b7ab80774,,Binance: Hot Wallet 13,,Binance: Hot Wallet 13,,,0,,0.3995,259.46,263.19,3.73,658.81,2026-05-21,1,0.3995,259.46,263.19,1,friendly_tag_or_url_contains_binance,inflow_to_you
0x0e2c259a3d479c3148a0d07e73e69b49d35c4c59be02e58eda48fa93edc388db,https://bscscan.com/tx/0x0e2c259a3d479c3148a0d07e73e69b49d35c4c59be02e58eda48fa93edc388db,20078698,2022-08-02 4:01:51,,javascript:;,0x97a68a79...ae26235b1,https://bscscan.com/address/0x97a68a7949ee30849d273b0c4450314ae26235b1,0 BNB $0.00,0 . 00041299,,0x97a68a7949ee30849d273b0c4450314ae26235b1,,,,,,0,,0,0.00,0.00,0.00,658.81,2026-05-21,0,0,0.00,0.00,0,,outflow_from_you
0x50cb9e2a28b229a57ad6d88f1378d091de5e0d7ab16eb9a3788c8c124e282e8e,https://bscscan.com/tx/0x50cb9e2a28b229a57ad6d88f1378d091de5e0d7ab16eb9a3788c8c124e282e8e,20058122,2022-08-01 10:52:21,,javascript:;,0xE52471bc...97E1107A8,https://bscscan.com/address/0xe52471bcea9c7d7e3fc2da48ecf177c97e1107a8,0 BNB $0.00,0 . 00042262,,0xe52471bcea9c7d7e3fc2da48ecf177c97e1107a8,,,,,,0,,0,0.00,0.00,0.00,658.81,2026-05-21,0,0,0.00,0.00,0,,outflow_from_you
0xd9d91041f35016298a48ca9e8d04f0a6358fa4dc6191a5206555c2463e186b34,https://bscscan.com/tx/0xd9d91041f35016298a48ca9e8d04f0a6358fa4dc6191a5206555c2463e186b34,20052901,2022-08-01 6:30:50,,javascript:;,0xE52471bc...97E1107A8,https://bscscan.com/address/0xe52471bcea9c7d7e3fc2da48ecf177c97e1107a8,0 BNB $0.00,0 . 00037967,,0xe52471bcea9c7d7e3fc2da48ecf177c97e1107a8,,,,,,0,,0,0.00,0.00,0.00,658.81,2026-05-21,0,0,0.00,0.00,0,,outflow_from_you
0x232a975277acee9954f1bd0787d7f2e7779f9f538bf04725fd13dcc0492436dd,https://bscscan.com/tx/0x232a975277acee9954f1bd0787d7f2e7779f9f538bf04725fd13dcc0492436dd,20050409,2022-08-01 4:26:10,,javascript:;,0xE52471bc...97E1107A8,https://bscscan.com/address/0xe52471bcea9c7d7e3fc2da48ecf177c97e1107a8,0 BNB $0.00,0 . 00037967,,0xe52471bcea9c7d7e3fc2da48ecf177c97e1107a8,,,,,,0,,0,0.00,0.00,0.00,658.81,2026-05-21,0,0,0.00,0.00,0,,outflow_from_you
0xfea087353a2232994d673f0df2114ed3694da88f19df1d63d1c8949ba2ab2c57,https://bscscan.com/tx/0xfea087353a2232994d673f0df2114ed3694da88f19df1d63d1c8949ba2ab2c57,20044078,2022-07-31 23:08:50,,javascript:;,0xE52471bc...97E1107A8,https://bscscan.com/address/0xe52471bcea9c7d7e3fc2da48ecf177c97e1107a8,0 BNB $0.00,0 . 00042262,,0xe52471bcea9c7d7e3fc2da48ecf177c97e1107a8,,,,,,0,,0,0.00,0.00,0.00,658.81,2026-05-21,0,0,0.00,0.00,0,,outflow_from_you
0x9ad6f926a9870d22919bb93c0905140667489638fdfa26af9666083371a322ef,https://bscscan.com/tx/0x9ad6f926a9870d22919bb93c0905140667489638fdfa26af9666083371a322ef,20042586,2022-07-31 21:54:10,,javascript:;,Bogged Finance: Proxy,https://bscscan.com/address/0xb099ed146fad4d0daa31e3810591fc0554af62bb,"3.5 BNB $2,273.11",0 . 00110066,,0xb099ed146fad4d0daa31e3810591fc0554af62bb,,Bogged Finance: Proxy,,Bogged Finance: Proxy,safuu,1,high,3.5,2273.11,2305.84,32.72,658.81,2026-05-21,0,0,0.00,0.00,0,,outflow_from_you
0xcf593d2825f745193d2957706b3d4ede857cf5814782280886528f14d4033aee,https://bscscan.com/tx/0xcf593d2825f745193d2957706b3d4ede857cf5814782280886528f14d4033aee,20042544,2022-07-31 21:52:04,Binance: Hot Wallet 13,https://bscscan.com/address/0xbd612a3f30dca67bf60a39fd0d35e39b7ab80774,,javascript:;,"3.5095 BNB $2,279.28",0 . 00021,0xbd612a3f30dca67bf60a39fd0d35e39b7ab80774,,Binance: Hot Wallet 13,,Binance: Hot Wallet 13,,,0,,3.5095,2279.28,2312.09,32.81,658.81,2026-05-21,1,3.5095,2279.28,2312.09,1,friendly_tag_or_url_contains_binance,inflow_to_you
0x4550d95cee6038b49fff15c40b82ee7d9b8271e61a65f3e048af03cbceb68a34,https://bscscan.com/tx/0x4550d95cee6038b49fff15c40b82ee7d9b8271e61a65f3e048af03cbceb68a34,20039550,2022-07-31 19:22:13,,javascript:;,0xE52471bc...97E1107A8,https://bscscan.com/address/0xe52471bcea9c7d7e3fc2da48ecf177c97e1107a8,0 BNB $0.00,0 . 00037967,,0xe52471bcea9c7d7e3fc2da48ecf177c97e1107a8,,,,,,0,,0,0.00,0.00,0.00,658.81,2026-05-21,0,0,0.00,0.00,0,,outflow_from_you
0x0f1b051ec6a81035d4a5cba43536f8ed67eaf38450524ab0c2288d64b652bb89,https://bscscan.com/tx/0x0f1b051ec6a81035d4a5cba43536f8ed67eaf38450524ab0c2288d64b652bb89,20034031,2022-07-31 14:46:07,,javascript:;,0xE52471bc...97E1107A8,https://bscscan.com/address/0xe52471bcea9c7d7e3fc2da48ecf177c97e1107a8,0 BNB $0.00,0 . 00037967,,0xe52471bcea9c7d7e3fc2da48ecf177c97e1107a8,,,,,,0,,0,0.00,0.00,0.00,658.81,2026-05-21,0,0,0.00,0.00,0,,outflow_from_you
0x8702efae0a69c18a4e6710cc7fbd5f3ee6ae4dfcc6a7fac521f4a1b83c81694e,https://bscscan.com/tx/0x8702efae0a69c18a4e6710cc7fbd5f3ee6ae4dfcc6a7fac521f4a1b83c81694e,20026975,2022-07-31 8:53:16,,javascript:;,0xE52471bc...97E1107A8,https://bscscan.com/address/0xe52471bcea9c7d7e3fc2da48ecf177c97e1107a8,0 BNB $0.00,0 . 00042262,,0xe52471bcea9c7d7e3fc2da48ecf177c97e1107a8,,,,,,0,,0,0.00,0.00,0.00,658.81,2026-05-21,0,0,0.00,0.00,0,,outflow_from_you
0x778930dde399e053a783dcf31264e81e5f457c3401120774fadc150f3a4db784,https://bscscan.com/tx/0x778930dde399e053a783dcf31264e81e5f457c3401120774fadc150f3a4db784,20026819,2022-07-31 8:45:28,,javascript:;,Bogged Finance: Proxy,https://bscscan.com/address/0xb099ed146fad4d0daa31e3810591fc0554af62bb,1.3599585 BNB $883.24,0 . 00110072,,0xb099ed146fad4d0daa31e3810591fc0554af62bb,,Bogged Finance: Proxy,,Bogged Finance: Proxy,safuu,1,high,1.3599585,883.24,895.95,12.71,658.81,2026-05-21,0,0,0.00,0.00,0,,outflow_from_you
0x6c6f7c32becbb93bea03d047721da994023b49066deb1a853f3f91a804aa5a20,https://bscscan.com/tx/0x6c6f7c32becbb93bea03d047721da994023b49066deb1a853f3f91a804aa5a20,20022424,2022-07-31 5:05:40,,javascript:;,0xE52471bc...97E1107A8,https://bscscan.com/address/0xe52471bcea9c7d7e3fc2da48ecf177c97e1107a8,0 BNB $0.00,0 . 00037967,,0xe52471bcea9c7d7e3fc2da48ecf177c97e1107a8,,,,,,0,,0,0.00,0.00,0.00,658.81,2026-05-21,0,0,0.00,0.00,0,,outflow_from_you
0x738d8fd0b972a9457ebcbb617269102593ed269067d68502d0bfabe9a9dc48ae,https://bscscan.com/tx/0x738d8fd0b972a9457ebcbb617269102593ed269067d68502d0bfabe9a9dc48ae,20021961,2022-07-31 4:41:31,Binance: Hot Wallet 18,https://bscscan.com/address/0x73f5ebe90f27b46ea12e5795d16c4b408b19cc6f,,javascript:;,1.35947925 BNB $882.93,0 . 00021,0x73f5ebe90f27b46ea12e5795d16c4b408b19cc6f,,Binance: Hot Wallet 18,,Binance: Hot Wallet 18,,,0,,1.35947925,882.93,895.64,12.71,658.81,2026-05-21,1,1.35947925,882.93,895.64,1,friendly_tag_or_url_contains_binance,inflow_to_you
0x3c867e7aad9aab3fb2e1480e956f940dadf631af413d3afbf7ed36113cbc60db,https://bscscan.com/tx/0x3c867e7aad9aab3fb2e1480e956f940dadf631af413d3afbf7ed36113cbc60db,20020944,2022-07-31 3:50:14,,javascript:;,0xB6934215...68B6A3182,https://bscscan.com/address/0xb6934215b856b03430fc8dc058bd1c668b6a3182,"2.09199192 BNB $1,358.66",0 . 000105,,0xb6934215b856b03430fc8dc058bd1c668b6a3182,,,,,,0,,2.09199192,1358.66,1378.23,19.57,658.81,2026-05-21,0,0,0.00,0.00,1,user_binance_address_match,outflow_from_you
0xfd23ff5c8635c4d1a0909554e51475fbdea47e8cbf8274c8a269c290c2c95f69,https://bscscan.com/tx/0xfd23ff5c8635c4d1a0909554e51475fbdea47e8cbf8274c8a269c290c2c95f69,20020559,2022-07-31 3:30:56,Binance: Withdrawals 2,https://bscscan.com/address/0xdccf3b77da55107280bd850ea519df3705d1a75a,,javascript:;,"2.0595 BNB $1,337.56",0 . 00021,0xdccf3b77da55107280bd850ea519df3705d1a75a,,Binance: Withdrawals 2,,Binance: Withdrawals 2,,,0,,2.0595,1337.56,1356.82,19.26,658.81,2026-05-21,1,2.0595,1337.56,1356.82,1,friendly_tag_or_url_contains_binance,inflow_to_you
0xde1e762f4634276a12afa2eadb34a2e34393c70c70a77c33413096f29c55eb0b,https://bscscan.com/tx/0xde1e762f4634276a12afa2eadb34a2e34393c70c70a77c33413096f29c55eb0b,20017275,2022-07-31 0:46:39,,javascript:;,0xE52471bc...97E1107A8,https://bscscan.com/address/0xe52471bcea9c7d7e3fc2da48ecf177c97e1107a8,0 BNB $0.00,0 . 00037967,,0xe52471bcea9c7d7e3fc2da48ecf177c97e1107a8,,,,,,0,,0,0.00,0.00,0.00,658.81,2026-05-21,0,0,0.00,0.00,0,,outflow_from_you
0xf22ffb1f399c4fb09bd020097209ca703c7e40fd5e17676b0463b1445b8a5c4d,https://bscscan.com/tx/0xf22ffb1f399c4fb09bd020097209ca703c7e40fd5e17676b0463b1445b8a5c4d,20012375,2022-07-30 20:40:36,Binance: Withdrawals 2,https://bscscan.com/address/0xdccf3b77da55107280bd850ea519df3705d1a75a,,javascript:;,0.0395 BNB $25.65,0 . 00021,0xdccf3b77da55107280bd850ea519df3705d1a75a,,Binance: Withdrawals 2,,Binance: Withdrawals 2,,,0,,0.0395,25.65,26.02,0.37,658.81,2026-05-21,1,0.0395,25.65,26.02,1,friendly_tag_or_url_contains_binance,inflow_to_you
0x5b06cf8244a192bff759b4392038f3e51e1d6310e0b14fb4b4df161fc66bc6b0,https://bscscan.com/tx/0x5b06cf8244a192bff759b4392038f3e51e1d6310e0b14fb4b4df161fc66bc6b0,20011837,2022-07-30 20:13:42,,javascript:;,0xE52471bc...97E1107A8,https://bscscan.com/address/0xe52471bcea9c7d7e3fc2da48ecf177c97e1107a8,0 BNB $0.00,0 . 00042262,,0xe52471bcea9c7d7e3fc2da48ecf177c97e1107a8,,,,,,0,,0,0.00,0.00,0.00,658.81,2026-05-21,0,0,0.00,0.00,0,,outflow_from_you
0x52fc92a207c5d57a473b5cb490291afc6abcd4a8a8b581aa4a276e4e30ee6deb,https://bscscan.com/tx/0x52fc92a207c5d57a473b5cb490291afc6abcd4a8a8b581aa4a276e4e30ee6deb,20005402,2022-07-30 14:48:10,,javascript:;,Bogged Finance: Proxy,https://bscscan.com/address/0xb099ed146fad4d0daa31e3810591fc0554af62bb,0.950633569 BNB $617.40,0 . 00110078,,0xb099ed146fad4d0daa31e3810591fc0554af62bb,,Bogged Finance: Proxy,,Bogged Finance: Proxy,safuu,1,high,0.950633569,617.40,626.29,8.89,658.81,2026-05-21,0,0,0.00,0.00,0,,outflow_from_you
0x44d3be26f7ec548c6cc769133a2f83e07e47b8be35f10d11a154a772a2ba7a1b,https://bscscan.com/tx/0x44d3be26f7ec548c6cc769133a2f83e07e47b8be35f10d11a154a772a2ba7a1b,20005240,2022-07-30 14:40:04,,javascript:;,0xE9BAcEEA...97a50942F,https://bscscan.com/address/0xe9baceea645e8be68a0b63b9764670f97a50942f,0 BNB $0.00,0 . 00053917,,0xe9baceea645e8be68a0b63b9764670f97a50942f,,,,,,0,,0,0.00,0.00,0.00,658.81,2026-05-21,0,0,0.00,0.00,0,,outflow_from_you
0xc459f0d28a8f248bfc6e48d6f5bf216ad46a89b11dccd9becfc63cdd6b4e3834,https://bscscan.com/tx/0xc459f0d28a8f248bfc6e48d6f5bf216ad46a89b11dccd9becfc63cdd6b4e3834,20005235,2022-07-30 14:39:49,,javascript:;,0x97a68a79...ae26235b1,https://bscscan.com/address/0x97a68a7949ee30849d273b0c4450314ae26235b1,0 BNB $0.00,0 . 00044553,,0x97a68a7949ee30849d273b0c4450314ae26235b1,,,,,,0,,0,0.00,0.00,0.00,658.81,2026-05-21,0,0,0.00,0.00,0,,outflow_from_you
0x7886b7779fc0d90f5701dc9af5d99397d11896c5369488b5e441793272008ed7,https://bscscan.com/tx/0x7886b7779fc0d90f5701dc9af5d99397d11896c5369488b5e441793272008ed7,20005230,2022-07-30 14:39:34,,javascript:;,0x97a68a79...ae26235b1,https://bscscan.com/address/0x97a68a7949ee30849d273b0c4450314ae26235b1,0 BNB $0.00,0 . 00041299,,0x97a68a7949ee30849d273b0c4450314ae26235b1,,,,,,0,,0,0.00,0.00,0.00,658.81,2026-05-21,0,0,0.00,0.00,0,,outflow_from_you
0x945e8e7a800eb43759d085a3e67751b34edb4ed8f0b458922769bee51045a548,https://bscscan.com/tx/0x945e8e7a800eb43759d085a3e67751b34edb4ed8f0b458922769bee51045a548,20005223,2022-07-30 14:39:13,,javascript:;,0xE9BAcEEA...97a50942F,https://bscscan.com/address/0xe9baceea645e8be68a0b63b9764670f97a50942f,0 BNB $0.00,0 . 000806,,0xe9baceea645e8be68a0b63b9764670f97a50942f,,,,,,0,,0,0.00,0.00,0.00,658.81,2026-05-21,0,0,0.00,0.00,0,,outflow_from_you
0x9c839b7c00cb023205dd444d91fa56b6186b663d441b3def0d8ce2b4e554a1f7,https://bscscan.com/tx/0x9c839b7c00cb023205dd444d91fa56b6186b663d441b3def0d8ce2b4e554a1f7,20005219,2022-07-30 14:39:01,,javascript:;,0x4676819C...C25C8Cce1,https://bscscan.com/address/0x4676819c0677b1920b8e43194d93921c25c8cce1,0 BNB $0.00,0 . 00320171,,0x4676819c0677b1920b8e43194d93921c25c8cce1,,,,,,0,,0,0.00,0.00,0.00,658.81,2026-05-21,0,0,0.00,0.00,0,,outflow_from_you
0xabe04ea6cd055aa6cb885f25495ea723cd36ccbce56c897da8eac34e85881581,https://bscscan.com/tx/0xabe04ea6cd055aa6cb885f25495ea723cd36ccbce56c897da8eac34e85881581,20005214,2022-07-30 14:38:46,,javascript:;,0x97a68a79...ae26235b1,https://bscscan.com/address/0x97a68a7949ee30849d273b0c4450314ae26235b1,0 BNB $0.00,0 . 00041299,,0x97a68a7949ee30849d273b0c4450314ae26235b1,,,,,,0,,0,0.00,0.00,0.00,658.81,2026-05-21,0,0,0.00,0.00,0,,outflow_from_you
0xb9b6056c1ea2705ee59ccee8a361299c44dedbce5a027c9909b1b1e02bc5f8de,https://bscscan.com/tx/0xb9b6056c1ea2705ee59ccee8a361299c44dedbce5a027c9909b1b1e02bc5f8de,20004960,2022-07-30 14:25:50,,javascript:;,0xE52471bc...97E1107A8,https://bscscan.com/address/0xe52471bcea9c7d7e3fc2da48ecf177c97e1107a8,0 BNB $0.00,0 . 00037967,,0xe52471bcea9c7d7e3fc2da48ecf177c97e1107a8,,,,,,0,,0,0.00,0.00,0.00,658.81,2026-05-21,0,0,0.00,0.00,0,,outflow_from_you
0x0b034a90bc04343f41dbe0a78be7128e3d1d10e76962a307b8343241ab93fe36,https://bscscan.com/tx/0x0b034a90bc04343f41dbe0a78be7128e3d1d10e76962a307b8343241ab93fe36,19992652,2022-07-30 4:08:45,,javascript:;,0xE52471bc...97E1107A8,https://bscscan.com/address/0xe52471bcea9c7d7e3fc2da48ecf177c97e1107a8,0 BNB $0.00,0 . 00037967,,0xe52471bcea9c7d7e3fc2da48ecf177c97e1107a8,,,,,,0,,0,0.00,0.00,0.00,658.81,2026-05-21,0,0,0.00,0.00,0,,outflow_from_you
0xcc7883a889dd13772d8324297114b71ecf307d4043ca88219e0abc5cd591a965,https://bscscan.com/tx/0xcc7883a889dd13772d8324297114b71ecf307d4043ca88219e0abc5cd591a965,19988104,2022-07-30 0:20:33,,javascript:;,0xE52471bc...97E1107A8,https://bscscan.com/address/0xe52471bcea9c7d7e3fc2da48ecf177c97e1107a8,0 BNB $0.00,0 . 00042262,,0xe52471bcea9c7d7e3fc2da48ecf177c97e1107a8,,,,,,0,,0,0.00,0.00,0.00,658.81,2026-05-21,0,0,0.00,0.00,0,,outflow_from_you
0x57e9d2430e5b1d8d491d83a585682db0d5d8e78ba2194f93721cd22085e4fbf3,https://bscscan.com/tx/0x57e9d2430e5b1d8d491d83a585682db0d5d8e78ba2194f93721cd22085e4fbf3,19984342,2022-07-29 21:11:55,,javascript:;,0xE52471bc...97E1107A8,https://bscscan.com/address/0xe52471bcea9c7d7e3fc2da48ecf177c97e1107a8,0 BNB $0.00,0 . 00037967,,0xe52471bcea9c7d7e3fc2da48ecf177c97e1107a8,,,,,,0,,0,0.00,0.00,0.00,658.81,2026-05-21,0,0,0.00,0.00,0,,outflow_from_you
0x27dd076a1c021b9e51bd59459dbd8a5d3b351a1d2f6b6b32dcd4bfcc0384d179,https://bscscan.com/tx/0x27dd076a1c021b9e51bd59459dbd8a5d3b351a1d2f6b6b32dcd4bfcc0384d179,19982188,2022-07-29 19:24:13,,javascript:;,0xE52471bc...97E1107A8,https://bscscan.com/address/0xe52471bcea9c7d7e3fc2da48ecf177c97e1107a8,0 BNB $0.00,0 . 00037967,,0xe52471bcea9c7d7e3fc2da48ecf177c97e1107a8,,,,,,0,,0,0.00,0.00,0.00,658.81,2026-05-21,0,0,0.00,0.00,0,,outflow_from_you
0x4192a7c2d5faedd328db9b86a63dc3e668c3794eaca2bf7bae3cfa63d24688fd,https://bscscan.com/tx/0x4192a7c2d5faedd328db9b86a63dc3e668c3794eaca2bf7bae3cfa63d24688fd,19975601,2022-07-29 13:53:08,Binance: Hot Wallet 23,https://bscscan.com/address/0x01c952174c24e1210d26961d456a77a39e1f0bb0,,javascript:;,0.9995 BNB $649.14,0 . 00021,0x01c952174c24e1210d26961d456a77a39e1f0bb0,,Binance: Hot Wallet 23,,Binance: Hot Wallet 23,,,0,,0.9995,649.14,658.48,9.34,658.81,2026-05-21,1,0.9995,649.14,658.48,1,friendly_tag_or_url_contains_binance,inflow_to_you
0x37adab85e70df647699e42bedb35ce001970078caa81eb3b85eacf42ccb21b07,https://bscscan.com/tx/0x37adab85e70df647699e42bedb35ce001970078caa81eb3b85eacf42ccb21b07,19975449,2022-07-29 13:45:32,,javascript:;,0xE52471bc...97E1107A8,https://bscscan.com/address/0xe52471bcea9c7d7e3fc2da48ecf177c97e1107a8,0 BNB $0.00,0 . 00042262,,0xe52471bcea9c7d7e3fc2da48ecf177c97e1107a8,,,,,,0,,0,0.00,0.00,0.00,658.81,2026-05-21,0,0,0.00,0.00,0,,outflow_from_you
0x809aaeaf7cedd24892f705257374022122a60bb9dbc8de539fdb05a99d1fdd8a,https://bscscan.com/tx/0x809aaeaf7cedd24892f705257374022122a60bb9dbc8de539fdb05a99d1fdd8a,19972024,2022-07-29 10:53:11,,javascript:;,0xE52471bc...97E1107A8,https://bscscan.com/address/0xe52471bcea9c7d7e3fc2da48ecf177c97e1107a8,0 BNB $0.00,0 . 00037967,,0xe52471bcea9c7d7e3fc2da48ecf177c97e1107a8,,,,,,0,,0,0.00,0.00,0.00,658.81,2026-05-21,0,0,0.00,0.00,0,,outflow_from_you
0x3a5663e7df4067535067c1427a3d518e3d2e12579dd7ef6e58da3d949cbd9944,https://bscscan.com/tx/0x3a5663e7df4067535067c1427a3d518e3d2e12579dd7ef6e58da3d949cbd9944,19964825,2022-07-29 4:52:36,,javascript:;,0xE1a104f2...058494e82,https://bscscan.com/address/0xe1a104f204c6063b06577d8a7e6c796058494e82,0 BNB $0.00,0 . 00022188,,0xe1a104f204c6063b06577d8a7e6c796058494e82,,,,,,0,,0,0.00,0.00,0.00,658.81,2026-05-21,0,0,0.00,0.00,0,,outflow_from_you
0xbb7716b08003867c9c3018c2e2cd34152b2cc1bbfa9b6a5e4c060c77296351c7,https://bscscan.com/tx/0xbb7716b08003867c9c3018c2e2cd34152b2cc1bbfa9b6a5e4c060c77296351c7,19964804,2022-07-29 4:51:33,,javascript:;,0x00e6EAF4...57DCe6c59,https://bscscan.com/address/0x00e6eaf4fc20a0574864d2baea731db57dce6c59,0 BNB $0.00,0 . 00377607,,0x00e6eaf4fc20a0574864d2baea731db57dce6c59,,,,,,0,,0,0.00,0.00,0.00,658.81,2026-05-21,0,0,0.00,0.00,0,,outflow_from_you
0xbfb89b26a29d1b5db16281cbc86cf9fb0c676c1feeb31cc94ff9cad1ba03dd1c,https://bscscan.com/tx/0xbfb89b26a29d1b5db16281cbc86cf9fb0c676c1feeb31cc94ff9cad1ba03dd1c,19964788,2022-07-29 4:50:45,,javascript:;,0xC0Ce8e40...0F71C7C4f,https://bscscan.com/address/0xc0ce8e40988f772603b777a456d259b0f71c7c4f,0 BNB $0.00,0 . 00147405,,0xc0ce8e40988f772603b777a456d259b0f71c7c4f,,,,,,0,,0,0.00,0.00,0.00,658.81,2026-05-21,0,0,0.00,0.00,0,,outflow_from_you
0xd26db5bf053fe7703d4e3b75cf5ab394189332ae5aa1f85621f1073f6f41cc88,https://bscscan.com/tx/0xd26db5bf053fe7703d4e3b75cf5ab394189332ae5aa1f85621f1073f6f41cc88,19964778,2022-07-29 4:50:15,,javascript:;,0x42b98A2f...F3565496B,https://bscscan.com/address/0x42b98a2f73a282d731b0b8f4acfb6caf3565496b,0 BNB $0.00,0 . 00022203,,0x42b98a2f73a282d731b0b8f4acfb6caf3565496b,,,,,,0,,0,0.00,0.00,0.00,658.81,2026-05-21,0,0,0.00,0.00,0,,outflow_from_you
0xc4a64748b2669abeccf07d9e257392a93f4dc3ef66afbbc83f99df48a4df4cda,https://bscscan.com/tx/0xc4a64748b2669abeccf07d9e257392a93f4dc3ef66afbbc83f99df48a4df4cda,19964773,2022-07-29 4:50:00,,javascript:;,BNB Chain: WBNB Token,https://bscscan.com/address/0xbb4cdb9cbd36b01bd1cbaebf2de08d9173bc095c,0 BNB $0.00,0 . 00022132,,0xbb4cdb9cbd36b01bd1cbaebf2de08d9173bc095c,,BNB Chain: WBNB Token,,BNB Chain: WBNB Token,,0,,0,0.00,0.00,0.00,658.81,2026-05-21,0,0,0.00,0.00,0,,outflow_from_you
0x2d8916960c4790c3692cf312a830334e5d0fd4118ded6ed6ef8c4666de6ef982,https://bscscan.com/tx/0x2d8916960c4790c3692cf312a830334e5d0fd4118ded6ed6ef8c4666de6ef982,19964753,2022-07-29 4:49:00,,javascript:;,BNB Chain: WBNB Token,https://bscscan.com/address/0xbb4cdb9cbd36b01bd1cbaebf2de08d9173bc095c,0.2 BNB $129.83,0 . 00021869,,0xbb4cdb9cbd36b01bd1cbaebf2de08d9173bc095c,,BNB Chain: WBNB Token,,BNB Chain: WBNB Token,,0,,0.2,129.83,131.76,1.93,658.81,2026-05-21,0,0,0.00,0.00,0,,outflow_from_you
0xd6541ee2dce9198fbc2cd1d5c0d30d1ccac2986d9f61f7e3f5c005c36b1af506,https://bscscan.com/tx/0xd6541ee2dce9198fbc2cd1d5c0d30d1ccac2986d9f61f7e3f5c005c36b1af506,19964734,2022-07-29 4:48:03,,javascript:;,Orbital Swap: Router,https://bscscan.com/address/0x6b45064f128ca5addbf79825186f4e3e3c9e7eb5,0.2 BNB $129.83,0 . 00067954,,0x6b45064f128ca5addbf79825186f4e3e3c9e7eb5,,Orbital Swap: Router,,Orbital Swap: Router,,0,,0.2,129.83,131.76,1.93,658.81,2026-05-21,0,0,0.00,0.00,0,,outflow_from_you
0x694dcd8bd2bb0b01d5947d37a4dc5911ce223d98942c77686043b713fb1be41e,https://bscscan.com/tx/0x694dcd8bd2bb0b01d5947d37a4dc5911ce223d98942c77686043b713fb1be41e,19963638,2022-07-29 3:52:00,Binance 51,https://bscscan.com/address/0x8894e0a0c962cb723c1976a4421c95949be2d4e3,,javascript:;,0.3995 BNB $259.33,0 . 00021,0x8894e0a0c962cb723c1976a4421c95949be2d4e3,,Binance 51,,Binance 51,,,0,,0.3995,259.33,263.19,3.86,658.81,2026-05-21,1,0.3995,259.33,263.19,1,friendly_tag_or_url_contains_binance,inflow_to_you
0xeb06cdeb351ba3ceca912ca63b2967b949e91a6df9bf7a74532b8a38e1e9d1ba,https://bscscan.com/tx/0xeb06cdeb351ba3ceca912ca63b2967b949e91a6df9bf7a74532b8a38e1e9d1ba,19962856,2022-07-29 3:12:54,,javascript:;,0x451a503b...E8A7fcfe1,https://bscscan.com/address/0x451a503b59a4dea428b8eb88d6df27de8a7fcfe1,0 BNB $0.00,0 . 00022182,,0x451a503b59a4dea428b8eb88d6df27de8a7fcfe1,,,,,,0,,0,0.00,0.00,0.00,658.81,2026-05-21,0,0,0.00,0.00,0,,outflow_from_you
0x84ef661c7879519a03132301b2a22ef4ff699e71cb5e9b115a98f63f7f2c920f,https://bscscan.com/tx/0x84ef661c7879519a03132301b2a22ef4ff699e71cb5e9b115a98f63f7f2c920f,19962845,2022-07-29 3:12:21,,javascript:;,0xE5FcBAad...807eDFd29,https://bscscan.com/address/0xe5fcbaad5c0a22375a3ee2ec7a85707807edfd29,0 BNB $0.00,0 . 00022188,,0xe5fcbaad5c0a22375a3ee2ec7a85707807edfd29,,,,,,0,,0,0.00,0.00,0.00,658.81,2026-05-21,0,0,0.00,0.00,0,,outflow_from_you
0xd7ed8fdc4c7836d6965d5990f4d9eb69f4370506bcd4aa9b0aac9553636f19d5,https://bscscan.com/tx/0xd7ed8fdc4c7836d6965d5990f4d9eb69f4370506bcd4aa9b0aac9553636f19d5,19962778,2022-07-29 3:09:00,,javascript:;,0x97a68a79...ae26235b1,https://bscscan.com/address/0x97a68a7949ee30849d273b0c4450314ae26235b1,0 BNB $0.00,0 . 00046386,,0x97a68a7949ee30849d273b0c4450314ae26235b1,,,,,,0,,0,0.00,0.00,0.00,658.81,2026-05-21,0,0,0.00,0.00,0,,outflow_from_you
0x75233935df05879bb88994dc4a0c798d779e6eaac3ae2e2e4715aa1ec49bd10b,https://bscscan.com/tx/0x75233935df05879bb88994dc4a0c798d779e6eaac3ae2e2e4715aa1ec49bd10b,19962752,2022-07-29 3:07:42,,javascript:;,0x5baD3568...e868a5aa2,https://bscscan.com/address/0x5bad3568c99f15833b92dea08a34d7ce868a5aa2,0.45 BNB $292.11,0 . 00146881,,0x5bad3568c99f15833b92dea08a34d7ce868a5aa2,,,,,,0,,0.45,292.11,296.46,4.35,658.81,2026-05-21,0,0,0.00,0.00,0,,outflow_from_you
0xd40f6156858dc141cfccfc330c69d3a087d528274f0d46268bb1f78b9b9e409a,https://bscscan.com/tx/0xd40f6156858dc141cfccfc330c69d3a087d528274f0d46268bb1f78b9b9e409a,19962604,2022-07-29 3:00:18,,javascript:;,0x97a68a79...ae26235b1,https://bscscan.com/address/0x97a68a7949ee30849d273b0c4450314ae26235b1,0 BNB $0.00,0 . 00053886,,0x97a68a7949ee30849d273b0c4450314ae26235b1,,,,,,0,,0,0.00,0.00,0.00,658.81,2026-05-21,0,0,0.00,0.00,0,,outflow_from_you
0x928668b054b4deb2e60704d5997f79ecf5e2b8eb06cc625f06c382108e0ce3ec,https://bscscan.com/tx/0x928668b054b4deb2e60704d5997f79ecf5e2b8eb06cc625f06c382108e0ce3ec,19962439,2022-07-29 2:52:03,,javascript:;,0x5baD3568...e868a5aa2,https://bscscan.com/address/0x5bad3568c99f15833b92dea08a34d7ce868a5aa2,0.44 BNB $285.62,0 . 00139381,,0x5bad3568c99f15833b92dea08a34d7ce868a5aa2,,,,,,0,,0.44,285.62,289.88,4.26,658.81,2026-05-21,0,0,0.00,0.00,0,,outflow_from_you
0xd7aa09e3321b7363905893cfe8e0418ffafb5f00722fdae3a462ab9f33060069,https://bscscan.com/tx/0xd7aa09e3321b7363905893cfe8e0418ffafb5f00722fdae3a462ab9f33060069,19962264,2022-07-29 2:43:18,,javascript:;,0xE52471bc...97E1107A8,https://bscscan.com/address/0xe52471bcea9c7d7e3fc2da48ecf177c97e1107a8,0 BNB $0.00,0 . 00037967,,0xe52471bcea9c7d7e3fc2da48ecf177c97e1107a8,,,,,,0,,0,0.00,0.00,0.00,658.81,2026-05-21,0,0,0.00,0.00,0,,outflow_from_you
0xb09040478b38fdfd441c7e49e07d599691e8f5e62ee7fa7d364fec8187290f51,https://bscscan.com/tx/0xb09040478b38fdfd441c7e49e07d599691e8f5e62ee7fa7d364fec8187290f51,19959233,2022-07-29 0:11:07,Binance: Withdrawals 7,https://bscscan.com/address/0xe2fc31f816a9b94326492132018c3aecc4a93ae1,,javascript:;,0.8895 BNB $577.41,0 . 00021,0xe2fc31f816a9b94326492132018c3aecc4a93ae1,,Binance: Withdrawals 7,,Binance: Withdrawals 7,,,0,,0.8895,577.41,586.01,8.60,658.81,2026-05-21,1,0.8895,577.41,586.01,1,friendly_tag_or_url_contains_binance,inflow_to_you
0xfa14b8dbd3620d8532f3203aaf705528c5527340931b6a0294c29ebd7ea6e1bd,https://bscscan.com/tx/0xfa14b8dbd3620d8532f3203aaf705528c5527340931b6a0294c29ebd7ea6e1bd,19959135,2022-07-29 0:06:11,,javascript:;,0x5baD3568...e868a5aa2,https://bscscan.com/address/0x5bad3568c99f15833b92dea08a34d7ce868a5aa2,0.015 BNB $9.74,0 . 00139381,,0x5bad3568c99f15833b92dea08a34d7ce868a5aa2,,,,,,0,,0.015,9.74,9.88,0.14,658.81,2026-05-21,0,0,0.00,0.00,0,,outflow_from_you
0x32c57c1ff590ac0333f4d0dcfb6029549e6b692eeebd61fdcaa65a5eccd83c33,https://bscscan.com/tx/0x32c57c1ff590ac0333f4d0dcfb6029549e6b692eeebd61fdcaa65a5eccd83c33,19959098,2022-07-29 0:04:20,,javascript:;,0x97a68a79...ae26235b1,https://bscscan.com/address/0x97a68a7949ee30849d273b0c4450314ae26235b1,0 BNB $0.00,0 . 0005587,,0x97a68a7949ee30849d273b0c4450314ae26235b1,,,,,,0,,0,0.00,0.00,0.00,658.81,2026-05-21,0,0,0.00,0.00,0,,outflow_from_you
0x081df9d8f48dde47318175d2233eaab53f66ae44fe3eae3d7e7d4b3319afd2bd,https://bscscan.com/tx/0x081df9d8f48dde47318175d2233eaab53f66ae44fe3eae3d7e7d4b3319afd2bd,19959080,2022-07-29 0:03:26,,javascript:;,0xD4c4a7C5...9F42418dF,https://bscscan.com/address/0xd4c4a7c55c9f7b3c48bafb6e8643ba79f42418df,0.03 BNB $19.47,0 . 00144708,,0xd4c4a7c55c9f7b3c48bafb6e8643ba79f42418df,,,,,,0,,0.03,19.47,19.76,0.29,658.81,2026-05-21,0,0,0.00,0.00,0,,outflow_from_you
0x0068f61c50b01e4f21c6f14c284ad81dd8c4de9ae7dda92d5bea70735eb3a04b,https://bscscan.com/tx/0x0068f61c50b01e4f21c6f14c284ad81dd8c4de9ae7dda92d5bea70735eb3a04b,19959012,2022-07-29 0:00:02,,javascript:;,0xDB20F6A8...cAC956550,https://bscscan.com/address/0xdb20f6a8665432ce895d724b417f77ecac956550,0 BNB $0.00,0 . 00022203,,0xdb20f6a8665432ce895d724b417f77ecac956550,,,,,,0,,0,0.00,0.00,0.00,658.81,2026-05-21,0,0,0.00,0.00,0,,outflow_from_you
0x3b7f6204a67e7e0c8967815fde223027f54e7b308c72d787dd9fb7f972727c7c,https://bscscan.com/tx/0x3b7f6204a67e7e0c8967815fde223027f54e7b308c72d787dd9fb7f972727c7c,19959005,2022-07-28 23:59:41,,javascript:;,0xDB20F6A8...cAC956550,https://bscscan.com/address/0xdb20f6a8665432ce895d724b417f77ecac956550,0 BNB $0.00,0 . 00022203,,0xdb20f6a8665432ce895d724b417f77ecac956550,,,,,,0,,0,0.00,0.00,0.00,658.81,2026-05-21,0,0,0.00,0.00,0,,outflow_from_you
0xeb7bd600d83d63bf3bccec49c683d83352ef411d1a1200e6edbaf1098224ee3c,https://bscscan.com/tx/0xeb7bd600d83d63bf3bccec49c683d83352ef411d1a1200e6edbaf1098224ee3c,19958997,2022-07-28 23:59:17,,javascript:;,0x3b248CEf...b88Dc1d58,https://bscscan.com/address/0x3b248cefa87f836a4e6f6d6c9b42991b88dc1d58,0 BNB $0.00,0 . 00022215,,0x3b248cefa87f836a4e6f6d6c9b42991b88dc1d58,,,,,,0,,0,0.00,0.00,0.00,658.81,2026-05-21,0,0,0.00,0.00,0,,outflow_from_you
0x38f4874ac174589a30485c0c2c8604aa0034c573ed732372a5ba3e5a41223744,https://bscscan.com/tx/0x38f4874ac174589a30485c0c2c8604aa0034c573ed732372a5ba3e5a41223744,19958373,2022-07-28 23:28:05,,javascript:;,0xE52471bc...97E1107A8,https://bscscan.com/address/0xe52471bcea9c7d7e3fc2da48ecf177c97e1107a8,0 BNB $0.00,0 . 00042262,,0xe52471bcea9c7d7e3fc2da48ecf177c97e1107a8,,,,,,0,,0,0.00,0.00,0.00,658.81,2026-05-21,0,0,0.00,0.00,0,,outflow_from_you
0xc4d92adb37c63f9055faa7c737ecf48b4626980d2546645c83bbb4ae0aaf41cf,https://bscscan.com/tx/0xc4d92adb37c63f9055faa7c737ecf48b4626980d2546645c83bbb4ae0aaf41cf,19957460,2022-07-28 22:41:23,,javascript:;,PancakeSwap V2: ESHARE 4,https://bscscan.com/address/0x1747af98ebf0b22d500014c7dd52985d736337d2,0 BNB $0.00,0 . 00022221,,0x1747af98ebf0b22d500014c7dd52985d736337d2,,PancakeSwap V2: ESHARE 4,,PancakeSwap V2: ESHARE 4,,0,,0,0.00,0.00,0.00,658.81,2026-05-21,0,0,0.00,0.00,0,,outflow_from_you
0xada37af6438237b2ad05d252749496964a6e5e1cdfbcf6c4357c07627f4b5c53,https://bscscan.com/tx/0xada37af6438237b2ad05d252749496964a6e5e1cdfbcf6c4357c07627f4b5c53,19956892,2022-07-28 22:12:59,,javascript:;,PancakeSwap V2: ETH-EMP 4,https://bscscan.com/address/0x84821bb588f049913dc579dc511e5e31eb22d5e4,0 BNB $0.00,0 . 00022221,,0x84821bb588f049913dc579dc511e5e31eb22d5e4,,PancakeSwap V2: ETH-EMP 4,,PancakeSwap V2: ETH-EMP 4,,0,,0,0.00,0.00,0.00,658.81,2026-05-21,0,0,0.00,0.00,0,,outflow_from_you
0xd9cec6c0d2eefefdfb3ee653463ba73136647cb2df0e98a58f5dadeb3c63ad4f,https://bscscan.com/tx/0xd9cec6c0d2eefefdfb3ee653463ba73136647cb2df0e98a58f5dadeb3c63ad4f,19956649,2022-07-28 22:00:50,,javascript:;,0x3b248CEf...b88Dc1d58,https://bscscan.com/address/0x3b248cefa87f836a4e6f6d6c9b42991b88dc1d58,0 BNB $0.00,0 . 00022215,,0x3b248cefa87f836a4e6f6d6c9b42991b88dc1d58,,,,,,0,,0,0.00,0.00,0.00,658.81,2026-05-21,0,0,0.00,0.00,0,,outflow_from_you
0x7292cbdbf7ba38df087cee51099f3a749cf23282b32952ca1468dd625530ff33,https://bscscan.com/tx/0x7292cbdbf7ba38df087cee51099f3a749cf23282b32952ca1468dd625530ff33,19950901,2022-07-28 17:11:16,,javascript:;,0xE52471bc...97E1107A8,https://bscscan.com/address/0xe52471bcea9c7d7e3fc2da48ecf177c97e1107a8,0 BNB $0.00,0 . 00037967,,0xe52471bcea9c7d7e3fc2da48ecf177c97e1107a8,,,,,,0,,0,0.00,0.00,0.00,658.81,2026-05-21,0,0,0.00,0.00,0,,outflow_from_you
0x41dfda57cdeb6d340c19ad2643fc1e7f47e83dbcf5ae7487db1ce782841fd047,https://bscscan.com/tx/0x41dfda57cdeb6d340c19ad2643fc1e7f47e83dbcf5ae7487db1ce782841fd047,19928809,2022-07-27 22:43:25,,javascript:;,Bogged Finance: Proxy,https://bscscan.com/address/0xb099ed146fad4d0daa31e3810591fc0554af62bb,"2.87 BNB $1,863.03",0 . 00110066,,0xb099ed146fad4d0daa31e3810591fc0554af62bb,,Bogged Finance: Proxy,,Bogged Finance: Proxy,safuu,1,high,2.87,1863.03,1890.78,27.75,658.81,2026-05-21,0,0,0.00,0.00,0,,outflow_from_you
0xab0355d27eb87ec06a11d2f7d42f88190cdbfd6e8f8b135b2553c6e0ebd97e98,https://bscscan.com/tx/0xab0355d27eb87ec06a11d2f7d42f88190cdbfd6e8f8b135b2553c6e0ebd97e98,19928740,2022-07-27 22:39:58,Binance: Hot Wallet 18,https://bscscan.com/address/0x73f5ebe90f27b46ea12e5795d16c4b408b19cc6f,,javascript:;,"2.8995 BNB $1,882.18",0 . 00021,0x73f5ebe90f27b46ea12e5795d16c4b408b19cc6f,,Binance: Hot Wallet 18,,Binance: Hot Wallet 18,,,0,,2.8995,1882.18,1910.22,28.04,658.81,2026-05-21,1,2.8995,1882.18,1910.22,1,friendly_tag_or_url_contains_binance,inflow_to_you
0xfa2a555a67257300c6643253d67640ed315c041870e906c4aac73edcebf8c81f,https://bscscan.com/tx/0xfa2a555a67257300c6643253d67640ed315c041870e906c4aac73edcebf8c81f,19928611,2022-07-27 22:33:31,,javascript:;,0xE52471bc...97E1107A8,https://bscscan.com/address/0xe52471bcea9c7d7e3fc2da48ecf177c97e1107a8,0 BNB $0.00,0 . 00037967,,0xe52471bcea9c7d7e3fc2da48ecf177c97e1107a8,,,,,,0,,0,0.00,0.00,0.00,658.81,2026-05-21,0,0,0.00,0.00,0,,outflow_from_you
0xa4c730cbbd8f0e12f536ac2578399fb5d27e311e540e695d85e053e8db948964,https://bscscan.com/tx/0xa4c730cbbd8f0e12f536ac2578399fb5d27e311e540e695d85e053e8db948964,19928080,2022-07-27 22:06:58,Binance: Hot Wallet 11,https://bscscan.com/address/0x161ba15a5f335c9f06bb5bbb0a9ce14076fbb645,,javascript:;,0.0395 BNB $25.64,0 . 00021,0x161ba15a5f335c9f06bb5bbb0a9ce14076fbb645,,Binance: Hot Wallet 11,,Binance: Hot Wallet 11,,,0,,0.0395,25.64,26.02,0.38,658.81,2026-05-21,1,0.0395,25.64,26.02,1,friendly_tag_or_url_contains_binance,inflow_to_you
0xb40db44377a7a7affed69be23a55a3e795a25cb335fee1a7b9ff8b25637654dd,https://bscscan.com/tx/0xb40db44377a7a7affed69be23a55a3e795a25cb335fee1a7b9ff8b25637654dd,19894407,2022-07-26 17:58:16,,javascript:;,0xE52471bc...97E1107A8,https://bscscan.com/address/0xe52471bcea9c7d7e3fc2da48ecf177c97e1107a8,0 BNB $0.00,0 . 00042262,,0xe52471bcea9c7d7e3fc2da48ecf177c97e1107a8,,,,,,0,,0,0.00,0.00,0.00,658.81,2026-05-21,0,0,0.00,0.00,0,,outflow_from_you
0x68b893711ec1ed5bd2d8b911dcf5baa9b87902f96245c25c252384f1e73cff9c,https://bscscan.com/tx/0x68b893711ec1ed5bd2d8b911dcf5baa9b87902f96245c25c252384f1e73cff9c,19884145,2022-07-26 9:23:53,,javascript:;,0xE52471bc...97E1107A8,https://bscscan.com/address/0xe52471bcea9c7d7e3fc2da48ecf177c97e1107a8,0 BNB $0.00,0 . 00037967,,0xe52471bcea9c7d7e3fc2da48ecf177c97e1107a8,,,,,,0,,0,0.00,0.00,0.00,658.81,2026-05-21,0,0,0.00,0.00,0,,outflow_from_you
0xfb1774143fb8d038927a27eca96c35fb8c89f5d8ab31885abc511ccbdfd371cf,https://bscscan.com/tx/0xfb1774143fb8d038927a27eca96c35fb8c89f5d8ab31885abc511ccbdfd371cf,19879747,2022-07-26 5:43:51,,javascript:;,0xE52471bc...97E1107A8,https://bscscan.com/address/0xe52471bcea9c7d7e3fc2da48ecf177c97e1107a8,0 BNB $0.00,0 . 00037967,,0xe52471bcea9c7d7e3fc2da48ecf177c97e1107a8,,,,,,0,,0,0.00,0.00,0.00,658.81,2026-05-21,0,0,0.00,0.00,0,,outflow_from_you
0x0c72475e2a98577fd643577c61cfe876e1690f77ac23d20dfc55e7e498127bc8,https://bscscan.com/tx/0x0c72475e2a98577fd643577c61cfe876e1690f77ac23d20dfc55e7e498127bc8,19864611,2022-07-25 17:05:44,,javascript:;,0xE52471bc...97E1107A8,https://bscscan.com/address/0xe52471bcea9c7d7e3fc2da48ecf177c97e1107a8,0 BNB $0.00,0 . 00042262,,0xe52471bcea9c7d7e3fc2da48ecf177c97e1107a8,,,,,,0,,0,0.00,0.00,0.00,658.81,2026-05-21,0,0,0.00,0.00,0,,outflow_from_you
0xeccc3db1a70766af9334ee24af0805d7925016919a27375d58c8eabfb68e2861,https://bscscan.com/tx/0xeccc3db1a70766af9334ee24af0805d7925016919a27375d58c8eabfb68e2861,19862677,2022-07-25 15:28:13,,javascript:;,0xE52471bc...97E1107A8,https://bscscan.com/address/0xe52471bcea9c7d7e3fc2da48ecf177c97e1107a8,0 BNB $0.00,0 . 00037967,,0xe52471bcea9c7d7e3fc2da48ecf177c97e1107a8,,,,,,0,,0,0.00,0.00,0.00,658.81,2026-05-21,0,0,0.00,0.00,0,,outflow_from_you
0xb29eb088d040099314abc8b539f6bffab75a49bce17ad66229e57fc674496798,https://bscscan.com/tx/0xb29eb088d040099314abc8b539f6bffab75a49bce17ad66229e57fc674496798,19855533,2022-07-25 9:28:43,,javascript:;,0xE52471bc...97E1107A8,https://bscscan.com/address/0xe52471bcea9c7d7e3fc2da48ecf177c97e1107a8,0 BNB $0.00,0 . 00037967,,0xe52471bcea9c7d7e3fc2da48ecf177c97e1107a8,,,,,,0,,0,0.00,0.00,0.00,658.81,2026-05-21,0,0,0.00,0.00,0,,outflow_from_you
0x4fb00e1eda8f87c7df96361ba68341a278c8324fa66c88fdaefd7f95d692b2f7,https://bscscan.com/tx/0x4fb00e1eda8f87c7df96361ba68341a278c8324fa66c88fdaefd7f95d692b2f7,19844189,2022-07-25 0:00:25,,javascript:;,0xE52471bc...97E1107A8,https://bscscan.com/address/0xe52471bcea9c7d7e3fc2da48ecf177c97e1107a8,0 BNB $0.00,0 . 00049762,,0xe52471bcea9c7d7e3fc2da48ecf177c97e1107a8,,,,,,0,,0,0.00,0.00,0.00,658.81,2026-05-21,0,0,0.00,0.00,0,,outflow_from_you
0xa51c22269572d062b2d3ffa0d82c33de162197c5a4870be33296828c14342d8a,https://bscscan.com/tx/0xa51c22269572d062b2d3ffa0d82c33de162197c5a4870be33296828c14342d8a,19840784,2022-07-24 21:08:52,,javascript:;,0xE52471bc...97E1107A8,https://bscscan.com/address/0xe52471bcea9c7d7e3fc2da48ecf177c97e1107a8,0 BNB $0.00,0 . 00035429,,0xe52471bcea9c7d7e3fc2da48ecf177c97e1107a8,,,,,,0,,0,0.00,0.00,0.00,658.81,2026-05-21,0,0,0.00,0.00,0,,outflow_from_you
0x74ba9ddef57219e5625a98ce582aa2e37264b4b128e64dc96e3ba65ac68758e3,https://bscscan.com/tx/0x74ba9ddef57219e5625a98ce582aa2e37264b4b128e64dc96e3ba65ac68758e3,19840727,2022-07-24 21:06:01,,javascript:;,0xB6934215...68B6A3182,https://bscscan.com/address/0xb6934215b856b03430fc8dc058bd1c668b6a3182,0.003 BNB $1.95,0 . 000105,,0xb6934215b856b03430fc8dc058bd1c668b6a3182,,,,,,0,,0.003,1.95,1.98,0.03,658.81,2026-05-21,0,0,0.00,0.00,1,user_binance_address_match,outflow_from_you
0x45fcb6dee250c5696fbc562311af8b158c9382ebb2d5c0b80dfda65441ed0dc7,https://bscscan.com/tx/0x45fcb6dee250c5696fbc562311af8b158c9382ebb2d5c0b80dfda65441ed0dc7,19833290,2022-07-24 14:52:38,,javascript:;,0xE52471bc...97E1107A8,https://bscscan.com/address/0xe52471bcea9c7d7e3fc2da48ecf177c97e1107a8,0 BNB $0.00,0 . 00037529,,0xe52471bcea9c7d7e3fc2da48ecf177c97e1107a8,,,,,,0,,0,0.00,0.00,0.00,658.81,2026-05-21,0,0,0.00,0.00,0,,outflow_from_you
0x99ecbea098acbd68d5362b61862c42ca2eeba0802bbaaac158de2e13fd610ee2,https://bscscan.com/tx/0x99ecbea098acbd68d5362b61862c42ca2eeba0802bbaaac158de2e13fd610ee2,19831924,2022-07-24 13:44:11,,javascript:;,0xE52471bc...97E1107A8,https://bscscan.com/address/0xe52471bcea9c7d7e3fc2da48ecf177c97e1107a8,0 BNB $0.00,0 . 00042262,,0xe52471bcea9c7d7e3fc2da48ecf177c97e1107a8,,,,,,0,,0,0.00,0.00,0.00,658.81,2026-05-21,0,0,0.00,0.00,0,,outflow_from_you
0x7ba04b3840f8ff43823d20c400c07a44a84693a5445f2ae618ac8db499fa30b4,https://bscscan.com/tx/0x7ba04b3840f8ff43823d20c400c07a44a84693a5445f2ae618ac8db499fa30b4,19831822,2022-07-24 13:39:05,,javascript:;,0xE42BE986...70D329C86,https://bscscan.com/address/0xe42be98613347658f82dcd90ce8102e70d329c86,0.008 BNB $5.19,0 . 000105,,0xe42be98613347658f82dcd90ce8102e70d329c86,,,,,,0,,0.008,5.19,5.27,0.08,658.81,2026-05-21,0,0,0.00,0.00,0,,outflow_from_you
0x582ac3d7a0050e542365b35c82d1326b44269f4a6195837d6ee197bcc092340b,https://bscscan.com/tx/0x582ac3d7a0050e542365b35c82d1326b44269f4a6195837d6ee197bcc092340b,19831773,2022-07-24 13:36:38,,javascript:;,0xE52471bc...97E1107A8,https://bscscan.com/address/0xe52471bcea9c7d7e3fc2da48ecf177c97e1107a8,0 BNB $0.00,0 . 00056422,,0xe52471bcea9c7d7e3fc2da48ecf177c97e1107a8,,,,,,0,,0,0.00,0.00,0.00,658.81,2026-05-21,0,0,0.00,0.00,0,,outflow_from_you
0xae5c7d5c6e1a6fb6aeeaeb087a2ef793a7329d6136b4181512ddce6093fd5a15,https://bscscan.com/tx/0xae5c7d5c6e1a6fb6aeeaeb087a2ef793a7329d6136b4181512ddce6093fd5a15,19831743,2022-07-24 13:35:08,,javascript:;,0xE52471bc...97E1107A8,https://bscscan.com/address/0xe52471bcea9c7d7e3fc2da48ecf177c97e1107a8,0 BNB $0.00,0 . 00048778,,0xe52471bcea9c7d7e3fc2da48ecf177c97e1107a8,,,,,,0,,0,0.00,0.00,0.00,658.81,2026-05-21,0,0,0.00,0.00,0,,outflow_from_you
0xd2c784a1f7e3aa6d03e22f966f33445b2ac5286594e51eb7c0ce2f685d66996f,https://bscscan.com/tx/0xd2c784a1f7e3aa6d03e22f966f33445b2ac5286594e51eb7c0ce2f685d66996f,19831709,2022-07-24 13:33:26,0xE42BE986...70D329C86,https://bscscan.com/address/0xe42be98613347658f82dcd90ce8102e70d329c86,,javascript:;,0.007 BNB $4.54,0 . 000105,0xe42be98613347658f82dcd90ce8102e70d329c86,,,,,,,0,,0.007,4.54,4.61,0.07,658.81,2026-05-21,0,0,0.00,0.00,0,,inflow_to_you
0x6a4ce59958ab9adb46b654780702a531446c5bd9a2944a737cd5266118ca7300,https://bscscan.com/tx/0x6a4ce59958ab9adb46b654780702a531446c5bd9a2944a737cd5266118ca7300,19818959,2022-07-24 2:53:12,,javascript:;,0xE52471bc...97E1107A8,https://bscscan.com/address/0xe52471bcea9c7d7e3fc2da48ecf177c97e1107a8,0 BNB $0.00,0 . 00037967,,0xe52471bcea9c7d7e3fc2da48ecf177c97e1107a8,,,,,,0,,0,0.00,0.00,0.00,658.81,2026-05-21,0,0,0.00,0.00,0,,outflow_from_you
0xceec557367c3053556abae2b8d6f5480f392820a92b79a7093cf8e2c8b2681c8,https://bscscan.com/tx/0xceec557367c3053556abae2b8d6f5480f392820a92b79a7093cf8e2c8b2681c8,19816476,2022-07-24 0:48:09,,javascript:;,0xE52471bc...97E1107A8,https://bscscan.com/address/0xe52471bcea9c7d7e3fc2da48ecf177c97e1107a8,0 BNB $0.00,0 . 00037967,,0xe52471bcea9c7d7e3fc2da48ecf177c97e1107a8,,,,,,0,,0,0.00,0.00,0.00,658.81,2026-05-21,0,0,0.00,0.00,0,,outflow_from_you
0x4253dd2d68604e206cfa66adade332e5dd285d95abd3f1bfb07547ec8970faef,https://bscscan.com/tx/0x4253dd2d68604e206cfa66adade332e5dd285d95abd3f1bfb07547ec8970faef,19813078,2022-07-23 21:57:57,,javascript:;,0xE52471bc...97E1107A8,https://bscscan.com/address/0xe52471bcea9c7d7e3fc2da48ecf177c97e1107a8,0 BNB $0.00,0 . 00042262,,0xe52471bcea9c7d7e3fc2da48ecf177c97e1107a8,,,,,,0,,0,0.00,0.00,0.00,658.81,2026-05-21,0,0,0.00,0.00,0,,outflow_from_you
0x9489ee62db97d020b8eedcaafc29a772afa87db81d321c3013e41b0baa4227a7,https://bscscan.com/tx/0x9489ee62db97d020b8eedcaafc29a772afa87db81d321c3013e41b0baa4227a7,19810881,2022-07-23 20:07:54,,javascript:;,0xE52471bc...97E1107A8,https://bscscan.com/address/0xe52471bcea9c7d7e3fc2da48ecf177c97e1107a8,0 BNB $0.00,0 . 00037967,,0xe52471bcea9c7d7e3fc2da48ecf177c97e1107a8,,,,,,0,,0,0.00,0.00,0.00,658.81,2026-05-21,0,0,0.00,0.00,0,,outflow_from_you
0x7bbb78d2e9e32adcdd0fc3ba5d4a4b4e28ae8785c8fae87dddd43b954951e2fe,https://bscscan.com/tx/0x7bbb78d2e9e32adcdd0fc3ba5d4a4b4e28ae8785c8fae87dddd43b954951e2fe,19802546,2022-07-23 13:09:13,,javascript:;,0xE52471bc...97E1107A8,https://bscscan.com/address/0xe52471bcea9c7d7e3fc2da48ecf177c97e1107a8,0 BNB $0.00,0 . 00037967,,0xe52471bcea9c7d7e3fc2da48ecf177c97e1107a8,,,,,,0,,0,0.00,0.00,0.00,658.81,2026-05-21,0,0,0.00,0.00,0,,outflow_from_you
0x94e7845d204bb954c2214ec39fac3b1d18d4bf2d3f8f275de32ece137c6c5f3f,https://bscscan.com/tx/0x94e7845d204bb954c2214ec39fac3b1d18d4bf2d3f8f275de32ece137c6c5f3f,19788796,2022-07-23 1:35:56,,javascript:;,0xE52471bc...97E1107A8,https://bscscan.com/address/0xe52471bcea9c7d7e3fc2da48ecf177c97e1107a8,0 BNB $0.00,0 . 00042262,,0xe52471bcea9c7d7e3fc2da48ecf177c97e1107a8,,,,,,0,,0,0.00,0.00,0.00,658.81,2026-05-21,0,0,0.00,0.00,0,,outflow_from_you
0x0e83e6a87325c0c0b505587ca709b4d33c36c1d699aaad8c312f790132773662,https://bscscan.com/tx/0x0e83e6a87325c0c0b505587ca709b4d33c36c1d699aaad8c312f790132773662,19766040,2022-07-22 6:32:14,,javascript:;,0xE52471bc...97E1107A8,https://bscscan.com/address/0xe52471bcea9c7d7e3fc2da48ecf177c97e1107a8,0 BNB $0.00,0 . 00037967,,0xe52471bcea9c7d7e3fc2da48ecf177c97e1107a8,,,,,,0,,0,0.00,0.00,0.00,658.81,2026-05-21,0,0,0.00,0.00,0,,outflow_from_you
0x5fa9bdfc7a83a812533752d67ba6c2594ed35e692170c39d7ab28bd10882768b,https://bscscan.com/tx/0x5fa9bdfc7a83a812533752d67ba6c2594ed35e692170c39d7ab28bd10882768b,19762920,2022-07-22 3:54:10,,javascript:;,0xE52471bc...97E1107A8,https://bscscan.com/address/0xe52471bcea9c7d7e3fc2da48ecf177c97e1107a8,0 BNB $0.00,0 . 00037967,,0xe52471bcea9c7d7e3fc2da48ecf177c97e1107a8,,,,,,0,,0,0.00,0.00,0.00,658.81,2026-05-21,0,0,0.00,0.00,0,,outflow_from_you
0x5ba5fb4c4ae422e1629b2335ab97801a75b4eef2660f048c5a0504f53493d3a0,https://bscscan.com/tx/0x5ba5fb4c4ae422e1629b2335ab97801a75b4eef2660f048c5a0504f53493d3a0,19762911,2022-07-22 3:53:43,0xE42BE986...70D329C86,https://bscscan.com/address/0xe42be98613347658f82dcd90ce8102e70d329c86,,javascript:;,0.003 BNB $1.95,0 . 000105,0xe42be98613347658f82dcd90ce8102e70d329c86,,,,,,,0,,0.003,1.95,1.98,0.03,658.81,2026-05-21,0,0,0.00,0.00,0,,inflow_to_you
0xd395c6ec9960f3566f128820ef390efe0a16ec53b71aa5d079a945c311970f40,https://bscscan.com/tx/0xd395c6ec9960f3566f128820ef390efe0a16ec53b71aa5d079a945c311970f40,19758415,2022-07-22 0:01:35,,javascript:;,0xE52471bc...97E1107A8,https://bscscan.com/address/0xe52471bcea9c7d7e3fc2da48ecf177c97e1107a8,0 BNB $0.00,0 . 00042262,,0xe52471bcea9c7d7e3fc2da48ecf177c97e1107a8,,,,,,0,,0,0.00,0.00,0.00,658.81,2026-05-21,0,0,0.00,0.00,0,,outflow_from_you
0x79e7b9a5b9cc2c029a8daaf39c497128c0c2ee2da1791c6f8dcfa27ba4e75235,https://bscscan.com/tx/0x79e7b9a5b9cc2c029a8daaf39c497128c0c2ee2da1791c6f8dcfa27ba4e75235,19755522,2022-07-21 21:32:33,,javascript:;,0xE52471bc...97E1107A8,https://bscscan.com/address/0xe52471bcea9c7d7e3fc2da48ecf177c97e1107a8,0 BNB $0.00,0 . 00037967,,0xe52471bcea9c7d7e3fc2da48ecf177c97e1107a8,,,,,,0,,0,0.00,0.00,0.00,658.81,2026-05-21,0,0,0.00,0.00,0,,outflow_from_you
0x23fcbc7a55a3e4c175e6e6119da44908b9104deeb50d6d79c6d34921d3a755ae,https://bscscan.com/tx/0x23fcbc7a55a3e4c175e6e6119da44908b9104deeb50d6d79c6d34921d3a755ae,19751688,2022-07-21 18:20:18,,javascript:;,0xE52471bc...97E1107A8,https://bscscan.com/address/0xe52471bcea9c7d7e3fc2da48ecf177c97e1107a8,0 BNB $0.00,0 . 00037967,,0xe52471bcea9c7d7e3fc2da48ecf177c97e1107a8,,,,,,0,,0,0.00,0.00,0.00,658.81,2026-05-21,0,0,0.00,0.00,0,,outflow_from_you
0x475ed1686429a0fd4f6f062c6b59ee04793b8b64e7e9c88a3095038d7148b186,https://bscscan.com/tx/0x475ed1686429a0fd4f6f062c6b59ee04793b8b64e7e9c88a3095038d7148b186,19747031,2022-07-21 14:27:01,,javascript:;,0xE52471bc...97E1107A8,https://bscscan.com/address/0xe52471bcea9c7d7e3fc2da48ecf177c97e1107a8,0 BNB $0.00,0 . 00042262,,0xe52471bcea9c7d7e3fc2da48ecf177c97e1107a8,,,,,,0,,0,0.00,0.00,0.00,658.81,2026-05-21,0,0,0.00,0.00,0,,outflow_from_you
0x6186b7869d083f9b71f60bad7e44937578a6fec3e02b2c8b337587b66a7fe85c,https://bscscan.com/tx/0x6186b7869d083f9b71f60bad7e44937578a6fec3e02b2c8b337587b66a7fe85c,19725511,2022-07-20 20:30:04,,javascript:;,PancakeSwap V2: ETH-EMP 4,https://bscscan.com/address/0x84821bb588f049913dc579dc511e5e31eb22d5e4,0 BNB $0.00,0 . 00022221,,0x84821bb588f049913dc579dc511e5e31eb22d5e4,,PancakeSwap V2: ETH-EMP 4,,PancakeSwap V2: ETH-EMP 4,,0,,0,0.00,0.00,0.00,658.81,2026-05-21,0,0,0.00,0.00,0,,outflow_from_you
0xfdf5ed5275c22eaa2aa524c41271a584d318823e5dbb2d7b59d84a360205318e,https://bscscan.com/tx/0xfdf5ed5275c22eaa2aa524c41271a584d318823e5dbb2d7b59d84a360205318e,19725487,2022-07-20 20:28:52,,javascript:;,0x3b248CEf...b88Dc1d58,https://bscscan.com/address/0x3b248cefa87f836a4e6f6d6c9b42991b88dc1d58,0 BNB $0.00,0 . 00022215,,0x3b248cefa87f836a4e6f6d6c9b42991b88dc1d58,,,,,,0,,0,0.00,0.00,0.00,658.81,2026-05-21,0,0,0.00,0.00,0,,outflow_from_you
0x763ca265ff739912c78edc33d4783b8d8dc4679a218a466cbfc8e594044278c1,https://bscscan.com/tx/0x763ca265ff739912c78edc33d4783b8d8dc4679a218a466cbfc8e594044278c1,19723680,2022-07-20 18:58:31,,javascript:;,0xE52471bc...97E1107A8,https://bscscan.com/address/0xe52471bcea9c7d7e3fc2da48ecf177c97e1107a8,0 BNB $0.00,0 . 00037967,,0xe52471bcea9c7d7e3fc2da48ecf177c97e1107a8,,,,,,0,,0,0.00,0.00,0.00,658.81,2026-05-21,0,0,0.00,0.00,0,,outflow_from_you
0xeb8d93d6621f8c60e9450890af13fbd78ab6c18385ddcdebe2ff31e1c079e1bc,https://bscscan.com/tx/0xeb8d93d6621f8c60e9450890af13fbd78ab6c18385ddcdebe2ff31e1c079e1bc,19714725,2022-07-20 11:27:51,,javascript:;,0xE52471bc...97E1107A8,https://bscscan.com/address/0xe52471bcea9c7d7e3fc2da48ecf177c97e1107a8,0 BNB $0.00,0 . 00037967,,0xe52471bcea9c7d7e3fc2da48ecf177c97e1107a8,,,,,,0,,0,0.00,0.00,0.00,658.81,2026-05-21,0,0,0.00,0.00,0,,outflow_from_you
0x82604644a0dabf89dea89e1393e452d65c684cab87d6244b4ade21f3f996ac7e,https://bscscan.com/tx/0x82604644a0dabf89dea89e1393e452d65c684cab87d6244b4ade21f3f996ac7e,19712714,2022-07-20 9:47:11,,javascript:;,0xE52471bc...97E1107A8,https://bscscan.com/address/0xe52471bcea9c7d7e3fc2da48ecf177c97e1107a8,0 BNB $0.00,0 . 00042262,,0xe52471bcea9c7d7e3fc2da48ecf177c97e1107a8,,,,,,0,,0,0.00,0.00,0.00,658.81,2026-05-21,0,0,0.00,0.00,0,,outflow_from_you
0xee000367b09b0ecad7a6afd22cc227c6de8083c99d9937015b32a03ba090b645,https://bscscan.com/tx/0xee000367b09b0ecad7a6afd22cc227c6de8083c99d9937015b32a03ba090b645,19710104,2022-07-20 7:36:32,,javascript:;,0xE52471bc...97E1107A8,https://bscscan.com/address/0xe52471bcea9c7d7e3fc2da48ecf177c97e1107a8,0 BNB $0.00,0 . 00037967,,0xe52471bcea9c7d7e3fc2da48ecf177c97e1107a8,,,,,,0,,0,0.00,0.00,0.00,658.81,2026-05-21,0,0,0.00,0.00,0,,outflow_from_you
0xa2cae690de7ba2feebdd56ab6aa20f8677130e013564b4374a1e3080b89e9989,https://bscscan.com/tx/0xa2cae690de7ba2feebdd56ab6aa20f8677130e013564b4374a1e3080b89e9989,19708303,2022-07-20 6:06:11,,javascript:;,0xE52471bc...97E1107A8,https://bscscan.com/address/0xe52471bcea9c7d7e3fc2da48ecf177c97e1107a8,0 BNB $0.00,0 . 00037967,,0xe52471bcea9c7d7e3fc2da48ecf177c97e1107a8,,,,,,0,,0,0.00,0.00,0.00,658.81,2026-05-21,0,0,0.00,0.00,0,,outflow_from_you
0x5eb92004b10a2640e262bcfbd86d5f3f8f49fa8a62a98d335ae16ce646e7267f,https://bscscan.com/tx/0x5eb92004b10a2640e262bcfbd86d5f3f8f49fa8a62a98d335ae16ce646e7267f,19702876,2022-07-20 1:34:50,,javascript:;,0xE52471bc...97E1107A8,https://bscscan.com/address/0xe52471bcea9c7d7e3fc2da48ecf177c97e1107a8,0 BNB $0.00,0 . 00049762,,0xe52471bcea9c7d7e3fc2da48ecf177c97e1107a8,,,,,,0,,0,0.00,0.00,0.00,658.81,2026-05-21,0,0,0.00,0.00,0,,outflow_from_you
0xc7a7b32b5f301f1c9802fd70985530b8d49539292cc5cb23eaf8c8c53df0d341,https://bscscan.com/tx/0xc7a7b32b5f301f1c9802fd70985530b8d49539292cc5cb23eaf8c8c53df0d341,19699530,2022-07-19 22:47:29,,javascript:;,0xE52471bc...97E1107A8,https://bscscan.com/address/0xe52471bcea9c7d7e3fc2da48ecf177c97e1107a8,0 BNB $0.00,0 . 00035429,,0xe52471bcea9c7d7e3fc2da48ecf177c97e1107a8,,,,,,0,,0,0.00,0.00,0.00,658.81,2026-05-21,0,0,0.00,0.00,0,,outflow_from_you
0x8cb5e7738dccb65c4b85d0efe0b15e0311cddbda9bc9ea491bc5aaec6bea7fa4,https://bscscan.com/tx/0x8cb5e7738dccb65c4b85d0efe0b15e0311cddbda9bc9ea491bc5aaec6bea7fa4,19699523,2022-07-19 22:47:08,,javascript:;,0xE42BE986...70D329C86,https://bscscan.com/address/0xe42be98613347658f82dcd90ce8102e70d329c86,0.005 BNB $3.25,0 . 000105,,0xe42be98613347658f82dcd90ce8102e70d329c86,,,,,,0,,0.005,3.25,3.29,0.04,658.81,2026-05-21,0,0,0.00,0.00,0,,outflow_from_you
0x91f662b5c4446b679c5a2195c55ccd0a012f037e624ffb3aea5c6900138518aa,https://bscscan.com/tx/0x91f662b5c4446b679c5a2195c55ccd0a012f037e624ffb3aea5c6900138518aa,19699478,2022-07-19 22:44:53,0x87C17151...0606a56bf,https://bscscan.com/address/0x87c1715176dfd3e3083c68287b339dd0606a56bf,,javascript:;,0.01 BNB $6.49,0 . 000105,0x87c1715176dfd3e3083c68287b339dd0606a56bf,,,,,,,0,,0.01,6.49,6.59,0.10,658.81,2026-05-21,0,0,0.00,0.00,0,,inflow_to_you
0x1eb4057bf4928b8e54b62da5d9743f89f8e8d93345c4beea9ac966943697516e,https://bscscan.com/tx/0x1eb4057bf4928b8e54b62da5d9743f89f8e8d93345c4beea9ac966943697516e,19694450,2022-07-19 18:33:29,,javascript:;,0xE52471bc...97E1107A8,https://bscscan.com/address/0xe52471bcea9c7d7e3fc2da48ecf177c97e1107a8,0 BNB $0.00,0 . 00037529,,0xe52471bcea9c7d7e3fc2da48ecf177c97e1107a8,,,,,,0,,0,0.00,0.00,0.00,658.81,2026-05-21,0,0,0.00,0.00,0,,outflow_from_you
0xb559a7b8eabf2749711b7120f90de89fd29b0b164432f05a813c69ceb79ff2d1,https://bscscan.com/tx/0xb559a7b8eabf2749711b7120f90de89fd29b0b164432f05a813c69ceb79ff2d1,19662780,2022-07-18 16:06:59,,javascript:;,0xB6934215...68B6A3182,https://bscscan.com/address/0xb6934215b856b03430fc8dc058bd1c668b6a3182,0.0032 BNB $2.08,0 . 000105,,0xb6934215b856b03430fc8dc058bd1c668b6a3182,,,,,,0,,0.0032,2.08,2.11,0.03,658.81,2026-05-21,0,0,0.00,0.00,1,user_binance_address_match,outflow_from_you
0xe09f5b918a9a6f6aba7e7906eed62f8570d8b2d6f8d08100b31e56de7b68e347,https://bscscan.com/tx/0xe09f5b918a9a6f6aba7e7906eed62f8570d8b2d6f8d08100b31e56de7b68e347,19661856,2022-07-18 15:20:47,,javascript:;,Bogged Finance: Proxy,https://bscscan.com/address/0xb099ed146fad4d0daa31e3810591fc0554af62bb,0.16362736 BNB $106.27,0 . 00110078,,0xb099ed146fad4d0daa31e3810591fc0554af62bb,,Bogged Finance: Proxy,,Bogged Finance: Proxy,safuu,1,high,0.16362736,106.27,107.80,1.53,658.81,2026-05-21,0,0,0.00,0.00,0,,outflow_from_you
0x620d62e4550f1b92d01d2cf6f4f1073df4cce8c1de35ec4ed603cb9cb4fc7ca0,https://bscscan.com/tx/0x620d62e4550f1b92d01d2cf6f4f1073df4cce8c1de35ec4ed603cb9cb4fc7ca0,19661754,2022-07-18 15:15:41,,javascript:;,0xB6934215...68B6A3182,https://bscscan.com/address/0xb6934215b856b03430fc8dc058bd1c668b6a3182,0.07 BNB $45.46,0 . 000105,,0xb6934215b856b03430fc8dc058bd1c668b6a3182,,,,,,0,,0.07,45.46,46.12,0.66,658.81,2026-05-21,0,0,0.00,0.00,1,user_binance_address_match,outflow_from_you
0xc902dcbe20f57c238f85bd0833b0a50f37774aa439a0c12203cbf1e3825d8002,https://bscscan.com/tx/0xc902dcbe20f57c238f85bd0833b0a50f37774aa439a0c12203cbf1e3825d8002,19661694,2022-07-18 15:12:41,0xE42BE986...70D329C86,https://bscscan.com/address/0xe42be98613347658f82dcd90ce8102e70d329c86,,javascript:;,0.15 BNB $97.42,0 . 000105,0xe42be98613347658f82dcd90ce8102e70d329c86,,,,,,,0,,0.15,97.42,98.82,1.40,658.81,2026-05-21,0,0,0.00,0.00,0,,inflow_to_you
0x0add4ce2a81eb2c1af7cf575c091bfcc2fcc50569fd0f5da09e4eeaa1c070a6c,https://bscscan.com/tx/0x0add4ce2a81eb2c1af7cf575c091bfcc2fcc50569fd0f5da09e4eeaa1c070a6c,19661664,2022-07-18 15:11:11,,javascript:;,0xE52471bc...97E1107A8,https://bscscan.com/address/0xe52471bcea9c7d7e3fc2da48ecf177c97e1107a8,0 BNB $0.00,0 . 00071279,,0xe52471bcea9c7d7e3fc2da48ecf177c97e1107a8,,,,,,0,,0,0.00,0.00,0.00,658.81,2026-05-21,0,0,0.00,0.00,0,,outflow_from_you
0x5882dfb91ae8ffb4fc4c4e38d2d6febbc6715f44198dea7dcc071063491e5398,https://bscscan.com/tx/0x5882dfb91ae8ffb4fc4c4e38d2d6febbc6715f44198dea7dcc071063491e5398,19596612,2022-07-16 8:55:10,,javascript:;,0xE52471bc...97E1107A8,https://bscscan.com/address/0xe52471bcea9c7d7e3fc2da48ecf177c97e1107a8,0 BNB $0.00,0 . 00039273,,0xe52471bcea9c7d7e3fc2da48ecf177c97e1107a8,,,,,,0,,0,0.00,0.00,0.00,658.81,2026-05-21,0,0,0.00,0.00,0,,outflow_from_you
0x2751ed1282473ad0ea6c9b12072a18ff870ff9a4febca42d238ce680badd9b08,https://bscscan.com/tx/0x2751ed1282473ad0ea6c9b12072a18ff870ff9a4febca42d238ce680badd9b08,19586314,2022-07-16 0:18:33,,javascript:;,0xE52471bc...97E1107A8,https://bscscan.com/address/0xe52471bcea9c7d7e3fc2da48ecf177c97e1107a8,0 BNB $0.00,0 . 00039273,,0xe52471bcea9c7d7e3fc2da48ecf177c97e1107a8,,,,,,0,,0,0.00,0.00,0.00,658.81,2026-05-21,0,0,0.00,0.00,0,,outflow_from_you
0xa2af0cef6b9625a31859d46a4a0ca85402b31252ee81d8d4cc36382ef3727e15,https://bscscan.com/tx/0xa2af0cef6b9625a31859d46a4a0ca85402b31252ee81d8d4cc36382ef3727e15,19581579,2022-07-15 20:21:30,,javascript:;,0xE52471bc...97E1107A8,https://bscscan.com/address/0xe52471bcea9c7d7e3fc2da48ecf177c97e1107a8,0 BNB $0.00,0 . 00039273,,0xe52471bcea9c7d7e3fc2da48ecf177c97e1107a8,,,,,,0,,0,0.00,0.00,0.00,658.81,2026-05-21,0,0,0.00,0.00,0,,outflow_from_you
0xfc0778cb40233c84a2677a1a1bc71602b77a779f3c96bcf2eb7f51b299272f7a,https://bscscan.com/tx/0xfc0778cb40233c84a2677a1a1bc71602b77a779f3c96bcf2eb7f51b299272f7a,19580012,2022-07-15 19:03:09,,javascript:;,0x64677b64...02542BCE0,https://bscscan.com/address/0x64677b64b2a8679f6f49d425e142d9a02542bce0,0 BNB $0.00,0 . 00026466,,0x64677b64b2a8679f6f49d425e142d9a02542bce0,,,,,,0,,0,0.00,0.00,0.00,658.81,2026-05-21,0,0,0.00,0.00,0,,outflow_from_you
0xaf1021ad1265536208a4633db9f4d52f202f73efcc17945381c1eb464cb7db5b,https://bscscan.com/tx/0xaf1021ad1265536208a4633db9f4d52f202f73efcc17945381c1eb464cb7db5b,19579997,2022-07-15 19:02:24,,javascript:;,0x64677b64...02542BCE0,https://bscscan.com/address/0x64677b64b2a8679f6f49d425e142d9a02542bce0,0 BNB $0.00,0 . 00026466,,0x64677b64b2a8679f6f49d425e142d9a02542bce0,,,,,,0,,0,0.00,0.00,0.00,658.81,2026-05-21,0,0,0.00,0.00,0,,outflow_from_you
0x31e6ac6fdc08f6cd0cc873b3a668484f99dba04baceb52033213bb65b7ef1098,https://bscscan.com/tx/0x31e6ac6fdc08f6cd0cc873b3a668484f99dba04baceb52033213bb65b7ef1098,19579749,2022-07-15 18:50:00,,javascript:;,0xE52471bc...97E1107A8,https://bscscan.com/address/0xe52471bcea9c7d7e3fc2da48ecf177c97e1107a8,0 BNB $0.00,0 . 00039273,,0xe52471bcea9c7d7e3fc2da48ecf177c97e1107a8,,,,,,0,,0,0.00,0.00,0.00,658.81,2026-05-21,0,0,0.00,0.00,0,,outflow_from_you
0x4875c65c04b1e290bf7f4e64665bf6bb87c8ffea3f2a978707dd82cce74a83b0,https://bscscan.com/tx/0x4875c65c04b1e290bf7f4e64665bf6bb87c8ffea3f2a978707dd82cce74a83b0,19577006,2022-07-15 16:32:34,,javascript:;,0xE52471bc...97E1107A8,https://bscscan.com/address/0xe52471bcea9c7d7e3fc2da48ecf177c97e1107a8,0 BNB $0.00,0 . 00039273,,0xe52471bcea9c7d7e3fc2da48ecf177c97e1107a8,,,,,,0,,0,0.00,0.00,0.00,658.81,2026-05-21,0,0,0.00,0.00,0,,outflow_from_you
0xd59c88d5c4f330bd7def3df7d5888a09f43c381dedc470caf45ca319284af1f4,https://bscscan.com/tx/0xd59c88d5c4f330bd7def3df7d5888a09f43c381dedc470caf45ca319284af1f4,19573953,2022-07-15 13:59:55,,javascript:;,0xE52471bc...97E1107A8,https://bscscan.com/address/0xe52471bcea9c7d7e3fc2da48ecf177c97e1107a8,0 BNB $0.00,0 . 00039273,,0xe52471bcea9c7d7e3fc2da48ecf177c97e1107a8,,,,,,0,,0,0.00,0.00,0.00,658.81,2026-05-21,0,0,0.00,0.00,0,,outflow_from_you
0xea077d5a0f60734dd9ecc0eeff09cbc9a013db695e82e49bb11d9319a35d552f,https://bscscan.com/tx/0xea077d5a0f60734dd9ecc0eeff09cbc9a013db695e82e49bb11d9319a35d552f,19569010,2022-07-15 9:52:23,,javascript:;,0xE52471bc...97E1107A8,https://bscscan.com/address/0xe52471bcea9c7d7e3fc2da48ecf177c97e1107a8,0 BNB $0.00,0 . 00039273,,0xe52471bcea9c7d7e3fc2da48ecf177c97e1107a8,,,,,,0,,0,0.00,0.00,0.00,658.81,2026-05-21,0,0,0.00,0.00,0,,outflow_from_you
0x324527cb1868127da84258772819cf234a6253b0532c2bf9e335252cf9827077,https://bscscan.com/tx/0x324527cb1868127da84258772819cf234a6253b0532c2bf9e335252cf9827077,19563681,2022-07-15 5:24:38,,javascript:;,0xE52471bc...97E1107A8,https://bscscan.com/address/0xe52471bcea9c7d7e3fc2da48ecf177c97e1107a8,0 BNB $0.00,0 . 00039273,,0xe52471bcea9c7d7e3fc2da48ecf177c97e1107a8,,,,,,0,,0,0.00,0.00,0.00,658.81,2026-05-21,0,0,0.00,0.00,0,,outflow_from_you
0x6e336d7028ecd485660be03d8c6434e671820517ff7d9646c7b5f2484830634e,https://bscscan.com/tx/0x6e336d7028ecd485660be03d8c6434e671820517ff7d9646c7b5f2484830634e,19561434,2022-07-15 3:31:20,,javascript:;,0x64677b64...02542BCE0,https://bscscan.com/address/0x64677b64b2a8679f6f49d425e142d9a02542bce0,0 BNB $0.00,0 . 00041099,,0x64677b64b2a8679f6f49d425e142d9a02542bce0,,,,,,0,,0,0.00,0.00,0.00,658.81,2026-05-21,0,0,0.00,0.00,0,,outflow_from_you
0x90e473ea414129185874bcd8ed62aa3515f1a4eb865a14f0fb4fd295914d4a65,https://bscscan.com/tx/0x90e473ea414129185874bcd8ed62aa3515f1a4eb865a14f0fb4fd295914d4a65,19560332,2022-07-15 2:36:11,,javascript:;,0xE52471bc...97E1107A8,https://bscscan.com/address/0xe52471bcea9c7d7e3fc2da48ecf177c97e1107a8,0 BNB $0.00,0 . 00037967,,0xe52471bcea9c7d7e3fc2da48ecf177c97e1107a8,,,,,,0,,0,0.00,0.00,0.00,658.81,2026-05-21,0,0,0.00,0.00,0,,outflow_from_you
0xf1280128cf03af9c6791626a5df0efd6b7300301d4700e13a79a9b1986d3ae96,https://bscscan.com/tx/0xf1280128cf03af9c6791626a5df0efd6b7300301d4700e13a79a9b1986d3ae96,19556980,2022-07-14 23:48:35,,javascript:;,0xE52471bc...97E1107A8,https://bscscan.com/address/0xe52471bcea9c7d7e3fc2da48ecf177c97e1107a8,0 BNB $0.00,0 . 00037967,,0xe52471bcea9c7d7e3fc2da48ecf177c97e1107a8,,,,,,0,,0,0.00,0.00,0.00,658.81,2026-05-21,0,0,0.00,0.00,0,,outflow_from_you
0xf7bcbc695b90b4554b4828d5c35ca7437e0dd43ee6c615397d8771507d9af7d1,https://bscscan.com/tx/0xf7bcbc695b90b4554b4828d5c35ca7437e0dd43ee6c615397d8771507d9af7d1,19547741,2022-07-14 16:06:15,,javascript:;,0xE52471bc...97E1107A8,https://bscscan.com/address/0xe52471bcea9c7d7e3fc2da48ecf177c97e1107a8,0 BNB $0.00,0 . 00042212,,0xe52471bcea9c7d7e3fc2da48ecf177c97e1107a8,,,,,,0,,0,0.00,0.00,0.00,658.81,2026-05-21,0,0,0.00,0.00,0,,outflow_from_you
0xe0e558ad76aef1c829512060b1d6a192687750ea17c85418be4f361914cafb2e,https://bscscan.com/tx/0xe0e558ad76aef1c829512060b1d6a192687750ea17c85418be4f361914cafb2e,19542736,2022-07-14 11:55:24,,javascript:;,0xE52471bc...97E1107A8,https://bscscan.com/address/0xe52471bcea9c7d7e3fc2da48ecf177c97e1107a8,0 BNB $0.00,0 . 00037922,,0xe52471bcea9c7d7e3fc2da48ecf177c97e1107a8,,,,,,0,,0,0.00,0.00,0.00,658.81,2026-05-21,0,0,0.00,0.00,0,,outflow_from_you
0x8e5d87342429abf50d57483751269bd304922de7d1ab1183dffc20eb97d2d069,https://bscscan.com/tx/0x8e5d87342429abf50d57483751269bd304922de7d1ab1183dffc20eb97d2d069,19532773,2022-07-14 3:36:37,,javascript:;,0xE52471bc...97E1107A8,https://bscscan.com/address/0xe52471bcea9c7d7e3fc2da48ecf177c97e1107a8,0 BNB $0.00,0 . 00037922,,0xe52471bcea9c7d7e3fc2da48ecf177c97e1107a8,,,,,,0,,0,0.00,0.00,0.00,658.81,2026-05-21,0,0,0.00,0.00,0,,outflow_from_you
0xaecc865bc0de9bb05a1c17c9b8f66ef31ae02e3454645daece4f29cdf84b1bf5,https://bscscan.com/tx/0xaecc865bc0de9bb05a1c17c9b8f66ef31ae02e3454645daece4f29cdf84b1bf5,19530604,2022-07-14 1:48:10,,javascript:;,0xE52471bc...97E1107A8,https://bscscan.com/address/0xe52471bcea9c7d7e3fc2da48ecf177c97e1107a8,0 BNB $0.00,0 . 00042212,,0xe52471bcea9c7d7e3fc2da48ecf177c97e1107a8,,,,,,0,,0,0.00,0.00,0.00,658.81,2026-05-21,0,0,0.00,0.00,0,,outflow_from_you
0xb2775ac85cb3fdd00fdbc6c7c87f1fefe4fa048fb1f2d520acf8dd1ac51cf9fa,https://bscscan.com/tx/0xb2775ac85cb3fdd00fdbc6c7c87f1fefe4fa048fb1f2d520acf8dd1ac51cf9fa,19522170,2022-07-13 18:46:10,,javascript:;,0xE52471bc...97E1107A8,https://bscscan.com/address/0xe52471bcea9c7d7e3fc2da48ecf177c97e1107a8,0 BNB $0.00,0 . 00037922,,0xe52471bcea9c7d7e3fc2da48ecf177c97e1107a8,,,,,,0,,0,0.00,0.00,0.00,658.81,2026-05-21,0,0,0.00,0.00,0,,outflow_from_you
0x97d1cc9b092c0bb7ac2208b629c42b34c0d7788e9ec146755ff73b620f8a2e7b,https://bscscan.com/tx/0x97d1cc9b092c0bb7ac2208b629c42b34c0d7788e9ec146755ff73b620f8a2e7b,19517639,2022-07-13 14:59:36,,javascript:;,0xE52471bc...97E1107A8,https://bscscan.com/address/0xe52471bcea9c7d7e3fc2da48ecf177c97e1107a8,0 BNB $0.00,0 . 00037922,,0xe52471bcea9c7d7e3fc2da48ecf177c97e1107a8,,,,,,0,,0,0.00,0.00,0.00,658.81,2026-05-21,0,0,0.00,0.00,0,,outflow_from_you
0x02affba0fedd2e8b0cc456876aa634fb099c3d2761e68dd8836c6c470c048504,https://bscscan.com/tx/0x02affba0fedd2e8b0cc456876aa634fb099c3d2761e68dd8836c6c470c048504,19511373,2022-07-13 9:45:28,,javascript:;,0xE52471bc...97E1107A8,https://bscscan.com/address/0xe52471bcea9c7d7e3fc2da48ecf177c97e1107a8,0 BNB $0.00,0 . 00042212,,0xe52471bcea9c7d7e3fc2da48ecf177c97e1107a8,,,,,,0,,0,0.00,0.00,0.00,658.81,2026-05-21,0,0,0.00,0.00,0,,outflow_from_you
0x62d488c169518d09f3233b15be13768abd6931acbb9f0e972e6444d91f5e2ece,https://bscscan.com/tx/0x62d488c169518d09f3233b15be13768abd6931acbb9f0e972e6444d91f5e2ece,19506966,2022-07-13 6:05:07,,javascript:;,0xE52471bc...97E1107A8,https://bscscan.com/address/0xe52471bcea9c7d7e3fc2da48ecf177c97e1107a8,0 BNB $0.00,0 . 00037922,,0xe52471bcea9c7d7e3fc2da48ecf177c97e1107a8,,,,,,0,,0,0.00,0.00,0.00,658.81,2026-05-21,0,0,0.00,0.00,0,,outflow_from_you
0x157a2bb9bd7370ed327e7fb71ec6098b2b02d3894d4fc77cee6da502f9659a3d,https://bscscan.com/tx/0x157a2bb9bd7370ed327e7fb71ec6098b2b02d3894d4fc77cee6da502f9659a3d,19498157,2022-07-12 22:44:17,,javascript:;,0xE52471bc...97E1107A8,https://bscscan.com/address/0xe52471bcea9c7d7e3fc2da48ecf177c97e1107a8,0 BNB $0.00,0 . 00037922,,0xe52471bcea9c7d7e3fc2da48ecf177c97e1107a8,,,,,,0,,0,0.00,0.00,0.00,658.81,2026-05-21,0,0,0.00,0.00,0,,outflow_from_you
0x6e1d8476111c4330b05a1059c781f96a16dc87d0dd9e86c62047f26476dc20b2,https://bscscan.com/tx/0x6e1d8476111c4330b05a1059c781f96a16dc87d0dd9e86c62047f26476dc20b2,19493163,2022-07-12 18:34:35,,javascript:;,0xE52471bc...97E1107A8,https://bscscan.com/address/0xe52471bcea9c7d7e3fc2da48ecf177c97e1107a8,0 BNB $0.00,0 . 00042212,,0xe52471bcea9c7d7e3fc2da48ecf177c97e1107a8,,,,,,0,,0,0.00,0.00,0.00,658.81,2026-05-21,0,0,0.00,0.00,0,,outflow_from_you
0x258c5923d08f9faa2b43f019afe1de946689a9bc5ab6b2075727f0e0c23a9c30,https://bscscan.com/tx/0x258c5923d08f9faa2b43f019afe1de946689a9bc5ab6b2075727f0e0c23a9c30,19490017,2022-07-12 15:57:01,,javascript:;,Bogged Finance: Proxy,https://bscscan.com/address/0xb099ed146fad4d0daa31e3810591fc0554af62bb,0.165 BNB $107.16,0 . 00110072,,0xb099ed146fad4d0daa31e3810591fc0554af62bb,,Bogged Finance: Proxy,,Bogged Finance: Proxy,safuu,1,high,0.165,107.16,108.70,1.54,658.81,2026-05-21,0,0,0.00,0.00,0,,outflow_from_you
0x2c17fbbf12d51932cd44129f0bef300f3edf8f3abb4f1d8429347a3ff40af765,https://bscscan.com/tx/0x2c17fbbf12d51932cd44129f0bef300f3edf8f3abb4f1d8429347a3ff40af765,19483908,2022-07-12 10:50:46,,javascript:;,0xE52471bc...97E1107A8,https://bscscan.com/address/0xe52471bcea9c7d7e3fc2da48ecf177c97e1107a8,0 BNB $0.00,0 . 00037922,,0xe52471bcea9c7d7e3fc2da48ecf177c97e1107a8,,,,,,0,,0,0.00,0.00,0.00,658.81,2026-05-21,0,0,0.00,0.00,0,,outflow_from_you
0xd8199e725c64e0c0c2538be5333a5e5c6fcdecf66491276013864c763d7c3b94,https://bscscan.com/tx/0xd8199e725c64e0c0c2538be5333a5e5c6fcdecf66491276013864c763d7c3b94,19478707,2022-07-12 6:30:25,,javascript:;,PancakeSwap: Prediction V2,https://bscscan.com/address/0x18b2a687610328590bc8f2e5fedde3b582a49cda,0.057183342 BNB $37.12,0 . 00056181,,0x18b2a687610328590bc8f2e5fedde3b582a49cda,,PancakeSwap: Prediction V2,,PancakeSwap: Prediction V2,,0,,0.057183342,37.12,37.67,0.55,658.81,2026-05-21,0,0,0.00,0.00,0,,outflow_from_you
0xbcecf7b80cbd30146bb9c5c9e7fe517de9ab013ca3aa4370fb09106128249d17,https://bscscan.com/tx/0xbcecf7b80cbd30146bb9c5c9e7fe517de9ab013ca3aa4370fb09106128249d17,19478602,2022-07-12 6:25:10,,javascript:;,PancakeSwap: Prediction V2,https://bscscan.com/address/0x18b2a687610328590bc8f2e5fedde3b582a49cda,0 BNB $0.00,0 . 00043263,,0x18b2a687610328590bc8f2e5fedde3b582a49cda,,PancakeSwap: Prediction V2,,PancakeSwap: Prediction V2,,0,,0,0.00,0.00,0.00,658.81,2026-05-21,0,0,0.00,0.00,0,,outflow_from_you
0xba4d2a0a59d3435d07fab4c89452f26f578b1df62a2f4a2a3ee5de21cae02647,https://bscscan.com/tx/0xba4d2a0a59d3435d07fab4c89452f26f578b1df62a2f4a2a3ee5de21cae02647,19478595,2022-07-12 6:24:49,,javascript:;,PancakeSwap: Prediction V2,https://bscscan.com/address/0x18b2a687610328590bc8f2e5fedde3b582a49cda,0.073399457 BNB $47.65,0 . 00056181,,0x18b2a687610328590bc8f2e5fedde3b582a49cda,,PancakeSwap: Prediction V2,,PancakeSwap: Prediction V2,,0,,0.073399457,47.65,48.36,0.71,658.81,2026-05-21,0,0,0.00,0.00,0,,outflow_from_you
0xf5bdae4675d5f04f32d3bfaf0485157502a12c9221bdd77252efad337d06bf2f,https://bscscan.com/tx/0xf5bdae4675d5f04f32d3bfaf0485157502a12c9221bdd77252efad337d06bf2f,19478478,2022-07-12 6:18:58,Binance: Hot Wallet 12,https://bscscan.com/address/0x515b72ed8a97f42c568d6a143232775018f133c8,,javascript:;,0.25090283 BNB $162.87,0 . 00021,0x515b72ed8a97f42c568d6a143232775018f133c8,,Binance: Hot Wallet 12,,Binance: Hot Wallet 12,,,0,,0.25090283,162.87,165.30,2.43,658.81,2026-05-21,1,0.25090283,162.87,165.30,1,friendly_tag_or_url_contains_binance,inflow_to_you
0x8c429b8a198859eac3fbfb19d9bf06662fe1a61a7e19b9af63de78eef88dedf1,https://bscscan.com/tx/0x8c429b8a198859eac3fbfb19d9bf06662fe1a61a7e19b9af63de78eef88dedf1,19478396,2022-07-12 6:14:52,,javascript:;,PancakeSwap: Prediction V2,https://bscscan.com/address/0x18b2a687610328590bc8f2e5fedde3b582a49cda,0.004795635 BNB $3.11,0 . 00046572,,0x18b2a687610328590bc8f2e5fedde3b582a49cda,,PancakeSwap: Prediction V2,,PancakeSwap: Prediction V2,,0,,0.004795635,3.11,3.16,0.05,658.81,2026-05-21,0,0,0.00,0.00,0,,outflow_from_you
0x2b3593ddee5f55a43fc3459fc7353e207a65379e79102feaa295ce3a17167de2,https://bscscan.com/tx/0x2b3593ddee5f55a43fc3459fc7353e207a65379e79102feaa295ce3a17167de2,19478195,2022-07-12 6:04:49,,javascript:;,PancakeSwap: Prediction V2,https://bscscan.com/address/0x18b2a687610328590bc8f2e5fedde3b582a49cda,0.016140691 BNB $10.48,0 . 00046572,,0x18b2a687610328590bc8f2e5fedde3b582a49cda,,PancakeSwap: Prediction V2,,PancakeSwap: Prediction V2,,0,,0.016140691,10.48,10.63,0.15,658.81,2026-05-21,0,0,0.00,0.00,0,,outflow_from_you
0xb9bbd2da80302196113a4172a4738cac6a0ea77d53081256c8d871220f813e15,https://bscscan.com/tx/0xb9bbd2da80302196113a4172a4738cac6a0ea77d53081256c8d871220f813e15,19477238,2022-07-12 5:16:58,,javascript:;,0xE52471bc...97E1107A8,https://bscscan.com/address/0xe52471bcea9c7d7e3fc2da48ecf177c97e1107a8,0 BNB $0.00,0 . 00037922,,0xe52471bcea9c7d7e3fc2da48ecf177c97e1107a8,,,,,,0,,0,0.00,0.00,0.00,658.81,2026-05-21,0,0,0.00,0.00,0,,outflow_from_you
0xde0f184f743fb2356d3384a52ac35a867c5292000b7b3772694c7f979b1ad691,https://bscscan.com/tx/0xde0f184f743fb2356d3384a52ac35a867c5292000b7b3772694c7f979b1ad691,19468086,2022-07-11 21:39:22,,javascript:;,PancakeSwap: Prediction V2,https://bscscan.com/address/0x18b2a687610328590bc8f2e5fedde3b582a49cda,0.006510928 BNB $4.23,0 . 00016729,,0x18b2a687610328590bc8f2e5fedde3b582a49cda,,PancakeSwap: Prediction V2,,PancakeSwap: Prediction V2,,0,,0.006510928,4.23,4.29,0.06,658.81,2026-05-21,0,0,0.00,0.00,0,,outflow_from_you
0x74388df47c10631e6ec4178c42cca4b17e27cbc2f9921d267a6d234eea2a7c2b,https://bscscan.com/tx/0x74388df47c10631e6ec4178c42cca4b17e27cbc2f9921d267a6d234eea2a7c2b,19467840,2022-07-11 21:27:04,,javascript:;,0xE52471bc...97E1107A8,https://bscscan.com/address/0xe52471bcea9c7d7e3fc2da48ecf177c97e1107a8,0 BNB $0.00,0 . 00042212,,0xe52471bcea9c7d7e3fc2da48ecf177c97e1107a8,,,,,,0,,0,0.00,0.00,0.00,658.81,2026-05-21,0,0,0.00,0.00,0,,outflow_from_you
0x25352530e548e71ae02666b9f5561b36623c3811948d846298a7af91b230dbb6,https://bscscan.com/tx/0x25352530e548e71ae02666b9f5561b36623c3811948d846298a7af91b230dbb6,19461019,2022-07-11 15:46:01,,javascript:;,0xE52471bc...97E1107A8,https://bscscan.com/address/0xe52471bcea9c7d7e3fc2da48ecf177c97e1107a8,0 BNB $0.00,0 . 00037922,,0xe52471bcea9c7d7e3fc2da48ecf177c97e1107a8,,,,,,0,,0,0.00,0.00,0.00,658.81,2026-05-21,0,0,0.00,0.00,0,,outflow_from_you
0x4c0d2c800053d854461516d6daa49cb114f251eb69efe50d562360c00ef05927,https://bscscan.com/tx/0x4c0d2c800053d854461516d6daa49cb114f251eb69efe50d562360c00ef05927,19458815,2022-07-11 13:55:47,,javascript:;,0xE52471bc...97E1107A8,https://bscscan.com/address/0xe52471bcea9c7d7e3fc2da48ecf177c97e1107a8,0 BNB $0.00,0 . 00037922,,0xe52471bcea9c7d7e3fc2da48ecf177c97e1107a8,,,,,,0,,0,0.00,0.00,0.00,658.81,2026-05-21,0,0,0.00,0.00,0,,outflow_from_you
0x6059eb16dde47387febe4f796bb076bee35b7b8621a7f4aa6cb4f88f84e6ba02,https://bscscan.com/tx/0x6059eb16dde47387febe4f796bb076bee35b7b8621a7f4aa6cb4f88f84e6ba02,19439835,2022-07-10 22:06:28,,javascript:;,0xE52471bc...97E1107A8,https://bscscan.com/address/0xe52471bcea9c7d7e3fc2da48ecf177c97e1107a8,0 BNB $0.00,0 . 00042212,,0xe52471bcea9c7d7e3fc2da48ecf177c97e1107a8,,,,,,0,,0,0.00,0.00,0.00,658.81,2026-05-21,0,0,0.00,0.00,0,,outflow_from_you
0x8d1d004b8073c454407bb8ca282a3dc448e15a1a7048e1df76a328caa7cf2583,https://bscscan.com/tx/0x8d1d004b8073c454407bb8ca282a3dc448e15a1a7048e1df76a328caa7cf2583,19437802,2022-07-10 20:24:49,,javascript:;,0xE52471bc...97E1107A8,https://bscscan.com/address/0xe52471bcea9c7d7e3fc2da48ecf177c97e1107a8,0 BNB $0.00,0 . 00037922,,0xe52471bcea9c7d7e3fc2da48ecf177c97e1107a8,,,,,,0,,0,0.00,0.00,0.00,658.81,2026-05-21,0,0,0.00,0.00,0,,outflow_from_you
0x784450795da48f1410b027bfc468fbd3bf3c8da58102831ae0216fd5b281f3d5,https://bscscan.com/tx/0x784450795da48f1410b027bfc468fbd3bf3c8da58102831ae0216fd5b281f3d5,19437795,2022-07-10 20:24:28,,javascript:;,PancakeSwap: Prediction V2,https://bscscan.com/address/0x18b2a687610328590bc8f2e5fedde3b582a49cda,0 BNB $0.00,0 . 00043263,,0x18b2a687610328590bc8f2e5fedde3b582a49cda,,PancakeSwap: Prediction V2,,PancakeSwap: Prediction V2,,0,,0,0.00,0.00,0.00,658.81,2026-05-21,0,0,0.00,0.00,0,,outflow_from_you
0x1ea3a131afc3bd7c92dcf70bf1b6e34f4235bf2e168aa0203a0ddd850716c0f3,https://bscscan.com/tx/0x1ea3a131afc3bd7c92dcf70bf1b6e34f4235bf2e168aa0203a0ddd850716c0f3,19437786,2022-07-10 20:24:01,,javascript:;,PancakeSwap: Prediction V2,https://bscscan.com/address/0x18b2a687610328590bc8f2e5fedde3b582a49cda,0.010731144 BNB $6.97,0 . 00016729,,0x18b2a687610328590bc8f2e5fedde3b582a49cda,,PancakeSwap: Prediction V2,,PancakeSwap: Prediction V2,,0,,0.010731144,6.97,7.07,0.10,658.81,2026-05-21,0,0,0.00,0.00,0,,outflow_from_you
0x36cf2f45405b5b2c90054cf04788b7e9082f05c986f0990cbec8623f24dbdcab,https://bscscan.com/tx/0x36cf2f45405b5b2c90054cf04788b7e9082f05c986f0990cbec8623f24dbdcab,19437672,2022-07-10 20:18:19,,javascript:;,PancakeSwap: Prediction V2,https://bscscan.com/address/0x18b2a687610328590bc8f2e5fedde3b582a49cda,0.014463432 BNB $9.39,0 . 00046572,,0x18b2a687610328590bc8f2e5fedde3b582a49cda,,PancakeSwap: Prediction V2,,PancakeSwap: Prediction V2,,0,,0.014463432,9.39,9.53,0.14,658.81,2026-05-21,0,0,0.00,0.00,0,,outflow_from_you
0x3d9316f3ed15078f10ddbb8a859de2f753627a5f75097d71fee4b8eb4268ba1f,https://bscscan.com/tx/0x3d9316f3ed15078f10ddbb8a859de2f753627a5f75097d71fee4b8eb4268ba1f,19437575,2022-07-10 20:13:28,,javascript:;,PancakeSwap: Prediction V2,https://bscscan.com/address/0x18b2a687610328590bc8f2e5fedde3b582a49cda,0.019439816 BNB $12.62,0 . 00046572,,0x18b2a687610328590bc8f2e5fedde3b582a49cda,,PancakeSwap: Prediction V2,,PancakeSwap: Prediction V2,,0,,0.019439816,12.62,12.81,0.19,658.81,2026-05-21,0,0,0.00,0.00,0,,outflow_from_you
0x39e2ba18c580f5c9639cb0bcce68e1e8b6c708261c1efa2d5f102689b0e486b8,https://bscscan.com/tx/0x39e2ba18c580f5c9639cb0bcce68e1e8b6c708261c1efa2d5f102689b0e486b8,19431604,2022-07-10 15:14:49,,javascript:;,0xE52471bc...97E1107A8,https://bscscan.com/address/0xe52471bcea9c7d7e3fc2da48ecf177c97e1107a8,0 BNB $0.00,0 . 00037922,,0xe52471bcea9c7d7e3fc2da48ecf177c97e1107a8,,,,,,0,,0,0.00,0.00,0.00,658.81,2026-05-21,0,0,0.00,0.00,0,,outflow_from_you
0xcdd7a2be8d887fbccc5da1f2ba638fde1462344b587d5b7ccef957f40fb238cd,https://bscscan.com/tx/0xcdd7a2be8d887fbccc5da1f2ba638fde1462344b587d5b7ccef957f40fb238cd,19427142,2022-07-10 11:31:35,,javascript:;,0xE52471bc...97E1107A8,https://bscscan.com/address/0xe52471bcea9c7d7e3fc2da48ecf177c97e1107a8,0 BNB $0.00,0 . 00036812,,0xe52471bcea9c7d7e3fc2da48ecf177c97e1107a8,,,,,,0,,0,0.00,0.00,0.00,658.81,2026-05-21,0,0,0.00,0.00,0,,outflow_from_you
0x07aa2f7c740afdd54ee5c6f6ff3b440a4188366a99ecad991c393dfe17f1d318,https://bscscan.com/tx/0x07aa2f7c740afdd54ee5c6f6ff3b440a4188366a99ecad991c393dfe17f1d318,19425445,2022-07-10 10:06:44,,javascript:;,0xE42BE986...70D329C86,https://bscscan.com/address/0xe42be98613347658f82dcd90ce8102e70d329c86,0.6 BNB $389.48,0 . 000105,,0xe42be98613347658f82dcd90ce8102e70d329c86,,,,,,0,,0.6,389.48,395.29,5.81,658.81,2026-05-21,0,0,0.00,0.00,0,,outflow_from_you
0xde16e996a53d64472b74c912e717ac83a3c1e9672d46560fce7baebf0833a423,https://bscscan.com/tx/0xde16e996a53d64472b74c912e717ac83a3c1e9672d46560fce7baebf0833a423,19425325,2022-07-10 10:00:44,Binance: Hot Wallet 17,https://bscscan.com/address/0x29bdfbf7d27462a2d115748ace2bd71a2646946c,,javascript:;,0.63855177 BNB $414.51,0 . 00021,0x29bdfbf7d27462a2d115748ace2bd71a2646946c,,Binance: Hot Wallet 17,,Binance: Hot Wallet 17,,,0,,0.63855177,414.51,420.68,6.17,658.81,2026-05-21,1,0.63855177,414.51,420.68,1,friendly_tag_or_url_contains_binance,inflow_to_you
0xecae80345dc401ad663065433e0a1cb9714305d78773d9452b6232436161d47e,https://bscscan.com/tx/0xecae80345dc401ad663065433e0a1cb9714305d78773d9452b6232436161d47e,19425098,2022-07-10 9:49:23,,javascript:;,0xE52471bc...97E1107A8,https://bscscan.com/address/0xe52471bcea9c7d7e3fc2da48ecf177c97e1107a8,0 BNB $0.00,0 . 00037922,,0xe52471bcea9c7d7e3fc2da48ecf177c97e1107a8,,,,,,0,,0,0.00,0.00,0.00,658.81,2026-05-21,0,0,0.00,0.00,0,,outflow_from_you
0x86097488db42aba14cf9682d6afa540373a83c072769f268a44f9f333577bfa7,https://bscscan.com/tx/0x86097488db42aba14cf9682d6afa540373a83c072769f268a44f9f333577bfa7,19420971,2022-07-10 6:22:49,,javascript:;,0xE52471bc...97E1107A8,https://bscscan.com/address/0xe52471bcea9c7d7e3fc2da48ecf177c97e1107a8,0 BNB $0.00,0 . 00037922,,0xe52471bcea9c7d7e3fc2da48ecf177c97e1107a8,,,,,,0,,0,0.00,0.00,0.00,658.81,2026-05-21,0,0,0.00,0.00,0,,outflow_from_you
0x522422f1c6b77587a82d6dab4caafeeb67df725aeb67a6615184cc77ed474617,https://bscscan.com/tx/0x522422f1c6b77587a82d6dab4caafeeb67df725aeb67a6615184cc77ed474617,19417594,2022-07-10 3:33:56,,javascript:;,0xE52471bc...97E1107A8,https://bscscan.com/address/0xe52471bcea9c7d7e3fc2da48ecf177c97e1107a8,0 BNB $0.00,0 . 00042212,,0xe52471bcea9c7d7e3fc2da48ecf177c97e1107a8,,,,,,0,,0,0.00,0.00,0.00,658.81,2026-05-21,0,0,0.00,0.00,0,,outflow_from_you
0x3b79a91f1b41fecb9bc6e50abb3245b7305eefa6eb31e295d59fdca1caac1600,https://bscscan.com/tx/0x3b79a91f1b41fecb9bc6e50abb3245b7305eefa6eb31e295d59fdca1caac1600,19417534,2022-07-10 3:30:56,,javascript:;,0x64677b64...02542BCE0,https://bscscan.com/address/0x64677b64b2a8679f6f49d425e142d9a02542bce0,0.02 BNB $12.98,0 . 00062661,,0x64677b64b2a8679f6f49d425e142d9a02542bce0,,,,,,0,,0.02,12.98,13.18,0.20,658.81,2026-05-21,0,0,0.00,0.00,0,,outflow_from_you
0x42071702935ae39b2c88f0454510da6fbb1c49531e3fa7766cf29597980174db,https://bscscan.com/tx/0x42071702935ae39b2c88f0454510da6fbb1c49531e3fa7766cf29597980174db,19409825,2022-07-09 21:05:29,,javascript:;,0xE52471bc...97E1107A8,https://bscscan.com/address/0xe52471bcea9c7d7e3fc2da48ecf177c97e1107a8,0 BNB $0.00,0 . 00037922,,0xe52471bcea9c7d7e3fc2da48ecf177c97e1107a8,,,,,,0,,0,0.00,0.00,0.00,658.81,2026-05-21,0,0,0.00,0.00,0,,outflow_from_you
0x33e6dd9e4a9213cb22993e2a0e9bb20ac39126e0f87d0e76d94831fbd81cabcb,https://bscscan.com/tx/0x33e6dd9e4a9213cb22993e2a0e9bb20ac39126e0f87d0e76d94831fbd81cabcb,19404045,2022-07-09 16:16:18,,javascript:;,0xE52471bc...97E1107A8,https://bscscan.com/address/0xe52471bcea9c7d7e3fc2da48ecf177c97e1107a8,0 BNB $0.00,0 . 00037922,,0xe52471bcea9c7d7e3fc2da48ecf177c97e1107a8,,,,,,0,,0,0.00,0.00,0.00,658.81,2026-05-21,0,0,0.00,0.00,0,,outflow_from_you
0xabc7b35cafae55177594f9aff1f6fb9dbe545b774d0637a8c82fd25206bdd921,https://bscscan.com/tx/0xabc7b35cafae55177594f9aff1f6fb9dbe545b774d0637a8c82fd25206bdd921,19403968,2022-07-09 16:12:27,,javascript:;,PancakeSwap: Prediction V2,https://bscscan.com/address/0x18b2a687610328590bc8f2e5fedde3b582a49cda,0 BNB $0.00,0 . 00043263,,0x18b2a687610328590bc8f2e5fedde3b582a49cda,,PancakeSwap: Prediction V2,,PancakeSwap: Prediction V2,,0,,0,0.00,0.00,0.00,658.81,2026-05-21,0,0,0.00,0.00,0,,outflow_from_you
0x52b6211056993f8e8cf39ec5e136a00dbdec97d11e773d3033a391ce8a151be6,https://bscscan.com/tx/0x52b6211056993f8e8cf39ec5e136a00dbdec97d11e773d3033a391ce8a151be6,19403950,2022-07-09 16:11:33,,javascript:;,PancakeSwap: Prediction V2,https://bscscan.com/address/0x18b2a687610328590bc8f2e5fedde3b582a49cda,0.00742534 BNB $4.82,0 . 00056181,,0x18b2a687610328590bc8f2e5fedde3b582a49cda,,PancakeSwap: Prediction V2,,PancakeSwap: Prediction V2,,0,,0.00742534,4.82,4.89,0.07,658.81,2026-05-21,0,0,0.00,0.00,0,,outflow_from_you
0x59950e260c39d7b751bae689d17ff6ed7a1999fcc29eccc97bba6cdb75517b61,https://bscscan.com/tx/0x59950e260c39d7b751bae689d17ff6ed7a1999fcc29eccc97bba6cdb75517b61,19403842,2022-07-09 16:06:09,,javascript:;,PancakeSwap: Prediction V2,https://bscscan.com/address/0x18b2a687610328590bc8f2e5fedde3b582a49cda,0.030167081 BNB $19.58,0 . 00046572,,0x18b2a687610328590bc8f2e5fedde3b582a49cda,,PancakeSwap: Prediction V2,,PancakeSwap: Prediction V2,,0,,0.030167081,19.58,19.87,0.29,658.81,2026-05-21,0,0,0.00,0.00,0,,outflow_from_you
0x76e07dbdd8d8f62f06e48768225999800c9c9824d5c017301f90e2dac3f369a4,https://bscscan.com/tx/0x76e07dbdd8d8f62f06e48768225999800c9c9824d5c017301f90e2dac3f369a4,19403348,2022-07-09 15:41:27,,javascript:;,PancakeSwap: Prediction V2,https://bscscan.com/address/0x18b2a687610328590bc8f2e5fedde3b582a49cda,0 BNB $0.00,0 . 00043285,,0x18b2a687610328590bc8f2e5fedde3b582a49cda,,PancakeSwap: Prediction V2,,PancakeSwap: Prediction V2,,0,,0,0.00,0.00,0.00,658.81,2026-05-21,0,0,0.00,0.00,0,,outflow_from_you
0xf1745d1a677877ba24dacc9334db5c331d59da4c770a33671a45d2fa841635ba,https://bscscan.com/tx/0xf1745d1a677877ba24dacc9334db5c331d59da4c770a33671a45d2fa841635ba,19403232,2022-07-09 15:35:39,,javascript:;,PancakeSwap: Prediction V2,https://bscscan.com/address/0x18b2a687610328590bc8f2e5fedde3b582a49cda,0.023396752 BNB $15.19,0 . 00056181,,0x18b2a687610328590bc8f2e5fedde3b582a49cda,,PancakeSwap: Prediction V2,,PancakeSwap: Prediction V2,,0,,0.023396752,15.19,15.41,0.22,658.81,2026-05-21,0,0,0.00,0.00,0,,outflow_from_you
0x220fee0ec95d6340e26144fab605cdee016db45ea31e6f3574a4ce2aea9ba542,https://bscscan.com/tx/0x220fee0ec95d6340e26144fab605cdee016db45ea31e6f3574a4ce2aea9ba542,19387322,2022-07-09 2:19:42,,javascript:;,0xE52471bc...97E1107A8,https://bscscan.com/address/0xe52471bcea9c7d7e3fc2da48ecf177c97e1107a8,0 BNB $0.00,0 . 00042212,,0xe52471bcea9c7d7e3fc2da48ecf177c97e1107a8,,,,,,0,,0,0.00,0.00,0.00,658.81,2026-05-21,0,0,0.00,0.00,0,,outflow_from_you
0x129130f95a38804c0762f958b30e66ada29257f134ecbcef0d7c0198a8934da6,https://bscscan.com/tx/0x129130f95a38804c0762f958b30e66ada29257f134ecbcef0d7c0198a8934da6,19380391,2022-07-08 20:33:06,,javascript:;,0xE52471bc...97E1107A8,https://bscscan.com/address/0xe52471bcea9c7d7e3fc2da48ecf177c97e1107a8,0 BNB $0.00,0 . 00037922,,0xe52471bcea9c7d7e3fc2da48ecf177c97e1107a8,,,,,,0,,0,0.00,0.00,0.00,658.81,2026-05-21,0,0,0.00,0.00,0,,outflow_from_you
0x07160fc75669d172aac96dd6a27ec2e85ba230323a89751c6a25f300c693ae8c,https://bscscan.com/tx/0x07160fc75669d172aac96dd6a27ec2e85ba230323a89751c6a25f300c693ae8c,19377864,2022-07-08 18:26:45,,javascript:;,0xE52471bc...97E1107A8,https://bscscan.com/address/0xe52471bcea9c7d7e3fc2da48ecf177c97e1107a8,0 BNB $0.00,0 . 00037922,,0xe52471bcea9c7d7e3fc2da48ecf177c97e1107a8,,,,,,0,,0,0.00,0.00,0.00,658.81,2026-05-21,0,0,0.00,0.00,0,,outflow_from_you
0xb0247f59cd111c032db107320206a851e28a71fe960264579e6d00bdae0511a3,https://bscscan.com/tx/0xb0247f59cd111c032db107320206a851e28a71fe960264579e6d00bdae0511a3,19371525,2022-07-08 13:09:14,,javascript:;,0xE52471bc...97E1107A8,https://bscscan.com/address/0xe52471bcea9c7d7e3fc2da48ecf177c97e1107a8,0 BNB $0.00,0 . 00049712,,0xe52471bcea9c7d7e3fc2da48ecf177c97e1107a8,,,,,,0,,0,0.00,0.00,0.00,658.81,2026-05-21,0,0,0.00,0.00,0,,outflow_from_you
0x53d6c4d25eb1bd5781e6da7cd132fde7ec8247e365973ac18a5b0cffe4fbd7de,https://bscscan.com/tx/0x53d6c4d25eb1bd5781e6da7cd132fde7ec8247e365973ac18a5b0cffe4fbd7de,19369643,2022-07-08 11:35:08,,javascript:;,0xE52471bc...97E1107A8,https://bscscan.com/address/0xe52471bcea9c7d7e3fc2da48ecf177c97e1107a8,0 BNB $0.00,0 . 00035384,,0xe52471bcea9c7d7e3fc2da48ecf177c97e1107a8,,,,,,0,,0,0.00,0.00,0.00,658.81,2026-05-21,0,0,0.00,0.00,0,,outflow_from_you
0x84ce7a0a445af73719b6a454c3a43846bb25488b78f3c279eab7f4b0f6721ccb,https://bscscan.com/tx/0x84ce7a0a445af73719b6a454c3a43846bb25488b78f3c279eab7f4b0f6721ccb,19355785,2022-07-08 0:01:40,,javascript:;,0xE52471bc...97E1107A8,https://bscscan.com/address/0xe52471bcea9c7d7e3fc2da48ecf177c97e1107a8,0.35 BNB $227.20,0 . 00144938,,0xe52471bcea9c7d7e3fc2da48ecf177c97e1107a8,,,,,,0,,0.35,227.20,230.58,3.38,658.81,2026-05-21,0,0,0.00,0.00,0,,outflow_from_you
0x05073171005bde391e98c77ebe4f1ce4ed5d031fc57239c31a82987b48e103c8,https://bscscan.com/tx/0x05073171005bde391e98c77ebe4f1ce4ed5d031fc57239c31a82987b48e103c8,19345188,2022-07-07 15:11:06,,javascript:;,PancakeSwap: Prediction V2,https://bscscan.com/address/0x18b2a687610328590bc8f2e5fedde3b582a49cda,0.038484387 BNB $24.98,0 . 00016729,,0x18b2a687610328590bc8f2e5fedde3b582a49cda,,PancakeSwap: Prediction V2,,PancakeSwap: Prediction V2,,0,,0.038484387,24.98,25.35,0.37,658.81,2026-05-21,0,0,0.00,0.00,0,,outflow_from_you
0x21ee9f76bfa1eb688a3a8544136af466010e4b11a18cabc1e672903e60954f5e,https://bscscan.com/tx/0x21ee9f76bfa1eb688a3a8544136af466010e4b11a18cabc1e672903e60954f5e,19343422,2022-07-07 13:41:35,,javascript:;,0xB6934215...68B6A3182,https://bscscan.com/address/0xb6934215b856b03430fc8dc058bd1c668b6a3182,0.07 BNB $45.44,0 . 000105,,0xb6934215b856b03430fc8dc058bd1c668b6a3182,,,,,,0,,0.07,45.44,46.12,0.68,658.81,2026-05-21,0,0,0.00,0.00,1,user_binance_address_match,outflow_from_you
0x83dcf547052b47f1eed5a40403df5423806baaffe0c6cee60c1ea3e5e4c49a9f,https://bscscan.com/tx/0x83dcf547052b47f1eed5a40403df5423806baaffe0c6cee60c1ea3e5e4c49a9f,19327410,2022-07-07 0:19:12,,javascript:;,0xB6934215...68B6A3182,https://bscscan.com/address/0xb6934215b856b03430fc8dc058bd1c668b6a3182,0.4 BNB $259.66,0 . 000105,,0xb6934215b856b03430fc8dc058bd1c668b6a3182,,,,,,0,,0.4,259.66,263.52,3.86,658.81,2026-05-21,0,0,0.00,0.00,1,user_binance_address_match,outflow_from_you
0xc72a000823853c85227d3f93559f2d3c2d56ba03bccee610218ba136ae1e4f19,https://bscscan.com/tx/0xc72a000823853c85227d3f93559f2d3c2d56ba03bccee610218ba136ae1e4f19,19319659,2022-07-06 17:51:23,,javascript:;,0xB6934215...68B6A3182,https://bscscan.com/address/0xb6934215b856b03430fc8dc058bd1c668b6a3182,0.1 BNB $64.91,0 . 000105,,0xb6934215b856b03430fc8dc058bd1c668b6a3182,,,,,,0,,0.1,64.91,65.88,0.97,658.81,2026-05-21,0,0,0.00,0.00,1,user_binance_address_match,outflow_from_you
0xe97882f8f814ae503c219e566fcf0daae79246b2dca7c0b02e0dbcb4e802beb2,https://bscscan.com/tx/0xe97882f8f814ae503c219e566fcf0daae79246b2dca7c0b02e0dbcb4e802beb2,19319608,2022-07-06 17:48:50,,javascript:;,PancakeSwap: Prediction V2,https://bscscan.com/address/0x18b2a687610328590bc8f2e5fedde3b582a49cda,0 BNB $0.00,0 . 00043263,,0x18b2a687610328590bc8f2e5fedde3b582a49cda,,PancakeSwap: Prediction V2,,PancakeSwap: Prediction V2,,0,,0,0.00,0.00,0.00,658.81,2026-05-21,0,0,0.00,0.00,0,,outflow_from_you
0x82eb81c0bcce235af0abe01bbdb4f09429f5944b32cfb8f5d73b81031cbfebfe,https://bscscan.com/tx/0x82eb81c0bcce235af0abe01bbdb4f09429f5944b32cfb8f5d73b81031cbfebfe,19319483,2022-07-06 17:42:35,,javascript:;,PancakeSwap: Prediction V2,https://bscscan.com/address/0x18b2a687610328590bc8f2e5fedde3b582a49cda,0.081357283 BNB $52.81,0 . 00046572,,0x18b2a687610328590bc8f2e5fedde3b582a49cda,,PancakeSwap: Prediction V2,,PancakeSwap: Prediction V2,,0,,0.081357283,52.81,53.60,0.79,658.81,2026-05-21,0,0,0.00,0.00,0,,outflow_from_you
0x2ad3893735c4d09e2b422e771954a28290e6f9d643af77a737e11bd69566575c,https://bscscan.com/tx/0x2ad3893735c4d09e2b422e771954a28290e6f9d643af77a737e11bd69566575c,19295242,2022-07-05 21:29:38,,javascript:;,0xB6934215...68B6A3182,https://bscscan.com/address/0xb6934215b856b03430fc8dc058bd1c668b6a3182,0.1 BNB $64.91,0 . 000105,,0xb6934215b856b03430fc8dc058bd1c668b6a3182,,,,,,0,,0.1,64.91,65.88,0.97,658.81,2026-05-21,0,0,0.00,0.00,1,user_binance_address_match,outflow_from_you
0xcacef8e69a153f59978ec1c9d5370c21b523e8dadd472fe7bed00b8898dfe0ce,https://bscscan.com/tx/0xcacef8e69a153f59978ec1c9d5370c21b523e8dadd472fe7bed00b8898dfe0ce,19288772,2022-07-05 16:06:03,Binance: Hot Wallet 13,https://bscscan.com/address/0xbd612a3f30dca67bf60a39fd0d35e39b7ab80774,,javascript:;,0.8695 BNB $564.43,0 . 00021,0xbd612a3f30dca67bf60a39fd0d35e39b7ab80774,,Binance: Hot Wallet 13,,Binance: Hot Wallet 13,,,0,,0.8695,564.43,572.84,8.41,658.81,2026-05-21,1,0.8695,564.43,572.84,1,friendly_tag_or_url_contains_binance,inflow_to_you
0x75e70b6c621f76719aa7a0eda3b11698575f9f055e7afb09171b0d745ba93067,https://bscscan.com/tx/0x75e70b6c621f76719aa7a0eda3b11698575f9f055e7afb09171b0d745ba93067,19267436,2022-07-04 22:17:56,,javascript:;,PancakeSwap: CAKE Token,https://bscscan.com/address/0x0e09fabb73bd3ade0a17ecc321fd13a19e81ce82,0 BNB $0.00,0 . 00022215,,0x0e09fabb73bd3ade0a17ecc321fd13a19e81ce82,,PancakeSwap: CAKE Token,,PancakeSwap: CAKE Token,,0,,0,0.00,0.00,0.00,658.81,2026-05-21,0,0,0.00,0.00,0,,outflow_from_you
0x9175fd35b8afdb60543ca7135c8ef9f1d090d3d7e0eb0f482341260e603211b9,https://bscscan.com/tx/0x9175fd35b8afdb60543ca7135c8ef9f1d090d3d7e0eb0f482341260e603211b9,18903745,2022-06-22 6:42:31,,javascript:;,0xB6934215...68B6A3182,https://bscscan.com/address/0xb6934215b856b03430fc8dc058bd1c668b6a3182,0.05 BNB $32.46,0 . 000105,,0xb6934215b856b03430fc8dc058bd1c668b6a3182,,,,,,0,,0.05,32.46,32.94,0.48,658.81,2026-05-21,0,0,0.00,0.00,1,user_binance_address_match,outflow_from_you
0xf6a87e95058bd9e19c467538022adb4e926a4ac85a8d79c90ac72beab82a5cb0,https://bscscan.com/tx/0xf6a87e95058bd9e19c467538022adb4e926a4ac85a8d79c90ac72beab82a5cb0,18903708,2022-06-22 6:40:40,Binance: Hot Wallet 17,https://bscscan.com/address/0x29bdfbf7d27462a2d115748ace2bd71a2646946c,,javascript:;,0.0495 BNB $32.13,0 . 00021,0x29bdfbf7d27462a2d115748ace2bd71a2646946c,,Binance: Hot Wallet 17,,Binance: Hot Wallet 17,,,0,,0.0495,32.13,32.61,0.48,658.81,2026-05-21,1,0.0495,32.13,32.61,1,friendly_tag_or_url_contains_binance,inflow_to_you
0xdda68059fa065d8a9caabca57d2cdbd660106e4e56b4e6073a559297f62865d4,https://bscscan.com/tx/0xdda68059fa065d8a9caabca57d2cdbd660106e4e56b4e6073a559297f62865d4,18902190,2022-06-22 5:24:40,,javascript:;,0xB6934215...68B6A3182,https://bscscan.com/address/0xb6934215b856b03430fc8dc058bd1c668b6a3182,0.2 BNB $129.89,0 . 000105,,0xb6934215b856b03430fc8dc058bd1c668b6a3182,,,,,,0,,0.2,129.89,131.76,1.87,658.81,2026-05-21,0,0,0.00,0.00,1,user_binance_address_match,outflow_from_you
0xa1389da2494e6836ccd514df0a54b03aca6aa64407026b47e5ad596f09c45411,https://bscscan.com/tx/0xa1389da2494e6836ccd514df0a54b03aca6aa64407026b47e5ad596f09c45411,18902170,2022-06-22 5:23:40,,javascript:;,0xB6934215...68B6A3182,https://bscscan.com/address/0xb6934215b856b03430fc8dc058bd1c668b6a3182,0 BNB $0.00,0 . 000105,,0xb6934215b856b03430fc8dc058bd1c668b6a3182,,,,,,0,,0,0.00,0.00,0.00,658.81,2026-05-21,0,0,0.00,0.00,1,user_binance_address_match,outflow_from_you
0x58fe0fc2fc44c6ff26b5ed584ad539e0fa2c43150e998a967d93d539dfd4f40c,https://bscscan.com/tx/0x58fe0fc2fc44c6ff26b5ed584ad539e0fa2c43150e998a967d93d539dfd4f40c,18610119,2022-06-12 0:50:13,,javascript:;,0xE1058c97...b99AEc45E,https://bscscan.com/address/0xe1058c979afd97eac4658b569c74947b99aec45e,0.7 BNB $454.62,0 . 000105,,0xe1058c979afd97eac4658b569c74947b99aec45e,,,,,,0,,0.7,454.62,461.17,6.55,658.81,2026-05-21,0,0,0.00,0.00,0,,outflow_from_you
0xb3ef6a5c6603152b7553e566927e98b252e4ecb13253e84d271d6fe45f0696eb,https://bscscan.com/tx/0xb3ef6a5c6603152b7553e566927e98b252e4ecb13253e84d271d6fe45f0696eb,18608598,2022-06-11 23:33:53,,javascript:;,0xE1058c97...b99AEc45E,https://bscscan.com/address/0xe1058c979afd97eac4658b569c74947b99aec45e,0.1 BNB $64.95,0 . 000105,,0xe1058c979afd97eac4658b569c74947b99aec45e,,,,,,0,,0.1,64.95,65.88,0.93,658.81,2026-05-21,0,0,0.00,0.00,0,,outflow_from_you
0x76bcf169a97311a52da2649b5ad70c121ff2dba320e13fbc6c1a6a8397ad7c67,https://bscscan.com/tx/0x76bcf169a97311a52da2649b5ad70c121ff2dba320e13fbc6c1a6a8397ad7c67,18600877,2022-06-11 17:06:17,Anyswap: Polygon Bridge,https://bscscan.com/address/0x171a9377c5013bb06bca8cfe22b9c007f2c319f1,,javascript:;,0.86 BNB $558.54,0 . 00012192,0x171a9377c5013bb06bca8cfe22b9c007f2c319f1,,Anyswap: Polygon Bridge,,Anyswap: Polygon Bridge,,,0,,0.86,558.54,566.58,8.04,658.81,2026-05-21,0,0,0.00,0.00,0,,inflow_to_you
0x7e778b0b5b796cb99dd0d318cd4f20d3894f8c23e580c31bedc96011cb45606f,https://bscscan.com/tx/0x7e778b0b5b796cb99dd0d318cd4f20d3894f8c23e580c31bedc96011cb45606f,18250274,2022-05-30 10:57:46,,javascript:;,Safuu: SAFUU Token,https://bscscan.com/address/0xe5ba47fd94cb645ba4119222e34fb33f59c7cd90,0 BNB $0.00,0 . 00100739,,0xe5ba47fd94cb645ba4119222e34fb33f59c7cd90,,Safuu: SAFUU Token,,Safuu: SAFUU Token,safuu,1,high,0,0.00,0.00,0.00,658.81,2026-05-21,0,0,0.00,0.00,0,,outflow_from_you
0x042b1927965046269ffd9105b6efb0abc2fcace35ffdab0ba4360440cbf92ba6,https://bscscan.com/tx/0x042b1927965046269ffd9105b6efb0abc2fcace35ffdab0ba4360440cbf92ba6,18220413,2022-05-29 9:54:15,,javascript:;,USD Coin: USDC Token,https://bscscan.com/address/0x8ac76a51cc950d9822d68b83fe1ad97b32cd580d,0 BNB $0.00,0 . 00019447,,0x8ac76a51cc950d9822d68b83fe1ad97b32cd580d,,USD Coin: USDC Token,,USD Coin: USDC Token,,0,,0,0.00,0.00,0.00,658.81,2026-05-21,0,0,0.00,0.00,0,,outflow_from_you
0x7d81ec1742555aff37c90b349334d66e9c123ac081fb0164b91fa792e9d76440,https://bscscan.com/tx/0x7d81ec1742555aff37c90b349334d66e9c123ac081fb0164b91fa792e9d76440,18220379,2022-05-29 9:52:33,,javascript:;,USD Coin: USDC Token,https://bscscan.com/address/0x8ac76a51cc950d9822d68b83fe1ad97b32cd580d,0 BNB $0.00,0 . 00023576,,0x8ac76a51cc950d9822d68b83fe1ad97b32cd580d,,USD Coin: USDC Token,,USD Coin: USDC Token,,0,,0,0.00,0.00,0.00,658.81,2026-05-21,0,0,0.00,0.00,0,,outflow_from_you
0xef17127d71a66c23cd7f770c5d4eb2275469d2f47d7498f50631ecbcca59f81c,https://bscscan.com/tx/0xef17127d71a66c23cd7f770c5d4eb2275469d2f47d7498f50631ecbcca59f81c,18128406,2022-05-26 4:32:45,,javascript:;,PancakeSwap: Prediction V2,https://bscscan.com/address/0x18b2a687610328590bc8f2e5fedde3b582a49cda,0.02083327 BNB $13.53,0 . 00063681,,0x18b2a687610328590bc8f2e5fedde3b582a49cda,,PancakeSwap: Prediction V2,,PancakeSwap: Prediction V2,,0,,0.02083327,13.53,13.73,0.20,658.81,2026-05-21,0,0,0.00,0.00,0,,outflow_from_you
0x048395caac44ee2db697e2ff616534b03a934e521a3cdb099f3729272e575aad,https://bscscan.com/tx/0x048395caac44ee2db697e2ff616534b03a934e521a3cdb099f3729272e575aad,18127466,2022-05-26 3:45:35,Binance: Hot Wallet 13,https://bscscan.com/address/0xbd612a3f30dca67bf60a39fd0d35e39b7ab80774,,javascript:;,0.1995 BNB $129.57,0 . 00021,0xbd612a3f30dca67bf60a39fd0d35e39b7ab80774,,Binance: Hot Wallet 13,,Binance: Hot Wallet 13,,,0,,0.1995,129.57,131.43,1.86,658.81,2026-05-21,1,0.1995,129.57,131.43,1,friendly_tag_or_url_contains_binance,inflow_to_you
0xb0b18f3d746e4fb86c5dd07daabec3723efddbfd0f04e2885b81416bb261d12c,https://bscscan.com/tx/0xb0b18f3d746e4fb86c5dd07daabec3723efddbfd0f04e2885b81416bb261d12c,18099474,2022-05-25 4:16:27,,javascript:;,PancakeSwap: Prediction V2,https://bscscan.com/address/0x18b2a687610328590bc8f2e5fedde3b582a49cda,0.008999996 BNB $5.85,0 . 00016729,,0x18b2a687610328590bc8f2e5fedde3b582a49cda,,PancakeSwap: Prediction V2,,PancakeSwap: Prediction V2,,0,,0.008999996,5.85,5.93,0.08,658.81,2026-05-21,0,0,0.00,0.00,0,,outflow_from_you
0x70a18a71d37bbfeed26df04ffa9f8e7851fcfe616e77045017923af1e519964d,https://bscscan.com/tx/0x70a18a71d37bbfeed26df04ffa9f8e7851fcfe616e77045017923af1e519964d,17805644,2022-05-14 21:27:25,,javascript:;,0xB6934215...68B6A3182,https://bscscan.com/address/0xb6934215b856b03430fc8dc058bd1c668b6a3182,0.04850972 BNB $31.51,0 . 000105,,0xb6934215b856b03430fc8dc058bd1c668b6a3182,,,,,,0,,0.04850972,31.51,31.96,0.45,658.81,2026-05-21,0,0,0.00,0.00,1,user_binance_address_match,outflow_from_you
0x3a4b132950e9d7b82d3f010853c0a266b898fbd670505d26a0e3750813e606f1,https://bscscan.com/tx/0x3a4b132950e9d7b82d3f010853c0a266b898fbd670505d26a0e3750813e606f1,17754862,2022-05-13 2:08:03,,javascript:;,0xB6934215...68B6A3182,https://bscscan.com/address/0xb6934215b856b03430fc8dc058bd1c668b6a3182,1.27 BNB $824.81,0 . 000105,,0xb6934215b856b03430fc8dc058bd1c668b6a3182,,,,,,0,,1.27,824.81,836.69,11.88,658.81,2026-05-21,0,0,0.00,0.00,1,user_binance_address_match,outflow_from_you
0x022ab8cf76cd59b1e7bac139f9c23f6ed7f86db1987bc77b9116fed5b72f9ea6,https://bscscan.com/tx/0x022ab8cf76cd59b1e7bac139f9c23f6ed7f86db1987bc77b9116fed5b72f9ea6,17754847,2022-05-13 2:07:18,,javascript:;,Biswap: Router,https://bscscan.com/address/0x3a6d8ca21d1cf76f653a67577fa0d27453350dd8,0 BNB $0.00,0 . 0005769,,0x3a6d8ca21d1cf76f653a67577fa0d27453350dd8,,Biswap: Router,,Biswap: Router,,0,,0,0.00,0.00,0.00,658.81,2026-05-21,0,0,0.00,0.00,0,,outflow_from_you
0x1336a3ca8515bbc0c1b680ace040a8d91c14c64e3ecfd48e7286a3273eccc993,https://bscscan.com/tx/0x1336a3ca8515bbc0c1b680ace040a8d91c14c64e3ecfd48e7286a3273eccc993,17754833,2022-05-13 2:06:36,,javascript:;,Biswap: Router,https://bscscan.com/address/0x3a6d8ca21d1cf76f653a67577fa0d27453350dd8,0 BNB $0.00,0 . 0010299,,0x3a6d8ca21d1cf76f653a67577fa0d27453350dd8,,Biswap: Router,,Biswap: Router,,0,,0,0.00,0.00,0.00,658.81,2026-05-21,0,0,0.00,0.00,0,,outflow_from_you
0xd8d2055fc8c7dcb27f1e84b22607cfdeb019f4aff77b85836e45a2d1dea6edda,https://bscscan.com/tx/0xd8d2055fc8c7dcb27f1e84b22607cfdeb019f4aff77b85836e45a2d1dea6edda,17754822,2022-05-13 2:06:03,,javascript:;,0x1592550E...800A187E1,https://bscscan.com/address/0x1592550e083286c35282e53732fde11800a187e1,0 BNB $0.00,0 . 00111404,,0x1592550e083286c35282e53732fde11800a187e1,,,,,,0,,0,0.00,0.00,0.00,658.81,2026-05-21,0,0,0.00,0.00,0,,outflow_from_you
0xf9e8d6892607041d988168a9afb95c53c6137c75a1425d5dfbeb679f47a000de,https://bscscan.com/tx/0xf9e8d6892607041d988168a9afb95c53c6137c75a1425d5dfbeb679f47a000de,17754213,2022-05-13 1:35:18,,javascript:;,0x9A76a315...b4F7B16F0,https://bscscan.com/address/0x9a76a315109663d9f2e105be7a6df18b4f7b16f0,1.3 BNB $844.30,0 . 00247297,,0x9a76a315109663d9f2e105be7a6df18b4f7b16f0,,,,,,0,,1.3,844.30,856.45,12.15,658.81,2026-05-21,0,0,0.00,0.00,0,,outflow_from_you
0x321bd5b9b0ebcde0b4402fbf67b35e4662d3295f447c611d085284e9fb6cf5b4,https://bscscan.com/tx/0x321bd5b9b0ebcde0b4402fbf67b35e4662d3295f447c611d085284e9fb6cf5b4,17754200,2022-05-13 1:34:38,,javascript:;,PancakeSwap: Router v2,https://bscscan.com/address/0x10ed43c718714eb63d5aa57b78b54704e256024e,0 BNB $0.00,0 . 00061355,,0x10ed43c718714eb63d5aa57b78b54704e256024e,,PancakeSwap: Router v2,,PancakeSwap: Router v2,,0,,0,0.00,0.00,0.00,658.81,2026-05-21,0,0,0.00,0.00,0,,outflow_from_you
0x6fb636e96fd2b3ade20baf8b593efa00804eae38267b4322fc4c3f4dee4dc5c6,https://bscscan.com/tx/0x6fb636e96fd2b3ade20baf8b593efa00804eae38267b4322fc4c3f4dee4dc5c6,17754190,2022-05-13 1:34:07,,javascript:;,PancakeSwap: Router v2,https://bscscan.com/address/0x10ed43c718714eb63d5aa57b78b54704e256024e,0 BNB $0.00,0 . 0001579,,0x10ed43c718714eb63d5aa57b78b54704e256024e,,PancakeSwap: Router v2,,PancakeSwap: Router v2,,0,,0,0.00,0.00,0.00,658.81,2026-05-21,0,0,0.00,0.00,0,,outflow_from_you
0xa956b5eeac35e9ce9962b9bd8234692d2e0834654ffb5313a6875bc2ed5e60c7,https://bscscan.com/tx/0xa956b5eeac35e9ce9962b9bd8234692d2e0834654ffb5313a6875bc2ed5e60c7,17754179,2022-05-13 1:33:34,,javascript:;,PancakeSwap: Router v2,https://bscscan.com/address/0x10ed43c718714eb63d5aa57b78b54704e256024e,0 BNB $0.00,0 . 00107813,,0x10ed43c718714eb63d5aa57b78b54704e256024e,,PancakeSwap: Router v2,,PancakeSwap: Router v2,,0,,0,0.00,0.00,0.00,658.81,2026-05-21,0,0,0.00,0.00,0,,outflow_from_you
0x0d4f6e6f78ea69abb68006d586e54cf422d04903bb640eb6cbe96ae5bfd17066,https://bscscan.com/tx/0x0d4f6e6f78ea69abb68006d586e54cf422d04903bb640eb6cbe96ae5bfd17066,17754164,2022-05-13 1:32:49,,javascript:;,0x39E5C480...C0cF4bE30,https://bscscan.com/address/0x39e5c480bc28b77d8b5960abc248a21c0cf4be30,0 BNB $0.00,0 . 00104297,,0x39e5c480bc28b77d8b5960abc248a21c0cf4be30,,,,,,0,,0,0.00,0.00,0.00,658.81,2026-05-21,0,0,0.00,0.00,0,,outflow_from_you
0x83e2d7a67183bb6cefcc2f05eb729facfac573fa445586a78bbb58dec96a46a4,https://bscscan.com/tx/0x83e2d7a67183bb6cefcc2f05eb729facfac573fa445586a78bbb58dec96a46a4,17727665,2022-05-12 3:05:09,,javascript:;,0xB6934215...68B6A3182,https://bscscan.com/address/0xb6934215b856b03430fc8dc058bd1c668b6a3182,"3.15 BNB $2,045.80",0 . 000105,,0xb6934215b856b03430fc8dc058bd1c668b6a3182,,,,,,0,,3.15,2045.80,2075.25,29.45,658.81,2026-05-21,0,0,0.00,0.00,1,user_binance_address_match,outflow_from_you
0x86dafc906153051ff9e8b1f62e55a3b10aa45dfa116fef307f0d68d3191b1869,https://bscscan.com/tx/0x86dafc906153051ff9e8b1f62e55a3b10aa45dfa116fef307f0d68d3191b1869,17727129,2022-05-12 2:38:15,Anyswap: Bridge Fantom,https://bscscan.com/address/0x4b3b4120d4d7975455d8c2894228789c91a247f8,,javascript:;,"3.138 BNB $2,038.01",0 . 00012192,0x4b3b4120d4d7975455d8c2894228789c91a247f8,,Anyswap: Bridge Fantom,,Anyswap: Bridge Fantom,,,0,,3.138,2038.01,2067.35,29.34,658.81,2026-05-21,0,0,0.00,0.00,0,,inflow_to_you
0x082245008954402539ebfdf4182b6e86719553a9394a84699d81a7f88318219f,https://bscscan.com/tx/0x082245008954402539ebfdf4182b6e86719553a9394a84699d81a7f88318219f,17723350,2022-05-11 23:28:58,,javascript:;,0x03c509fd...A147486EA,https://bscscan.com/address/0x03c509fd85d51dc7e75fa2de06276cfa147486ea,0.1 BNB $64.95,0 . 00251836,,0x03c509fd85d51dc7e75fa2de06276cfa147486ea,,,,,,0,,0.1,64.95,65.88,0.93,658.81,2026-05-21,0,0,0.00,0.00,0,,outflow_from_you
0xbbea4e19252bd33e1858bcfe0399a72121952bdb65d1ff0cc30962fad186e808,https://bscscan.com/tx/0xbbea4e19252bd33e1858bcfe0399a72121952bdb65d1ff0cc30962fad186e808,17723322,2022-05-11 23:27:24,,javascript:;,0x03c509fd...A147486EA,https://bscscan.com/address/0x03c509fd85d51dc7e75fa2de06276cfa147486ea,1.3 BNB $844.30,0 . 00259342,,0x03c509fd85d51dc7e75fa2de06276cfa147486ea,,,,,,0,,1.3,844.30,856.45,12.15,658.81,2026-05-21,0,0,0.00,0.00,0,,outflow_from_you
0xf51e5aa1ecb4d5abdd51604490c575d2a5538c552fffe382e5d2202555f8ac1a,https://bscscan.com/tx/0xf51e5aa1ecb4d5abdd51604490c575d2a5538c552fffe382e5d2202555f8ac1a,17712900,2022-05-11 14:38:15,,javascript:;,Biswap: Router,https://bscscan.com/address/0x3a6d8ca21d1cf76f653a67577fa0d27453350dd8,0 BNB $0.00,0 . 0005769,,0x3a6d8ca21d1cf76f653a67577fa0d27453350dd8,,Biswap: Router,,Biswap: Router,,0,,0,0.00,0.00,0.00,658.81,2026-05-21,0,0,0.00,0.00,0,,outflow_from_you
0xb320a32edfd534d27617252c06a9d10f736a54390020d7a92bbdecdf6edb8001,https://bscscan.com/tx/0xb320a32edfd534d27617252c06a9d10f736a54390020d7a92bbdecdf6edb8001,17712889,2022-05-11 14:37:42,,javascript:;,Biswap: Router,https://bscscan.com/address/0x3a6d8ca21d1cf76f653a67577fa0d27453350dd8,0 BNB $0.00,0 . 00097113,,0x3a6d8ca21d1cf76f653a67577fa0d27453350dd8,,Biswap: Router,,Biswap: Router,,0,,0,0.00,0.00,0.00,658.81,2026-05-21,0,0,0.00,0.00,0,,outflow_from_you
0x39736512b50e00e5e184217f8cbc23a94a673f2bf348f2a4c6c34fcfb77b399d,https://bscscan.com/tx/0x39736512b50e00e5e184217f8cbc23a94a673f2bf348f2a4c6c34fcfb77b399d,17712872,2022-05-11 14:36:51,,javascript:;,0x1592550E...800A187E1,https://bscscan.com/address/0x1592550e083286c35282e53732fde11800a187e1,0 BNB $0.00,0 . 00103904,,0x1592550e083286c35282e53732fde11800a187e1,,,,,,0,,0,0.00,0.00,0.00,658.81,2026-05-21,0,0,0.00,0.00,0,,outflow_from_you
0x38b8a647cd1bb3c8b0b2453b485634a873e448f7c5cdde313f5abe71bccf3b94,https://bscscan.com/tx/0x38b8a647cd1bb3c8b0b2453b485634a873e448f7c5cdde313f5abe71bccf3b94,17712268,2022-05-11 14:06:13,,javascript:;,Anyswap: Bridge Fantom,https://bscscan.com/address/0x4b3b4120d4d7975455d8c2894228789c91a247f8,"3.1 BNB $2,013.33",0 . 000105,,0x4b3b4120d4d7975455d8c2894228789c91a247f8,,Anyswap: Bridge Fantom,,Anyswap: Bridge Fantom,,0,,3.1,2013.33,2042.31,28.98,658.81,2026-05-21,0,0,0.00,0.00,0,,outflow_from_you
0x826ceec696c4ae7aea52fd7ba0be5213d5eb472a06e07f6609574418a3e0d74e,https://bscscan.com/tx/0x826ceec696c4ae7aea52fd7ba0be5213d5eb472a06e07f6609574418a3e0d74e,17712246,2022-05-11 14:05:07,,javascript:;,Biswap: Router,https://bscscan.com/address/0x3a6d8ca21d1cf76f653a67577fa0d27453350dd8,0 BNB $0.00,0 . 00051682,,0x3a6d8ca21d1cf76f653a67577fa0d27453350dd8,,Biswap: Router,,Biswap: Router,,0,,0,0.00,0.00,0.00,658.81,2026-05-21,0,0,0.00,0.00,0,,outflow_from_you
0xcdda90200f3f0989142f3a06df962d933971daf41c90cd8208e635b9c42fd5e8,https://bscscan.com/tx/0xcdda90200f3f0989142f3a06df962d933971daf41c90cd8208e635b9c42fd5e8,17712237,2022-05-11 14:04:40,,javascript:;,Biswap: Router,https://bscscan.com/address/0x3a6d8ca21d1cf76f653a67577fa0d27453350dd8,0 BNB $0.00,0 . 00103038,,0x3a6d8ca21d1cf76f653a67577fa0d27453350dd8,,Biswap: Router,,Biswap: Router,,0,,0,0.00,0.00,0.00,658.81,2026-05-21,0,0,0.00,0.00,0,,outflow_from_you
0xa4d0094d74117057cadbcd6544fa77423cda9fe2b51bfd0cc406cfc1186b98ed,https://bscscan.com/tx/0xa4d0094d74117057cadbcd6544fa77423cda9fe2b51bfd0cc406cfc1186b98ed,17712219,2022-05-11 14:03:46,,javascript:;,0x1592550E...800A187E1,https://bscscan.com/address/0x1592550e083286c35282e53732fde11800a187e1,0 BNB $0.00,0 . 00111088,,0x1592550e083286c35282e53732fde11800a187e1,,,,,,0,,0,0.00,0.00,0.00,658.81,2026-05-21,0,0,0.00,0.00,0,,outflow_from_you
0xe9a60177ede0fa5b028049566b59a97010d4636084cc32e7925392562ec81212,https://bscscan.com/tx/0xe9a60177ede0fa5b028049566b59a97010d4636084cc32e7925392562ec81212,17677685,2022-05-10 8:32:31,,javascript:;,0x9A76a315...b4F7B16F0,https://bscscan.com/address/0x9a76a315109663d9f2e105be7a6df18b4f7b16f0,"2.240909245 BNB $1,455.38",0 . 00245917,,0x9a76a315109663d9f2e105be7a6df18b4f7b16f0,,,,,,0,,2.240909245,1455.38,1476.33,20.95,658.81,2026-05-21,0,0,0.00,0.00,0,,outflow_from_you
0x68e989b4381dbd80e22ec2e6a708bdd9e9034dea8a1ff1228bb4a13da1e45211,https://bscscan.com/tx/0x68e989b4381dbd80e22ec2e6a708bdd9e9034dea8a1ff1228bb4a13da1e45211,17677671,2022-05-10 8:31:34,,javascript:;,Biswap: Router,https://bscscan.com/address/0x3a6d8ca21d1cf76f653a67577fa0d27453350dd8,0 BNB $0.00,0 . 00061295,,0x3a6d8ca21d1cf76f653a67577fa0d27453350dd8,,Biswap: Router,,Biswap: Router,,0,,0,0.00,0.00,0.00,658.81,2026-05-21,0,0,0.00,0.00,0,,outflow_from_you
0x2775ee929b09387302b6a40b6f7912aa77eb5a4e0936304f90f42149f07db6eb,https://bscscan.com/tx/0x2775ee929b09387302b6a40b6f7912aa77eb5a4e0936304f90f42149f07db6eb,17677655,2022-05-10 8:30:39,,javascript:;,Biswap: Router,https://bscscan.com/address/0x3a6d8ca21d1cf76f653a67577fa0d27453350dd8,0 BNB $0.00,0 . 00102944,,0x3a6d8ca21d1cf76f653a67577fa0d27453350dd8,,Biswap: Router,,Biswap: Router,,0,,0,0.00,0.00,0.00,658.81,2026-05-21,0,0,0.00,0.00,0,,outflow_from_you
0x9adabd311be397730e25980cee6eb492e88a9e3d70621a1457c1f2c440993a72,https://bscscan.com/tx/0x9adabd311be397730e25980cee6eb492e88a9e3d70621a1457c1f2c440993a72,17677611,2022-05-10 8:28:22,,javascript:;,0x8C606962...DA152f181,https://bscscan.com/address/0x8c6069624e746513ac1b1d1434aabbeda152f181,0 BNB $0.00,0 . 00111404,,0x8c6069624e746513ac1b1d1434aabbeda152f181,,,,,,0,,0,0.00,0.00,0.00,658.81,2026-05-21,0,0,0.00,0.00,0,,outflow_from_you
0x0d2818597d585b0cfa97b0942e5d190edd775e03973ebf8142307a405e157267,https://bscscan.com/tx/0x0d2818597d585b0cfa97b0942e5d190edd775e03973ebf8142307a405e157267,17672945,2022-05-10 4:33:54,,javascript:;,0x9A76a315...b4F7B16F0,https://bscscan.com/address/0x9a76a315109663d9f2e105be7a6df18b4f7b16f0,"3 BNB $1,948.38",0 . 00253419,,0x9a76a315109663d9f2e105be7a6df18b4f7b16f0,,,,,,0,,3,1948.38,1976.43,28.05,658.81,2026-05-21,0,0,0.00,0.00,0,,outflow_from_you
0xad38d5942268fa182627faec515c04557c20bdb6715bd86933af320b9ec9055e,https://bscscan.com/tx/0xad38d5942268fa182627faec515c04557c20bdb6715bd86933af320b9ec9055e,17672932,2022-05-10 4:33:15,,javascript:;,Biswap: Router,https://bscscan.com/address/0x3a6d8ca21d1cf76f653a67577fa0d27453350dd8,0 BNB $0.00,0 . 00061295,,0x3a6d8ca21d1cf76f653a67577fa0d27453350dd8,,Biswap: Router,,Biswap: Router,,0,,0,0.00,0.00,0.00,658.81,2026-05-21,0,0,0.00,0.00,0,,outflow_from_you
0xa600991fc5a89b3ff4e5fa14fc30fd376349bc7c1ab9579e8a9ffd595370024f,https://bscscan.com/tx/0xa600991fc5a89b3ff4e5fa14fc30fd376349bc7c1ab9579e8a9ffd595370024f,17672909,2022-05-10 4:32:06,,javascript:;,Biswap: Router,https://bscscan.com/address/0x3a6d8ca21d1cf76f653a67577fa0d27453350dd8,0 BNB $0.00,0 . 00095444,,0x3a6d8ca21d1cf76f653a67577fa0d27453350dd8,,Biswap: Router,,Biswap: Router,,0,,0,0.00,0.00,0.00,658.81,2026-05-21,0,0,0.00,0.00,0,,outflow_from_you
0x67cf2b50b11bc0dde7374b9f7eb51d96e705747dda166097b814c6725c8f7bcb,https://bscscan.com/tx/0x67cf2b50b11bc0dde7374b9f7eb51d96e705747dda166097b814c6725c8f7bcb,17672862,2022-05-10 4:29:45,,javascript:;,0x8C606962...DA152f181,https://bscscan.com/address/0x8c6069624e746513ac1b1d1434aabbeda152f181,0 BNB $0.00,0 . 00126088,,0x8c6069624e746513ac1b1d1434aabbeda152f181,,,,,,0,,0,0.00,0.00,0.00,658.81,2026-05-21,0,0,0.00,0.00,0,,outflow_from_you
0x428ab3149982dc670862d87ed38351f641e17252c364c6a711d176b0f3a751a7,https://bscscan.com/tx/0x428ab3149982dc670862d87ed38351f641e17252c364c6a711d176b0f3a751a7,17657724,2022-05-09 15:49:30,,javascript:;,0x9A76a315...b4F7B16F0,https://bscscan.com/address/0x9a76a315109663d9f2e105be7a6df18b4f7b16f0,"1.780955809 BNB $1,156.66",0 . 00254695,,0x9a76a315109663d9f2e105be7a6df18b4f7b16f0,,,,,,0,,1.780955809,1156.66,1173.31,16.65,658.81,2026-05-21,0,0,0.00,0.00,0,,outflow_from_you
0xf4562f9c69374ee090e6a3c42c255cc6262624a4a8611d10e9294b51843f67c9,https://bscscan.com/tx/0xf4562f9c69374ee090e6a3c42c255cc6262624a4a8611d10e9294b51843f67c9,17657709,2022-05-09 15:48:45,,javascript:;,PancakeSwap: Router v2,https://bscscan.com/address/0x10ed43c718714eb63d5aa57b78b54704e256024e,0 BNB $0.00,0 . 00061355,,0x10ed43c718714eb63d5aa57b78b54704e256024e,,PancakeSwap: Router v2,,PancakeSwap: Router v2,,0,,0,0.00,0.00,0.00,658.81,2026-05-21,0,0,0.00,0.00,0,,outflow_from_you
0x5129a344aeda43a2eef50b240a81824272367c46c3f1d646feb9ef6874140d9f,https://bscscan.com/tx/0x5129a344aeda43a2eef50b240a81824272367c46c3f1d646feb9ef6874140d9f,17657696,2022-05-09 15:48:06,,javascript:;,PancakeSwap: Router v2,https://bscscan.com/address/0x10ed43c718714eb63d5aa57b78b54704e256024e,0 BNB $0.00,0 . 0010771,,0x10ed43c718714eb63d5aa57b78b54704e256024e,,PancakeSwap: Router v2,,PancakeSwap: Router v2,,0,,0,0.00,0.00,0.00,658.81,2026-05-21,0,0,0.00,0.00,0,,outflow_from_you
0x715251f1ef194bcb08530913c4f6c4c209b6a2c3e2edcb4b78a0566939ea7e57,https://bscscan.com/tx/0x715251f1ef194bcb08530913c4f6c4c209b6a2c3e2edcb4b78a0566939ea7e57,17657672,2022-05-09 15:46:54,,javascript:;,0x39E5C480...C0cF4bE30,https://bscscan.com/address/0x39e5c480bc28b77d8b5960abc248a21c0cf4be30,0 BNB $0.00,0 . 00111797,,0x39e5c480bc28b77d8b5960abc248a21c0cf4be30,,,,,,0,,0,0.00,0.00,0.00,658.81,2026-05-21,0,0,0.00,0.00,0,,outflow_from_you
0x83a72b8c93cd0ba777ed276bfd1ce3a7dcf82f89fd1f911bdb6d06b847fdf228,https://bscscan.com/tx/0x83a72b8c93cd0ba777ed276bfd1ce3a7dcf82f89fd1f911bdb6d06b847fdf228,17627035,2022-05-08 14:06:22,,javascript:;,0x9A76a315...b4F7B16F0,https://bscscan.com/address/0x9a76a315109663d9f2e105be7a6df18b4f7b16f0,"3.369207552 BNB $2,188.17",0 . 00256759,,0x9a76a315109663d9f2e105be7a6df18b4f7b16f0,,,,,,0,,3.369207552,2188.17,2219.67,31.50,658.81,2026-05-21,0,0,0.00,0.00,0,,outflow_from_you
0xabe6005428afba4553c34443e7c1c6991920d27d6311436daf1ce9c0040194bf,https://bscscan.com/tx/0xabe6005428afba4553c34443e7c1c6991920d27d6311436daf1ce9c0040194bf,17627014,2022-05-08 14:05:19,,javascript:;,Biswap: Router,https://bscscan.com/address/0x3a6d8ca21d1cf76f653a67577fa0d27453350dd8,0 BNB $0.00,0 . 0005769,,0x3a6d8ca21d1cf76f653a67577fa0d27453350dd8,,Biswap: Router,,Biswap: Router,,0,,0,0.00,0.00,0.00,658.81,2026-05-21,0,0,0.00,0.00,0,,outflow_from_you
0xba96163f7cdb8385687b4dfd758cfb37e727133060677da1efee0b1d3d9e2582,https://bscscan.com/tx/0xba96163f7cdb8385687b4dfd758cfb37e727133060677da1efee0b1d3d9e2582,17627007,2022-05-08 14:04:58,,javascript:;,0x6c7fc3Fd...EC26240A2,https://bscscan.com/address/0x6c7fc3fd4a9f1cfa2a69b83f92b9da7ec26240a2,0 BNB $0.00,0 . 00022255,,0x6c7fc3fd4a9f1cfa2a69b83f92b9da7ec26240a2,,,,,,0,,0,0.00,0.00,0.00,658.81,2026-05-21,0,0,0.00,0.00,0,,outflow_from_you
0x64676a410f5028a8af2ba5e2c0d6f0fb0f0ce9dc19c8121265fdfe3fcfd3da8c,https://bscscan.com/tx/0x64676a410f5028a8af2ba5e2c0d6f0fb0f0ce9dc19c8121265fdfe3fcfd3da8c,17626994,2022-05-08 14:04:19,,javascript:;,Biswap: Router,https://bscscan.com/address/0x3a6d8ca21d1cf76f653a67577fa0d27453350dd8,0 BNB $0.00,0 . 00103093,,0x3a6d8ca21d1cf76f653a67577fa0d27453350dd8,,Biswap: Router,,Biswap: Router,,0,,0,0.00,0.00,0.00,658.81,2026-05-21,0,0,0.00,0.00,0,,outflow_from_you
0x9906d81bda1c8dcf0c6008cbafcb0dd485e827ce918a677a3fd56d9e47acd689,https://bscscan.com/tx/0x9906d81bda1c8dcf0c6008cbafcb0dd485e827ce918a677a3fd56d9e47acd689,17626930,2022-05-08 14:01:07,,javascript:;,0x1592550E...800A187E1,https://bscscan.com/address/0x1592550e083286c35282e53732fde11800a187e1,0 BNB $0.00,0 . 00111404,,0x1592550e083286c35282e53732fde11800a187e1,,,,,,0,,0,0.00,0.00,0.00,658.81,2026-05-21,0,0,0.00,0.00,0,,outflow_from_you
0x87bcf0ae01d127944832e93d0593436b3236b2dba5e640ed119fae323adaa205,https://bscscan.com/tx/0x87bcf0ae01d127944832e93d0593436b3236b2dba5e640ed119fae323adaa205,17614528,2022-05-08 3:27:04,,javascript:;,0xB6934215...68B6A3182,https://bscscan.com/address/0xb6934215b856b03430fc8dc058bd1c668b6a3182,0.3 BNB $194.84,0 . 000105,,0xb6934215b856b03430fc8dc058bd1c668b6a3182,,,,,,0,,0.3,194.84,197.64,2.80,658.81,2026-05-21,0,0,0.00,0.00,1,user_binance_address_match,outflow_from_you
0xa460ec3db566fae0020cb3c4de51e363c9b9e093ae74d0eb48dedaae9b1f7d8c,https://bscscan.com/tx/0xa460ec3db566fae0020cb3c4de51e363c9b9e093ae74d0eb48dedaae9b1f7d8c,17614244,2022-05-08 3:12:48,Anyswap: Bridge Fantom,https://bscscan.com/address/0x4b3b4120d4d7975455d8c2894228789c91a247f8,,javascript:;,0.228 BNB $148.00,0 . 00012192,0x4b3b4120d4d7975455d8c2894228789c91a247f8,,Anyswap: Bridge Fantom,,Anyswap: Bridge Fantom,,,0,,0.228,148.00,150.21,2.21,658.81,2026-05-21,0,0,0.00,0.00,0,,inflow_to_you
0x6cfd41871d0a954ee16b2953c5636817a09b16d731ddcdeb40df10808a55264f,https://bscscan.com/tx/0x6cfd41871d0a954ee16b2953c5636817a09b16d731ddcdeb40df10808a55264f,17613727,2022-05-08 2:46:15,,javascript:;,0x03c509fd...A147486EA,https://bscscan.com/address/0x03c509fd85d51dc7e75fa2de06276cfa147486ea,"2.646040612 BNB $1,717.65",0 . 00259337,,0x03c509fd85d51dc7e75fa2de06276cfa147486ea,,,,,,0,,2.646040612,1717.65,1743.24,25.59,658.81,2026-05-21,0,0,0.00,0.00,0,,outflow_from_you
0xa8a1dd03a091c2e6bac6428b06d35e953edd9395110d96c23909baf6235ad648,https://bscscan.com/tx/0xa8a1dd03a091c2e6bac6428b06d35e953edd9395110d96c23909baf6235ad648,17613717,2022-05-08 2:45:44,,javascript:;,Biswap: Router,https://bscscan.com/address/0x3a6d8ca21d1cf76f653a67577fa0d27453350dd8,0 BNB $0.00,0 . 00061295,,0x3a6d8ca21d1cf76f653a67577fa0d27453350dd8,,Biswap: Router,,Biswap: Router,,0,,0,0.00,0.00,0.00,658.81,2026-05-21,0,0,0.00,0.00,0,,outflow_from_you
0xbf32f4cac8ceb8cfbb2f74f7370c4241ff6c88950cc05a7d8b8a416f58c20a8c,https://bscscan.com/tx/0xbf32f4cac8ceb8cfbb2f74f7370c4241ff6c88950cc05a7d8b8a416f58c20a8c,17613706,2022-05-08 2:45:11,,javascript:;,Biswap: Router,https://bscscan.com/address/0x3a6d8ca21d1cf76f653a67577fa0d27453350dd8,0 BNB $0.00,0 . 0011045,,0x3a6d8ca21d1cf76f653a67577fa0d27453350dd8,,Biswap: Router,,Biswap: Router,,0,,0,0.00,0.00,0.00,658.81,2026-05-21,0,0,0.00,0.00,0,,outflow_from_you
0xf4f648f2a00cac90d5692718a91feabfd1a361d23fcf8472cbcefe4974b843a6,https://bscscan.com/tx/0xf4f648f2a00cac90d5692718a91feabfd1a361d23fcf8472cbcefe4974b843a6,17613693,2022-05-08 2:44:32,,javascript:;,0x8C606962...DA152f181,https://bscscan.com/address/0x8c6069624e746513ac1b1d1434aabbeda152f181,0 BNB $0.00,0 . 00111404,,0x8c6069624e746513ac1b1d1434aabbeda152f181,,,,,,0,,0,0.00,0.00,0.00,658.81,2026-05-21,0,0,0.00,0.00,0,,outflow_from_you
0x2ad6f7906fb951e246bc02ef20c434f79030fdf13ca6ff8ca1c64ff1a29c56e4,https://bscscan.com/tx/0x2ad6f7906fb951e246bc02ef20c434f79030fdf13ca6ff8ca1c64ff1a29c56e4,17580464,2022-05-06 22:52:25,,javascript:;,0x8C606962...DA152f181,https://bscscan.com/address/0x8c6069624e746513ac1b1d1434aabbeda152f181,0 BNB $0.00,0 . 00109203,,0x8c6069624e746513ac1b1d1434aabbeda152f181,,,,,,0,,0,0.00,0.00,0.00,658.81,2026-05-21,0,0,0.00,0.00,0,,outflow_from_you
0x84efe76fbd24fd53d0bef3e58fc91f87404a486b00a708efc5cb98276ae8e2a7,https://bscscan.com/tx/0x84efe76fbd24fd53d0bef3e58fc91f87404a486b00a708efc5cb98276ae8e2a7,17580458,2022-05-06 22:52:07,,javascript:;,Biswap: LP Contract 3,https://bscscan.com/address/0xc7dc9343c90be0ea2af6776efe5e19b2734f8d0d,0 BNB $0.00,0 . 00022016,,0xc7dc9343c90be0ea2af6776efe5e19b2734f8d0d,,Biswap: LP Contract 3,,Biswap: LP Contract 3,,0,,0,0.00,0.00,0.00,658.81,2026-05-21,0,0,0.00,0.00,0,,outflow_from_you
0x5be93ea06179d65be965d6c2cc1ffed89acf94af770e78d82d27fb42fd87d7ad,https://bscscan.com/tx/0x5be93ea06179d65be965d6c2cc1ffed89acf94af770e78d82d27fb42fd87d7ad,17580448,2022-05-06 22:51:37,,javascript:;,Biswap: Router,https://bscscan.com/address/0x3a6d8ca21d1cf76f653a67577fa0d27453350dd8,0.255630119 BNB $165.94,0 . 00078154,,0x3a6d8ca21d1cf76f653a67577fa0d27453350dd8,,Biswap: Router,,Biswap: Router,,0,,0.255630119,165.94,168.41,2.47,658.81,2026-05-21,0,0,0.00,0.00,0,,outflow_from_you
0xbe96e9eb3df91c4621516421ccfa58ee89d57bed53fefecf75716c65554d08a3,https://bscscan.com/tx/0xbe96e9eb3df91c4621516421ccfa58ee89d57bed53fefecf75716c65554d08a3,17580444,2022-05-06 22:51:25,,javascript:;,0xA2315cC5...8356fEaC7,https://bscscan.com/address/0xa2315cc5a1e4ae3d0a491ed4fe45ebf8356feac7,0 BNB $0.00,0 . 00012603,,0xa2315cc5a1e4ae3d0a491ed4fe45ebf8356feac7,,,,,,0,,0,0.00,0.00,0.00,658.81,2026-05-21,0,0,0.00,0.00,0,,outflow_from_you
0x88d7b3de1e1d7b5975bed2fd741175e51572caddf258dccc3ac632476d18aefe,https://bscscan.com/tx/0x88d7b3de1e1d7b5975bed2fd741175e51572caddf258dccc3ac632476d18aefe,17580435,2022-05-06 22:50:58,,javascript:;,0xA2315cC5...8356fEaC7,https://bscscan.com/address/0xa2315cc5a1e4ae3d0a491ed4fe45ebf8356feac7,0 BNB $0.00,0 . 00022203,,0xa2315cc5a1e4ae3d0a491ed4fe45ebf8356feac7,,,,,,0,,0,0.00,0.00,0.00,658.81,2026-05-21,0,0,0.00,0.00,0,,outflow_from_you
0x717a63d4b6a6adcd3af631bc1f68c3bba5a043369a13af82b82da4d3220955ba,https://bscscan.com/tx/0x717a63d4b6a6adcd3af631bc1f68c3bba5a043369a13af82b82da4d3220955ba,17580391,2022-05-06 22:48:46,0xE42BE986...70D329C86,https://bscscan.com/address/0xe42be98613347658f82dcd90ce8102e70d329c86,,javascript:;,0.25532439 BNB $165.74,0 . 000105,0xe42be98613347658f82dcd90ce8102e70d329c86,,,,,,,0,,0.25532439,165.74,168.21,2.47,658.81,2026-05-21,0,0,0.00,0.00,0,,inflow_to_you
0x897f1ddb85b5da14175efba247641c010dbdc20375ee300a970bb967be237613,https://bscscan.com/tx/0x897f1ddb85b5da14175efba247641c010dbdc20375ee300a970bb967be237613,17580190,2022-05-06 22:38:43,,javascript:;,0xB6934215...68B6A3182,https://bscscan.com/address/0xb6934215b856b03430fc8dc058bd1c668b6a3182,0.13 BNB $84.39,0 . 000105,,0xb6934215b856b03430fc8dc058bd1c668b6a3182,,,,,,0,,0.13,84.39,85.65,1.26,658.81,2026-05-21,0,0,0.00,0.00,1,user_binance_address_match,outflow_from_you
0xef46b71ab79e559a4451e36ff8b996ef630cd9db359579c6f8d7a742363d6e65,https://bscscan.com/tx/0xef46b71ab79e559a4451e36ff8b996ef630cd9db359579c6f8d7a742363d6e65,17580179,2022-05-06 22:38:10,,javascript:;,0xE42BE986...70D329C86,https://bscscan.com/address/0xe42be98613347658f82dcd90ce8102e70d329c86,"3.08 BNB $1,999.35",0 . 000105,,0xe42be98613347658f82dcd90ce8102e70d329c86,,,,,,0,,3.08,1999.35,2029.13,29.78,658.81,2026-05-21,0,0,0.00,0.00,0,,outflow_from_you
0xb95102bea3cc455007dbb20b42b4933b316cc33c29437974d4be966e3539ca82,https://bscscan.com/tx/0xb95102bea3cc455007dbb20b42b4933b316cc33c29437974d4be966e3539ca82,17579832,2022-05-06 22:20:36,Binance: Withdrawals 7,https://bscscan.com/address/0xe2fc31f816a9b94326492132018c3aecc4a93ae1,,javascript:;,"3.2295 BNB $2,096.40",0 . 00021,0xe2fc31f816a9b94326492132018c3aecc4a93ae1,,Binance: Withdrawals 7,,Binance: Withdrawals 7,,,0,,3.2295,2096.40,2127.63,31.23,658.81,2026-05-21,1,3.2295,2096.40,2127.63,1,friendly_tag_or_url_contains_binance,inflow_to_you
0x01049ce49a5470abe652454f26d2fa8b659c31e5ff2770ba965e22f70a95ba86,https://bscscan.com/tx/0x01049ce49a5470abe652454f26d2fa8b659c31e5ff2770ba965e22f70a95ba86,17579254,2022-05-06 21:51:42,,javascript:;,0xE42BE986...70D329C86,https://bscscan.com/address/0xe42be98613347658f82dcd90ce8102e70d329c86,1.32 BNB $856.86,0 . 000105,,0xe42be98613347658f82dcd90ce8102e70d329c86,,,,,,0,,1.32,856.86,869.63,12.77,658.81,2026-05-21,0,0,0.00,0.00,0,,outflow_from_you
0xfc627fb760c832bc600cff0c65eb3c216cf87e51c3650693969fcd11e0512636,https://bscscan.com/tx/0xfc627fb760c832bc600cff0c65eb3c216cf87e51c3650693969fcd11e0512636,17579246,2022-05-06 21:51:18,,javascript:;,0x6c7fc3Fd...EC26240A2,https://bscscan.com/address/0x6c7fc3fd4a9f1cfa2a69b83f92b9da7ec26240a2,0 BNB $0.00,0 . 00018056,,0x6c7fc3fd4a9f1cfa2a69b83f92b9da7ec26240a2,,,,,,0,,0,0.00,0.00,0.00,658.81,2026-05-21,0,0,0.00,0.00,0,,outflow_from_you
0x942a9f75e245b03ff7ec18db83b140651239aa2f4bcfd706b27302dd8505f3b9,https://bscscan.com/tx/0x942a9f75e245b03ff7ec18db83b140651239aa2f4bcfd706b27302dd8505f3b9,17579190,2022-05-06 21:48:30,,javascript:;,Biswap: Router,https://bscscan.com/address/0x3a6d8ca21d1cf76f653a67577fa0d27453350dd8,0 BNB $0.00,0 . 00110484,,0x3a6d8ca21d1cf76f653a67577fa0d27453350dd8,,Biswap: Router,,Biswap: Router,,0,,0,0.00,0.00,0.00,658.81,2026-05-21,0,0,0.00,0.00,0,,outflow_from_you
0xb13803c446e36c191ba19fb2cd9845e20ffe287b6082d7035cfbe9d16d33cfd3,https://bscscan.com/tx/0xb13803c446e36c191ba19fb2cd9845e20ffe287b6082d7035cfbe9d16d33cfd3,17579112,2022-05-06 21:44:36,,javascript:;,0x1592550E...800A187E1,https://bscscan.com/address/0x1592550e083286c35282e53732fde11800a187e1,0 BNB $0.00,0 . 00118588,,0x1592550e083286c35282e53732fde11800a187e1,,,,,,0,,0,0.00,0.00,0.00,658.81,2026-05-21,0,0,0.00,0.00,0,,outflow_from_you
0xaab0a78b8a5fe102b09ee26c7f51ffe223944c5a92289a02e2cc7bc6c3ad93ce,https://bscscan.com/tx/0xaab0a78b8a5fe102b09ee26c7f51ffe223944c5a92289a02e2cc7bc6c3ad93ce,17579034,2022-05-06 21:40:42,,javascript:;,0x9A76a315...b4F7B16F0,https://bscscan.com/address/0x9a76a315109663d9f2e105be7a6df18b4f7b16f0,"4.17631367 BNB $2,711.01",0 . 0024581,,0x9a76a315109663d9f2e105be7a6df18b4f7b16f0,,,,,,0,,4.17631367,2711.01,2751.40,40.39,658.81,2026-05-21,0,0,0.00,0.00,0,,outflow_from_you
0xb4936e896e46f971a41f31f82a20931a33daf035e31454b6cff978f2a0ce15fe,https://bscscan.com/tx/0xb4936e896e46f971a41f31f82a20931a33daf035e31454b6cff978f2a0ce15fe,17579016,2022-05-06 21:39:48,,javascript:;,PancakeSwap: Router v2,https://bscscan.com/address/0x10ed43c718714eb63d5aa57b78b54704e256024e,0 BNB $0.00,0 . 00061355,,0x10ed43c718714eb63d5aa57b78b54704e256024e,,PancakeSwap: Router v2,,PancakeSwap: Router v2,,0,,0,0.00,0.00,0.00,658.81,2026-05-21,0,0,0.00,0.00,0,,outflow_from_you
0x8474f5d29d3c72962dfe55301288f3925d032edc8ad1ff7d19742da3517916b8,https://bscscan.com/tx/0x8474f5d29d3c72962dfe55301288f3925d032edc8ad1ff7d19742da3517916b8,17579008,2022-05-06 21:39:24,,javascript:;,PancakeSwap: Router v2,https://bscscan.com/address/0x10ed43c718714eb63d5aa57b78b54704e256024e,0 BNB $0.00,0 . 00102045,,0x10ed43c718714eb63d5aa57b78b54704e256024e,,PancakeSwap: Router v2,,PancakeSwap: Router v2,,0,,0,0.00,0.00,0.00,658.81,2026-05-21,0,0,0.00,0.00,0,,outflow_from_you
0x30f177a4dc7a989460959bb28fc3b1d763ce4894177075cb5ee9e6420bb9fbc7,https://bscscan.com/tx/0x30f177a4dc7a989460959bb28fc3b1d763ce4894177075cb5ee9e6420bb9fbc7,17578994,2022-05-06 21:38:42,,javascript:;,0x39E5C480...C0cF4bE30,https://bscscan.com/address/0x39e5c480bc28b77d8b5960abc248a21c0cf4be30,0 BNB $0.00,0 . 00104297,,0x39e5c480bc28b77d8b5960abc248a21c0cf4be30,,,,,,0,,0,0.00,0.00,0.00,658.81,2026-05-21,0,0,0.00,0.00,0,,outflow_from_you
0x4afe2a4234af3c44cacac0a51cf7d76692ae351880158310c55bb6a62344ba2c,https://bscscan.com/tx/0x4afe2a4234af3c44cacac0a51cf7d76692ae351880158310c55bb6a62344ba2c,17578969,2022-05-06 21:37:27,,javascript:;,0x9A76a315...b4F7B16F0,https://bscscan.com/address/0x9a76a315109663d9f2e105be7a6df18b4f7b16f0,"1.55 BNB $1,006.17",0 . 0025665,,0x9a76a315109663d9f2e105be7a6df18b4f7b16f0,,,,,,0,,1.55,1006.17,1021.16,14.99,658.81,2026-05-21,0,0,0.00,0.00,0,,outflow_from_you
0xf689cd957259641736f42ae4705e4e2fe4f6fee678a6c1d694629c6d610af3ca,https://bscscan.com/tx/0xf689cd957259641736f42ae4705e4e2fe4f6fee678a6c1d694629c6d610af3ca,17578956,2022-05-06 21:36:48,,javascript:;,0x9A76a315...b4F7B16F0,https://bscscan.com/address/0x9a76a315109663d9f2e105be7a6df18b4f7b16f0,"1.55 BNB $1,006.17",0 . 0025331,,0x9a76a315109663d9f2e105be7a6df18b4f7b16f0,,,,,,0,,1.55,1006.17,1021.16,14.99,658.81,2026-05-21,0,0,0.00,0.00,0,,outflow_from_you
0xab29304cdd69b7702666e5a768add88e423bf9f04360834ac2dab50a8e88b5ca,https://bscscan.com/tx/0xab29304cdd69b7702666e5a768add88e423bf9f04360834ac2dab50a8e88b5ca,17578920,2022-05-06 21:35:00,Binance: Hot Wallet 16,https://bscscan.com/address/0xa180fe01b906a1be37be6c534a3300785b20d947,,javascript:;,"3.1995 BNB $2,076.92",0 . 00021,0xa180fe01b906a1be37be6c534a3300785b20d947,,Binance: Hot Wallet 16,,Binance: Hot Wallet 16,,,0,,3.1995,2076.92,2107.86,30.94,658.81,2026-05-21,1,3.1995,2076.92,2107.86,1,friendly_tag_or_url_contains_binance,inflow_to_you
0x07fd3a7446d9189a1816d66fc6c25c8e828a5113b6896f056c322b989b522251,https://bscscan.com/tx/0x07fd3a7446d9189a1816d66fc6c25c8e828a5113b6896f056c322b989b522251,17517375,2022-05-04 18:05:39,,javascript:;,0x03c509fd...A147486EA,https://bscscan.com/address/0x03c509fd85d51dc7e75fa2de06276cfa147486ea,"3.664703768 BNB $2,378.90",0 . 00259233,,0x03c509fd85d51dc7e75fa2de06276cfa147486ea,,,,,,0,,3.664703768,2378.90,2414.34,35.44,658.81,2026-05-21,0,0,0.00,0.00,0,,outflow_from_you
0x4544b0164141757ca1de78b4fbeed61b7ac7d079d5fe68825ce0865cc54c89f5,https://bscscan.com/tx/0x4544b0164141757ca1de78b4fbeed61b7ac7d079d5fe68825ce0865cc54c89f5,17513584,2022-05-04 14:55:53,,javascript:;,0xB6934215...68B6A3182,https://bscscan.com/address/0xb6934215b856b03430fc8dc058bd1c668b6a3182,1 BNB $649.14,0 . 000105,,0xb6934215b856b03430fc8dc058bd1c668b6a3182,,,,,,0,,1,649.14,658.81,9.67,658.81,2026-05-21,0,0,0.00,0.00,1,user_binance_address_match,outflow_from_you
0xa415a4ec6260914205b4591285e86eed62ca24f317e10dbc03283bb2a205a1ae,https://bscscan.com/tx/0xa415a4ec6260914205b4591285e86eed62ca24f317e10dbc03283bb2a205a1ae,17513547,2022-05-04 14:54:02,,javascript:;,0xB6934215...68B6A3182,https://bscscan.com/address/0xb6934215b856b03430fc8dc058bd1c668b6a3182,"3.87 BNB $2,512.17",0 . 000105,,0xb6934215b856b03430fc8dc058bd1c668b6a3182,,,,,,0,,3.87,2512.17,2549.59,37.42,658.81,2026-05-21,0,0,0.00,0.00,1,user_binance_address_match,outflow_from_you
0xf892c6d616f4ae40752e8bc3e64611c30667411f0ef2dc82d2550565cc254df4,https://bscscan.com/tx/0xf892c6d616f4ae40752e8bc3e64611c30667411f0ef2dc82d2550565cc254df4,17511901,2022-05-04 13:29:28,,javascript:;,PancakeSwap: Router v2,https://bscscan.com/address/0x10ed43c718714eb63d5aa57b78b54704e256024e,0 BNB $0.00,0 . 00061355,,0x10ed43c718714eb63d5aa57b78b54704e256024e,,PancakeSwap: Router v2,,PancakeSwap: Router v2,,0,,0,0.00,0.00,0.00,658.81,2026-05-21,0,0,0.00,0.00,0,,outflow_from_you
0xd67b6b5fa0b47707396a1f5d86c933fd51132a28c572e93316d58010a054c62a,https://bscscan.com/tx/0xd67b6b5fa0b47707396a1f5d86c933fd51132a28c572e93316d58010a054c62a,17511883,2022-05-04 13:28:31,,javascript:;,PancakeSwap: Router v2,https://bscscan.com/address/0x10ed43c718714eb63d5aa57b78b54704e256024e,0 BNB $0.00,0 . 00107704,,0x10ed43c718714eb63d5aa57b78b54704e256024e,,PancakeSwap: Router v2,,PancakeSwap: Router v2,,0,,0,0.00,0.00,0.00,658.81,2026-05-21,0,0,0.00,0.00,0,,outflow_from_you
0xead315de323a989031cefddf0edb47dcb56785c2132816f844ed0762466325dd,https://bscscan.com/tx/0xead315de323a989031cefddf0edb47dcb56785c2132816f844ed0762466325dd,17511867,2022-05-04 13:27:37,,javascript:;,0x39E5C480...C0cF4bE30,https://bscscan.com/address/0x39e5c480bc28b77d8b5960abc248a21c0cf4be30,0 BNB $0.00,0 . 00111797,,0x39e5c480bc28b77d8b5960abc248a21c0cf4be30,,,,,,0,,0,0.00,0.00,0.00,658.81,2026-05-21,0,0,0.00,0.00,0,,outflow_from_you
0xe9ae56a1d84a11ea6b169e956dced7772b8c3b683daec7dfae79d528313be155,https://bscscan.com/tx/0xe9ae56a1d84a11ea6b169e956dced7772b8c3b683daec7dfae79d528313be155,17482159,2022-05-03 12:32:02,,javascript:;,0x03c509fd...A147486EA,https://bscscan.com/address/0x03c509fd85d51dc7e75fa2de06276cfa147486ea,"1.69843 BNB $1,102.52",0 . 0025179,,0x03c509fd85d51dc7e75fa2de06276cfa147486ea,,,,,,0,,1.69843,1102.52,1118.94,16.42,658.81,2026-05-21,0,0,0.00,0.00,0,,outflow_from_you
0xd20c26cb6b197ee44e76a9cdca3b779f8e22375aa6d37495010b7fcf10e47997,https://bscscan.com/tx/0xd20c26cb6b197ee44e76a9cdca3b779f8e22375aa6d37495010b7fcf10e47997,17482135,2022-05-03 12:30:50,Binance: Hot Wallet 10,https://bscscan.com/address/0xeb2d2f1b8c558a40207669291fda468e50c8a0bb,,javascript:;,"1.7467007 BNB $1,133.85",0 . 00021,0xeb2d2f1b8c558a40207669291fda468e50c8a0bb,,Binance: Hot Wallet 10,,Binance: Hot Wallet 10,,,0,,1.7467007,1133.85,1150.74,16.89,658.81,2026-05-21,1,1.7467007,1133.85,1150.74,1,friendly_tag_or_url_contains_binance,inflow_to_you
0x4c178cb8927233de455c6c0d0acfbf36b1f5739a8b40bf4cdabf5bc461fc6b62,https://bscscan.com/tx/0x4c178cb8927233de455c6c0d0acfbf36b1f5739a8b40bf4cdabf5bc461fc6b62,17470607,2022-05-03 2:52:23,,javascript:;,0x03c509fd...A147486EA,https://bscscan.com/address/0x03c509fd85d51dc7e75fa2de06276cfa147486ea,1.05 BNB $681.60,0 . 00251728,,0x03c509fd85d51dc7e75fa2de06276cfa147486ea,,,,,,0,,1.05,681.60,691.75,10.15,658.81,2026-05-21,0,0,0.00,0.00,0,,outflow_from_you
0xf934b357a72d03cb490926d14e647e697fc7a0c78494e13fe7c773b250db3485,https://bscscan.com/tx/0xf934b357a72d03cb490926d14e647e697fc7a0c78494e13fe7c773b250db3485,17470493,2022-05-03 2:46:41,0xd9B4aE62...02447922e,https://bscscan.com/address/0xd9b4ae62721d6311d67566a32e75f9002447922e,,javascript:;,1.031 BNB $669.26,0 . 00012192,0xd9b4ae62721d6311d67566a32e75f9002447922e,,,,,,,0,,1.031,669.26,679.23,9.97,658.81,2026-05-21,0,0,0.00,0.00,0,,inflow_to_you
0x8332e6552c06c8ccaf5824fcfa2eeb212e9545726391b27d2fbd86def8b0f8f3,https://bscscan.com/tx/0x8332e6552c06c8ccaf5824fcfa2eeb212e9545726391b27d2fbd86def8b0f8f3,17405922,2022-04-30 20:34:44,,javascript:;,0x03c509fd...A147486EA,https://bscscan.com/address/0x03c509fd85d51dc7e75fa2de06276cfa147486ea,"2 BNB $1,298.28",0 . 00251731,,0x03c509fd85d51dc7e75fa2de06276cfa147486ea,,,,,,0,,2,1298.28,1317.62,19.34,658.81,2026-05-21,0,0,0.00,0.00,0,,outflow_from_you
0x3bb70abe180b322cc74396257e21a8ceb3353c7aca1d8134f9a5ad655605812e,https://bscscan.com/tx/0x3bb70abe180b322cc74396257e21a8ceb3353c7aca1d8134f9a5ad655605812e,17405910,2022-04-30 20:34:08,,javascript:;,PancakeSwap: Router v2,https://bscscan.com/address/0x10ed43c718714eb63d5aa57b78b54704e256024e,0 BNB $0.00,0 . 00061307,,0x10ed43c718714eb63d5aa57b78b54704e256024e,,PancakeSwap: Router v2,,PancakeSwap: Router v2,,0,,0,0.00,0.00,0.00,658.81,2026-05-21,0,0,0.00,0.00,0,,outflow_from_you
0x414f0f2c1f0c3b6cfe166e0729e48735ec26184b64effc8ae2e35a44c68cf92b,https://bscscan.com/tx/0x414f0f2c1f0c3b6cfe166e0729e48735ec26184b64effc8ae2e35a44c68cf92b,17405903,2022-04-30 20:33:47,,javascript:;,Ethereum: ETH Token,https://bscscan.com/address/0x2170ed0880ac9a755fd29b2688956bd959f933f8,0 BNB $0.00,0 . 00022203,,0x2170ed0880ac9a755fd29b2688956bd959f933f8,,Ethereum: ETH Token,,Ethereum: ETH Token,,0,,0,0.00,0.00,0.00,658.81,2026-05-21,0,0,0.00,0.00,0,,outflow_from_you
0xceacd8e3a614cfa18032ce12002cb9ad134d583002199959ab929791207ce632,https://bscscan.com/tx/0xceacd8e3a614cfa18032ce12002cb9ad134d583002199959ab929791207ce632,17405893,2022-04-30 20:33:17,,javascript:;,PancakeSwap: Router v2,https://bscscan.com/address/0x10ed43c718714eb63d5aa57b78b54704e256024e,0 BNB $0.00,0 . 00061301,,0x10ed43c718714eb63d5aa57b78b54704e256024e,,PancakeSwap: Router v2,,PancakeSwap: Router v2,,0,,0,0.00,0.00,0.00,658.81,2026-05-21,0,0,0.00,0.00,0,,outflow_from_you
0x6bb6590a338c2fd1dab145828b0dc7d3c1497ee8d27c6803050284455a61e2c1,https://bscscan.com/tx/0x6bb6590a338c2fd1dab145828b0dc7d3c1497ee8d27c6803050284455a61e2c1,17405885,2022-04-30 20:32:53,,javascript:;,Binance: BTCB Token,https://bscscan.com/address/0x7130d2a12b9bcbfae4f2634d864a1ee1ce3ead9c,0 BNB $0.00,0 . 00022203,,0x7130d2a12b9bcbfae4f2634d864a1ee1ce3ead9c,,Binance: BTCB Token,,Binance: BTCB Token,,0,,0,0.00,0.00,0.00,658.81,2026-05-21,0,0,0.00,0.00,1,friendly_tag_or_url_contains_binance,outflow_from_you
0x2ee8c863fadfc6a1aa850a1ac716f5a602d2a2672fae9d312681b93fbbfb7174,https://bscscan.com/tx/0x2ee8c863fadfc6a1aa850a1ac716f5a602d2a2672fae9d312681b93fbbfb7174,17405499,2022-04-30 20:13:35,,javascript:;,Biswap: Router,https://bscscan.com/address/0x3a6d8ca21d1cf76f653a67577fa0d27453350dd8,0 BNB $0.00,0 . 00098213,,0x3a6d8ca21d1cf76f653a67577fa0d27453350dd8,,Biswap: Router,,Biswap: Router,,0,,0,0.00,0.00,0.00,658.81,2026-05-21,0,0,0.00,0.00,0,,outflow_from_you
0xe2861694a13495a53d8825e1a7b3e685bfe573461f9b06f3327f7f7041d44fb1,https://bscscan.com/tx/0xe2861694a13495a53d8825e1a7b3e685bfe573461f9b06f3327f7f7041d44fb1,17405476,2022-04-30 20:12:26,,javascript:;,0xEeB87e7b...5e0A9Aef7,https://bscscan.com/address/0xeeb87e7babf17ca97f0eb897f24bf475e0a9aef7,0 BNB $0.00,0 . 00116969,,0xeeb87e7babf17ca97f0eb897f24bf475e0a9aef7,,,,,,0,,0,0.00,0.00,0.00,658.81,2026-05-21,0,0,0.00,0.00,0,,outflow_from_you
0x60be57c0f93d3d7e21fc52d53422559b3d0362166a088690d1aa390a7db52326,https://bscscan.com/tx/0x60be57c0f93d3d7e21fc52d53422559b3d0362166a088690d1aa390a7db52326,17405440,2022-04-30 20:10:38,,javascript:;,0x6c335C7F...1f5a9d76C,https://bscscan.com/address/0x6c335c7fc07cd5e5d3d0a16a1c9e0611f5a9d76c,0 BNB $0.00,0 . 0006971,,0x6c335c7fc07cd5e5d3d0a16a1c9e0611f5a9d76c,,,,,,0,,0,0.00,0.00,0.00,658.81,2026-05-21,0,0,0.00,0.00,0,,outflow_from_you
0x89f571bff6647bbed2e7e2b7e1fea9ce37eec02320ee7d724a98ac624bcf5ef9,https://bscscan.com/tx/0x89f571bff6647bbed2e7e2b7e1fea9ce37eec02320ee7d724a98ac624bcf5ef9,17377589,2022-04-29 20:51:43,,javascript:;,0x6c335C7F...1f5a9d76C,https://bscscan.com/address/0x6c335c7fc07cd5e5d3d0a16a1c9e0611f5a9d76c,0 BNB $0.00,0 . 00048974,,0x6c335c7fc07cd5e5d3d0a16a1c9e0611f5a9d76c,,,,,,0,,0,0.00,0.00,0.00,658.81,2026-05-21,0,0,0.00,0.00,0,,outflow_from_you
0x11bb293776b9733dad6e633382881479bee754b089ebb1646bd65be2d50032a7,https://bscscan.com/tx/0x11bb293776b9733dad6e633382881479bee754b089ebb1646bd65be2d50032a7,17377578,2022-04-29 20:51:10,,javascript:;,0x9A76a315...b4F7B16F0,https://bscscan.com/address/0x9a76a315109663d9f2e105be7a6df18b4f7b16f0,0 BNB $0.00,0 . 00340886,,0x9a76a315109663d9f2e105be7a6df18b4f7b16f0,,,,,,0,,0,0.00,0.00,0.00,658.81,2026-05-21,0,0,0.00,0.00,0,,outflow_from_you
0x3c5af1cf7f284dfec3373d37a3423c13609544c734cb9331c60d4477b382903a,https://bscscan.com/tx/0x3c5af1cf7f284dfec3373d37a3423c13609544c734cb9331c60d4477b382903a,17377572,2022-04-29 20:50:52,,javascript:;,Binance: BTCB Token,https://bscscan.com/address/0x7130d2a12b9bcbfae4f2634d864a1ee1ce3ead9c,0 BNB $0.00,0 . 00022065,,0x7130d2a12b9bcbfae4f2634d864a1ee1ce3ead9c,,Binance: BTCB Token,,Binance: BTCB Token,,0,,0,0.00,0.00,0.00,658.81,2026-05-21,0,0,0.00,0.00,1,friendly_tag_or_url_contains_binance,outflow_from_you
0x89ea9b953c0b46460f244e73d1536324cf5607528b9df88c3203d80475f55e0b,https://bscscan.com/tx/0x89ea9b953c0b46460f244e73d1536324cf5607528b9df88c3203d80475f55e0b,17377555,2022-04-29 20:50:01,,javascript:;,Bogged Finance: Proxy,https://bscscan.com/address/0xb099ed146fad4d0daa31e3810591fc0554af62bb,0.9 BNB $584.23,0 . 00146879,,0xb099ed146fad4d0daa31e3810591fc0554af62bb,,Bogged Finance: Proxy,,Bogged Finance: Proxy,,0,,0.9,584.23,592.93,8.70,658.81,2026-05-21,0,0,0.00,0.00,0,,outflow_from_you
0x823b26d48c215a08ee6ec45b8743a1bc2ebe170bcb344d174f29430a460a02d9,https://bscscan.com/tx/0x823b26d48c215a08ee6ec45b8743a1bc2ebe170bcb344d174f29430a460a02d9,17377488,2022-04-29 20:46:40,AnySwap: Bridge Avalanche,https://bscscan.com/address/0xb1cb88b1a1992deb4189ea4f566b594c13392ada,,javascript:;,0.94 BNB $610.19,0 . 00012192,0xb1cb88b1a1992deb4189ea4f566b594c13392ada,,AnySwap: Bridge Avalanche,,AnySwap: Bridge Avalanche,,,0,,0.94,610.19,619.28,9.09,658.81,2026-05-21,0,0,0.00,0.00,0,,inflow_to_you
0x4ff2b79f29be3c00174b7b1d4ba3aaf9950791e496dd8ebd7c48bfcb25d43ee1,https://bscscan.com/tx/0x4ff2b79f29be3c00174b7b1d4ba3aaf9950791e496dd8ebd7c48bfcb25d43ee1,17377372,2022-04-29 20:40:52,,javascript:;,0x6c335C7F...1f5a9d76C,https://bscscan.com/address/0x6c335c7fc07cd5e5d3d0a16a1c9e0611f5a9d76c,0 BNB $0.00,0 . 00054349,,0x6c335c7fc07cd5e5d3d0a16a1c9e0611f5a9d76c,,,,,,0,,0,0.00,0.00,0.00,658.81,2026-05-21,0,0,0.00,0.00,0,,outflow_from_you
0xbbff5bce39e9f0048133698d5ad03cdc33fb862a56c40e79559a57417fdfe605,https://bscscan.com/tx/0xbbff5bce39e9f0048133698d5ad03cdc33fb862a56c40e79559a57417fdfe605,17377366,2022-04-29 20:40:34,,javascript:;,0xEeB87e7b...5e0A9Aef7,https://bscscan.com/address/0xeeb87e7babf17ca97f0eb897f24bf475e0a9aef7,0 BNB $0.00,0 . 00022077,,0xeeb87e7babf17ca97f0eb897f24bf475e0a9aef7,,,,,,0,,0,0.00,0.00,0.00,658.81,2026-05-21,0,0,0.00,0.00,0,,outflow_from_you
0x9c888d5b982869bc637a85ad4a0f5929815a67e3080cf7e845c3ea19e2a55485,https://bscscan.com/tx/0x9c888d5b982869bc637a85ad4a0f5929815a67e3080cf7e845c3ea19e2a55485,17377357,2022-04-29 20:40:07,,javascript:;,0xEeB87e7b...5e0A9Aef7,https://bscscan.com/address/0xeeb87e7babf17ca97f0eb897f24bf475e0a9aef7,0 BNB $0.00,0 . 00121552,,0xeeb87e7babf17ca97f0eb897f24bf475e0a9aef7,,,,,,0,,0,0.00,0.00,0.00,658.81,2026-05-21,0,0,0.00,0.00,0,,outflow_from_you
0x63c2104856824611a0cc0587989458278a8d883690f943057a2c801b728324ab,https://bscscan.com/tx/0x63c2104856824611a0cc0587989458278a8d883690f943057a2c801b728324ab,17377350,2022-04-29 20:39:46,,javascript:;,0x6216E04c...8D3A91740,https://bscscan.com/address/0x6216e04cd40db2c6fbed64f1b5830a98d3a91740,0 BNB $0.00,0 . 00022016,,0x6216e04cd40db2c6fbed64f1b5830a98d3a91740,,,,,,0,,0,0.00,0.00,0.00,658.81,2026-05-21,0,0,0.00,0.00,0,,outflow_from_you
0x0561b3ffa0ce21b22f90cb985ea41f9ba2fa784b33439c9ef1576f886408838e,https://bscscan.com/tx/0x0561b3ffa0ce21b22f90cb985ea41f9ba2fa784b33439c9ef1576f886408838e,17377339,2022-04-29 20:39:13,,javascript:;,Biswap: Router,https://bscscan.com/address/0x3a6d8ca21d1cf76f653a67577fa0d27453350dd8,0 BNB $0.00,0 . 00079121,,0x3a6d8ca21d1cf76f653a67577fa0d27453350dd8,,Biswap: Router,,Biswap: Router,,0,,0,0.00,0.00,0.00,658.81,2026-05-21,0,0,0.00,0.00,0,,outflow_from_you
0x6ef5544a8027a040a19c0dd4300ee004b73f0a0af7aaa8bfb4a7553c6cf8ee38,https://bscscan.com/tx/0x6ef5544a8027a040a19c0dd4300ee004b73f0a0af7aaa8bfb4a7553c6cf8ee38,17377331,2022-04-29 20:38:49,,javascript:;,Binance: BTCB Token,https://bscscan.com/address/0x7130d2a12b9bcbfae4f2634d864a1ee1ce3ead9c,0 BNB $0.00,0 . 00022203,,0x7130d2a12b9bcbfae4f2634d864a1ee1ce3ead9c,,Binance: BTCB Token,,Binance: BTCB Token,,0,,0,0.00,0.00,0.00,658.81,2026-05-21,0,0,0.00,0.00,1,friendly_tag_or_url_contains_binance,outflow_from_you
0x12f9b3afd4ce9a9f844c92cde25e42c497ece95bf39f6bb5b135097d7d801d9c,https://bscscan.com/tx/0x12f9b3afd4ce9a9f844c92cde25e42c497ece95bf39f6bb5b135097d7d801d9c,17377328,2022-04-29 20:38:40,,javascript:;,Ethereum: ETH Token,https://bscscan.com/address/0x2170ed0880ac9a755fd29b2688956bd959f933f8,0 BNB $0.00,0 . 00022203,,0x2170ed0880ac9a755fd29b2688956bd959f933f8,,Ethereum: ETH Token,,Ethereum: ETH Token,,0,,0,0.00,0.00,0.00,658.81,2026-05-21,0,0,0.00,0.00,0,,outflow_from_you
0x11d7c1c986cea7ab4eae0547e922d00eac14ee4920978cc431fab9f8b847c379,https://bscscan.com/tx/0x11d7c1c986cea7ab4eae0547e922d00eac14ee4920978cc431fab9f8b847c379,17377312,2022-04-29 20:37:52,,javascript:;,Bogged Finance: Proxy,https://bscscan.com/address/0xb099ed146fad4d0daa31e3810591fc0554af62bb,0 BNB $0.00,0 . 00091659,,0xb099ed146fad4d0daa31e3810591fc0554af62bb,,Bogged Finance: Proxy,,Bogged Finance: Proxy,,0,,0,0.00,0.00,0.00,658.81,2026-05-21,0,0,0.00,0.00,0,,outflow_from_you
0x8720abc397dbfe9067f864269b40d0f2a27857938d5b0b1d31d0caaccfc32e4b,https://bscscan.com/tx/0x8720abc397dbfe9067f864269b40d0f2a27857938d5b0b1d31d0caaccfc32e4b,17377303,2022-04-29 20:37:25,,javascript:;,BOMB Money: BOMB Token,https://bscscan.com/address/0x522348779dcb2911539e76a1042aa922f9c47ee3,0 BNB $0.00,0 . 00022215,,0x522348779dcb2911539e76a1042aa922f9c47ee3,,BOMB Money: BOMB Token,,BOMB Money: BOMB Token,,0,,0,0.00,0.00,0.00,658.81,2026-05-21,0,0,0.00,0.00,0,,outflow_from_you
0x8f85c4126c23d5e1b2d25ce7ca810c846c672fc5859d6b2a4b289438ab15dc61,https://bscscan.com/tx/0x8f85c4126c23d5e1b2d25ce7ca810c846c672fc5859d6b2a4b289438ab15dc61,17377270,2022-04-29 20:35:46,,javascript:;,Bogged Finance: Proxy,https://bscscan.com/address/0xb099ed146fad4d0daa31e3810591fc0554af62bb,0 BNB $0.00,0 . 0019111,,0xb099ed146fad4d0daa31e3810591fc0554af62bb,,Bogged Finance: Proxy,,Bogged Finance: Proxy,,0,,0,0.00,0.00,0.00,658.81,2026-05-21,0,0,0.00,0.00,0,,outflow_from_you
0xd567fa4db6340d66123b3fc76fbecba31aee9563659c2541d1752235d8383fe7,https://bscscan.com/tx/0xd567fa4db6340d66123b3fc76fbecba31aee9563659c2541d1752235d8383fe7,17377261,2022-04-29 20:35:19,,javascript:;,BOMB Money: BSHARE Token,https://bscscan.com/address/0x531780face85306877d7e1f05d713d1b50a37f7a,0 BNB $0.00,0 . 00022203,,0x531780face85306877d7e1f05d713d1b50a37f7a,,BOMB Money: BSHARE Token,,BOMB Money: BSHARE Token,,0,,0,0.00,0.00,0.00,658.81,2026-05-21,0,0,0.00,0.00,0,,outflow_from_you
0x25002c280ec29dc478bb51ca86707c38b53a52acc019507ac0cdefa8993ee821,https://bscscan.com/tx/0x25002c280ec29dc478bb51ca86707c38b53a52acc019507ac0cdefa8993ee821,17377131,2022-04-29 20:28:49,,javascript:;,Bogged Finance: Proxy,https://bscscan.com/address/0xb099ed146fad4d0daa31e3810591fc0554af62bb,0.55 BNB $357.20,0 . 00145472,,0xb099ed146fad4d0daa31e3810591fc0554af62bb,,Bogged Finance: Proxy,,Bogged Finance: Proxy,,0,,0.55,357.20,362.35,5.15,658.81,2026-05-21,0,0,0.00,0.00,0,,outflow_from_you
0x2bd75ebbe079ed36e72bef8cbb42a71fabcc8942f569fcfa324e107b23165794,https://bscscan.com/tx/0x2bd75ebbe079ed36e72bef8cbb42a71fabcc8942f569fcfa324e107b23165794,17377087,2022-04-29 20:26:37,,javascript:;,Bogged Finance: Proxy,https://bscscan.com/address/0xb099ed146fad4d0daa31e3810591fc0554af62bb,0.55 BNB $357.20,0 . 00092474,,0xb099ed146fad4d0daa31e3810591fc0554af62bb,,Bogged Finance: Proxy,,Bogged Finance: Proxy,,0,,0.55,357.20,362.35,5.15,658.81,2026-05-21,0,0,0.00,0.00,0,,outflow_from_you
0x5769e68e18ce41da3bf78856b6a9ed3472e6da03eaf8afbe542d7ff2952c3d5a,https://bscscan.com/tx/0x5769e68e18ce41da3bf78856b6a9ed3472e6da03eaf8afbe542d7ff2952c3d5a,17377065,2022-04-29 20:25:31,,javascript:;,PancakeSwap: Router v2,https://bscscan.com/address/0x10ed43c718714eb63d5aa57b78b54704e256024e,0 BNB $0.00,0 . 00058064,,0x10ed43c718714eb63d5aa57b78b54704e256024e,,PancakeSwap: Router v2,,PancakeSwap: Router v2,,0,,0,0.00,0.00,0.00,658.81,2026-05-21,0,0,0.00,0.00,0,,outflow_from_you
0xaaf7c4c61b1ddaf1f5cf6289fd32335eb11eaf74972735d40976b7d7546d074f,https://bscscan.com/tx/0xaaf7c4c61b1ddaf1f5cf6289fd32335eb11eaf74972735d40976b7d7546d074f,17377057,2022-04-29 20:25:07,,javascript:;,Valas Finance: VALAS Token,https://bscscan.com/address/0xb1ebdd56729940089ecc3ad0bbeeb12b6842ea6f,0 BNB $0.00,0 . 00022144,,0xb1ebdd56729940089ecc3ad0bbeeb12b6842ea6f,,Valas Finance: VALAS Token,,Valas Finance: VALAS Token,,0,,0,0.00,0.00,0.00,658.81,2026-05-21,0,0,0.00,0.00,0,,outflow_from_you
0x8d19a0c682a21abddd80534a093557d502b8099dc4f66b19071baed428ec29cc,https://bscscan.com/tx/0x8d19a0c682a21abddd80534a093557d502b8099dc4f66b19071baed428ec29cc,17377049,2022-04-29 20:24:43,,javascript:;,PancakeSwap: Router v2,https://bscscan.com/address/0x10ed43c718714eb63d5aa57b78b54704e256024e,0 BNB $0.00,0 . 0010906,,0x10ed43c718714eb63d5aa57b78b54704e256024e,,PancakeSwap: Router v2,,PancakeSwap: Router v2,,0,,0,0.00,0.00,0.00,658.81,2026-05-21,0,0,0.00,0.00,0,,outflow_from_you
0x51c466638581acc72f381df6e9ba6a3876908d690d4b909c7a0cd51f3e4e2861,https://bscscan.com/tx/0x51c466638581acc72f381df6e9ba6a3876908d690d4b909c7a0cd51f3e4e2861,17377031,2022-04-29 20:23:49,,javascript:;,0x020007Da...7512F06a7,https://bscscan.com/address/0x020007da76c0ca9f36e405478aaffb67512f06a7,0 BNB $0.00,0 . 00099093,,0x020007da76c0ca9f36e405478aaffb67512f06a7,,,,,,0,,0,0.00,0.00,0.00,658.81,2026-05-21,0,0,0.00,0.00,0,,outflow_from_you
0xf2ece415f23c860c87cd2d19d1a9388c0e47c1b482ecd3a4c90e6af7800f63ac,https://bscscan.com/tx/0xf2ece415f23c860c87cd2d19d1a9388c0e47c1b482ecd3a4c90e6af7800f63ac,17372220,2022-04-29 16:21:08,,javascript:;,Binance: BUSD Stablecoin,https://bscscan.com/address/0xe9e7cea3dedca5984780bafc599bd69add087d56,0 BNB $0.00,0 . 00018063,,0xe9e7cea3dedca5984780bafc599bd69add087d56,,Binance: BUSD Stablecoin,,Binance: BUSD Stablecoin,,0,,0,0.00,0.00,0.00,658.81,2026-05-21,0,0,0.00,0.00,1,friendly_tag_or_url_contains_binance,outflow_from_you
0x431ac806c1947334a7da611fce27de3928fc2e2eaed56bccc76b273858a2cb27,https://bscscan.com/tx/0x431ac806c1947334a7da611fce27de3928fc2e2eaed56bccc76b273858a2cb27,17372189,2022-04-29 16:19:35,,javascript:;,Metamask: Swap Router,https://bscscan.com/address/0x1a1ec25dc08e98e5e93f1104b5e5cdd298707d31,0.004 BNB $2.60,0 . 00090279,,0x1a1ec25dc08e98e5e93f1104b5e5cdd298707d31,,Metamask: Swap Router,,Metamask: Swap Router,,0,,0.004,2.60,2.64,0.04,658.81,2026-05-21,0,0,0.00,0.00,0,,outflow_from_you
0x9411c7167e91e13056ae84ba2e43dec4adc4d1d080a301c2c930c70b0afa71ed,https://bscscan.com/tx/0x9411c7167e91e13056ae84ba2e43dec4adc4d1d080a301c2c930c70b0afa71ed,17372123,2022-04-29 16:16:17,,javascript:;,0xB6934215...68B6A3182,https://bscscan.com/address/0xb6934215b856b03430fc8dc058bd1c668b6a3182,0.003 BNB $1.95,0 . 000105,,0xb6934215b856b03430fc8dc058bd1c668b6a3182,,,,,,0,,0.003,1.95,1.98,0.03,658.81,2026-05-21,0,0,0.00,0.00,1,user_binance_address_match,outflow_from_you
0x1f13b763a977ac5f974139f858081706bf679fdd7ebef2da33fd093dd43f3272,https://bscscan.com/tx/0x1f13b763a977ac5f974139f858081706bf679fdd7ebef2da33fd093dd43f3272,17368038,2022-04-29 12:49:39,,javascript:;,AnySwap: Bridge Avalanche,https://bscscan.com/address/0xb1cb88b1a1992deb4189ea4f566b594c13392ada,1.12 BNB $727.40,0 . 000105,,0xb1cb88b1a1992deb4189ea4f566b594c13392ada,,AnySwap: Bridge Avalanche,,AnySwap: Bridge Avalanche,,0,,1.12,727.40,737.87,10.47,658.81,2026-05-21,0,0,0.00,0.00,0,,outflow_from_you
0xb1393e190ea7a954fa487eec5afa81c80007eb09fb3e0746a2a8d90fc5d193c0,https://bscscan.com/tx/0xb1393e190ea7a954fa487eec5afa81c80007eb09fb3e0746a2a8d90fc5d193c0,17368023,2022-04-29 12:48:54,,javascript:;,PancakeSwap: Router v2,https://bscscan.com/address/0x10ed43c718714eb63d5aa57b78b54704e256024e,0 BNB $0.00,0 . 00064071,,0x10ed43c718714eb63d5aa57b78b54704e256024e,,PancakeSwap: Router v2,,PancakeSwap: Router v2,,0,,0,0.00,0.00,0.00,658.81,2026-05-21,0,0,0.00,0.00,0,,outflow_from_you
0x743e762b388c0dcc9d8f214ea633187cb09a07138e9d0f475685f03c80c31463,https://bscscan.com/tx/0x743e762b388c0dcc9d8f214ea633187cb09a07138e9d0f475685f03c80c31463,17368001,2022-04-29 12:47:48,,javascript:;,0x1CE0c282...204794041,https://bscscan.com/address/0x1ce0c2827e2ef14d5c4f29a091d735a204794041,0 BNB $0.00,0 . 00023576,,0x1ce0c2827e2ef14d5c4f29a091d735a204794041,,,,,,0,,0,0.00,0.00,0.00,658.81,2026-05-21,0,0,0.00,0.00,0,,outflow_from_you
0xa5138ca025b1e79e521229a72e1bc74b703ab06c11133980414ac2605e58d56c,https://bscscan.com/tx/0xa5138ca025b1e79e521229a72e1bc74b703ab06c11133980414ac2605e58d56c,17139230,2022-04-21 12:53:30,,javascript:;,0xd9B4aE62...02447922e,https://bscscan.com/address/0xd9b4ae62721d6311d67566a32e75f9002447922e,1.4 BNB $909.24,0 . 000105,,0xd9b4ae62721d6311d67566a32e75f9002447922e,,,,,,0,,1.4,909.24,922.33,13.09,658.81,2026-05-21,0,0,0.00,0.00,0,,outflow_from_you
0xf11fe0c3119056954d81af7565342f160fefaa9c7161707caf64044591905538,https://bscscan.com/tx/0xf11fe0c3119056954d81af7565342f160fefaa9c7161707caf64044591905538,17139189,2022-04-21 12:51:27,,javascript:;,PancakeSwap: Router v2,https://bscscan.com/address/0x10ed43c718714eb63d5aa57b78b54704e256024e,0 BNB $0.00,0 . 00055277,,0x10ed43c718714eb63d5aa57b78b54704e256024e,,PancakeSwap: Router v2,,PancakeSwap: Router v2,,0,,0,0.00,0.00,0.00,658.81,2026-05-21,0,0,0.00,0.00,0,,outflow_from_you
0xd147532038c886e2280da1996ff7b035e7b6fdf696071c6e92f8495919d4891d,https://bscscan.com/tx/0xd147532038c886e2280da1996ff7b035e7b6fdf696071c6e92f8495919d4891d,17100425,2022-04-20 4:23:43,,javascript:;,0x5c9f1A9C...2f1e49636,https://bscscan.com/address/0x5c9f1a9ced41ccc5dcecda5afc317b72f1e49636,0 BNB $0.00,0 . 0021594,,0x5c9f1a9ced41ccc5dcecda5afc317b72f1e49636,,,,,,0,,0,0.00,0.00,0.00,658.81,2026-05-21,0,0,0.00,0.00,0,,outflow_from_you
0x37c4be622a304d193f284913d5924b50c926d28568bfd5c1d0dba73aea6f8102,https://bscscan.com/tx/0x37c4be622a304d193f284913d5924b50c926d28568bfd5c1d0dba73aea6f8102,17100413,2022-04-20 4:23:07,,javascript:;,0x325E343f...C3A6B38Bd,https://bscscan.com/address/0x325e343f1de602396e256b67efd1f61c3a6b38bd,0 BNB $0.00,0 . 00089134,,0x325e343f1de602396e256b67efd1f61c3a6b38bd,,,,,,0,,0,0.00,0.00,0.00,658.81,2026-05-21,0,0,0.00,0.00,0,,outflow_from_you
0x96d477596b82c56ce4246121762587c8d7faca8e9d30697e2a2ca5488a51b652,https://bscscan.com/tx/0x96d477596b82c56ce4246121762587c8d7faca8e9d30697e2a2ca5488a51b652,17100280,2022-04-20 4:16:28,,javascript:;,0x325E343f...C3A6B38Bd,https://bscscan.com/address/0x325e343f1de602396e256b67efd1f61c3a6b38bd,0 BNB $0.00,0 . 00098872,,0x325e343f1de602396e256b67efd1f61c3a6b38bd,,,,,,0,,0,0.00,0.00,0.00,658.81,2026-05-21,0,0,0.00,0.00,0,,outflow_from_you
0x6a078e4503053017718a25ff53325ddb12e1ebdb9e0f350f3fe750ab0c2694e9,https://bscscan.com/tx/0x6a078e4503053017718a25ff53325ddb12e1ebdb9e0f350f3fe750ab0c2694e9,17100261,2022-04-20 4:15:31,,javascript:;,0xC5BB189E...D30bC6dAB,https://bscscan.com/address/0xc5bb189e9fb1fb0ce81a6f5b16db4b6d30bc6dab,0 BNB $0.00,0 . 00111406,,0xc5bb189e9fb1fb0ce81a6f5b16db4b6d30bc6dab,,,,,,0,,0,0.00,0.00,0.00,658.81,2026-05-21,0,0,0.00,0.00,0,,outflow_from_you
0xbeaf3706696d66ca6e0078078356b53210562334c915714146590a4ef195d688,https://bscscan.com/tx/0xbeaf3706696d66ca6e0078078356b53210562334c915714146590a4ef195d688,17096695,2022-04-20 1:17:08,,javascript:;,0xfd5701FB...55a6b606e,https://bscscan.com/address/0xfd5701fb4139e6e18ce4f9712adbab355a6b606e,0 BNB $0.00,0 . 00317699,,0xfd5701fb4139e6e18ce4f9712adbab355a6b606e,,,,,,0,,0,0.00,0.00,0.00,658.81,2026-05-21,0,0,0.00,0.00,0,,outflow_from_you
0x42ba721ed6b03e024d56432442d939748d3c73c99ce7b4aba90ada346950fd8e,https://bscscan.com/tx/0x42ba721ed6b03e024d56432442d939748d3c73c99ce7b4aba90ada346950fd8e,17096662,2022-04-20 1:15:29,,javascript:;,0x325E343f...C3A6B38Bd,https://bscscan.com/address/0x325e343f1de602396e256b67efd1f61c3a6b38bd,"1.7 BNB $1,104.08",0 . 0008907,,0x325e343f1de602396e256b67efd1f61c3a6b38bd,,,,,,0,,1.7,1104.08,1119.98,15.90,658.81,2026-05-21,0,0,0.00,0.00,0,,outflow_from_you
0x2eff5a7d37a22d0f62aeaa16fbd5dde94dc75002c1dc77dc6c6ec05dff34f582,https://bscscan.com/tx/0x2eff5a7d37a22d0f62aeaa16fbd5dde94dc75002c1dc77dc6c6ec05dff34f582,17096500,2022-04-20 1:07:23,,javascript:;,0x325E343f...C3A6B38Bd,https://bscscan.com/address/0x325e343f1de602396e256b67efd1f61c3a6b38bd,1 BNB $649.46,0 . 0010407,,0x325e343f1de602396e256b67efd1f61c3a6b38bd,,,,,,0,,1,649.46,658.81,9.35,658.81,2026-05-21,0,0,0.00,0.00,0,,outflow_from_you
0x92ad721cbee29dc8cee8656d74d0ec2e76ab162fdacdf371a40fdb073160bb14,https://bscscan.com/tx/0x92ad721cbee29dc8cee8656d74d0ec2e76ab162fdacdf371a40fdb073160bb14,17096466,2022-04-20 1:05:41,,javascript:;,0x325E343f...C3A6B38Bd,https://bscscan.com/address/0x325e343f1de602396e256b67efd1f61c3a6b38bd,"2.6 BNB $1,688.60",0 . 00110933,,0x325e343f1de602396e256b67efd1f61c3a6b38bd,,,,,,0,,2.6,1688.60,1712.91,24.31,658.81,2026-05-21,0,0,0.00,0.00,0,,outflow_from_you
0x8f5d291fc7b67dbe364b7c3ff646ef44f99a913a8f1710f799c32e8b12e38ec4,https://bscscan.com/tx/0x8f5d291fc7b67dbe364b7c3ff646ef44f99a913a8f1710f799c32e8b12e38ec4,17096459,2022-04-20 1:05:20,,javascript:;,0x5c9f1A9C...2f1e49636,https://bscscan.com/address/0x5c9f1a9ced41ccc5dcecda5afc317b72f1e49636,0 BNB $0.00,0 . 00251164,,0x5c9f1a9ced41ccc5dcecda5afc317b72f1e49636,,,,,,0,,0,0.00,0.00,0.00,658.81,2026-05-21,0,0,0.00,0.00,0,,outflow_from_you
0x557dde57c4f469ec11b41f761e8e8d33541553895e3df283a4d9fa66467df60a,https://bscscan.com/tx/0x557dde57c4f469ec11b41f761e8e8d33541553895e3df283a4d9fa66467df60a,17090603,2022-04-19 20:12:29,,javascript:;,0x03c509fd...A147486EA,https://bscscan.com/address/0x03c509fd85d51dc7e75fa2de06276cfa147486ea,"2.39 BNB $1,552.21",0 . 00259228,,0x03c509fd85d51dc7e75fa2de06276cfa147486ea,,,,,,0,,2.39,1552.21,1574.56,22.35,658.81,2026-05-21,0,0,0.00,0.00,0,,outflow_from_you
0x60af9f190c8ab57887c0466881402220524946797d61e4b798798180204d5bfc,https://bscscan.com/tx/0x60af9f190c8ab57887c0466881402220524946797d61e4b798798180204d5bfc,17090577,2022-04-19 20:11:11,,javascript:;,PancakeSwap: Router v2,https://bscscan.com/address/0x10ed43c718714eb63d5aa57b78b54704e256024e,0 BNB $0.00,0 . 00061355,,0x10ed43c718714eb63d5aa57b78b54704e256024e,,PancakeSwap: Router v2,,PancakeSwap: Router v2,,0,,0,0.00,0.00,0.00,658.81,2026-05-21,0,0,0.00,0.00,0,,outflow_from_you
0x212ae9dcd4fe4f3d8764482abf21e848f708ce91fbeffece847ef3bb5c83ea6e,https://bscscan.com/tx/0x212ae9dcd4fe4f3d8764482abf21e848f708ce91fbeffece847ef3bb5c83ea6e,17090564,2022-04-19 20:10:32,,javascript:;,0xDB20F6A8...cAC956550,https://bscscan.com/address/0xdb20f6a8665432ce895d724b417f77ecac956550,0 BNB $0.00,0 . 00022203,,0xdb20f6a8665432ce895d724b417f77ecac956550,,,,,,0,,0,0.00,0.00,0.00,658.81,2026-05-21,0,0,0.00,0.00,0,,outflow_from_you
0xa34afad29e3d1a9c2a4d5bd98af1cacc1cb24d4ecdce6c651ceef0250675ce0c,https://bscscan.com/tx/0xa34afad29e3d1a9c2a4d5bd98af1cacc1cb24d4ecdce6c651ceef0250675ce0c,17090539,2022-04-19 20:09:17,,javascript:;,PancakeSwap: Router v2,https://bscscan.com/address/0x10ed43c718714eb63d5aa57b78b54704e256024e,0 BNB $0.00,0 . 00109168,,0x10ed43c718714eb63d5aa57b78b54704e256024e,,PancakeSwap: Router v2,,PancakeSwap: Router v2,,0,,0,0.00,0.00,0.00,658.81,2026-05-21,0,0,0.00,0.00,0,,outflow_from_you
0x25935ec2989fdcd59e8e598b1a79a188a4df8d59a722d42ddca0f6aa1643e93f,https://bscscan.com/tx/0x25935ec2989fdcd59e8e598b1a79a188a4df8d59a722d42ddca0f6aa1643e93f,17090495,2022-04-19 20:07:05,,javascript:;,0x39E5C480...C0cF4bE30,https://bscscan.com/address/0x39e5c480bc28b77d8b5960abc248a21c0cf4be30,0 BNB $0.00,0 . 00111797,,0x39e5c480bc28b77d8b5960abc248a21c0cf4be30,,,,,,0,,0,0.00,0.00,0.00,658.81,2026-05-21,0,0,0.00,0.00,0,,outflow_from_you
0x5501edcc3b479ef344444c840d248a2f7fd9ef6c783769b14a2e56bf9f3c7aae,https://bscscan.com/tx/0x5501edcc3b479ef344444c840d248a2f7fd9ef6c783769b14a2e56bf9f3c7aae,17082444,2022-04-19 13:23:36,,javascript:;,0x03c509fd...A147486EA,https://bscscan.com/address/0x03c509fd85d51dc7e75fa2de06276cfa147486ea,"2.15 BNB $1,396.34",0 . 00251736,,0x03c509fd85d51dc7e75fa2de06276cfa147486ea,,,,,,0,,2.15,1396.34,1416.44,20.10,658.81,2026-05-21,0,0,0.00,0.00,0,,outflow_from_you
0x0497cc699e014074e00d210d2fb4252594eb21a38f759e2c88e1b3921e82be5c,https://bscscan.com/tx/0x0497cc699e014074e00d210d2fb4252594eb21a38f759e2c88e1b3921e82be5c,17082412,2022-04-19 13:22:00,Anyswap: Bridge Fantom,https://bscscan.com/address/0x4b3b4120d4d7975455d8c2894228789c91a247f8,,javascript:;,"2.096407352 BNB $1,361.53",0 . 00012192,0x4b3b4120d4d7975455d8c2894228789c91a247f8,,Anyswap: Bridge Fantom,,Anyswap: Bridge Fantom,,,0,,2.096407352,1361.53,1381.13,19.60,658.81,2026-05-21,0,0,0.00,0.00,0,,inflow_to_you
0x9ac77f62474d5f874f825391195c7ec4ac0459a53e1f49b4269b25f2ce86173e,https://bscscan.com/tx/0x9ac77f62474d5f874f825391195c7ec4ac0459a53e1f49b4269b25f2ce86173e,17015701,2022-04-17 4:55:02,,javascript:;,0x03c509fd...A147486EA,https://bscscan.com/address/0x03c509fd85d51dc7e75fa2de06276cfa147486ea,"1.75 BNB $1,136.55",0 . 00253836,,0x03c509fd85d51dc7e75fa2de06276cfa147486ea,,,,,,0,,1.75,1136.55,1152.92,16.37,658.81,2026-05-21,0,0,0.00,0.00,0,,outflow_from_you
0xd2eac7ea63175a054d9d96be1c5f03f12407acd5acc9e63dd4556311252e8360,https://bscscan.com/tx/0xd2eac7ea63175a054d9d96be1c5f03f12407acd5acc9e63dd4556311252e8360,17015687,2022-04-17 4:54:20,,javascript:;,PancakeSwap: Router v2,https://bscscan.com/address/0x10ed43c718714eb63d5aa57b78b54704e256024e,0 BNB $0.00,0 . 00061319,,0x10ed43c718714eb63d5aa57b78b54704e256024e,,PancakeSwap: Router v2,,PancakeSwap: Router v2,,0,,0,0.00,0.00,0.00,658.81,2026-05-21,0,0,0.00,0.00,0,,outflow_from_you
0xb42424353dc7b069eed574e52bbfc5195e5747fef9c49b3c3d3fd84079a6baf9,https://bscscan.com/tx/0xb42424353dc7b069eed574e52bbfc5195e5747fef9c49b3c3d3fd84079a6baf9,17015623,2022-04-17 4:51:08,,javascript:;,0x03c509fd...A147486EA,https://bscscan.com/address/0x03c509fd85d51dc7e75fa2de06276cfa147486ea,"1.6 BNB $1,039.14",0 . 00250818,,0x03c509fd85d51dc7e75fa2de06276cfa147486ea,,,,,,0,,1.6,1039.14,1054.10,14.96,658.81,2026-05-21,0,0,0.00,0.00,0,,outflow_from_you
0x6c9c29560b78bfcb33e3a60668f5175ad5726bcec14ee6dc323f3bc2f7cbae52,https://bscscan.com/tx/0x6c9c29560b78bfcb33e3a60668f5175ad5726bcec14ee6dc323f3bc2f7cbae52,17015597,2022-04-17 4:49:50,,javascript:;,BNB Chain: WBNB Token,https://bscscan.com/address/0xbb4cdb9cbd36b01bd1cbaebf2de08d9173bc095c,0 BNB $0.00,0 . 00011158,,0xbb4cdb9cbd36b01bd1cbaebf2de08d9173bc095c,,BNB Chain: WBNB Token,,BNB Chain: WBNB Token,,0,,0,0.00,0.00,0.00,658.81,2026-05-21,0,0,0.00,0.00,0,,outflow_from_you
0x8351993fd0fc64e5a7d57342711a0684d5a7749f2a842e1870aad2f1324d9a56,https://bscscan.com/tx/0x8351993fd0fc64e5a7d57342711a0684d5a7749f2a842e1870aad2f1324d9a56,17015587,2022-04-17 4:49:20,,javascript:;,0x325E343f...C3A6B38Bd,https://bscscan.com/address/0x325e343f1de602396e256b67efd1f61c3a6b38bd,0 BNB $0.00,0 . 0018366,,0x325e343f1de602396e256b67efd1f61c3a6b38bd,,,,,,0,,0,0.00,0.00,0.00,658.81,2026-05-21,0,0,0.00,0.00,0,,outflow_from_you
0xaa344bcf0678e2361ba7cdbe4afc8c36e494ab449d3661a0922a97d31e13c4c2,https://bscscan.com/tx/0xaa344bcf0678e2361ba7cdbe4afc8c36e494ab449d3661a0922a97d31e13c4c2,17015566,2022-04-17 4:48:17,,javascript:;,0x325E343f...C3A6B38Bd,https://bscscan.com/address/0x325e343f1de602396e256b67efd1f61c3a6b38bd,0 BNB $0.00,0 . 00108665,,0x325e343f1de602396e256b67efd1f61c3a6b38bd,,,,,,0,,0,0.00,0.00,0.00,658.81,2026-05-21,0,0,0.00,0.00,0,,outflow_from_you
0x9df97bd2f54c952c2cf650c2b4ff783ab6e2f1389fd61f99d72a491739c6e9ba,https://bscscan.com/tx/0x9df97bd2f54c952c2cf650c2b4ff783ab6e2f1389fd61f99d72a491739c6e9ba,17015445,2022-04-17 4:42:14,,javascript:;,0x325E343f...C3A6B38Bd,https://bscscan.com/address/0x325e343f1de602396e256b67efd1f61c3a6b38bd,0 BNB $0.00,0 . 00097315,,0x325e343f1de602396e256b67efd1f61c3a6b38bd,,,,,,0,,0,0.00,0.00,0.00,658.81,2026-05-21,0,0,0.00,0.00,0,,outflow_from_you
0x5bf3cff8b8200dc9a26ccac358f3e87ef1742402d1e7af3a426942d93d28a6cd,https://bscscan.com/tx/0x5bf3cff8b8200dc9a26ccac358f3e87ef1742402d1e7af3a426942d93d28a6cd,17015431,2022-04-17 4:41:32,,javascript:;,0x45b37a28...D32568eE7,https://bscscan.com/address/0x45b37a28d6efb45c257fc15d9f08aa7d32568ee7,0 BNB $0.00,0 . 00111406,,0x45b37a28d6efb45c257fc15d9f08aa7d32568ee7,,,,,,0,,0,0.00,0.00,0.00,658.81,2026-05-21,0,0,0.00,0.00,0,,outflow_from_you
0x862343638c0897533a95a57a9154a9c1a8c0e0e1125e113bf9e319213bd67d77,https://bscscan.com/tx/0x862343638c0897533a95a57a9154a9c1a8c0e0e1125e113bf9e319213bd67d77,17015419,2022-04-17 4:40:56,,javascript:;,0x325E343f...C3A6B38Bd,https://bscscan.com/address/0x325e343f1de602396e256b67efd1f61c3a6b38bd,0 BNB $0.00,0 . 00093471,,0x325e343f1de602396e256b67efd1f61c3a6b38bd,,,,,,0,,0,0.00,0.00,0.00,658.81,2026-05-21,0,0,0.00,0.00,0,,outflow_from_you
0x6e22f2258b0046bf09a616fcfbb503e196899c630bed677188236623a2412733,https://bscscan.com/tx/0x6e22f2258b0046bf09a616fcfbb503e196899c630bed677188236623a2412733,17015400,2022-04-17 4:39:59,,javascript:;,0xbFF84AC9...A90c7CDAB,https://bscscan.com/address/0xbff84ac91c3d4123e5d5aaf32996c05a90c7cdab,0 BNB $0.00,0 . 00113799,,0xbff84ac91c3d4123e5d5aaf32996c05a90c7cdab,,,,,,0,,0,0.00,0.00,0.00,658.81,2026-05-21,0,0,0.00,0.00,0,,outflow_from_you
0x80751d3240a13b143cf2c11b4776ae957a831c44da208e1c3751ed2f8fa7448e,https://bscscan.com/tx/0x80751d3240a13b143cf2c11b4776ae957a831c44da208e1c3751ed2f8fa7448e,16994385,2022-04-16 11:06:23,,javascript:;,0xbFF84AC9...A90c7CDAB,https://bscscan.com/address/0xbff84ac91c3d4123e5d5aaf32996c05a90c7cdab,0 BNB $0.00,0 . 00118505,,0xbff84ac91c3d4123e5d5aaf32996c05a90c7cdab,,,,,,0,,0,0.00,0.00,0.00,658.81,2026-05-21,0,0,0.00,0.00,0,,outflow_from_you
0x56f719a4bed1fabe984b99a72d51a0c7a842200a31f9469cae56ac84df05d379,https://bscscan.com/tx/0x56f719a4bed1fabe984b99a72d51a0c7a842200a31f9469cae56ac84df05d379,16994335,2022-04-16 11:03:53,,javascript:;,0x325E343f...C3A6B38Bd,https://bscscan.com/address/0x325e343f1de602396e256b67efd1f61c3a6b38bd,0 BNB $0.00,0 . 00086565,,0x325e343f1de602396e256b67efd1f61c3a6b38bd,,,,,,0,,0,0.00,0.00,0.00,658.81,2026-05-21,0,0,0.00,0.00,0,,outflow_from_you
0x56a6e664bb0089d403447b33535ec59fd8421a9e157e3310a72b4309f8a220a7,https://bscscan.com/tx/0x56a6e664bb0089d403447b33535ec59fd8421a9e157e3310a72b4309f8a220a7,16994309,2022-04-16 11:02:35,,javascript:;,0x325E343f...C3A6B38Bd,https://bscscan.com/address/0x325e343f1de602396e256b67efd1f61c3a6b38bd,0 BNB $0.00,0 . 00096634,,0x325e343f1de602396e256b67efd1f61c3a6b38bd,,,,,,0,,0,0.00,0.00,0.00,658.81,2026-05-21,0,0,0.00,0.00,0,,outflow_from_you
0xc0b50298b2a1e4f76a817bc62ec0212c273b7f22ff88052930a735fcc93247ec,https://bscscan.com/tx/0xc0b50298b2a1e4f76a817bc62ec0212c273b7f22ff88052930a735fcc93247ec,16994268,2022-04-16 11:00:32,,javascript:;,0x5c9f1A9C...2f1e49636,https://bscscan.com/address/0x5c9f1a9ced41ccc5dcecda5afc317b72f1e49636,0 BNB $0.00,0 . 00178495,,0x5c9f1a9ced41ccc5dcecda5afc317b72f1e49636,,,,,,0,,0,0.00,0.00,0.00,658.81,2026-05-21,0,0,0.00,0.00,0,,outflow_from_you
0xf929769fa53c6ce60f7b20355e5449e9847cea4fca852c55ef66765d461db4bc,https://bscscan.com/tx/0xf929769fa53c6ce60f7b20355e5449e9847cea4fca852c55ef66765d461db4bc,16994221,2022-04-16 10:58:11,,javascript:;,0x325E343f...C3A6B38Bd,https://bscscan.com/address/0x325e343f1de602396e256b67efd1f61c3a6b38bd,0 BNB $0.00,0 . 00114707,,0x325e343f1de602396e256b67efd1f61c3a6b38bd,,,,,,0,,0,0.00,0.00,0.00,658.81,2026-05-21,0,0,0.00,0.00,0,,outflow_from_you
0xb7abcc172259ccedb179f9b5a60906f8ceed89479ca0b074f321eca71767e000,https://bscscan.com/tx/0xb7abcc172259ccedb179f9b5a60906f8ceed89479ca0b074f321eca71767e000,16994191,2022-04-16 10:56:41,,javascript:;,0x5c9f1A9C...2f1e49636,https://bscscan.com/address/0x5c9f1a9ced41ccc5dcecda5afc317b72f1e49636,0 BNB $0.00,0 . 00163308,,0x5c9f1a9ced41ccc5dcecda5afc317b72f1e49636,,,,,,0,,0,0.00,0.00,0.00,658.81,2026-05-21,0,0,0.00,0.00,0,,outflow_from_you
0x04deccd625fda2f552f86e4a668b1e6624077bce8e6685f2cd3ba5736bc165d5,https://bscscan.com/tx/0x04deccd625fda2f552f86e4a668b1e6624077bce8e6685f2cd3ba5736bc165d5,16994190,2022-04-16 10:56:38,,javascript:;,0x5c9f1A9C...2f1e49636,https://bscscan.com/address/0x5c9f1a9ced41ccc5dcecda5afc317b72f1e49636,0 BNB $0.00,0 . 00189873,,0x5c9f1a9ced41ccc5dcecda5afc317b72f1e49636,,,,,,0,,0,0.00,0.00,0.00,658.81,2026-05-21,0,0,0.00,0.00,0,,outflow_from_you
0x70579fc2181dbdbb885cb1ade34887bb6622be84ab89955d91f6e5a62da1945e,https://bscscan.com/tx/0x70579fc2181dbdbb885cb1ade34887bb6622be84ab89955d91f6e5a62da1945e,16992688,2022-04-16 9:41:32,,javascript:;,Multichain: Router V4,https://bscscan.com/address/0xd1c5966f9f5ee6881ff6b261bbeda45972b1b5f3,0 BNB $0.00,0 . 00035266,,0xd1c5966f9f5ee6881ff6b261bbeda45972b1b5f3,,Multichain: Router V4,,Multichain: Router V4,,0,,0,0.00,0.00,0.00,658.81,2026-05-21,0,0,0.00,0.00,0,,outflow_from_you
0xf9d24b5cd7b204ec12af4062bb797a1fb163fa9d80b173e188c234a928aba6c3,https://bscscan.com/tx/0xf9d24b5cd7b204ec12af4062bb797a1fb163fa9d80b173e188c234a928aba6c3,16992677,2022-04-16 9:40:59,,javascript:;,BUSD-T Stablecoin,https://bscscan.com/address/0x55d398326f99059ff775485246999027b3197955,0 BNB $0.00,0 . 00022203,,0x55d398326f99059ff775485246999027b3197955,,BUSD-T Stablecoin,,BUSD-T Stablecoin,,0,,0,0.00,0.00,0.00,658.81,2026-05-21,0,0,0.00,0.00,0,,outflow_from_you
0x3078836d63dfb9145b50cbc3f874cd2a54c8e1fb57ee397da6fb75391904aa84,https://bscscan.com/tx/0x3078836d63dfb9145b50cbc3f874cd2a54c8e1fb57ee397da6fb75391904aa84,16992616,2022-04-16 9:37:56,,javascript:;,Metamask: Swap Router,https://bscscan.com/address/0x1a1ec25dc08e98e5e93f1104b5e5cdd298707d31,0.25 BNB $162.28,0 . 00081413,,0x1a1ec25dc08e98e5e93f1104b5e5cdd298707d31,,Metamask: Swap Router,,Metamask: Swap Router,,0,,0.25,162.28,164.70,2.42,658.81,2026-05-21,0,0,0.00,0.00,0,,outflow_from_you
0x22df711e51ef997797d02e2864bdcd2d7cfc5b160d2351730ada3a6403e7f3a7,https://bscscan.com/tx/0x22df711e51ef997797d02e2864bdcd2d7cfc5b160d2351730ada3a6403e7f3a7,16992093,2022-04-16 9:11:45,0xd9B4aE62...02447922e,https://bscscan.com/address/0xd9b4ae62721d6311d67566a32e75f9002447922e,,javascript:;,0.1635 BNB $106.13,0 . 00012192,0xd9b4ae62721d6311d67566a32e75f9002447922e,,,,,,,0,,0.1635,106.13,107.72,1.59,658.81,2026-05-21,0,0,0.00,0.00,0,,inflow_to_you
0xe611622a5313228cad5e18d066b88e27410e196dd12c5d6147ee07a3f6c11e59,https://bscscan.com/tx/0xe611622a5313228cad5e18d066b88e27410e196dd12c5d6147ee07a3f6c11e59,16991915,2022-04-16 9:02:51,,javascript:;,0xfd5701FB...55a6b606e,https://bscscan.com/address/0xfd5701fb4139e6e18ce4f9712adbab355a6b606e,0 BNB $0.00,0 . 00316493,,0xfd5701fb4139e6e18ce4f9712adbab355a6b606e,,,,,,0,,0,0.00,0.00,0.00,658.81,2026-05-21,0,0,0.00,0.00,0,,outflow_from_you
0x578e43071338c0a32a852bf8630630ac51c1724f4a0d8911e11088b34a31277c,https://bscscan.com/tx/0x578e43071338c0a32a852bf8630630ac51c1724f4a0d8911e11088b34a31277c,16991910,2022-04-16 9:02:36,,javascript:;,BUSD-T Stablecoin,https://bscscan.com/address/0x55d398326f99059ff775485246999027b3197955,0 BNB $0.00,0 . 00022065,,0x55d398326f99059ff775485246999027b3197955,,BUSD-T Stablecoin,,BUSD-T Stablecoin,,0,,0,0.00,0.00,0.00,658.81,2026-05-21,0,0,0.00,0.00,0,,outflow_from_you
0xd345947f4f482c8dc0cce8b88069c98a173eb470f16a0ec31f3eb420fbb9c74d,https://bscscan.com/tx/0xd345947f4f482c8dc0cce8b88069c98a173eb470f16a0ec31f3eb420fbb9c74d,16991901,2022-04-16 9:02:09,,javascript:;,0x325E343f...C3A6B38Bd,https://bscscan.com/address/0x325e343f1de602396e256b67efd1f61c3a6b38bd,"1.61930676 BNB $1,051.16",0 . 0010407,,0x325e343f1de602396e256b67efd1f61c3a6b38bd,,,,,,0,,1.61930676,1051.16,1066.82,15.66,658.81,2026-05-21,0,0,0.00,0.00,0,,outflow_from_you
0x3a8230389d63ced4cf699b7940196c8fe413977f8e2f32f135a31cb29559e58c,https://bscscan.com/tx/0x3a8230389d63ced4cf699b7940196c8fe413977f8e2f32f135a31cb29559e58c,16991895,2022-04-16 9:01:51,,javascript:;,0x5c9f1A9C...2f1e49636,https://bscscan.com/address/0x5c9f1a9ced41ccc5dcecda5afc317b72f1e49636,0 BNB $0.00,0 . 00197373,,0x5c9f1a9ced41ccc5dcecda5afc317b72f1e49636,,,,,,0,,0,0.00,0.00,0.00,658.81,2026-05-21,0,0,0.00,0.00,0,,outflow_from_you
0xd50c46e9f296ea536c9f983565ab29b40fc7f96dbec419ac36b15c62655f4015,https://bscscan.com/tx/0xd50c46e9f296ea536c9f983565ab29b40fc7f96dbec419ac36b15c62655f4015,16991883,2022-04-16 9:01:15,0xd9B4aE62...02447922e,https://bscscan.com/address/0xd9b4ae62721d6311d67566a32e75f9002447922e,,javascript:;,"1.712 BNB $1,111.33",0 . 00012192,0xd9b4ae62721d6311d67566a32e75f9002447922e,,,,,,,0,,1.712,1111.33,1127.88,16.55,658.81,2026-05-21,0,0,0.00,0.00,0,,inflow_to_you
0x80a090329a3f7ea8262775ad79d0be69b1a2344f405332e8c3368e3e58b7e3e6,https://bscscan.com/tx/0x80a090329a3f7ea8262775ad79d0be69b1a2344f405332e8c3368e3e58b7e3e6,16991686,2022-04-16 8:51:24,,javascript:;,0xd9B4aE62...02447922e,https://bscscan.com/address/0xd9b4ae62721d6311d67566a32e75f9002447922e,0.11 BNB $71.41,0 . 000105,,0xd9b4ae62721d6311d67566a32e75f9002447922e,,,,,,0,,0.11,71.41,72.47,1.06,658.81,2026-05-21,0,0,0.00,0.00,0,,outflow_from_you
0xfb8b6fdf4958a187eab328eea12df33a316e93cc6aa4620ea44a3ec16ddf80a0,https://bscscan.com/tx/0xfb8b6fdf4958a187eab328eea12df33a316e93cc6aa4620ea44a3ec16ddf80a0,16990825,2022-04-16 8:08:20,Anyswap: Bridge Fantom,https://bscscan.com/address/0x4b3b4120d4d7975455d8c2894228789c91a247f8,,javascript:;,0.027146919 BNB $17.62,0 . 00012192,0x4b3b4120d4d7975455d8c2894228789c91a247f8,,Anyswap: Bridge Fantom,,Anyswap: Bridge Fantom,,,0,,0.027146919,17.62,17.88,0.26,658.81,2026-05-21,0,0,0.00,0.00,0,,inflow_to_you
0xe2c3293bc5336d5f2dafc37d5afaa376d37a27fcfd573410b4ff4c4f4394dca9,https://bscscan.com/tx/0xe2c3293bc5336d5f2dafc37d5afaa376d37a27fcfd573410b4ff4c4f4394dca9,16678015,2022-04-05 10:35:33,,javascript:;,0xd9B4aE62...02447922e,https://bscscan.com/address/0xd9b4ae62721d6311d67566a32e75f9002447922e,"1.642 BNB $1,065.89",0 . 000105,,0xd9b4ae62721d6311d67566a32e75f9002447922e,,,,,,0,,1.642,1065.89,1081.77,15.88,658.81,2026-05-21,0,0,0.00,0.00,0,,outflow_from_you
0xe809c3996bed5267fe3ca901949b463ac52d968e3e2db6c8c08a06ac7a32406b,https://bscscan.com/tx/0xe809c3996bed5267fe3ca901949b463ac52d968e3e2db6c8c08a06ac7a32406b,16676170,2022-04-05 9:03:18,,javascript:;,PancakeSwap: Router v2,https://bscscan.com/address/0x10ed43c718714eb63d5aa57b78b54704e256024e,0 BNB $0.00,0 . 00061243,,0x10ed43c718714eb63d5aa57b78b54704e256024e,,PancakeSwap: Router v2,,PancakeSwap: Router v2,,0,,0,0.00,0.00,0.00,658.81,2026-05-21,0,0,0.00,0.00,0,,outflow_from_you
0xbbf8c9a17f780ed8d87b120df73a7741dbd19bc5aff566b70d84ecf8ad20d015,https://bscscan.com/tx/0xbbf8c9a17f780ed8d87b120df73a7741dbd19bc5aff566b70d84ecf8ad20d015,16676139,2022-04-05 9:01:45,,javascript:;,PancakeSwap: Router v2,https://bscscan.com/address/0x10ed43c718714eb63d5aa57b78b54704e256024e,0 BNB $0.00,0 . 0011555,,0x10ed43c718714eb63d5aa57b78b54704e256024e,,PancakeSwap: Router v2,,PancakeSwap: Router v2,,0,,0,0.00,0.00,0.00,658.81,2026-05-21,0,0,0.00,0.00,0,,outflow_from_you
0xbcf771040a00ab34a6cd4d5b10293615970ce0c03237c024931bbeba6da8735b,https://bscscan.com/tx/0xbcf771040a00ab34a6cd4d5b10293615970ce0c03237c024931bbeba6da8735b,16676104,2022-04-05 9:00:00,,javascript:;,0x3f13FdC4...3014BecEf,https://bscscan.com/address/0x3f13fdc46d03888be3451ff830ee6503014becef,0 BNB $0.00,0 . 00118758,,0x3f13fdc46d03888be3451ff830ee6503014becef,,,,,,0,,0,0.00,0.00,0.00,658.81,2026-05-21,0,0,0.00,0.00,0,,outflow_from_you
0xe4a3e9ec2c3793d207a7b1963e7032a510c3b721c1e50183fec7bd90f0259856,https://bscscan.com/tx/0xe4a3e9ec2c3793d207a7b1963e7032a510c3b721c1e50183fec7bd90f0259856,16655087,2022-04-04 15:17:38,,javascript:;,Beefy: Staking Contract,https://bscscan.com/address/0x453d4ba9a2d594314df88564248497f7d74d6b2c,0 BNB $0.00,0 . 00030229,,0x453d4ba9a2d594314df88564248497f7d74d6b2c,,Beefy: Staking Contract,,Beefy: Staking Contract,,0,,0,0.00,0.00,0.00,658.81,2026-05-21,0,0,0.00,0.00,0,,outflow_from_you
0xb024e02700e75d0498c34b33d8ff11e0f32e8948c6e95b9ee5d43e29e7764564,https://bscscan.com/tx/0xb024e02700e75d0498c34b33d8ff11e0f32e8948c6e95b9ee5d43e29e7764564,16654896,2022-04-04 15:07:58,Binance: Hot Wallet 13,https://bscscan.com/address/0xbd612a3f30dca67bf60a39fd0d35e39b7ab80774,,javascript:;,0.38 BNB $246.67,0 . 00021,0xbd612a3f30dca67bf60a39fd0d35e39b7ab80774,,Binance: Hot Wallet 13,,Binance: Hot Wallet 13,,,0,,0.38,246.67,250.35,3.68,658.81,2026-05-21,1,0.38,246.67,250.35,1,friendly_tag_or_url_contains_binance,inflow_to_you
0xfa3bc42e0a158b2307d17817f8e807f71ab2ad80638737da13e464e635a353dd,https://bscscan.com/tx/0xfa3bc42e0a158b2307d17817f8e807f71ab2ad80638737da13e464e635a353dd,16652227,2022-04-04 12:53:48,,javascript:;,0xB6934215...68B6A3182,https://bscscan.com/address/0xb6934215b856b03430fc8dc058bd1c668b6a3182,"2.69 BNB $1,746.18",0 . 000105,,0xb6934215b856b03430fc8dc058bd1c668b6a3182,,,,,,0,,2.69,1746.18,1772.20,26.02,658.81,2026-05-21,0,0,0.00,0.00,1,user_binance_address_match,outflow_from_you
0xe0206fdd4887abfc33e6e64ee6a65030db76ca686198d5d627a44279c2c68424,https://bscscan.com/tx/0xe0206fdd4887abfc33e6e64ee6a65030db76ca686198d5d627a44279c2c68424,16652110,2022-04-04 12:47:51,,javascript:;,PancakeSwap: Router v2,https://bscscan.com/address/0x10ed43c718714eb63d5aa57b78b54704e256024e,0 BNB $0.00,0 . 00061477,,0x10ed43c718714eb63d5aa57b78b54704e256024e,,PancakeSwap: Router v2,,PancakeSwap: Router v2,,0,,0,0.00,0.00,0.00,658.81,2026-05-21,0,0,0.00,0.00,0,,outflow_from_you
0x93f24eff3cf600d68b45004a6a6641e6f90292af47ac1743a438f7ad3a80a29c,https://bscscan.com/tx/0x93f24eff3cf600d68b45004a6a6641e6f90292af47ac1743a438f7ad3a80a29c,16647975,2022-04-04 9:17:33,,javascript:;,Beefy: Staking Contract,https://bscscan.com/address/0x453d4ba9a2d594314df88564248497f7d74d6b2c,0 BNB $0.00,0 . 00041078,,0x453d4ba9a2d594314df88564248497f7d74d6b2c,,Beefy: Staking Contract,,Beefy: Staking Contract,,0,,0,0.00,0.00,0.00,658.81,2026-05-21,0,0,0.00,0.00,0,,outflow_from_you
0x48a8de68a750774787709a6a56cce17ca6d395001af3b2a21eaa3e1b2fb856f5,https://bscscan.com/tx/0x48a8de68a750774787709a6a56cce17ca6d395001af3b2a21eaa3e1b2fb856f5,16621995,2022-04-03 11:25:33,,javascript:;,0x3f13FdC4...3014BecEf,https://bscscan.com/address/0x3f13fdc46d03888be3451ff830ee6503014becef,0 BNB $0.00,0 . 00130984,,0x3f13fdc46d03888be3451ff830ee6503014becef,,,,,,0,,0,0.00,0.00,0.00,658.81,2026-05-21,0,0,0.00,0.00,0,,outflow_from_you
0xb03d06f84b7b34631d5e505a91e84df38b5c1302b520897b94351d5572eecc38,https://bscscan.com/tx/0xb03d06f84b7b34631d5e505a91e84df38b5c1302b520897b94351d5572eecc38,16621987,2022-04-03 11:25:09,,javascript:;,PancakeSwap V2: BSW 3,https://bscscan.com/address/0x8ca3ff14a52b080c54a6d1a405eeca02959d39fe,0 BNB $0.00,0 . 00022083,,0x8ca3ff14a52b080c54a6d1a405eeca02959d39fe,,PancakeSwap V2: BSW 3,,PancakeSwap V2: BSW 3,,0,,0,0.00,0.00,0.00,658.81,2026-05-21,0,0,0.00,0.00,0,,outflow_from_you
0xa4ffea22969df2f2f43907638cc6a327a5ecf380e0f70210a5db333ef83ced19,https://bscscan.com/tx/0xa4ffea22969df2f2f43907638cc6a327a5ecf380e0f70210a5db333ef83ced19,16621969,2022-04-03 11:24:15,,javascript:;,PancakeSwap: Router v2,https://bscscan.com/address/0x10ed43c718714eb63d5aa57b78b54704e256024e,0.646746464 BNB $419.83,0 . 00090076,,0x10ed43c718714eb63d5aa57b78b54704e256024e,,PancakeSwap: Router v2,,PancakeSwap: Router v2,,0,,0.646746464,419.83,426.08,6.25,658.81,2026-05-21,0,0,0.00,0.00,0,,outflow_from_you
0x1d7ac1c940520b46d3f739a71aef4e816433fbe604efb396bbc7880ab9fb5a9f,https://bscscan.com/tx/0x1d7ac1c940520b46d3f739a71aef4e816433fbe604efb396bbc7880ab9fb5a9f,16621960,2022-04-03 11:23:48,,javascript:;,Biswap: BSW Token,https://bscscan.com/address/0x965f527d9159dce6288a2219db51fc6eef120dd1,0 BNB $0.00,0 . 00022202,,0x965f527d9159dce6288a2219db51fc6eef120dd1,,Biswap: BSW Token,,Biswap: BSW Token,,0,,0,0.00,0.00,0.00,658.81,2026-05-21,0,0,0.00,0.00,0,,outflow_from_you
0x27e6146129946d0ecf1a26974af90cfb98654d8c960fe182b993bb42e551eafa,https://bscscan.com/tx/0x27e6146129946d0ecf1a26974af90cfb98654d8c960fe182b993bb42e551eafa,16621944,2022-04-03 11:23:00,,javascript:;,PancakeSwap: Router v2,https://bscscan.com/address/0x10ed43c718714eb63d5aa57b78b54704e256024e,0.65 BNB $421.94,0 . 00067134,,0x10ed43c718714eb63d5aa57b78b54704e256024e,,PancakeSwap: Router v2,,PancakeSwap: Router v2,,0,,0.65,421.94,428.23,6.29,658.81,2026-05-21,0,0,0.00,0.00,0,,outflow_from_you
0xab09221c5fd315c14b5e5abc4d69642f0f554c9113afa3cf93453979ef0a417d,https://bscscan.com/tx/0xab09221c5fd315c14b5e5abc4d69642f0f554c9113afa3cf93453979ef0a417d,16621894,2022-04-03 11:20:30,Anyswap: Bridge Fantom,https://bscscan.com/address/0x4b3b4120d4d7975455d8c2894228789c91a247f8,,javascript:;,1.278 BNB $829.60,0 . 00012192,0x4b3b4120d4d7975455d8c2894228789c91a247f8,,Anyswap: Bridge Fantom,,Anyswap: Bridge Fantom,,,0,,1.278,829.60,841.96,12.36,658.81,2026-05-21,0,0,0.00,0.00,0,,inflow_to_you
0xa7336b1cb52d2fcd999e23494830ea0c1f31cc75e2b1bfc0422e4c39d8f3309f,https://bscscan.com/tx/0xa7336b1cb52d2fcd999e23494830ea0c1f31cc75e2b1bfc0422e4c39d8f3309f,16612941,2022-04-03 3:49:44,,javascript:;,Anyswap: Bridge Fantom,https://bscscan.com/address/0x4b3b4120d4d7975455d8c2894228789c91a247f8,1.348083884 BNB $875.09,0 . 000105,,0x4b3b4120d4d7975455d8c2894228789c91a247f8,,Anyswap: Bridge Fantom,,Anyswap: Bridge Fantom,,0,,1.348083884,875.09,888.13,13.04,658.81,2026-05-21,0,0,0.00,0.00,0,,outflow_from_you
0xe6a10dda7f9054488ef7cd4dd8d7f1259647752075f3cdd38cd98868afa6c14a,https://bscscan.com/tx/0xe6a10dda7f9054488ef7cd4dd8d7f1259647752075f3cdd38cd98868afa6c14a,16612923,2022-04-03 3:48:50,,javascript:;,PancakeSwap: Router v2,https://bscscan.com/address/0x10ed43c718714eb63d5aa57b78b54704e256024e,0 BNB $0.00,0 . 00061477,,0x10ed43c718714eb63d5aa57b78b54704e256024e,,PancakeSwap: Router v2,,PancakeSwap: Router v2,,0,,0,0.00,0.00,0.00,658.81,2026-05-21,0,0,0.00,0.00,0,,outflow_from_you
0x27c700d8a9333ed9e143cdad334a4ff8987cf590caa9477675071e4f105fd8f6,https://bscscan.com/tx/0x27c700d8a9333ed9e143cdad334a4ff8987cf590caa9477675071e4f105fd8f6,16612912,2022-04-03 3:48:17,,javascript:;,Beefy: BIFI Token,https://bscscan.com/address/0xca3f508b8e4dd382ee878a314789373d80a5190a,0 BNB $0.00,0 . 00022254,,0xca3f508b8e4dd382ee878a314789373d80a5190a,,Beefy: BIFI Token,,Beefy: BIFI Token,,0,,0,0.00,0.00,0.00,658.81,2026-05-21,0,0,0.00,0.00,0,,outflow_from_you
0x7bb21b7d07d0a2f1f4c96c55e7093e7558e567cb39322f51204060c0780aaf14,https://bscscan.com/tx/0x7bb21b7d07d0a2f1f4c96c55e7093e7558e567cb39322f51204060c0780aaf14,16612865,2022-04-03 3:45:56,,javascript:;,Beefy: BIFI Token,https://bscscan.com/address/0xca3f508b8e4dd382ee878a314789373d80a5190a,0 BNB $0.00,0 . 00089018,,0xca3f508b8e4dd382ee878a314789373d80a5190a,,Beefy: BIFI Token,,Beefy: BIFI Token,,0,,0,0.00,0.00,0.00,658.81,2026-05-21,0,0,0.00,0.00,0,,outflow_from_you
0x96d5a79a4d730bccdb6291e475a61362669ca0579d652f6e28eebf263b6617ef,https://bscscan.com/tx/0x96d5a79a4d730bccdb6291e475a61362669ca0579d652f6e28eebf263b6617ef,16580042,2022-04-02 0:11:00,,javascript:;,Anyswap: Bridge Fantom,https://bscscan.com/address/0x4b3b4120d4d7975455d8c2894228789c91a247f8,0.09 BNB $58.42,0 . 000105,,0x4b3b4120d4d7975455d8c2894228789c91a247f8,,Anyswap: Bridge Fantom,,Anyswap: Bridge Fantom,,0,,0.09,58.42,59.29,0.87,658.81,2026-05-21,0,0,0.00,0.00,0,,outflow_from_you
0x7382d9deba217c50739a6d3f17d621879b7949d7980fbc6367770abda49e7bc5,https://bscscan.com/tx/0x7382d9deba217c50739a6d3f17d621879b7949d7980fbc6367770abda49e7bc5,16579936,2022-04-02 0:05:42,,javascript:;,1inch: Router V4,https://bscscan.com/address/0x1111111254fb6c44bac0bed2854e76f90643097d,1.49297 BNB $969.15,0 . 00418354,,0x1111111254fb6c44bac0bed2854e76f90643097d,,1inch: Router V4,,1inch: Router V4,,0,,1.49297,969.15,983.58,14.43,658.81,2026-05-21,0,0,0.00,0.00,0,,outflow_from_you
0xf6254ffc602c36932f416e21ced724aff15cd193871657495642234361337de0,https://bscscan.com/tx/0xf6254ffc602c36932f416e21ced724aff15cd193871657495642234361337de0,16579506,2022-04-01 23:44:00,,javascript:;,Anyswap: Bridge Fantom,https://bscscan.com/address/0x4b3b4120d4d7975455d8c2894228789c91a247f8,"2.5 BNB $1,622.85",0 . 000105,,0x4b3b4120d4d7975455d8c2894228789c91a247f8,,Anyswap: Bridge Fantom,,Anyswap: Bridge Fantom,,0,,2.5,1622.85,1647.02,24.17,658.81,2026-05-21,0,0,0.00,0.00,0,,outflow_from_you
0x2a859c82a63fed146aa11ee6184f29cc38e462ab5d7783992d45f795d078aee6,https://bscscan.com/tx/0x2a859c82a63fed146aa11ee6184f29cc38e462ab5d7783992d45f795d078aee6,16579133,2022-04-01 23:23:30,Binance 47,https://bscscan.com/address/0x3c783c21a0383057d128bae431894a5c19f9cf06,,javascript:;,"3.9995 BNB $2,596.23",0 . 00021,0x3c783c21a0383057d128bae431894a5c19f9cf06,,Binance 47,,Binance 47,,,0,,3.9995,2596.23,2634.91,38.68,658.81,2026-05-21,1,3.9995,2596.23,2634.91,1,friendly_tag_or_url_contains_binance,inflow_to_you
0x214597ddba2fbb3d23bfaabfa69072708b5d11386e55ead7d2a92023de2b2535,https://bscscan.com/tx/0x214597ddba2fbb3d23bfaabfa69072708b5d11386e55ead7d2a92023de2b2535,16556257,2022-04-01 4:08:40,,javascript:;,0xB6934215...68B6A3182,https://bscscan.com/address/0xb6934215b856b03430fc8dc058bd1c668b6a3182,"2.87868401 BNB $1,868.67",0 . 000105,,0xb6934215b856b03430fc8dc058bd1c668b6a3182,,,,,,0,,2.87868401,1868.67,1896.51,27.84,658.81,2026-05-21,0,0,0.00,0.00,1,user_binance_address_match,outflow_from_you
0x63182808ad327229741817d3cf602b08efcaa704a3669fe81310e5d47100c422,https://bscscan.com/tx/0x63182808ad327229741817d3cf602b08efcaa704a3669fe81310e5d47100c422,16556160,2022-04-01 4:03:49,,javascript:;,Metamask: Swap Router,https://bscscan.com/address/0x1a1ec25dc08e98e5e93f1104b5e5cdd298707d31,0 BNB $0.00,0 . 00085734,,0x1a1ec25dc08e98e5e93f1104b5e5cdd298707d31,,Metamask: Swap Router,,Metamask: Swap Router,,0,,0,0.00,0.00,0.00,658.81,2026-05-21,0,0,0.00,0.00,0,,outflow_from_you
0x97eea7131b38533f571ac9ec730bf3c749f5ad09c0b552679322dfd636e9b52f,https://bscscan.com/tx/0x97eea7131b38533f571ac9ec730bf3c749f5ad09c0b552679322dfd636e9b52f,16556158,2022-04-01 4:03:43,,javascript:;,BUSD-T Stablecoin,https://bscscan.com/address/0x55d398326f99059ff775485246999027b3197955,0 BNB $0.00,0 . 00022203,,0x55d398326f99059ff775485246999027b3197955,,BUSD-T Stablecoin,,BUSD-T Stablecoin,,0,,0,0.00,0.00,0.00,658.81,2026-05-21,0,0,0.00,0.00,0,,outflow_from_you
0x6954dd29bf4f0e6ad9395d34d30aeac87aee02b996628d9c708b8d5d8cc2eb0e,https://bscscan.com/tx/0x6954dd29bf4f0e6ad9395d34d30aeac87aee02b996628d9c708b8d5d8cc2eb0e,16556104,2022-04-01 4:01:01,,javascript:;,0x325E343f...C3A6B38Bd,https://bscscan.com/address/0x325e343f1de602396e256b67efd1f61c3a6b38bd,0 BNB $0.00,0 . 00108665,,0x325e343f1de602396e256b67efd1f61c3a6b38bd,,,,,,0,,0,0.00,0.00,0.00,658.81,2026-05-21,0,0,0.00,0.00,0,,outflow_from_you
0xa7c45d15e48ceb88a294e551602fd57755f18070b6cacd2a1154c0e3820bc4a6,https://bscscan.com/tx/0xa7c45d15e48ceb88a294e551602fd57755f18070b6cacd2a1154c0e3820bc4a6,16556095,2022-04-01 4:00:34,,javascript:;,0x325E343f...C3A6B38Bd,https://bscscan.com/address/0x325e343f1de602396e256b67efd1f61c3a6b38bd,0 BNB $0.00,0 . 00119844,,0x325e343f1de602396e256b67efd1f61c3a6b38bd,,,,,,0,,0,0.00,0.00,0.00,658.81,2026-05-21,0,0,0.00,0.00,0,,outflow_from_you
0xdf610687a66b703f9da2b517b083ba28455cfbbb5bf8b6d11bc20ead64d728f5,https://bscscan.com/tx/0xdf610687a66b703f9da2b517b083ba28455cfbbb5bf8b6d11bc20ead64d728f5,16556084,2022-04-01 4:00:01,,javascript:;,0x5c9f1A9C...2f1e49636,https://bscscan.com/address/0x5c9f1a9ced41ccc5dcecda5afc317b72f1e49636,0 BNB $0.00,0 . 00220306,,0x5c9f1a9ced41ccc5dcecda5afc317b72f1e49636,,,,,,0,,0,0.00,0.00,0.00,658.81,2026-05-21,0,0,0.00,0.00,0,,outflow_from_you
0x167d702dcefe3c8c148b6f695488b45995b4c03e3527967983462ad63c6f7837,https://bscscan.com/tx/0x167d702dcefe3c8c148b6f695488b45995b4c03e3527967983462ad63c6f7837,16555763,2022-04-01 3:43:57,,javascript:;,0x325E343f...C3A6B38Bd,https://bscscan.com/address/0x325e343f1de602396e256b67efd1f61c3a6b38bd,0 BNB $0.00,0 . 00093465,,0x325e343f1de602396e256b67efd1f61c3a6b38bd,,,,,,0,,0,0.00,0.00,0.00,658.81,2026-05-21,0,0,0.00,0.00,0,,outflow_from_you
0x10fd732dfab8f264c0fc892e54cfb87969ed4efc34cb57b73ac3187f4914da96,https://bscscan.com/tx/0x10fd732dfab8f264c0fc892e54cfb87969ed4efc34cb57b73ac3187f4914da96,16555728,2022-04-01 3:42:12,,javascript:;,0xbFF84AC9...A90c7CDAB,https://bscscan.com/address/0xbff84ac91c3d4123e5d5aaf32996c05a90c7cdab,0 BNB $0.00,0 . 00106299,,0xbff84ac91c3d4123e5d5aaf32996c05a90c7cdab,,,,,,0,,0,0.00,0.00,0.00,658.81,2026-05-21,0,0,0.00,0.00,0,,outflow_from_you
0xa984585a9b2024be4917d5f2d1cf73f3302718d35931ce5021549ad633df56e5,https://bscscan.com/tx/0xa984585a9b2024be4917d5f2d1cf73f3302718d35931ce5021549ad633df56e5,16545223,2022-03-31 18:56:05,,javascript:;,0xbFF84AC9...A90c7CDAB,https://bscscan.com/address/0xbff84ac91c3d4123e5d5aaf32996c05a90c7cdab,0 BNB $0.00,0 . 00118505,,0xbff84ac91c3d4123e5d5aaf32996c05a90c7cdab,,,,,,0,,0,0.00,0.00,0.00,658.81,2026-05-21,0,0,0.00,0.00,0,,outflow_from_you
0x3238078c64f77fbf21d8c7312d7f5c56406b3e49cd4f0b2b1c5aebe2436a1dff,https://bscscan.com/tx/0x3238078c64f77fbf21d8c7312d7f5c56406b3e49cd4f0b2b1c5aebe2436a1dff,16545216,2022-03-31 18:55:44,,javascript:;,0xE730C7B7...fD233bAfF,https://bscscan.com/address/0xe730c7b7470447ad4886c763247012dfd233baff,0 BNB $0.00,0 . 00022039,,0xe730c7b7470447ad4886c763247012dfd233baff,,,,,,0,,0,0.00,0.00,0.00,658.81,2026-05-21,0,0,0.00,0.00,0,,outflow_from_you
0x50e8865015cc717406f771bfff6fa17fba25020e202b1ce0f63f20bd702c9783,https://bscscan.com/tx/0x50e8865015cc717406f771bfff6fa17fba25020e202b1ce0f63f20bd702c9783,16545196,2022-03-31 18:54:44,,javascript:;,0x325E343f...C3A6B38Bd,https://bscscan.com/address/0x325e343f1de602396e256b67efd1f61c3a6b38bd,0 BNB $0.00,0 . 00094214,,0x325e343f1de602396e256b67efd1f61c3a6b38bd,,,,,,0,,0,0.00,0.00,0.00,658.81,2026-05-21,0,0,0.00,0.00,0,,outflow_from_you
0xa87db92edf8c9a432458135ad511335172959d188093d2edd2a232b18b620e45,https://bscscan.com/tx/0xa87db92edf8c9a432458135ad511335172959d188093d2edd2a232b18b620e45,16545187,2022-03-31 18:54:17,,javascript:;,BabySwap: BABY Token,https://bscscan.com/address/0x53e562b9b7e5e94b81f10e96ee70ad06df3d2657,0 BNB $0.00,0 . 00012615,,0x53e562b9b7e5e94b81f10e96ee70ad06df3d2657,,BabySwap: BABY Token,,BabySwap: BABY Token,,0,,0,0.00,0.00,0.00,658.81,2026-05-21,0,0,0.00,0.00,0,,outflow_from_you
0x8c12cb264549ca67bd28d374522009b274a61c7f88f4ff4e644c1f3c74674883,https://bscscan.com/tx/0x8c12cb264549ca67bd28d374522009b274a61c7f88f4ff4e644c1f3c74674883,16545178,2022-03-31 18:53:50,,javascript:;,BabySwap: BABY Token,https://bscscan.com/address/0x53e562b9b7e5e94b81f10e96ee70ad06df3d2657,0 BNB $0.00,0 . 00022215,,0x53e562b9b7e5e94b81f10e96ee70ad06df3d2657,,BabySwap: BABY Token,,BabySwap: BABY Token,,0,,0,0.00,0.00,0.00,658.81,2026-05-21,0,0,0.00,0.00,0,,outflow_from_you
0x659810a31146a5c0f5aa003c88439b3085012c1d3c43956204daaba2ab66e01e,https://bscscan.com/tx/0x659810a31146a5c0f5aa003c88439b3085012c1d3c43956204daaba2ab66e01e,16545159,2022-03-31 18:52:53,,javascript:;,0x325E343f...C3A6B38Bd,https://bscscan.com/address/0x325e343f1de602396e256b67efd1f61c3a6b38bd,1.25 BNB $811.82,0 . 0008907,,0x325e343f1de602396e256b67efd1f61c3a6b38bd,,,,,,0,,1.25,811.82,823.51,11.69,658.81,2026-05-21,0,0,0.00,0.00,0,,outflow_from_you
0x97d151c9c920b993198fb5ece7db81b4abae6b56d1f5c0e1da4859ca881033bf,https://bscscan.com/tx/0x97d151c9c920b993198fb5ece7db81b4abae6b56d1f5c0e1da4859ca881033bf,16545139,2022-03-31 18:51:53,,javascript:;,0x325E343f...C3A6B38Bd,https://bscscan.com/address/0x325e343f1de602396e256b67efd1f61c3a6b38bd,1.25 BNB $811.82,0 . 00122056,,0x325e343f1de602396e256b67efd1f61c3a6b38bd,,,,,,0,,1.25,811.82,823.51,11.69,658.81,2026-05-21,0,0,0.00,0.00,0,,outflow_from_you
0x71182a153b0ca1bd5362316073b380f485149f1fa44521021b9e1982577bc3dc,https://bscscan.com/tx/0x71182a153b0ca1bd5362316073b380f485149f1fa44521021b9e1982577bc3dc,16543441,2022-03-31 17:26:39,Binance: Hot Wallet 23,https://bscscan.com/address/0x01c952174c24e1210d26961d456a77a39e1f0bb0,,javascript:;,"2.55133678 BNB $1,656.99",0 . 00021,0x01c952174c24e1210d26961d456a77a39e1f0bb0,,Binance: Hot Wallet 23,,Binance: Hot Wallet 23,,,0,,2.55133678,1656.99,1680.85,23.86,658.81,2026-05-21,1,2.55133678,1656.99,1680.85,1,friendly_tag_or_url_contains_binance,inflow_to_you
0x6abe57dc249e6aeebec48cd771652a9ee4f85572db3f94a73ebfefc621175e66,https://bscscan.com/tx/0x6abe57dc249e6aeebec48cd771652a9ee4f85572db3f94a73ebfefc621175e66,16466584,2022-03-29 0:16:50,,javascript:;,Anyswap: Bridge Fantom,https://bscscan.com/address/0x4b3b4120d4d7975455d8c2894228789c91a247f8,0.25630495 BNB $166.46,0 . 000105,,0x4b3b4120d4d7975455d8c2894228789c91a247f8,,Anyswap: Bridge Fantom,,Anyswap: Bridge Fantom,,0,,0.25630495,166.46,168.86,2.40,658.81,2026-05-21,0,0,0.00,0.00,0,,outflow_from_you
0x3c2a9097526aaca26dc747203347bdef8d6ea111e9cb3986f8739117e1a20e0f,https://bscscan.com/tx/0x3c2a9097526aaca26dc747203347bdef8d6ea111e9cb3986f8739117e1a20e0f,16466447,2022-03-29 0:09:59,Binance: Hot Wallet 12,https://bscscan.com/address/0x515b72ed8a97f42c568d6a143232775018f133c8,,javascript:;,0.25215195 BNB $163.76,0 . 00021,0x515b72ed8a97f42c568d6a143232775018f133c8,,Binance: Hot Wallet 12,,Binance: Hot Wallet 12,,,0,,0.25215195,163.76,166.12,2.36,658.81,2026-05-21,1,0.25215195,163.76,166.12,1,friendly_tag_or_url_contains_binance,inflow_to_you
0x21979e74ce500927a1b004046d79491ac17568506f97627ba84ed540fd6c1da1,https://bscscan.com/tx/0x21979e74ce500927a1b004046d79491ac17568506f97627ba84ed540fd6c1da1,16402365,2022-03-26 18:33:05,,javascript:;,Beefy: Staking Contract,https://bscscan.com/address/0x453d4ba9a2d594314df88564248497f7d74d6b2c,0 BNB $0.00,0 . 00049484,,0x453d4ba9a2d594314df88564248497f7d74d6b2c,,Beefy: Staking Contract,,Beefy: Staking Contract,,0,,0,0.00,0.00,0.00,658.81,2026-05-21,0,0,0.00,0.00,0,,outflow_from_you
0xfe17c2910214fa4fd528dc0bc6fc6252a771d1fa052abfd15b9eb721840ea29f,https://bscscan.com/tx/0xfe17c2910214fa4fd528dc0bc6fc6252a771d1fa052abfd15b9eb721840ea29f,16402352,2022-03-26 18:32:26,,javascript:;,1inch: Router V4,https://bscscan.com/address/0x1111111254fb6c44bac0bed2854e76f90643097d,1.25 BNB $811.82,0 . 0045005,,0x1111111254fb6c44bac0bed2854e76f90643097d,,1inch: Router V4,,1inch: Router V4,,0,,1.25,811.82,823.51,11.69,658.81,2026-05-21,0,0,0.00,0.00,0,,outflow_from_you
0x0cc85190f7bef8a2220f88a242107197abcaf35ee7f62ca62ad5fbff2df9291c,https://bscscan.com/tx/0x0cc85190f7bef8a2220f88a242107197abcaf35ee7f62ca62ad5fbff2df9291c,16402319,2022-03-26 18:30:47,Anyswap: Bridge Fantom,https://bscscan.com/address/0x4b3b4120d4d7975455d8c2894228789c91a247f8,,javascript:;,1.328 BNB $862.48,0 . 00012192,0x4b3b4120d4d7975455d8c2894228789c91a247f8,,Anyswap: Bridge Fantom,,Anyswap: Bridge Fantom,,,0,,1.328,862.48,874.90,12.42,658.81,2026-05-21,0,0,0.00,0.00,0,,inflow_to_you
0xb023110aa12945aebee797b70f339807679bdbb4aa1307e6d7071af435b47a46,https://bscscan.com/tx/0xb023110aa12945aebee797b70f339807679bdbb4aa1307e6d7071af435b47a46,16402261,2022-03-26 18:27:53,,javascript:;,Beefy: Staking Contract,https://bscscan.com/address/0x453d4ba9a2d594314df88564248497f7d74d6b2c,0 BNB $0.00,0 . 00054855,,0x453d4ba9a2d594314df88564248497f7d74d6b2c,,Beefy: Staking Contract,,Beefy: Staking Contract,,0,,0,0.00,0.00,0.00,658.81,2026-05-21,0,0,0.00,0.00,0,,outflow_from_you
0xcba5ad28e53c7fa3e77e140cc72dd484fe07ac28029b198b4d95516a9aa146ae,https://bscscan.com/tx/0xcba5ad28e53c7fa3e77e140cc72dd484fe07ac28029b198b4d95516a9aa146ae,16402253,2022-03-26 18:27:29,,javascript:;,Beefy: BIFI Token,https://bscscan.com/address/0xca3f508b8e4dd382ee878a314789373d80a5190a,0 BNB $0.00,0 . 00022116,,0xca3f508b8e4dd382ee878a314789373d80a5190a,,Beefy: BIFI Token,,Beefy: BIFI Token,,0,,0,0.00,0.00,0.00,658.81,2026-05-21,0,0,0.00,0.00,0,,outflow_from_you
0x5eb138e58fdaf7e36a39b716b06ff0e0c39e4d19b02456fb34067407a70cc487,https://bscscan.com/tx/0x5eb138e58fdaf7e36a39b716b06ff0e0c39e4d19b02456fb34067407a70cc487,16402239,2022-03-26 18:26:47,,javascript:;,1inch: Router V4,https://bscscan.com/address/0x1111111254fb6c44bac0bed2854e76f90643097d,"1.550985838 BNB $1,007.30",0 . 00450194,,0x1111111254fb6c44bac0bed2854e76f90643097d,,1inch: Router V4,,1inch: Router V4,,0,,1.550985838,1007.30,1021.80,14.50,658.81,2026-05-21,0,0,0.00,0.00,0,,outflow_from_you
0x8f53860c120adca9bde67e771da437055efd9f876ebc12b19deebef52d994c21,https://bscscan.com/tx/0x8f53860c120adca9bde67e771da437055efd9f876ebc12b19deebef52d994c21,16402213,2022-03-26 18:25:29,Anyswap: Bridge Fantom,https://bscscan.com/address/0x4b3b4120d4d7975455d8c2894228789c91a247f8,,javascript:;,1.478 BNB $959.90,0 . 00012192,0x4b3b4120d4d7975455d8c2894228789c91a247f8,,Anyswap: Bridge Fantom,,Anyswap: Bridge Fantom,,,0,,1.478,959.90,973.72,13.82,658.81,2026-05-21,0,0,0.00,0.00,0,,inflow_to_you
0x41bd0ac83a9f5dcdb3c35d7166b6f9fb177e30a75e35a2eaf25d907c158dfeb4,https://bscscan.com/tx/0x41bd0ac83a9f5dcdb3c35d7166b6f9fb177e30a75e35a2eaf25d907c158dfeb4,16399811,2022-03-26 16:25:23,,javascript:;,Anyswap: Bridge Fantom,https://bscscan.com/address/0x4b3b4120d4d7975455d8c2894228789c91a247f8,"2.9 BNB $1,883.43",0 . 000105,,0x4b3b4120d4d7975455d8c2894228789c91a247f8,,Anyswap: Bridge Fantom,,Anyswap: Bridge Fantom,,0,,2.9,1883.43,1910.55,27.12,658.81,2026-05-21,0,0,0.00,0.00,0,,outflow_from_you
0xd2d6581ecf51aa73980ee17de383208fb3bc39c536b69d2dd5467971cfe6e67e,https://bscscan.com/tx/0xd2d6581ecf51aa73980ee17de383208fb3bc39c536b69d2dd5467971cfe6e67e,16399704,2022-03-26 16:20:01,Binance: Hot Wallet 11,https://bscscan.com/address/0x161ba15a5f335c9f06bb5bbb0a9ce14076fbb645,,javascript:;,"2.89763721 BNB $1,881.90",0 . 00021,0x161ba15a5f335c9f06bb5bbb0a9ce14076fbb645,,Binance: Hot Wallet 11,,Binance: Hot Wallet 11,,,0,,2.89763721,1881.90,1908.99,27.09,658.81,2026-05-21,1,2.89763721,1881.90,1908.99,1,friendly_tag_or_url_contains_binance,inflow_to_you
0x3a904578d4d0b04a578bd7160f622414672c5bb37d5e2b433bdc80ecf21c24e7,https://bscscan.com/tx/0x3a904578d4d0b04a578bd7160f622414672c5bb37d5e2b433bdc80ecf21c24e7,16307363,2022-03-23 11:09:00,,javascript:;,PancakeSwap: Router v2,https://bscscan.com/address/0x10ed43c718714eb63d5aa57b78b54704e256024e,0 BNB $0.00,0 . 00061309,,0x10ed43c718714eb63d5aa57b78b54704e256024e,,PancakeSwap: Router v2,,PancakeSwap: Router v2,,0,,0,0.00,0.00,0.00,658.81,2026-05-21,0,0,0.00,0.00,0,,outflow_from_you
0xf147deefcc70086a1991d24208b896923db79b059170eee531478b17365516bb,https://bscscan.com/tx/0xf147deefcc70086a1991d24208b896923db79b059170eee531478b17365516bb,16307330,2022-03-23 11:07:21,,javascript:;,PancakeSwap: Router v2,https://bscscan.com/address/0x10ed43c718714eb63d5aa57b78b54704e256024e,0 BNB $0.00,0 . 00107569,,0x10ed43c718714eb63d5aa57b78b54704e256024e,,PancakeSwap: Router v2,,PancakeSwap: Router v2,,0,,0,0.00,0.00,0.00,658.81,2026-05-21,0,0,0.00,0.00,0,,outflow_from_you
0x5105acb388e8ef818179e0149423a3ef5923c08a2ffb07fe91ae9a4831429933,https://bscscan.com/tx/0x5105acb388e8ef818179e0149423a3ef5923c08a2ffb07fe91ae9a4831429933,16306360,2022-03-23 10:18:06,,javascript:;,0xFf494b7C...6637aA85e,https://bscscan.com/address/0xff494b7cb341311f86da21a49c5ff176637aa85e,0 BNB $0.00,0 . 00102154,,0xff494b7cb341311f86da21a49c5ff176637aa85e,,,,,,0,,0,0.00,0.00,0.00,658.81,2026-05-21,0,0,0.00,0.00,0,,outflow_from_you
0xa1890e49083931b752af0c4f4dac3e69efaa5da3779aba7dd1197f917e10238c,https://bscscan.com/tx/0xa1890e49083931b752af0c4f4dac3e69efaa5da3779aba7dd1197f917e10238c,16281805,2022-03-22 13:41:29,,javascript:;,Anyswap: Bridge Fantom,https://bscscan.com/address/0x4b3b4120d4d7975455d8c2894228789c91a247f8,"2.131459894 BNB $1,384.30",0 . 000105,,0x4b3b4120d4d7975455d8c2894228789c91a247f8,,Anyswap: Bridge Fantom,,Anyswap: Bridge Fantom,,0,,2.131459894,1384.30,1404.23,19.93,658.81,2026-05-21,0,0,0.00,0.00,0,,outflow_from_you
0x1ea9c041fe8f2fa2e29f7406fd02a1f57d73f8ae2e0480c4b26faedbf61b8620,https://bscscan.com/tx/0x1ea9c041fe8f2fa2e29f7406fd02a1f57d73f8ae2e0480c4b26faedbf61b8620,16281726,2022-03-22 13:37:32,Binance: Hot Wallet 12,https://bscscan.com/address/0x515b72ed8a97f42c568d6a143232775018f133c8,,javascript:;,"2.00203467 BNB $1,300.24",0 . 00021,0x515b72ed8a97f42c568d6a143232775018f133c8,,Binance: Hot Wallet 12,,Binance: Hot Wallet 12,,,0,,2.00203467,1300.24,1318.96,18.72,658.81,2026-05-21,1,2.00203467,1300.24,1318.96,1,friendly_tag_or_url_contains_binance,inflow_to_you
0xc4930484f4a35bcb2fb3ce02930a0477e4f31ae914c0efa9511ddf76367ba4a6,https://bscscan.com/tx/0xc4930484f4a35bcb2fb3ce02930a0477e4f31ae914c0efa9511ddf76367ba4a6,16033441,2022-03-13 21:03:39,,javascript:;,0xFf494b7C...6637aA85e,https://bscscan.com/address/0xff494b7cb341311f86da21a49c5ff176637aa85e,0 BNB $0.00,0 . 00325865,,0xff494b7cb341311f86da21a49c5ff176637aa85e,,,,,,0,,0,0.00,0.00,0.00,658.81,2026-05-21,0,0,0.00,0.00,0,,outflow_from_you
0xabcc0532506ef1a15646d29a4c00950000ebfcfa89c63cb2e93a366ab2873bc2,https://bscscan.com/tx/0xabcc0532506ef1a15646d29a4c00950000ebfcfa89c63cb2e93a366ab2873bc2,16033407,2022-03-13 21:01:57,,javascript:;,PancakeSwap: Router v2,https://bscscan.com/address/0x10ed43c718714eb63d5aa57b78b54704e256024e,0.049879223 BNB $32.39,0 . 00089695,,0x10ed43c718714eb63d5aa57b78b54704e256024e,,PancakeSwap: Router v2,,PancakeSwap: Router v2,,0,,0.049879223,32.39,32.86,0.47,658.81,2026-05-21,0,0,0.00,0.00,0,,outflow_from_you
0x9c7b98e47f1ce3f33d5b39b1158d5c9952bb45ab0312ec4bed94899c1fd0e97c,https://bscscan.com/tx/0x9c7b98e47f1ce3f33d5b39b1158d5c9952bb45ab0312ec4bed94899c1fd0e97c,16033337,2022-03-13 20:58:27,,javascript:;,PancakeSwap: Router v2,https://bscscan.com/address/0x10ed43c718714eb63d5aa57b78b54704e256024e,0.05 BNB $32.47,0 . 0006722,,0x10ed43c718714eb63d5aa57b78b54704e256024e,,PancakeSwap: Router v2,,PancakeSwap: Router v2,,0,,0.05,32.47,32.94,0.47,658.81,2026-05-21,0,0,0.00,0.00,0,,outflow_from_you
0x48de0c56069af8612bbcd07fe39cd6b87171fc7d050922fe8f974ad1ca8302bd,https://bscscan.com/tx/0x48de0c56069af8612bbcd07fe39cd6b87171fc7d050922fe8f974ad1ca8302bd,16021549,2022-03-13 11:08:37,Binance: Hot Wallet 19,https://bscscan.com/address/0x1fbe2acee135d991592f167ac371f3dd893a508b,,javascript:;,0.0995 BNB $64.62,0 . 00021,0x1fbe2acee135d991592f167ac371f3dd893a508b,,Binance: Hot Wallet 19,,Binance: Hot Wallet 19,,,0,,0.0995,64.62,65.55,0.93,658.81,2026-05-21,1,0.0995,64.62,65.55,1,friendly_tag_or_url_contains_binance,inflow_to_you
0xe97792098563d65f0aeaf90ddc47f70feadcb39fdc17bce73a6def01b640b167,https://bscscan.com/tx/0xe97792098563d65f0aeaf90ddc47f70feadcb39fdc17bce73a6def01b640b167,15971374,2022-03-11 17:16:45,,javascript:;,PancakeSwap V2: Cake-DUET,https://bscscan.com/address/0xbdf0aa1d1985caa357a6ac6661d838da8691c569,0 BNB $0.00,0 . 00022221,,0xbdf0aa1d1985caa357a6ac6661d838da8691c569,,PancakeSwap V2: Cake-DUET,,PancakeSwap V2: Cake-DUET,,0,,0,0.00,0.00,0.00,658.81,2026-05-21,0,0,0.00,0.00,0,,outflow_from_you
0xa571316ed4b6f86284ee345aa934c17beea5d48f84c486bf181ea316dbd7a64f,https://bscscan.com/tx/0xa571316ed4b6f86284ee345aa934c17beea5d48f84c486bf181ea316dbd7a64f,15840370,2022-03-07 3:20:23,,javascript:;,Metamask: Swap Router,https://bscscan.com/address/0x1a1ec25dc08e98e5e93f1104b5e5cdd298707d31,0 BNB $0.00,0 . 00133535,,0x1a1ec25dc08e98e5e93f1104b5e5cdd298707d31,,Metamask: Swap Router,,Metamask: Swap Router,,0,,0,0.00,0.00,0.00,658.81,2026-05-21,0,0,0.00,0.00,0,,outflow_from_you
0x198c2deeaa35075d40a7c9b1c14579fc9dc24a0cbc0349d603b4673eea01469c,https://bscscan.com/tx/0x198c2deeaa35075d40a7c9b1c14579fc9dc24a0cbc0349d603b4673eea01469c,15840369,2022-03-07 3:20:20,,javascript:;,0xd3bcD18c...Ab56B3B4a,https://bscscan.com/address/0xd3bcd18c24f42a9928651be0b7ff6c9ab56b3b4a,0 BNB $0.00,0 . 00022215,,0xd3bcd18c24f42a9928651be0b7ff6c9ab56b3b4a,,,,,,0,,0,0.00,0.00,0.00,658.81,2026-05-21,0,0,0.00,0.00,0,,outflow_from_you
0x36f3f652e15df212fa5a137706c11994c662ec1014c02b6560f4195ac682b057,https://bscscan.com/tx/0x36f3f652e15df212fa5a137706c11994c662ec1014c02b6560f4195ac682b057,15779997,2022-03-05 0:44:21,,javascript:;,0xd3bcD18c...Ab56B3B4a,https://bscscan.com/address/0xd3bcd18c24f42a9928651be0b7ff6c9ab56b3b4a,0 BNB $0.00,0 . 00389751,,0xd3bcd18c24f42a9928651be0b7ff6c9ab56b3b4a,,,,,,0,,0,0.00,0.00,0.00,658.81,2026-05-21,0,0,0.00,0.00,0,,outflow_from_you
0xbf0576398250507aeca62e3b255d22844b00a5405b9cecf746660b3220cb467e,https://bscscan.com/tx/0xbf0576398250507aeca62e3b255d22844b00a5405b9cecf746660b3220cb467e,15779962,2022-03-05 0:42:36,,javascript:;,PancakeSwap: Router v2,https://bscscan.com/address/0x10ed43c718714eb63d5aa57b78b54704e256024e,0.404518014 BNB $262.72,0 . 0009053,,0x10ed43c718714eb63d5aa57b78b54704e256024e,,PancakeSwap: Router v2,,PancakeSwap: Router v2,,0,,0.404518014,262.72,266.50,3.78,658.81,2026-05-21,0,0,0.00,0.00,0,,outflow_from_you
0x160f161883546479b62a8db17da2bf41a55a01908ddb18f56becaeb6f64688c5,https://bscscan.com/tx/0x160f161883546479b62a8db17da2bf41a55a01908ddb18f56becaeb6f64688c5,15779945,2022-03-05 0:41:45,,javascript:;,PancakeSwap: Router v2,https://bscscan.com/address/0x10ed43c718714eb63d5aa57b78b54704e256024e,0 BNB $0.00,0 . 0010302,,0x10ed43c718714eb63d5aa57b78b54704e256024e,,PancakeSwap: Router v2,,PancakeSwap: Router v2,,0,,0,0.00,0.00,0.00,658.81,2026-05-21,0,0,0.00,0.00,0,,outflow_from_you
0xd8d97f8fdd3a7c15c53ffacb4e73f2663fcab1b90edf561395db343c6aa3e4b5,https://bscscan.com/tx/0xd8d97f8fdd3a7c15c53ffacb4e73f2663fcab1b90edf561395db343c6aa3e4b5,15779935,2022-03-05 0:41:15,,javascript:;,PancakeSwap: Router v2,https://bscscan.com/address/0x10ed43c718714eb63d5aa57b78b54704e256024e,0 BNB $0.00,0 . 00062765,,0x10ed43c718714eb63d5aa57b78b54704e256024e,,PancakeSwap: Router v2,,PancakeSwap: Router v2,,0,,0,0.00,0.00,0.00,658.81,2026-05-21,0,0,0.00,0.00,0,,outflow_from_you
0x05cc8734058bdc5f43f9108f841ad14549b72be2c440858b3d1b11350d163147,https://bscscan.com/tx/0x05cc8734058bdc5f43f9108f841ad14549b72be2c440858b3d1b11350d163147,15779904,2022-03-05 0:39:42,,javascript:;,0x325E343f...C3A6B38Bd,https://bscscan.com/address/0x325e343f1de602396e256b67efd1f61c3a6b38bd,0 BNB $0.00,0 . 00084491,,0x325e343f1de602396e256b67efd1f61c3a6b38bd,,,,,,0,,0,0.00,0.00,0.00,658.81,2026-05-21,0,0,0.00,0.00,0,,outflow_from_you
0xcf045ad56a99bc78c3b9e58e7a905bbcb2b8b421f92b1edeac9d9a0ea592e7f9,https://bscscan.com/tx/0xcf045ad56a99bc78c3b9e58e7a905bbcb2b8b421f92b1edeac9d9a0ea592e7f9,15779808,2022-03-05 0:34:54,,javascript:;,0x325E343f...C3A6B38Bd,https://bscscan.com/address/0x325e343f1de602396e256b67efd1f61c3a6b38bd,0 BNB $0.00,0 . 00097206,,0x325e343f1de602396e256b67efd1f61c3a6b38bd,,,,,,0,,0,0.00,0.00,0.00,658.81,2026-05-21,0,0,0.00,0.00,0,,outflow_from_you
0xc580c3c52faa3d42389acacc21724070c37045c9e29b8b3bcac9538049fb5192,https://bscscan.com/tx/0xc580c3c52faa3d42389acacc21724070c37045c9e29b8b3bcac9538049fb5192,15779745,2022-03-05 0:31:45,,javascript:;,0x45b37a28...D32568eE7,https://bscscan.com/address/0x45b37a28d6efb45c257fc15d9f08aa7d32568ee7,0 BNB $0.00,0 . 00111406,,0x45b37a28d6efb45c257fc15d9f08aa7d32568ee7,,,,,,0,,0,0.00,0.00,0.00,658.81,2026-05-21,0,0,0.00,0.00,0,,outflow_from_you
0x4afe207e6fc244458f249f66ada26d4940bba30ed7c31b380c1a3f7d28220aeb,https://bscscan.com/tx/0x4afe207e6fc244458f249f66ada26d4940bba30ed7c31b380c1a3f7d28220aeb,15737336,2022-03-03 13:03:55,,javascript:;,0x45b37a28...D32568eE7,https://bscscan.com/address/0x45b37a28d6efb45c257fc15d9f08aa7d32568ee7,0 BNB $0.00,0 . 00120473,,0x45b37a28d6efb45c257fc15d9f08aa7d32568ee7,,,,,,0,,0,0.00,0.00,0.00,658.81,2026-05-21,0,0,0.00,0.00,0,,outflow_from_you
0x97d9df76796721f8f8bfc939ea8b251fc1e6997e21131f5adbdc2f6b34f6bff1,https://bscscan.com/tx/0x97d9df76796721f8f8bfc939ea8b251fc1e6997e21131f5adbdc2f6b34f6bff1,15737303,2022-03-03 13:02:16,,javascript:;,0xc85471a1...BED075b15,https://bscscan.com/address/0xc85471a1bc8ae143b29fcde6539507fbed075b15,0 BNB $0.00,0 . 00022177,,0xc85471a1bc8ae143b29fcde6539507fbed075b15,,,,,,0,,0,0.00,0.00,0.00,658.81,2026-05-21,0,0,0.00,0.00,0,,outflow_from_you
0x2285e37f9e436cf274e47dff81972135ed952fa6473c4966d08e2082c66bb25e,https://bscscan.com/tx/0x2285e37f9e436cf274e47dff81972135ed952fa6473c4966d08e2082c66bb25e,15737197,2022-03-03 12:56:58,,javascript:;,0x325E343f...C3A6B38Bd,https://bscscan.com/address/0x325e343f1de602396e256b67efd1f61c3a6b38bd,0 BNB $0.00,0 . 0009643,,0x325e343f1de602396e256b67efd1f61c3a6b38bd,,,,,,0,,0,0.00,0.00,0.00,658.81,2026-05-21,0,0,0.00,0.00,0,,outflow_from_you
0x87da0aeba64390efdf4362398eb4b03b258442478b6082442c073aff9d2f792b,https://bscscan.com/tx/0x87da0aeba64390efdf4362398eb4b03b258442478b6082442c073aff9d2f792b,15737147,2022-03-03 12:54:28,,javascript:;,Fantom: FTM Token,https://bscscan.com/address/0xad29abb318791d579433d831ed122afeaf29dcfe,0 BNB $0.00,0 . 00023576,,0xad29abb318791d579433d831ed122afeaf29dcfe,,Fantom: FTM Token,,Fantom: FTM Token,,0,,0,0.00,0.00,0.00,658.81,2026-05-21,0,0,0.00,0.00,0,,outflow_from_you
0xbf96a0292ef24899fef9085bbcaaa90e4bfe09e7257a50f2f0e0be3dc0a248e7,https://bscscan.com/tx/0xbf96a0292ef24899fef9085bbcaaa90e4bfe09e7257a50f2f0e0be3dc0a248e7,15737143,2022-03-03 12:54:16,,javascript:;,BUSD-T Stablecoin,https://bscscan.com/address/0x55d398326f99059ff775485246999027b3197955,0 BNB $0.00,0 . 00022203,,0x55d398326f99059ff775485246999027b3197955,,BUSD-T Stablecoin,,BUSD-T Stablecoin,,0,,0,0.00,0.00,0.00,658.81,2026-05-21,0,0,0.00,0.00,0,,outflow_from_you
0x3a75fe131781398ec2a9918a1bb4a7b3d9cc992e010f0478733a69f4e17fd9f4,https://bscscan.com/tx/0x3a75fe131781398ec2a9918a1bb4a7b3d9cc992e010f0478733a69f4e17fd9f4,15737106,2022-03-03 12:52:25,,javascript:;,0x325E343f...C3A6B38Bd,https://bscscan.com/address/0x325e343f1de602396e256b67efd1f61c3a6b38bd,0.377632425 BNB $245.26,0 . 00204475,,0x325e343f1de602396e256b67efd1f61c3a6b38bd,,,,,,0,,0.377632425,245.26,248.79,3.53,658.81,2026-05-21,0,0,0.00,0.00,0,,outflow_from_you
0x6f89e03caf086456fcd9ed5579ef015450fb852af7c2c213a3a06c17aa43a52b,https://bscscan.com/tx/0x6f89e03caf086456fcd9ed5579ef015450fb852af7c2c213a3a06c17aa43a52b,15736986,2022-03-03 12:46:25,,javascript:;,PancakeSwap: Router v2,https://bscscan.com/address/0x10ed43c718714eb63d5aa57b78b54704e256024e,0.45 BNB $292.26,0 . 00061134,,0x10ed43c718714eb63d5aa57b78b54704e256024e,,PancakeSwap: Router v2,,PancakeSwap: Router v2,,0,,0.45,292.26,296.46,4.20,658.81,2026-05-21,0,0,0.00,0.00,0,,outflow_from_you
0x23aef438c7155ab221d1668d176a028edf9cea314374c90a1a913dc5963e564a,https://bscscan.com/tx/0x23aef438c7155ab221d1668d176a028edf9cea314374c90a1a913dc5963e564a,15736865,2022-03-03 12:40:22,,javascript:;,Metamask: Swap Router,https://bscscan.com/address/0x1a1ec25dc08e98e5e93f1104b5e5cdd298707d31,0 BNB $0.00,0 . 00090066,,0x1a1ec25dc08e98e5e93f1104b5e5cdd298707d31,,Metamask: Swap Router,,Metamask: Swap Router,,0,,0,0.00,0.00,0.00,658.81,2026-05-21,0,0,0.00,0.00,0,,outflow_from_you
0x0faba2c82e0462ff2604423c42887bd0365aab19fc2aa74893799d380e95d088,https://bscscan.com/tx/0x0faba2c82e0462ff2604423c42887bd0365aab19fc2aa74893799d380e95d088,15736863,2022-03-03 12:40:16,,javascript:;,Dibs.Money: DIBS Token,https://bscscan.com/address/0xfd81ef21ea7cf1dc00e9c6dd261b4f3be0341d5c,0 BNB $0.00,0 . 00022215,,0xfd81ef21ea7cf1dc00e9c6dd261b4f3be0341d5c,,Dibs.Money: DIBS Token,,Dibs.Money: DIBS Token,,0,,0,0.00,0.00,0.00,658.81,2026-05-21,0,0,0.00,0.00,0,,outflow_from_you
0xf35041b4099d6c0f3f3b4cae962ecab0d36b3921f7b3d9e9c1229f4d7dd7adc2,https://bscscan.com/tx/0xf35041b4099d6c0f3f3b4cae962ecab0d36b3921f7b3d9e9c1229f4d7dd7adc2,15736845,2022-03-03 12:39:22,,javascript:;,PancakeSwap: Router v2,https://bscscan.com/address/0x10ed43c718714eb63d5aa57b78b54704e256024e,0 BNB $0.00,0 . 00115488,,0x10ed43c718714eb63d5aa57b78b54704e256024e,,PancakeSwap: Router v2,,PancakeSwap: Router v2,,0,,0,0.00,0.00,0.00,658.81,2026-05-21,0,0,0.00,0.00,0,,outflow_from_you
0x2dc779dc87c03695181d597894e3ec1ae953ca62f7751c521d5e2287939f0e15,https://bscscan.com/tx/0x2dc779dc87c03695181d597894e3ec1ae953ca62f7751c521d5e2287939f0e15,15736704,2022-03-03 12:32:19,,javascript:;,0xd3bcD18c...Ab56B3B4a,https://bscscan.com/address/0xd3bcd18c24f42a9928651be0b7ff6c9ab56b3b4a,0 BNB $0.00,0 . 00102154,,0xd3bcd18c24f42a9928651be0b7ff6c9ab56b3b4a,,,,,,0,,0,0.00,0.00,0.00,658.81,2026-05-21,0,0,0.00,0.00,0,,outflow_from_you
0xd4d2a5854c6372e1186fed9daecdd6a9d5c336ac8720d258981c0a96228bdab8,https://bscscan.com/tx/0xd4d2a5854c6372e1186fed9daecdd6a9d5c336ac8720d258981c0a96228bdab8,15664393,2022-03-01 0:03:30,,javascript:;,0xd3bcD18c...Ab56B3B4a,https://bscscan.com/address/0xd3bcd18c24f42a9928651be0b7ff6c9ab56b3b4a,0 BNB $0.00,0 . 00395151,,0xd3bcd18c24f42a9928651be0b7ff6c9ab56b3b4a,,,,,,0,,0,0.00,0.00,0.00,658.81,2026-05-21,0,0,0.00,0.00,0,,outflow_from_you
0xb05577950a3dafdc10221f88bcb04da2ded73120ee9c5bff6d0fad7eede2439e,https://bscscan.com/tx/0xb05577950a3dafdc10221f88bcb04da2ded73120ee9c5bff6d0fad7eede2439e,15664370,2022-03-01 0:02:21,,javascript:;,PancakeSwap: Router v2,https://bscscan.com/address/0x10ed43c718714eb63d5aa57b78b54704e256024e,0.113390699 BNB $73.64,0 . 0008486,,0x10ed43c718714eb63d5aa57b78b54704e256024e,,PancakeSwap: Router v2,,PancakeSwap: Router v2,,0,,0.113390699,73.64,74.70,1.06,658.81,2026-05-21,0,0,0.00,0.00,0,,outflow_from_you
0xc4326d515d6a3a7cc91d36360906afc1c99bc3d643854969d5d439f5757c606e,https://bscscan.com/tx/0xc4326d515d6a3a7cc91d36360906afc1c99bc3d643854969d5d439f5757c606e,15664349,2022-03-01 0:01:18,,javascript:;,PancakeSwap: Router v2,https://bscscan.com/address/0x10ed43c718714eb63d5aa57b78b54704e256024e,0 BNB $0.00,0 . 00055277,,0x10ed43c718714eb63d5aa57b78b54704e256024e,,PancakeSwap: Router v2,,PancakeSwap: Router v2,,0,,0,0.00,0.00,0.00,658.81,2026-05-21,0,0,0.00,0.00,0,,outflow_from_you
0x9efaf519fd7a641f14b78c16eebe0b492ea8631ddea8be127d9d66e1aba32b4c,https://bscscan.com/tx/0x9efaf519fd7a641f14b78c16eebe0b492ea8631ddea8be127d9d66e1aba32b4c,15664314,2022-02-28 23:59:33,,javascript:;,PancakeSwap: Router v2,https://bscscan.com/address/0x10ed43c718714eb63d5aa57b78b54704e256024e,0 BNB $0.00,0 . 00096984,,0x10ed43c718714eb63d5aa57b78b54704e256024e,,PancakeSwap: Router v2,,PancakeSwap: Router v2,,0,,0,0.00,0.00,0.00,658.81,2026-05-21,0,0,0.00,0.00,0,,outflow_from_you
0xb31d8b7aa8053444a07ee39c52ce5a617886454c9d4210b036c35114357cae53,https://bscscan.com/tx/0xb31d8b7aa8053444a07ee39c52ce5a617886454c9d4210b036c35114357cae53,15664302,2022-02-28 23:58:57,,javascript:;,BUSD-T Stablecoin,https://bscscan.com/address/0x55d398326f99059ff775485246999027b3197955,0 BNB $0.00,0 . 00022203,,0x55d398326f99059ff775485246999027b3197955,,BUSD-T Stablecoin,,BUSD-T Stablecoin,,0,,0,0.00,0.00,0.00,658.81,2026-05-21,0,0,0.00,0.00,0,,outflow_from_you
0x6965a645ed46594a93446d646241e641a72a1f24bfaa25acf5e9e270fb61dc0a,https://bscscan.com/tx/0x6965a645ed46594a93446d646241e641a72a1f24bfaa25acf5e9e270fb61dc0a,15664268,2022-02-28 23:57:15,,javascript:;,BUSD-T Stablecoin,https://bscscan.com/address/0x55d398326f99059ff775485246999027b3197955,0 BNB $0.00,0 . 00025557,,0x55d398326f99059ff775485246999027b3197955,,BUSD-T Stablecoin,,BUSD-T Stablecoin,,0,,0,0.00,0.00,0.00,658.81,2026-05-21,0,0,0.00,0.00,0,,outflow_from_you
0x1ef857283f326271570f570341e44a630eaa4db6e90c4e4838ae4cd84e754167,https://bscscan.com/tx/0x1ef857283f326271570f570341e44a630eaa4db6e90c4e4838ae4cd84e754167,15664253,2022-02-28 23:56:30,Binance 47,https://bscscan.com/address/0x3c783c21a0383057d128bae431894a5c19f9cf06,,javascript:;,0.0495 BNB $32.13,0 . 00021,0x3c783c21a0383057d128bae431894a5c19f9cf06,,Binance 47,,Binance 47,,,0,,0.0495,32.13,32.61,0.48,658.81,2026-05-21,1,0.0495,32.13,32.61,1,friendly_tag_or_url_contains_binance,inflow_to_you
0x848d826fdfc68587fbc978d07947fedef410cd74c4c0f682ee17a9e922e75694,https://bscscan.com/tx/0x848d826fdfc68587fbc978d07947fedef410cd74c4c0f682ee17a9e922e75694,15604885,2022-02-26 22:17:08,,javascript:;,0xB6934215...68B6A3182,https://bscscan.com/address/0xb6934215b856b03430fc8dc058bd1c668b6a3182,0.035072882 BNB $22.77,0 . 000105,,0xb6934215b856b03430fc8dc058bd1c668b6a3182,,,,,,0,,0.035072882,22.77,23.11,0.34,658.81,2026-05-21,0,0,0.00,0.00,1,user_binance_address_match,outflow_from_you
0xc637fc82fc28c01a17c645e2bdce9408c4e249aa16ebdd1299e432171466d42f,https://bscscan.com/tx/0xc637fc82fc28c01a17c645e2bdce9408c4e249aa16ebdd1299e432171466d42f,15604751,2022-02-26 22:10:26,,javascript:;,BNB Chain: WBNB Token,https://bscscan.com/address/0xbb4cdb9cbd36b01bd1cbaebf2de08d9173bc095c,0 BNB $0.00,0 . 00011158,,0xbb4cdb9cbd36b01bd1cbaebf2de08d9173bc095c,,BNB Chain: WBNB Token,,BNB Chain: WBNB Token,,0,,0,0.00,0.00,0.00,658.81,2026-05-21,0,0,0.00,0.00,0,,outflow_from_you
0x38b101f1ffd245ad3ace06297876b3c45bf91677db63414f3944d31fe86cba1a,https://bscscan.com/tx/0x38b101f1ffd245ad3ace06297876b3c45bf91677db63414f3944d31fe86cba1a,15603708,2022-02-26 21:18:17,,javascript:;,Anyswap: Polygon Bridge,https://bscscan.com/address/0x171a9377c5013bb06bca8cfe22b9c007f2c319f1,0.9 BNB $584.23,0 . 000105,,0x171a9377c5013bb06bca8cfe22b9c007f2c319f1,,Anyswap: Polygon Bridge,,Anyswap: Polygon Bridge,,0,,0.9,584.23,592.93,8.70,658.81,2026-05-21,0,0,0.00,0.00,0,,outflow_from_you
0x34abfa42aab24e21108c49746ad26583301801ada952a00312019ced33a7a446,https://bscscan.com/tx/0x34abfa42aab24e21108c49746ad26583301801ada952a00312019ced33a7a446,15603602,2022-02-26 21:12:59,,javascript:;,PancakeSwap: Router v2,https://bscscan.com/address/0x10ed43c718714eb63d5aa57b78b54704e256024e,0 BNB $0.00,0 . 00061299,,0x10ed43c718714eb63d5aa57b78b54704e256024e,,PancakeSwap: Router v2,,PancakeSwap: Router v2,,0,,0,0.00,0.00,0.00,658.81,2026-05-21,0,0,0.00,0.00,0,,outflow_from_you
0xca204e28be4147f8e4a4c348611d5276456b068f9559648b69eb922db9526cc5,https://bscscan.com/tx/0xca204e28be4147f8e4a4c348611d5276456b068f9559648b69eb922db9526cc5,15603491,2022-02-26 21:07:26,,javascript:;,PancakeSwap: Auto CAKE Syrup Pool,https://bscscan.com/address/0xa80240eb5d7e05d3f250cf000eec0891d00b51cc,0 BNB $0.00,0 . 00063556,,0xa80240eb5d7e05d3f250cf000eec0891d00b51cc,,PancakeSwap: Auto CAKE Syrup Pool,,PancakeSwap: Auto CAKE Syrup Pool,,0,,0,0.00,0.00,0.00,658.81,2026-05-21,0,0,0.00,0.00,0,,outflow_from_you
0x2f4536b32bc835ba0aa747aec8cd61b461a8a436c1a7797cf8ec87fbaca2c97f,https://bscscan.com/tx/0x2f4536b32bc835ba0aa747aec8cd61b461a8a436c1a7797cf8ec87fbaca2c97f,15593186,2022-02-26 12:29:23,,javascript:;,0xB6934215...68B6A3182,https://bscscan.com/address/0xb6934215b856b03430fc8dc058bd1c668b6a3182,0.05 BNB $32.46,0 . 000105,,0xb6934215b856b03430fc8dc058bd1c668b6a3182,,,,,,0,,0.05,32.46,32.94,0.48,658.81,2026-05-21,0,0,0.00,0.00,1,user_binance_address_match,outflow_from_you
0xd143d6e429de601836b9affdaa59c00e3769a8ff553ffd77bbb2d2d464659982,https://bscscan.com/tx/0xd143d6e429de601836b9affdaa59c00e3769a8ff553ffd77bbb2d2d464659982,15579194,2022-02-26 0:47:07,,javascript:;,0xd3bcD18c...Ab56B3B4a,https://bscscan.com/address/0xd3bcd18c24f42a9928651be0b7ff6c9ab56b3b4a,0 BNB $0.00,0 . 00387651,,0xd3bcd18c24f42a9928651be0b7ff6c9ab56b3b4a,,,,,,0,,0,0.00,0.00,0.00,658.81,2026-05-21,0,0,0.00,0.00,0,,outflow_from_you
0x04949d87ce8c80718e0c7b756022ec956b971f6621e3cc7b60dbb87c872d192b,https://bscscan.com/tx/0x04949d87ce8c80718e0c7b756022ec956b971f6621e3cc7b60dbb87c872d192b,15579148,2022-02-26 0:44:47,,javascript:;,PancakeSwap: Router v2,https://bscscan.com/address/0x10ed43c718714eb63d5aa57b78b54704e256024e,0.251520561 BNB $163.27,0 . 00090525,,0x10ed43c718714eb63d5aa57b78b54704e256024e,,PancakeSwap: Router v2,,PancakeSwap: Router v2,,0,,0.251520561,163.27,165.70,2.43,658.81,2026-05-21,0,0,0.00,0.00,0,,outflow_from_you
0x2fe0db16d48002b4e414cce5118998e5729cbc09e0985474e47d87eff01734ea,https://bscscan.com/tx/0x2fe0db16d48002b4e414cce5118998e5729cbc09e0985474e47d87eff01734ea,15579128,2022-02-26 0:43:40,,javascript:;,PancakeSwap: Router v2,https://bscscan.com/address/0x10ed43c718714eb63d5aa57b78b54704e256024e,0 BNB $0.00,0 . 00069308,,0x10ed43c718714eb63d5aa57b78b54704e256024e,,PancakeSwap: Router v2,,PancakeSwap: Router v2,,0,,0,0.00,0.00,0.00,658.81,2026-05-21,0,0,0.00,0.00,0,,outflow_from_you
0xac808e5631ca28e725e14a16f985fdf116657b72d5cde3c6bb7c9f55211b26f1,https://bscscan.com/tx/0xac808e5631ca28e725e14a16f985fdf116657b72d5cde3c6bb7c9f55211b26f1,15579036,2022-02-26 0:39:02,,javascript:;,PancakeSwap: Router v2,https://bscscan.com/address/0x10ed43c718714eb63d5aa57b78b54704e256024e,0.473075297 BNB $307.09,0 . 00067159,,0x10ed43c718714eb63d5aa57b78b54704e256024e,,PancakeSwap: Router v2,,PancakeSwap: Router v2,,0,,0.473075297,307.09,311.67,4.58,658.81,2026-05-21,0,0,0.00,0.00,0,,outflow_from_you
0x39e99bc96f326b9351eaa20ee081e37b289ce7d4356cdd5610cb08bfda6fc749,https://bscscan.com/tx/0x39e99bc96f326b9351eaa20ee081e37b289ce7d4356cdd5610cb08bfda6fc749,15578998,2022-02-26 0:37:08,,javascript:;,PancakeSwap: Router v2,https://bscscan.com/address/0x10ed43c718714eb63d5aa57b78b54704e256024e,0 BNB $0.00,0 . 00062785,,0x10ed43c718714eb63d5aa57b78b54704e256024e,,PancakeSwap: Router v2,,PancakeSwap: Router v2,,0,,0,0.00,0.00,0.00,658.81,2026-05-21,0,0,0.00,0.00,0,,outflow_from_you
0xc4c9d855348a26f8181fe974565be03d57db3ea12d26127b89d42f52dc67ac99,https://bscscan.com/tx/0xc4c9d855348a26f8181fe974565be03d57db3ea12d26127b89d42f52dc67ac99,15578972,2022-02-26 0:35:50,,javascript:;,PancakeSwap: Router v2,https://bscscan.com/address/0x10ed43c718714eb63d5aa57b78b54704e256024e,0 BNB $0.00,0 . 00118053,,0x10ed43c718714eb63d5aa57b78b54704e256024e,,PancakeSwap: Router v2,,PancakeSwap: Router v2,,0,,0,0.00,0.00,0.00,658.81,2026-05-21,0,0,0.00,0.00,0,,outflow_from_you
0x50fe301c0c4a2e9113b528ef50e7ccf92aff9f8401ed9773b4897192e16222ff,https://bscscan.com/tx/0x50fe301c0c4a2e9113b528ef50e7ccf92aff9f8401ed9773b4897192e16222ff,15578947,2022-02-26 0:34:35,,javascript:;,PancakeSwap: Main Staking Contract,https://bscscan.com/address/0x73feaa1ee314f8c655e354234017be2193c9e24e,0 BNB $0.00,0 . 00060214,,0x73feaa1ee314f8c655e354234017be2193c9e24e,,PancakeSwap: Main Staking Contract,,PancakeSwap: Main Staking Contract,,0,,0,0.00,0.00,0.00,658.81,2026-05-21,0,0,0.00,0.00,0,,outflow_from_you
0xd3f3ba199c927bb0dc8be96c85706fc55602981475828de38a9fb28a9be42e61,https://bscscan.com/tx/0xd3f3ba199c927bb0dc8be96c85706fc55602981475828de38a9fb28a9be42e61,15578928,2022-02-26 0:33:38,,javascript:;,PancakeSwap: Main Staking Contract,https://bscscan.com/address/0x73feaa1ee314f8c655e354234017be2193c9e24e,0 BNB $0.00,0 . 00063216,,0x73feaa1ee314f8c655e354234017be2193c9e24e,,PancakeSwap: Main Staking Contract,,PancakeSwap: Main Staking Contract,,0,,0,0.00,0.00,0.00,658.81,2026-05-21,0,0,0.00,0.00,0,,outflow_from_you
0x07be42e1c61ce88bbb627005d613705269f8b9a2fd9cae701dc40ea77f90af8a,https://bscscan.com/tx/0x07be42e1c61ce88bbb627005d613705269f8b9a2fd9cae701dc40ea77f90af8a,15577888,2022-02-25 23:41:37,,javascript:;,0xB6934215...68B6A3182,https://bscscan.com/address/0xb6934215b856b03430fc8dc058bd1c668b6a3182,0.03 BNB $19.47,0 . 000105,,0xb6934215b856b03430fc8dc058bd1c668b6a3182,,,,,,0,,0.03,19.47,19.76,0.29,658.81,2026-05-21,0,0,0.00,0.00,1,user_binance_address_match,outflow_from_you
0xf0c53583ad037bb10ed091902fee57c4f29d8bf84d75761e6026e2f761b90ebe,https://bscscan.com/tx/0xf0c53583ad037bb10ed091902fee57c4f29d8bf84d75761e6026e2f761b90ebe,15555131,2022-02-25 4:38:28,,javascript:;,0xd3bcD18c...Ab56B3B4a,https://bscscan.com/address/0xd3bcd18c24f42a9928651be0b7ff6c9ab56b3b4a,0 BNB $0.00,0 . 00382251,,0xd3bcd18c24f42a9928651be0b7ff6c9ab56b3b4a,,,,,,0,,0,0.00,0.00,0.00,658.81,2026-05-21,0,0,0.00,0.00,0,,outflow_from_you
0xb7bf172944d9dae10cbe277a2f5f652a19efb0ea0454c41d92d938386f33e0d1,https://bscscan.com/tx/0xb7bf172944d9dae10cbe277a2f5f652a19efb0ea0454c41d92d938386f33e0d1,15555108,2022-02-25 4:37:19,,javascript:;,PancakeSwap: Router v2,https://bscscan.com/address/0x10ed43c718714eb63d5aa57b78b54704e256024e,0.112262893 BNB $72.87,0 . 00090513,,0x10ed43c718714eb63d5aa57b78b54704e256024e,,PancakeSwap: Router v2,,PancakeSwap: Router v2,,0,,0.112262893,72.87,73.96,1.09,658.81,2026-05-21,0,0,0.00,0.00,0,,outflow_from_you
0xe1ac0e17f29035770892bb4bf7274332dc543786fc3d39d4099c13316677e469,https://bscscan.com/tx/0xe1ac0e17f29035770892bb4bf7274332dc543786fc3d39d4099c13316677e469,15555094,2022-02-25 4:36:37,,javascript:;,PancakeSwap: Router v2,https://bscscan.com/address/0x10ed43c718714eb63d5aa57b78b54704e256024e,0 BNB $0.00,0 . 00069302,,0x10ed43c718714eb63d5aa57b78b54704e256024e,,PancakeSwap: Router v2,,PancakeSwap: Router v2,,0,,0,0.00,0.00,0.00,658.81,2026-05-21,0,0,0.00,0.00,0,,outflow_from_you
0x3585d9124b6074a1299605751442bd0c12bb1fc0d4ad3e642a496e6030f18cdf,https://bscscan.com/tx/0x3585d9124b6074a1299605751442bd0c12bb1fc0d4ad3e642a496e6030f18cdf,15555083,2022-02-25 4:36:04,,javascript:;,Dibs.Money: DIBS Token,https://bscscan.com/address/0xfd81ef21ea7cf1dc00e9c6dd261b4f3be0341d5c,0 BNB $0.00,0 . 00022215,,0xfd81ef21ea7cf1dc00e9c6dd261b4f3be0341d5c,,Dibs.Money: DIBS Token,,Dibs.Money: DIBS Token,,0,,0,0.00,0.00,0.00,658.81,2026-05-21,0,0,0.00,0.00,0,,outflow_from_you
0x0b0c5b3226fc38125538b3b76469b063927c4790f36c2e5b9861bd6c23ebd7d6,https://bscscan.com/tx/0x0b0c5b3226fc38125538b3b76469b063927c4790f36c2e5b9861bd6c23ebd7d6,15555051,2022-02-25 4:34:28,,javascript:;,PancakeSwap V2: DIBS,https://bscscan.com/address/0x9bebe118018d0de55b00787b5eeabb9eda8a9e0a,0 BNB $0.00,0 . 00022221,,0x9bebe118018d0de55b00787b5eeabb9eda8a9e0a,,PancakeSwap V2: DIBS,,PancakeSwap V2: DIBS,,0,,0,0.00,0.00,0.00,658.81,2026-05-21,0,0,0.00,0.00,0,,outflow_from_you
0x4c4c61e0535cbc981cd565160986f6a5b57747e0de12a9cfe502b3e51fa0a4bb,https://bscscan.com/tx/0x4c4c61e0535cbc981cd565160986f6a5b57747e0de12a9cfe502b3e51fa0a4bb,15555039,2022-02-25 4:33:51,,javascript:;,PancakeSwap: Router v2,https://bscscan.com/address/0x10ed43c718714eb63d5aa57b78b54704e256024e,0.222573448 BNB $144.48,0 . 00067159,,0x10ed43c718714eb63d5aa57b78b54704e256024e,,PancakeSwap: Router v2,,PancakeSwap: Router v2,,0,,0.222573448,144.48,146.63,2.15,658.81,2026-05-21,0,0,0.00,0.00,0,,outflow_from_you
0xa04b0fb85bdd78320b8038cd0c0a2e5b634bf5a0bedd11da70901dd945cb82b8,https://bscscan.com/tx/0xa04b0fb85bdd78320b8038cd0c0a2e5b634bf5a0bedd11da70901dd945cb82b8,15555013,2022-02-25 4:32:33,,javascript:;,PancakeSwap: Router v2,https://bscscan.com/address/0x10ed43c718714eb63d5aa57b78b54704e256024e,0 BNB $0.00,0 . 00061293,,0x10ed43c718714eb63d5aa57b78b54704e256024e,,PancakeSwap: Router v2,,PancakeSwap: Router v2,,0,,0,0.00,0.00,0.00,658.81,2026-05-21,0,0,0.00,0.00,0,,outflow_from_you
0x361af2e31ecdbdc0727650d9c3a5067c6094af5dacac839ca570d075fe1e9151,https://bscscan.com/tx/0x361af2e31ecdbdc0727650d9c3a5067c6094af5dacac839ca570d075fe1e9151,15554995,2022-02-25 4:31:39,,javascript:;,PancakeSwap: CAKE Token,https://bscscan.com/address/0x0e09fabb73bd3ade0a17ecc321fd13a19e81ce82,0 BNB $0.00,0 . 00022215,,0x0e09fabb73bd3ade0a17ecc321fd13a19e81ce82,,PancakeSwap: CAKE Token,,PancakeSwap: CAKE Token,,0,,0,0.00,0.00,0.00,658.81,2026-05-21,0,0,0.00,0.00,0,,outflow_from_you
0x696b1328d5323ed3e1bf5cc76db46f759149425d5b1553d8334f8e20b8881492,https://bscscan.com/tx/0x696b1328d5323ed3e1bf5cc76db46f759149425d5b1553d8334f8e20b8881492,15554969,2022-02-25 4:30:21,,javascript:;,PancakeSwap: IFO Pool,https://bscscan.com/address/0x1b2a2f6ed4a1401e8c73b4c2b6172455ce2f78e8,0 BNB $0.00,0 . 00108256,,0x1b2a2f6ed4a1401e8c73b4c2b6172455ce2f78e8,,PancakeSwap: IFO Pool,,PancakeSwap: IFO Pool,,0,,0,0.00,0.00,0.00,658.81,2026-05-21,0,0,0.00,0.00,0,,outflow_from_you
0x8763470dd1c49c40565c65b18f8cbe50a9ade99c49477a2e95769fce0170fd95,https://bscscan.com/tx/0x8763470dd1c49c40565c65b18f8cbe50a9ade99c49477a2e95769fce0170fd95,15554908,2022-02-25 4:27:18,,javascript:;,0x1A777aE6...4CC84E09D,https://bscscan.com/address/0x1a777ae604cfbc265807a46db2d228d4cc84e09d,0 BNB $0.00,0 . 00050626,,0x1a777ae604cfbc265807a46db2d228d4cc84e09d,,,,,,0,,0,0.00,0.00,0.00,658.81,2026-05-21,0,0,0.00,0.00,0,,outflow_from_you
0xe70b7fc7c0795a194b0d5d9834959c92257004a879d2d8b6bda9127ab1347ded,https://bscscan.com/tx/0xe70b7fc7c0795a194b0d5d9834959c92257004a879d2d8b6bda9127ab1347ded,15554885,2022-02-25 4:26:09,,javascript:;,PancakeSwap: Router v2,https://bscscan.com/address/0x10ed43c718714eb63d5aa57b78b54704e256024e,0.6 BNB $389.48,0 . 0005364,,0x10ed43c718714eb63d5aa57b78b54704e256024e,,PancakeSwap: Router v2,,PancakeSwap: Router v2,,0,,0.6,389.48,395.29,5.81,658.81,2026-05-21,0,0,0.00,0.00,0,,outflow_from_you
0xa467b7fb34b0447b59fcbc67d0adb23a32bea2059da64a73a9f2df166035073d,https://bscscan.com/tx/0xa467b7fb34b0447b59fcbc67d0adb23a32bea2059da64a73a9f2df166035073d,15554766,2022-02-25 4:20:12,,javascript:;,PancakeSwap: CAKE Token,https://bscscan.com/address/0x0e09fabb73bd3ade0a17ecc321fd13a19e81ce82,0 BNB $0.00,0 . 00022215,,0x0e09fabb73bd3ade0a17ecc321fd13a19e81ce82,,PancakeSwap: CAKE Token,,PancakeSwap: CAKE Token,,0,,0,0.00,0.00,0.00,658.81,2026-05-21,0,0,0.00,0.00,0,,outflow_from_you
0x8d739c1d0419b66c13f5d238f4703892b4cb62d869d7a8ba497c426e7fc029e3,https://bscscan.com/tx/0x8d739c1d0419b66c13f5d238f4703892b4cb62d869d7a8ba497c426e7fc029e3,15554687,2022-02-25 4:16:15,,javascript:;,PancakeSwap: Auto CAKE Syrup Pool,https://bscscan.com/address/0xa80240eb5d7e05d3f250cf000eec0891d00b51cc,0 BNB $0.00,0 . 00105186,,0xa80240eb5d7e05d3f250cf000eec0891d00b51cc,,PancakeSwap: Auto CAKE Syrup Pool,,PancakeSwap: Auto CAKE Syrup Pool,,0,,0,0.00,0.00,0.00,658.81,2026-05-21,0,0,0.00,0.00,0,,outflow_from_you
0x8c531af02616bc2bd7670ed0fd6f6154addbd704eec29f07312f1806691cab2f,https://bscscan.com/tx/0x8c531af02616bc2bd7670ed0fd6f6154addbd704eec29f07312f1806691cab2f,15554656,2022-02-25 4:14:42,,javascript:;,PancakeSwap: Main Staking Contract,https://bscscan.com/address/0x73feaa1ee314f8c655e354234017be2193c9e24e,0 BNB $0.00,0 . 00064198,,0x73feaa1ee314f8c655e354234017be2193c9e24e,,PancakeSwap: Main Staking Contract,,PancakeSwap: Main Staking Contract,,0,,0,0.00,0.00,0.00,658.81,2026-05-21,0,0,0.00,0.00,0,,outflow_from_you
0x23e549014cd610d49f007418f0a7f2cb49c2f9f063b0314a3c7e1a5a5af13071,https://bscscan.com/tx/0x23e549014cd610d49f007418f0a7f2cb49c2f9f063b0314a3c7e1a5a5af13071,15554636,2022-02-25 4:13:42,,javascript:;,PancakeSwap: Router v2,https://bscscan.com/address/0x10ed43c718714eb63d5aa57b78b54704e256024e,0.247118929 BNB $160.41,0 . 00089591,,0x10ed43c718714eb63d5aa57b78b54704e256024e,,PancakeSwap: Router v2,,PancakeSwap: Router v2,,0,,0.247118929,160.41,162.80,2.39,658.81,2026-05-21,0,0,0.00,0.00,0,,outflow_from_you
0x0978890f03ecc24c2cc88951f994db999ee22f8387ec12f3d849a89e5876f8de,https://bscscan.com/tx/0x0978890f03ecc24c2cc88951f994db999ee22f8387ec12f3d849a89e5876f8de,15554601,2022-02-25 4:11:57,,javascript:;,PancakeSwap: Router v2,https://bscscan.com/address/0x10ed43c718714eb63d5aa57b78b54704e256024e,0 BNB $0.00,0 . 00055317,,0x10ed43c718714eb63d5aa57b78b54704e256024e,,PancakeSwap: Router v2,,PancakeSwap: Router v2,,0,,0,0.00,0.00,0.00,658.81,2026-05-21,0,0,0.00,0.00,0,,outflow_from_you
0x4157dc69b93fe81b150a16c43e546719b235b1a84185db106b02492e30461a80,https://bscscan.com/tx/0x4157dc69b93fe81b150a16c43e546719b235b1a84185db106b02492e30461a80,15554561,2022-02-25 4:09:57,,javascript:;,PancakeSwap: Router v2,https://bscscan.com/address/0x10ed43c718714eb63d5aa57b78b54704e256024e,0 BNB $0.00,0 . 00104891,,0x10ed43c718714eb63d5aa57b78b54704e256024e,,PancakeSwap: Router v2,,PancakeSwap: Router v2,,0,,0,0.00,0.00,0.00,658.81,2026-05-21,0,0,0.00,0.00,0,,outflow_from_you
0x4af518d5cd30662ef34d4816189f5a2d8ad5b8cec8c5980c7c42bf84fb736cf6,https://bscscan.com/tx/0x4af518d5cd30662ef34d4816189f5a2d8ad5b8cec8c5980c7c42bf84fb736cf6,15554470,2022-02-25 4:05:24,,javascript:;,PancakeSwap: Router v2,https://bscscan.com/address/0x10ed43c718714eb63d5aa57b78b54704e256024e,0 BNB $0.00,0 . 00092589,,0x10ed43c718714eb63d5aa57b78b54704e256024e,,PancakeSwap: Router v2,,PancakeSwap: Router v2,,0,,0,0.00,0.00,0.00,658.81,2026-05-21,0,0,0.00,0.00,0,,outflow_from_you
0xbc6729146dc053a3528c2d4fd8969f17dc8885a6aff0c6ce73219ac89f1465f7,https://bscscan.com/tx/0xbc6729146dc053a3528c2d4fd8969f17dc8885a6aff0c6ce73219ac89f1465f7,15554461,2022-02-25 4:04:57,,javascript:;,Bomb Crypto: BCOIN Token,https://bscscan.com/address/0x00e1656e45f18ec6747f5a8496fd39b50b38396d,0 BNB $0.00,0 . 00023011,,0x00e1656e45f18ec6747f5a8496fd39b50b38396d,,Bomb Crypto: BCOIN Token,,Bomb Crypto: BCOIN Token,,0,,0,0.00,0.00,0.00,658.81,2026-05-21,0,0,0.00,0.00,0,,outflow_from_you
0x97fbf112d60d1c2fdf0b92d2d9fe65866e1d326414ab621c06a55ee44811fdf1,https://bscscan.com/tx/0x97fbf112d60d1c2fdf0b92d2d9fe65866e1d326414ab621c06a55ee44811fdf1,15554433,2022-02-25 4:03:33,,javascript:;,PancakeSwap: Router v2,https://bscscan.com/address/0x10ed43c718714eb63d5aa57b78b54704e256024e,0 BNB $0.00,0 . 00096675,,0x10ed43c718714eb63d5aa57b78b54704e256024e,,PancakeSwap: Router v2,,PancakeSwap: Router v2,,0,,0,0.00,0.00,0.00,658.81,2026-05-21,0,0,0.00,0.00,0,,outflow_from_you
0x911dd00a2be35ac874adaf5671902db197694ebed6ddce6ed515da08bd861cd7,https://bscscan.com/tx/0x911dd00a2be35ac874adaf5671902db197694ebed6ddce6ed515da08bd861cd7,15554378,2022-02-25 4:00:48,Binance: Hot Wallet 17,https://bscscan.com/address/0x29bdfbf7d27462a2d115748ace2bd71a2646946c,,javascript:;,0.26786387 BNB $173.88,0 . 00021,0x29bdfbf7d27462a2d115748ace2bd71a2646946c,,Binance: Hot Wallet 17,,Binance: Hot Wallet 17,,,0,,0.26786387,173.88,176.47,2.59,658.81,2026-05-21,1,0.26786387,173.88,176.47,1,friendly_tag_or_url_contains_binance,inflow_to_you
0xecd930333c8187de147573867a8150713135784dbd8a62ca8040fcd139fe98f8,https://bscscan.com/tx/0xecd930333c8187de147573867a8150713135784dbd8a62ca8040fcd139fe98f8,15553924,2022-02-25 3:38:06,,javascript:;,PancakeSwap: Router v2,https://bscscan.com/address/0x10ed43c718714eb63d5aa57b78b54704e256024e,0 BNB $0.00,0 . 00062518,,0x10ed43c718714eb63d5aa57b78b54704e256024e,,PancakeSwap: Router v2,,PancakeSwap: Router v2,,0,,0,0.00,0.00,0.00,658.81,2026-05-21,0,0,0.00,0.00,0,,outflow_from_you
0x27da58df0494c12deee07e0ca398dda333b3272a77f07f614724410c79c3a814,https://bscscan.com/tx/0x27da58df0494c12deee07e0ca398dda333b3272a77f07f614724410c79c3a814,15553727,2022-02-25 3:28:15,,javascript:;,PancakeSwap: Router v2,https://bscscan.com/address/0x10ed43c718714eb63d5aa57b78b54704e256024e,0 BNB $0.00,0 . 00103599,,0x10ed43c718714eb63d5aa57b78b54704e256024e,,PancakeSwap: Router v2,,PancakeSwap: Router v2,,0,,0,0.00,0.00,0.00,658.81,2026-05-21,0,0,0.00,0.00,0,,outflow_from_you
0xe962c33b44766deb21c9ef78708f7b8d06e6bc39a8aeb5b52320f0adf8c242e1,https://bscscan.com/tx/0xe962c33b44766deb21c9ef78708f7b8d06e6bc39a8aeb5b52320f0adf8c242e1,15553397,2022-02-25 3:11:45,,javascript:;,PancakeSwap V2: BCOIN 15,https://bscscan.com/address/0x2eebe0c34da9ba65521e98cbaa7d97496d05f489,0 BNB $0.00,0 . 00022221,,0x2eebe0c34da9ba65521e98cbaa7d97496d05f489,,PancakeSwap V2: BCOIN 15,,PancakeSwap V2: BCOIN 15,,0,,0,0.00,0.00,0.00,658.81,2026-05-21,0,0,0.00,0.00,0,,outflow_from_you
0x157715e484ff784081d2233dea9ade7b2f99c7304c2bce06f1a4d4089361f369,https://bscscan.com/tx/0x157715e484ff784081d2233dea9ade7b2f99c7304c2bce06f1a4d4089361f369,15553357,2022-02-25 3:09:45,,javascript:;,PancakeSwap: Main Staking Contract,https://bscscan.com/address/0x73feaa1ee314f8c655e354234017be2193c9e24e,0 BNB $0.00,0 . 00034248,,0x73feaa1ee314f8c655e354234017be2193c9e24e,,PancakeSwap: Main Staking Contract,,PancakeSwap: Main Staking Contract,,0,,0,0.00,0.00,0.00,658.81,2026-05-21,0,0,0.00,0.00,0,,outflow_from_you
0xb7dd2ba51b9e31ceb9f22d5c02f5135be43f4fe5ee220a4c9d6e7d4eed2b3e0a,https://bscscan.com/tx/0xb7dd2ba51b9e31ceb9f22d5c02f5135be43f4fe5ee220a4c9d6e7d4eed2b3e0a,15553336,2022-02-25 3:08:42,,javascript:;,PancakeSwap: Main Staking Contract,https://bscscan.com/address/0x73feaa1ee314f8c655e354234017be2193c9e24e,0 BNB $0.00,0 . 00056887,,0x73feaa1ee314f8c655e354234017be2193c9e24e,,PancakeSwap: Main Staking Contract,,PancakeSwap: Main Staking Contract,,0,,0,0.00,0.00,0.00,658.81,2026-05-21,0,0,0.00,0.00,0,,outflow_from_you
0xc45e26e2d992dc5cceefac253e904e7436e709bcf9ac10ae7a8acb408e12aead,https://bscscan.com/tx/0xc45e26e2d992dc5cceefac253e904e7436e709bcf9ac10ae7a8acb408e12aead,15513946,2022-02-23 18:11:57,,javascript:;,PancakeSwap: IFO Pool,https://bscscan.com/address/0x1b2a2f6ed4a1401e8c73b4c2b6172455ce2f78e8,0 BNB $0.00,0 . 001678,,0x1b2a2f6ed4a1401e8c73b4c2b6172455ce2f78e8,,PancakeSwap: IFO Pool,,PancakeSwap: IFO Pool,,0,,0,0.00,0.00,0.00,658.81,2026-05-21,0,0,0.00,0.00,0,,outflow_from_you
0x070b772acb5203165fabc77c3eb160c23e000d4a01986a931a2f2ba533855640,https://bscscan.com/tx/0x070b772acb5203165fabc77c3eb160c23e000d4a01986a931a2f2ba533855640,15513754,2022-02-23 18:02:21,,javascript:;,PancakeSwap: CAKE Token,https://bscscan.com/address/0x0e09fabb73bd3ade0a17ecc321fd13a19e81ce82,0 BNB $0.00,0 . 00012615,,0x0e09fabb73bd3ade0a17ecc321fd13a19e81ce82,,PancakeSwap: CAKE Token,,PancakeSwap: CAKE Token,,0,,0,0.00,0.00,0.00,658.81,2026-05-21,0,0,0.00,0.00,0,,outflow_from_you
0x7ad10bc24d4c35beaccf9e70adc452ae540db74d76c6491ab20081051c7a40ea,https://bscscan.com/tx/0x7ad10bc24d4c35beaccf9e70adc452ae540db74d76c6491ab20081051c7a40ea,15513680,2022-02-23 17:58:39,,javascript:;,PancakeSwap: Router v2,https://bscscan.com/address/0x10ed43c718714eb63d5aa57b78b54704e256024e,0 BNB $0.00,0 . 00059862,,0x10ed43c718714eb63d5aa57b78b54704e256024e,,PancakeSwap: Router v2,,PancakeSwap: Router v2,,0,,0,0.00,0.00,0.00,658.81,2026-05-21,0,0,0.00,0.00,0,,outflow_from_you
0xac4345ce0ca621423451bc452ff2ab1d640e363fc560bed573d4f77cff036a2a,https://bscscan.com/tx/0xac4345ce0ca621423451bc452ff2ab1d640e363fc560bed573d4f77cff036a2a,15513621,2022-02-23 17:55:42,,javascript:;,PancakeSwap: CAKE Token,https://bscscan.com/address/0x0e09fabb73bd3ade0a17ecc321fd13a19e81ce82,0 BNB $0.00,0 . 00022215,,0x0e09fabb73bd3ade0a17ecc321fd13a19e81ce82,,PancakeSwap: CAKE Token,,PancakeSwap: CAKE Token,,0,,0,0.00,0.00,0.00,658.81,2026-05-21,0,0,0.00,0.00,0,,outflow_from_you
0xbbcf60a8544452212b4e140a635b0fcb48edf2fc66b8c321251aa7b1738d2c56,https://bscscan.com/tx/0xbbcf60a8544452212b4e140a635b0fcb48edf2fc66b8c321251aa7b1738d2c56,15513585,2022-02-23 17:53:54,,javascript:;,PancakeSwap: Router v2,https://bscscan.com/address/0x10ed43c718714eb63d5aa57b78b54704e256024e,0 BNB $0.00,0 . 00098703,,0x10ed43c718714eb63d5aa57b78b54704e256024e,,PancakeSwap: Router v2,,PancakeSwap: Router v2,,0,,0,0.00,0.00,0.00,658.81,2026-05-21,0,0,0.00,0.00,0,,outflow_from_you
0x1afaf3aadc30efcc95b80c3e5fe3f5eae24cd0e056695041253bdd3f65c24a83,https://bscscan.com/tx/0x1afaf3aadc30efcc95b80c3e5fe3f5eae24cd0e056695041253bdd3f65c24a83,15513559,2022-02-23 17:52:36,,javascript:;,PancakeSwap: Router v2,https://bscscan.com/address/0x10ed43c718714eb63d5aa57b78b54704e256024e,0 BNB $0.00,0 . 00059878,,0x10ed43c718714eb63d5aa57b78b54704e256024e,,PancakeSwap: Router v2,,PancakeSwap: Router v2,,0,,0,0.00,0.00,0.00,658.81,2026-05-21,0,0,0.00,0.00,0,,outflow_from_you
0xc1fbb926be109264d6b05fb5cf7ede96abfcdb6a365a7568b10fcc3c6de7ff07,https://bscscan.com/tx/0xc1fbb926be109264d6b05fb5cf7ede96abfcdb6a365a7568b10fcc3c6de7ff07,15474637,2022-02-22 9:16:53,,javascript:;,PancakeSwap: Main Staking Contract,https://bscscan.com/address/0x73feaa1ee314f8c655e354234017be2193c9e24e,0 BNB $0.00,0 . 00064198,,0x73feaa1ee314f8c655e354234017be2193c9e24e,,PancakeSwap: Main Staking Contract,,PancakeSwap: Main Staking Contract,,0,,0,0.00,0.00,0.00,658.81,2026-05-21,0,0,0.00,0.00,0,,outflow_from_you
0xa2af14c534c9a3dd5f1eed47f95023312fe6ff32dd8d5cc4e9f71da2c435fc59,https://bscscan.com/tx/0xa2af14c534c9a3dd5f1eed47f95023312fe6ff32dd8d5cc4e9f71da2c435fc59,15473542,2022-02-22 8:22:08,,javascript:;,PancakeSwap: Router v2,https://bscscan.com/address/0x10ed43c718714eb63d5aa57b78b54704e256024e,0 BNB $0.00,0 . 00098703,,0x10ed43c718714eb63d5aa57b78b54704e256024e,,PancakeSwap: Router v2,,PancakeSwap: Router v2,,0,,0,0.00,0.00,0.00,658.81,2026-05-21,0,0,0.00,0.00,0,,outflow_from_you
0x23332977b7b7f7e6b86950663cba9b56433ba09c3d24f1a9a76e72bcb6c07074,https://bscscan.com/tx/0x23332977b7b7f7e6b86950663cba9b56433ba09c3d24f1a9a76e72bcb6c07074,15473532,2022-02-22 8:21:38,,javascript:;,Crypto Fight Club: FIGHT Token,https://bscscan.com/address/0x4f39c3319188a723003670c3f9b9e7ef991e52f3,0 BNB $0.00,0 . 00022243,,0x4f39c3319188a723003670c3f9b9e7ef991e52f3,,Crypto Fight Club: FIGHT Token,,Crypto Fight Club: FIGHT Token,,0,,0,0.00,0.00,0.00,658.81,2026-05-21,0,0,0.00,0.00,0,,outflow_from_you
0x94d5c663e2107034b9dcbbe645b3fdab63c037edaad5086027c5ac80e24be520,https://bscscan.com/tx/0x94d5c663e2107034b9dcbbe645b3fdab63c037edaad5086027c5ac80e24be520,15473528,2022-02-22 8:21:26,,javascript:;,Binance: BUSD Stablecoin,https://bscscan.com/address/0xe9e7cea3dedca5984780bafc599bd69add087d56,0 BNB $0.00,0 . 00022203,,0xe9e7cea3dedca5984780bafc599bd69add087d56,,Binance: BUSD Stablecoin,,Binance: BUSD Stablecoin,,0,,0,0.00,0.00,0.00,658.81,2026-05-21,0,0,0.00,0.00,1,friendly_tag_or_url_contains_binance,outflow_from_you
0x853493f6d6a8d9dcb8045ac6d58d7aff3907ae5440ecef88254292edf72878f1,https://bscscan.com/tx/0x853493f6d6a8d9dcb8045ac6d58d7aff3907ae5440ecef88254292edf72878f1,15473494,2022-02-22 8:19:44,,javascript:;,PancakeSwap: Router v2,https://bscscan.com/address/0x10ed43c718714eb63d5aa57b78b54704e256024e,0.806931644 BNB $524.07,0 . 00061094,,0x10ed43c718714eb63d5aa57b78b54704e256024e,,PancakeSwap: Router v2,,PancakeSwap: Router v2,,0,,0.806931644,524.07,531.61,7.54,658.81,2026-05-21,0,0,0.00,0.00,0,,outflow_from_you
0x888d53d119bb7179f08552fe50ef9bbe23a90873d5e415182443b19ee85db9bc,https://bscscan.com/tx/0x888d53d119bb7179f08552fe50ef9bbe23a90873d5e415182443b19ee85db9bc,15473475,2022-02-22 8:18:47,,javascript:;,PancakeSwap: Router v2,https://bscscan.com/address/0x10ed43c718714eb63d5aa57b78b54704e256024e,0.3 BNB $194.84,0 . 00096483,,0x10ed43c718714eb63d5aa57b78b54704e256024e,,PancakeSwap: Router v2,,PancakeSwap: Router v2,,0,,0.3,194.84,197.64,2.80,658.81,2026-05-21,0,0,0.00,0.00,0,,outflow_from_you
0x5d8e6de5e2ca6abb1dca6b5c78ba991d81194fc0ab43a57dcb1a5c0f7e748952,https://bscscan.com/tx/0x5d8e6de5e2ca6abb1dca6b5c78ba991d81194fc0ab43a57dcb1a5c0f7e748952,15473340,2022-02-22 8:12:02,,javascript:;,PancakeSwap: Auto CAKE Syrup Pool,https://bscscan.com/address/0xa80240eb5d7e05d3f250cf000eec0891d00b51cc,0 BNB $0.00,0 . 00137876,,0xa80240eb5d7e05d3f250cf000eec0891d00b51cc,,PancakeSwap: Auto CAKE Syrup Pool,,PancakeSwap: Auto CAKE Syrup Pool,,0,,0,0.00,0.00,0.00,658.81,2026-05-21,0,0,0.00,0.00,0,,outflow_from_you
0x808f4de49cee92a39c1304cb20835a8cb6050340d61ba0871d3200eed19def0b,https://bscscan.com/tx/0x808f4de49cee92a39c1304cb20835a8cb6050340d61ba0871d3200eed19def0b,15472977,2022-02-22 7:53:53,,javascript:;,PancakeSwap V2: FIGHT-BUSD 4,https://bscscan.com/address/0xb9378a7d4f47ac8cf78b4f18ed15a875ab0c89a1,0 BNB $0.00,0 . 00022221,,0xb9378a7d4f47ac8cf78b4f18ed15a875ab0c89a1,,PancakeSwap V2: FIGHT-BUSD 4,,PancakeSwap V2: FIGHT-BUSD 4,,0,,0,0.00,0.00,0.00,658.81,2026-05-21,0,0,0.00,0.00,0,,outflow_from_you
0xa210f69fce38f9cf633817f57fa58fdf48f60c36d3dbfeb594432cd70f4af740,https://bscscan.com/tx/0xa210f69fce38f9cf633817f57fa58fdf48f60c36d3dbfeb594432cd70f4af740,15472862,2022-02-22 7:48:08,,javascript:;,PancakeSwap: Router v2,https://bscscan.com/address/0x10ed43c718714eb63d5aa57b78b54704e256024e,1 BNB $649.46,0 . 00067182,,0x10ed43c718714eb63d5aa57b78b54704e256024e,,PancakeSwap: Router v2,,PancakeSwap: Router v2,,0,,1,649.46,658.81,9.35,658.81,2026-05-21,0,0,0.00,0.00,0,,outflow_from_you
0x0a428deaba335619e12be44076a4639b3d6f593fdc50a80236841ecf58a98933,https://bscscan.com/tx/0x0a428deaba335619e12be44076a4639b3d6f593fdc50a80236841ecf58a98933,15472822,2022-02-22 7:46:08,,javascript:;,PancakeSwap: CAKE Token,https://bscscan.com/address/0x0e09fabb73bd3ade0a17ecc321fd13a19e81ce82,0 BNB $0.00,0 . 00022209,,0x0e09fabb73bd3ade0a17ecc321fd13a19e81ce82,,PancakeSwap: CAKE Token,,PancakeSwap: CAKE Token,,0,,0,0.00,0.00,0.00,658.81,2026-05-21,0,0,0.00,0.00,0,,outflow_from_you
0x7a90096b1a8dddd888cb0ae7fee66d279c4b6aabaad60603954897c36f8af2e0,https://bscscan.com/tx/0x7a90096b1a8dddd888cb0ae7fee66d279c4b6aabaad60603954897c36f8af2e0,15472648,2022-02-22 7:37:26,,javascript:;,PancakeSwap: Router v2,https://bscscan.com/address/0x10ed43c718714eb63d5aa57b78b54704e256024e,0 BNB $0.00,0 . 00061315,,0x10ed43c718714eb63d5aa57b78b54704e256024e,,PancakeSwap: Router v2,,PancakeSwap: Router v2,,0,,0,0.00,0.00,0.00,658.81,2026-05-21,0,0,0.00,0.00,0,,outflow_from_you
0x47cac1e9171383a1dcaac0fb3bf39e181a205525cc4c88f0322421c213f76493,https://bscscan.com/tx/0x47cac1e9171383a1dcaac0fb3bf39e181a205525cc4c88f0322421c213f76493,15472622,2022-02-22 7:36:08,,javascript:;,PancakeSwap: Router v2,https://bscscan.com/address/0x10ed43c718714eb63d5aa57b78b54704e256024e,0 BNB $0.00,0 . 00115135,,0x10ed43c718714eb63d5aa57b78b54704e256024e,,PancakeSwap: Router v2,,PancakeSwap: Router v2,,0,,0,0.00,0.00,0.00,658.81,2026-05-21,0,0,0.00,0.00,0,,outflow_from_you
0xd8f3b33b3b32e437aabd99562470dd4e3922ac317e4ce59b495f5683b2432376,https://bscscan.com/tx/0xd8f3b33b3b32e437aabd99562470dd4e3922ac317e4ce59b495f5683b2432376,15472439,2022-02-22 7:26:59,Binance: Hot Wallet 16,https://bscscan.com/address/0xa180fe01b906a1be37be6c534a3300785b20d947,,javascript:;,"1.85167007 BNB $1,202.59",0 . 00021,0xa180fe01b906a1be37be6c534a3300785b20d947,,Binance: Hot Wallet 16,,Binance: Hot Wallet 16,,,0,,1.85167007,1202.59,1219.90,17.31,658.81,2026-05-21,1,1.85167007,1202.59,1219.90,1,friendly_tag_or_url_contains_binance,inflow_to_you
0x6b292e313c2ddee753c9694c3f0b20f06ff2ac48b863c794ab5c4b0f2a0fe468,https://bscscan.com/tx/0x6b292e313c2ddee753c9694c3f0b20f06ff2ac48b863c794ab5c4b0f2a0fe468,15472238,2022-02-22 7:16:56,,javascript:;,0xFf494b7C...6637aA85e,https://bscscan.com/address/0xff494b7cb341311f86da21a49c5ff176637aa85e,0 BNB $0.00,0 . 00102154,,0xff494b7cb341311f86da21a49c5ff176637aa85e,,,,,,0,,0,0.00,0.00,0.00,658.81,2026-05-21,0,0,0.00,0.00,0,,outflow_from_you
0x4b4e57e6a9f84d6f4dc1c6ce4ad0d6c27960a08bcff96567c0608d03418694c2,https://bscscan.com/tx/0x4b4e57e6a9f84d6f4dc1c6ce4ad0d6c27960a08bcff96567c0608d03418694c2,15212650,2022-02-13 6:17:27,,javascript:;,0xFf494b7C...6637aA85e,https://bscscan.com/address/0xff494b7cb341311f86da21a49c5ff176637aa85e,0 BNB $0.00,0 . 00325751,,0xff494b7cb341311f86da21a49c5ff176637aa85e,,,,,,0,,0,0.00,0.00,0.00,658.81,2026-05-21,0,0,0.00,0.00,0,,outflow_from_you
0xdcb6182a31d14ea9d8037d3bc9317944ff573c0fd55f04bf9635ab2f298d8fe1,https://bscscan.com/tx/0xdcb6182a31d14ea9d8037d3bc9317944ff573c0fd55f04bf9635ab2f298d8fe1,15212532,2022-02-13 6:11:33,Binance: Hot Wallet 17,https://bscscan.com/address/0x29bdfbf7d27462a2d115748ace2bd71a2646946c,,javascript:;,0.0395 BNB $25.65,0 . 00021,0x29bdfbf7d27462a2d115748ace2bd71a2646946c,,Binance: Hot Wallet 17,,Binance: Hot Wallet 17,,,0,,0.0395,25.65,26.02,0.37,658.81,2026-05-21,1,0.0395,25.65,26.02,1,friendly_tag_or_url_contains_binance,inflow_to_you
0x713e94653a5c820dd6af46135c2fcf1e228d1192ed4dbd4416336a0b3536e5d1,https://bscscan.com/tx/0x713e94653a5c820dd6af46135c2fcf1e228d1192ed4dbd4416336a0b3536e5d1,15212196,2022-02-13 5:54:45,,javascript:;,PancakeSwap V2: DSHARE,https://bscscan.com/address/0x5998af8868e5e4fbd7c60da221b76b201e441612,0 BNB $0.00,0 . 00022221,,0x5998af8868e5e4fbd7c60da221b76b201e441612,,PancakeSwap V2: DSHARE,,PancakeSwap V2: DSHARE,,0,,0,0.00,0.00,0.00,658.81,2026-05-21,0,0,0.00,0.00,0,,outflow_from_you
0xbb973f4cbd2524aec22125bfdeb19ba5caaf30cc24e4ba5291693426bba3769b,https://bscscan.com/tx/0xbb973f4cbd2524aec22125bfdeb19ba5caaf30cc24e4ba5291693426bba3769b,15212131,2022-02-13 5:51:30,,javascript:;,PancakeSwap: Router v2,https://bscscan.com/address/0x10ed43c718714eb63d5aa57b78b54704e256024e,0.124704399 BNB $80.99,0 . 00089598,,0x10ed43c718714eb63d5aa57b78b54704e256024e,,PancakeSwap: Router v2,,PancakeSwap: Router v2,,0,,0.124704399,80.99,82.16,1.17,658.81,2026-05-21,0,0,0.00,0.00,0,,outflow_from_you
0x5da68cc1ab5cb4d0edecc7c9a03e3872b8f8f66286029bb1da5fac3b1c6111f3,https://bscscan.com/tx/0x5da68cc1ab5cb4d0edecc7c9a03e3872b8f8f66286029bb1da5fac3b1c6111f3,15212114,2022-02-13 5:50:39,,javascript:;,Dibs.Money: DSHARE Token,https://bscscan.com/address/0x26d3163b165be95137cee97241e716b2791a7572,0 BNB $0.00,0 . 00022203,,0x26d3163b165be95137cee97241e716b2791a7572,,Dibs.Money: DSHARE Token,,Dibs.Money: DSHARE Token,,0,,0,0.00,0.00,0.00,658.81,2026-05-21,0,0,0.00,0.00,0,,outflow_from_you
0x024abc422c196cd77faa93a85f0105c182592721d631609303e8285fd526d4f0,https://bscscan.com/tx/0x024abc422c196cd77faa93a85f0105c182592721d631609303e8285fd526d4f0,15212076,2022-02-13 5:48:45,,javascript:;,PancakeSwap: Router v2,https://bscscan.com/address/0x10ed43c718714eb63d5aa57b78b54704e256024e,0.125 BNB $81.18,0 . 0006722,,0x10ed43c718714eb63d5aa57b78b54704e256024e,,PancakeSwap: Router v2,,PancakeSwap: Router v2,,0,,0.125,81.18,82.35,1.17,658.81,2026-05-21,0,0,0.00,0.00,0,,outflow_from_you
0x8990066969f70f811be7b97ff4eb077bae91bac7fa0f3d6dc2560fdf14a0a9d2,https://bscscan.com/tx/0x8990066969f70f811be7b97ff4eb077bae91bac7fa0f3d6dc2560fdf14a0a9d2,15211830,2022-02-13 5:36:27,,javascript:;,0x03c509fd...A147486EA,https://bscscan.com/address/0x03c509fd85d51dc7e75fa2de06276cfa147486ea,0 BNB $0.00,0 . 00021406,,0x03c509fd85d51dc7e75fa2de06276cfa147486ea,,,,,,0,,0,0.00,0.00,0.00,658.81,2026-05-21,0,0,0.00,0.00,0,,outflow_from_you
0xb3ae36209012e1a96cdca3aedec906fcf6646d5e90c73f1437048fc96b368fcd,https://bscscan.com/tx/0xb3ae36209012e1a96cdca3aedec906fcf6646d5e90c73f1437048fc96b368fcd,15211823,2022-02-13 5:36:06,,javascript:;,0x03c509fd...A147486EA,https://bscscan.com/address/0x03c509fd85d51dc7e75fa2de06276cfa147486ea,0 BNB $0.00,0 . 00236459,,0x03c509fd85d51dc7e75fa2de06276cfa147486ea,,,,,,0,,0,0.00,0.00,0.00,658.81,2026-05-21,0,0,0.00,0.00,0,,outflow_from_you
0xd978529117759c2c3d2fca7da20a2e78f5f8eae903c082c4e25e820fca4c0aea,https://bscscan.com/tx/0xd978529117759c2c3d2fca7da20a2e78f5f8eae903c082c4e25e820fca4c0aea,15211739,2022-02-13 5:31:54,,javascript:;,0xd3bcD18c...Ab56B3B4a,https://bscscan.com/address/0xd3bcd18c24f42a9928651be0b7ff6c9ab56b3b4a,0 BNB $0.00,0 . 00022215,,0xd3bcd18c24f42a9928651be0b7ff6c9ab56b3b4a,,,,,,0,,0,0.00,0.00,0.00,658.81,2026-05-21,0,0,0.00,0.00,0,,outflow_from_you
0xfb47f0713409aca60dbd2be14f192292b0f2a6a3b7c24b3d6a44c3b1962575ce,https://bscscan.com/tx/0xfb47f0713409aca60dbd2be14f192292b0f2a6a3b7c24b3d6a44c3b1962575ce,15136340,2022-02-10 14:36:48,,javascript:;,0x03c509fd...A147486EA,https://bscscan.com/address/0x03c509fd85d51dc7e75fa2de06276cfa147486ea,0.19356581 BNB $125.71,0 . 00542189,,0x03c509fd85d51dc7e75fa2de06276cfa147486ea,,,,,,0,,0.19356581,125.71,127.52,1.81,658.81,2026-05-21,0,0,0.00,0.00,0,,outflow_from_you
0x5ac94bd271b2e536605786d483d21dc7f2c30df5b32dc732dbc1ac853b29e499,https://bscscan.com/tx/0x5ac94bd271b2e536605786d483d21dc7f2c30df5b32dc732dbc1ac853b29e499,15135997,2022-02-10 14:19:39,Binance: Hot Wallet 19,https://bscscan.com/address/0x1fbe2acee135d991592f167ac371f3dd893a508b,,javascript:;,0.24195726 BNB $157.14,0 . 00021,0x1fbe2acee135d991592f167ac371f3dd893a508b,,Binance: Hot Wallet 19,,Binance: Hot Wallet 19,,,0,,0.24195726,157.14,159.40,2.26,658.81,2026-05-21,1,0.24195726,157.14,159.40,1,friendly_tag_or_url_contains_binance,inflow_to_you
