tx_hash,project,confidence,evidence
0xa5d55da0f805b89ac3c265bdff544c693601bafcded6b31b734e3becfb33240a,safuu,high,to_address:0x9321bc6185adc9b9cb503cc211e17cb311c3fa95:SafuuGO: SGO Token | to:SafuuGO: SGO Token | to_friendly_tag_final:SafuuGO: SGO Token | tx_to:0x9321bc6185adc9b9cb503cc211e17cb311c3fa95:SafuuGO: SGO Token | log_addr:0x9321bc6185adc9b9cb503cc211e17cb311c3fa95:SafuuGO: SGO Token | token_symbol:0x9321bc6185adc9b9cb503cc211e17cb311c3fa95:SGO | token_name:0x9321bc6185adc9b9cb503cc211e17cb311c3fa95:SGO | contract_symbol:0x9321bc6185adc9b9cb503cc211e17cb311c3fa95:SGO | contract_name:0x9321bc6185adc9b9cb503cc211e17cb311c3fa95:SGO
0x678e1fe2127e4a3baff3a025a0e444e80bcc906bc697deb07274754c981e8963,safuu,high,to_address:0x9321bc6185adc9b9cb503cc211e17cb311c3fa95:SafuuGO: SGO Token | to:SafuuGO: SGO Token | to_friendly_tag_final:SafuuGO: SGO Token | tx_to:0x9321bc6185adc9b9cb503cc211e17cb311c3fa95:SafuuGO: SGO Token | log_addr:0x9321bc6185adc9b9cb503cc211e17cb311c3fa95:SafuuGO: SGO Token | token_symbol:0x9321bc6185adc9b9cb503cc211e17cb311c3fa95:SGO | token_name:0x9321bc6185adc9b9cb503cc211e17cb311c3fa95:SGO | contract_symbol:0x9321bc6185adc9b9cb503cc211e17cb311c3fa95:SGO | contract_name:0x9321bc6185adc9b9cb503cc211e17cb311c3fa95:SGO
0x7519194f9b96b7f5d7492a57847d788bb94caa42686e2cd2770d285e378827da,safuu,high,log_addr:0x9321bc6185adc9b9cb503cc211e17cb311c3fa95:SafuuGO: SGO Token | log_addr:0x9321bc6185adc9b9cb503cc211e17cb311c3fa95:SafuuGO: SGO Token | token_symbol:0x9321bc6185adc9b9cb503cc211e17cb311c3fa95:SGO | token_name:0x9321bc6185adc9b9cb503cc211e17cb311c3fa95:SGO | log_addr:0x9321bc6185adc9b9cb503cc211e17cb311c3fa95:SafuuGO: SGO Token | token_symbol:0x9321bc6185adc9b9cb503cc211e17cb311c3fa95:SGO | token_name:0x9321bc6185adc9b9cb503cc211e17cb311c3fa95:SGO | contract_symbol:0x9321bc6185adc9b9cb503cc211e17cb311c3fa95:SGO | contract_name:0x9321bc6185adc9b9cb503cc211e17cb311c3fa95:SGO
0x45c2e913b0fd122c973cdf85cbf286e5c625eea3cdb763e53a8c825243412867,safuu,high,to_address:0x9321bc6185adc9b9cb503cc211e17cb311c3fa95:SafuuGO: SGO Token | to:SafuuGO: SGO Token | to_friendly_tag_final:SafuuGO: SGO Token | tx_to:0x9321bc6185adc9b9cb503cc211e17cb311c3fa95:SafuuGO: SGO Token | log_addr:0x9321bc6185adc9b9cb503cc211e17cb311c3fa95:SafuuGO: SGO Token | token_symbol:0x9321bc6185adc9b9cb503cc211e17cb311c3fa95:SGO | token_name:0x9321bc6185adc9b9cb503cc211e17cb311c3fa95:SGO | contract_symbol:0x9321bc6185adc9b9cb503cc211e17cb311c3fa95:SGO | contract_name:0x9321bc6185adc9b9cb503cc211e17cb311c3fa95:SGO
0x9c1664e2856bef97ae934283d9167654e7d174e2aa5607070df6ed49a94d5df9,safuu,high,log_addr:0x9321bc6185adc9b9cb503cc211e17cb311c3fa95:SafuuGO: SGO Token | token_symbol:0x9321bc6185adc9b9cb503cc211e17cb311c3fa95:SGO | token_name:0x9321bc6185adc9b9cb503cc211e17cb311c3fa95:SGO | log_addr:0x9321bc6185adc9b9cb503cc211e17cb311c3fa95:SafuuGO: SGO Token | token_symbol:0x9321bc6185adc9b9cb503cc211e17cb311c3fa95:SGO | token_name:0x9321bc6185adc9b9cb503cc211e17cb311c3fa95:SGO | contract_symbol:0x9321bc6185adc9b9cb503cc211e17cb311c3fa95:SGO | contract_name:0x9321bc6185adc9b9cb503cc211e17cb311c3fa95:SGO
0x18ea2716933ae9ca6e460783389d0a19e9d5c4880aa27edf8dbb1de472cc98d0,safuu,high,to_address:0x9321bc6185adc9b9cb503cc211e17cb311c3fa95:SafuuGO: SGO Token | to:SafuuGO: SGO Token | to_friendly_tag_final:SafuuGO: SGO Token | tx_to:0x9321bc6185adc9b9cb503cc211e17cb311c3fa95:SafuuGO: SGO Token | log_addr:0x9321bc6185adc9b9cb503cc211e17cb311c3fa95:SafuuGO: SGO Token | token_symbol:0x9321bc6185adc9b9cb503cc211e17cb311c3fa95:SGO | token_name:0x9321bc6185adc9b9cb503cc211e17cb311c3fa95:SGO | contract_symbol:0x9321bc6185adc9b9cb503cc211e17cb311c3fa95:SGO | contract_name:0x9321bc6185adc9b9cb503cc211e17cb311c3fa95:SGO
0x4b7cb04a41ca79360a2270996e9c47a45520e3ba813912d9ab00a4408cb8f28d,safuu,high,log_addr:0x9321bc6185adc9b9cb503cc211e17cb311c3fa95:SafuuGO: SGO Token | token_symbol:0x9321bc6185adc9b9cb503cc211e17cb311c3fa95:SGO | token_name:0x9321bc6185adc9b9cb503cc211e17cb311c3fa95:SGO | log_addr:0x9321bc6185adc9b9cb503cc211e17cb311c3fa95:SafuuGO: SGO Token | token_symbol:0x9321bc6185adc9b9cb503cc211e17cb311c3fa95:SGO | token_name:0x9321bc6185adc9b9cb503cc211e17cb311c3fa95:SGO | contract_symbol:0x9321bc6185adc9b9cb503cc211e17cb311c3fa95:SGO | contract_name:0x9321bc6185adc9b9cb503cc211e17cb311c3fa95:SGO
0xddf1d218c37ab1987042b1cdda254f9e159bd54ed752ec3dafd2e1a6fe6851d4,safuu,high,log_addr:0x9321bc6185adc9b9cb503cc211e17cb311c3fa95:SafuuGO: SGO Token | token_symbol:0x9321bc6185adc9b9cb503cc211e17cb311c3fa95:SGO | token_name:0x9321bc6185adc9b9cb503cc211e17cb311c3fa95:SGO | log_addr:0x9321bc6185adc9b9cb503cc211e17cb311c3fa95:SafuuGO: SGO Token | token_symbol:0x9321bc6185adc9b9cb503cc211e17cb311c3fa95:SGO | token_name:0x9321bc6185adc9b9cb503cc211e17cb311c3fa95:SGO | contract_symbol:0x9321bc6185adc9b9cb503cc211e17cb311c3fa95:SGO | contract_name:0x9321bc6185adc9b9cb503cc211e17cb311c3fa95:SGO
0xf456804acb287fb4f23b1d9b684e44fc75294bad0650078b693973bdb5c11537,safuu,high,to_address:0x9321bc6185adc9b9cb503cc211e17cb311c3fa95:SafuuGO: SGO Token | to:SafuuGO: SGO Token | to_friendly_tag_final:SafuuGO: SGO Token | tx_to:0x9321bc6185adc9b9cb503cc211e17cb311c3fa95:SafuuGO: SGO Token | log_addr:0x9321bc6185adc9b9cb503cc211e17cb311c3fa95:SafuuGO: SGO Token | token_symbol:0x9321bc6185adc9b9cb503cc211e17cb311c3fa95:SGO | token_name:0x9321bc6185adc9b9cb503cc211e17cb311c3fa95:SGO | contract_symbol:0x9321bc6185adc9b9cb503cc211e17cb311c3fa95:SGO | contract_name:0x9321bc6185adc9b9cb503cc211e17cb311c3fa95:SGO
0x6a334a606a60e8fba9e62ba184156cabc2dc34c22ed739adf686154e7d559205,safuu,high,log_addr:0x9321bc6185adc9b9cb503cc211e17cb311c3fa95:SafuuGO: SGO Token | token_symbol:0x9321bc6185adc9b9cb503cc211e17cb311c3fa95:SGO | token_name:0x9321bc6185adc9b9cb503cc211e17cb311c3fa95:SGO | log_addr:0x9321bc6185adc9b9cb503cc211e17cb311c3fa95:SafuuGO: SGO Token | token_symbol:0x9321bc6185adc9b9cb503cc211e17cb311c3fa95:SGO | token_name:0x9321bc6185adc9b9cb503cc211e17cb311c3fa95:SGO | contract_symbol:0x9321bc6185adc9b9cb503cc211e17cb311c3fa95:SGO | contract_name:0x9321bc6185adc9b9cb503cc211e17cb311c3fa95:SGO
0xb3eaeee7a16344cdf43c4c086ee1fdf0955b22c35fa75eb35be20251769b038e,safuu,high,log_addr:0x9321bc6185adc9b9cb503cc211e17cb311c3fa95:SafuuGO: SGO Token | token_symbol:0x9321bc6185adc9b9cb503cc211e17cb311c3fa95:SGO | token_name:0x9321bc6185adc9b9cb503cc211e17cb311c3fa95:SGO | log_addr:0x9321bc6185adc9b9cb503cc211e17cb311c3fa95:SafuuGO: SGO Token | token_symbol:0x9321bc6185adc9b9cb503cc211e17cb311c3fa95:SGO | token_name:0x9321bc6185adc9b9cb503cc211e17cb311c3fa95:SGO | contract_symbol:0x9321bc6185adc9b9cb503cc211e17cb311c3fa95:SGO | contract_name:0x9321bc6185adc9b9cb503cc211e17cb311c3fa95:SGO
0x3935f5e81c645b25bf587c7fbac0eb13f57e870444b2ed8faca5b2b3bad186dc,safuu,high,to_address:0x9321bc6185adc9b9cb503cc211e17cb311c3fa95:SafuuGO: SGO Token | to:SafuuGO: SGO Token | to_friendly_tag_final:SafuuGO: SGO Token | tx_to:0x9321bc6185adc9b9cb503cc211e17cb311c3fa95:SafuuGO: SGO Token | log_addr:0x9321bc6185adc9b9cb503cc211e17cb311c3fa95:SafuuGO: SGO Token | token_symbol:0x9321bc6185adc9b9cb503cc211e17cb311c3fa95:SGO | token_name:0x9321bc6185adc9b9cb503cc211e17cb311c3fa95:SGO | contract_symbol:0x9321bc6185adc9b9cb503cc211e17cb311c3fa95:SGO | contract_name:0x9321bc6185adc9b9cb503cc211e17cb311c3fa95:SGO
0x73b387feb1849cec7175e1410832c481f1503afaa112f35b1a3297c938410d25,safuu,high,log_addr:0x9321bc6185adc9b9cb503cc211e17cb311c3fa95:SafuuGO: SGO Token | token_symbol:0x9321bc6185adc9b9cb503cc211e17cb311c3fa95:SGO | token_name:0x9321bc6185adc9b9cb503cc211e17cb311c3fa95:SGO | log_addr:0x9321bc6185adc9b9cb503cc211e17cb311c3fa95:SafuuGO: SGO Token | token_symbol:0x9321bc6185adc9b9cb503cc211e17cb311c3fa95:SGO | token_name:0x9321bc6185adc9b9cb503cc211e17cb311c3fa95:SGO | contract_symbol:0x9321bc6185adc9b9cb503cc211e17cb311c3fa95:SGO | contract_name:0x9321bc6185adc9b9cb503cc211e17cb311c3fa95:SGO
0x5e1713a6a27a9c50a75f77ee1389e734dc8b724944ffb21e495c4ce08aa8de5b,safuu,high,log_addr:0x9321bc6185adc9b9cb503cc211e17cb311c3fa95:SafuuGO: SGO Token | log_addr:0x9321bc6185adc9b9cb503cc211e17cb311c3fa95:SafuuGO: SGO Token | token_symbol:0x9321bc6185adc9b9cb503cc211e17cb311c3fa95:SGO | token_name:0x9321bc6185adc9b9cb503cc211e17cb311c3fa95:SGO | log_addr:0x9321bc6185adc9b9cb503cc211e17cb311c3fa95:SafuuGO: SGO Token | token_symbol:0x9321bc6185adc9b9cb503cc211e17cb311c3fa95:SGO | token_name:0x9321bc6185adc9b9cb503cc211e17cb311c3fa95:SGO | contract_symbol:0x9321bc6185adc9b9cb503cc211e17cb311c3fa95:SGO | contract_name:0x9321bc6185adc9b9cb503cc211e17cb311c3fa95:SGO
0x7084e194ee1c85c154a7650028d201664722d309fcfdc87f6619c1560d808f7e,safuu,high,to_address:0x9321bc6185adc9b9cb503cc211e17cb311c3fa95:SafuuGO: SGO Token | to:SafuuGO: SGO Token | to_friendly_tag_final:SafuuGO: SGO Token | tx_to:0x9321bc6185adc9b9cb503cc211e17cb311c3fa95:SafuuGO: SGO Token | log_addr:0x9321bc6185adc9b9cb503cc211e17cb311c3fa95:SafuuGO: SGO Token | token_symbol:0x9321bc6185adc9b9cb503cc211e17cb311c3fa95:SGO | token_name:0x9321bc6185adc9b9cb503cc211e17cb311c3fa95:SGO | contract_symbol:0x9321bc6185adc9b9cb503cc211e17cb311c3fa95:SGO | contract_name:0x9321bc6185adc9b9cb503cc211e17cb311c3fa95:SGO
0xba23762102ce9f4e2433a3d426b30e2a68e73096def04993d3720d1cfd68ef04,safuu,high,to_address:0x9321bc6185adc9b9cb503cc211e17cb311c3fa95:SafuuGO: SGO Token | to:SafuuGO: SGO Token | to_friendly_tag_final:SafuuGO: SGO Token | tx_to:0x9321bc6185adc9b9cb503cc211e17cb311c3fa95:SafuuGO: SGO Token | log_addr:0x9321bc6185adc9b9cb503cc211e17cb311c3fa95:SafuuGO: SGO Token | token_symbol:0x9321bc6185adc9b9cb503cc211e17cb311c3fa95:SGO | token_name:0x9321bc6185adc9b9cb503cc211e17cb311c3fa95:SGO | contract_symbol:0x9321bc6185adc9b9cb503cc211e17cb311c3fa95:SGO | contract_name:0x9321bc6185adc9b9cb503cc211e17cb311c3fa95:SGO
0x0c1d8aea955b04ca40ea7a95bac5bca972059a39739ebd424575229120248604,safuu,high,log_addr:0x9321bc6185adc9b9cb503cc211e17cb311c3fa95:SafuuGO: SGO Token | token_symbol:0x9321bc6185adc9b9cb503cc211e17cb311c3fa95:SGO | token_name:0x9321bc6185adc9b9cb503cc211e17cb311c3fa95:SGO | log_addr:0x9321bc6185adc9b9cb503cc211e17cb311c3fa95:SafuuGO: SGO Token | token_symbol:0x9321bc6185adc9b9cb503cc211e17cb311c3fa95:SGO | token_name:0x9321bc6185adc9b9cb503cc211e17cb311c3fa95:SGO | contract_symbol:0x9321bc6185adc9b9cb503cc211e17cb311c3fa95:SGO | contract_name:0x9321bc6185adc9b9cb503cc211e17cb311c3fa95:SGO
0xf0c70a37540c6e557ab23d0dadac8e9892b71aff9652b05e995bf17a24708a65,safuu,high,log_addr:0x9321bc6185adc9b9cb503cc211e17cb311c3fa95:SafuuGO: SGO Token | log_addr:0x9321bc6185adc9b9cb503cc211e17cb311c3fa95:SafuuGO: SGO Token | token_symbol:0x9321bc6185adc9b9cb503cc211e17cb311c3fa95:SGO | token_name:0x9321bc6185adc9b9cb503cc211e17cb311c3fa95:SGO | log_addr:0x9321bc6185adc9b9cb503cc211e17cb311c3fa95:SafuuGO: SGO Token | token_symbol:0x9321bc6185adc9b9cb503cc211e17cb311c3fa95:SGO | token_name:0x9321bc6185adc9b9cb503cc211e17cb311c3fa95:SGO | contract_symbol:0x9321bc6185adc9b9cb503cc211e17cb311c3fa95:SGO | contract_name:0x9321bc6185adc9b9cb503cc211e17cb311c3fa95:SGO
0xe198b08c1e61e044f30a39b5100bb1416bf64ea412b60b27c5596a6dfbb71dfb,safuu,high,to_address:0x9321bc6185adc9b9cb503cc211e17cb311c3fa95:SafuuGO: SGO Token | to:SafuuGO: SGO Token | to_friendly_tag_final:SafuuGO: SGO Token | tx_to:0x9321bc6185adc9b9cb503cc211e17cb311c3fa95:SafuuGO: SGO Token | log_addr:0x9321bc6185adc9b9cb503cc211e17cb311c3fa95:SafuuGO: SGO Token | token_symbol:0x9321bc6185adc9b9cb503cc211e17cb311c3fa95:SGO | token_name:0x9321bc6185adc9b9cb503cc211e17cb311c3fa95:SGO | contract_symbol:0x9321bc6185adc9b9cb503cc211e17cb311c3fa95:SGO | contract_name:0x9321bc6185adc9b9cb503cc211e17cb311c3fa95:SGO
0x4f340e2d7031c99cc1fd41c8f6ff26df6aa6fa40f2f22bdd389dc709c538f9ab,safuu,high,log_addr:0x9321bc6185adc9b9cb503cc211e17cb311c3fa95:SafuuGO: SGO Token | token_symbol:0x9321bc6185adc9b9cb503cc211e17cb311c3fa95:SGO | token_name:0x9321bc6185adc9b9cb503cc211e17cb311c3fa95:SGO | log_addr:0x9321bc6185adc9b9cb503cc211e17cb311c3fa95:SafuuGO: SGO Token | token_symbol:0x9321bc6185adc9b9cb503cc211e17cb311c3fa95:SGO | token_name:0x9321bc6185adc9b9cb503cc211e17cb311c3fa95:SGO | contract_symbol:0x9321bc6185adc9b9cb503cc211e17cb311c3fa95:SGO | contract_name:0x9321bc6185adc9b9cb503cc211e17cb311c3fa95:SGO
0x2584fed091421735824ba73b4cefaae098bda1fa4b2c4b8bce771f016377ba3a,safuu,high,log_addr:0x9321bc6185adc9b9cb503cc211e17cb311c3fa95:SafuuGO: SGO Token | token_symbol:0x9321bc6185adc9b9cb503cc211e17cb311c3fa95:SGO | token_name:0x9321bc6185adc9b9cb503cc211e17cb311c3fa95:SGO | log_addr:0x9321bc6185adc9b9cb503cc211e17cb311c3fa95:SafuuGO: SGO Token | token_symbol:0x9321bc6185adc9b9cb503cc211e17cb311c3fa95:SGO | token_name:0x9321bc6185adc9b9cb503cc211e17cb311c3fa95:SGO | contract_symbol:0x9321bc6185adc9b9cb503cc211e17cb311c3fa95:SGO | contract_name:0x9321bc6185adc9b9cb503cc211e17cb311c3fa95:SGO
0x5a5ca1fa1af764f137914762cea9034c9e979083daf1e58e68211bbd2503b40b,safuu,high,log_addr:0x9321bc6185adc9b9cb503cc211e17cb311c3fa95:SafuuGO: SGO Token | token_symbol:0x9321bc6185adc9b9cb503cc211e17cb311c3fa95:SGO | token_name:0x9321bc6185adc9b9cb503cc211e17cb311c3fa95:SGO | log_addr:0x9321bc6185adc9b9cb503cc211e17cb311c3fa95:SafuuGO: SGO Token | token_symbol:0x9321bc6185adc9b9cb503cc211e17cb311c3fa95:SGO | token_name:0x9321bc6185adc9b9cb503cc211e17cb311c3fa95:SGO | contract_symbol:0x9321bc6185adc9b9cb503cc211e17cb311c3fa95:SGO | contract_name:0x9321bc6185adc9b9cb503cc211e17cb311c3fa95:SGO
0xfc0f7368d5e641c453fecf379a4af6c10d1e12ff420bf6516325614ea6d3b1ae,safuu,high,log_addr:0x9321bc6185adc9b9cb503cc211e17cb311c3fa95:SafuuGO: SGO Token | token_symbol:0x9321bc6185adc9b9cb503cc211e17cb311c3fa95:SGO | token_name:0x9321bc6185adc9b9cb503cc211e17cb311c3fa95:SGO | log_addr:0x9321bc6185adc9b9cb503cc211e17cb311c3fa95:SafuuGO: SGO Token | token_symbol:0x9321bc6185adc9b9cb503cc211e17cb311c3fa95:SGO | token_name:0x9321bc6185adc9b9cb503cc211e17cb311c3fa95:SGO | contract_symbol:0x9321bc6185adc9b9cb503cc211e17cb311c3fa95:SGO | contract_name:0x9321bc6185adc9b9cb503cc211e17cb311c3fa95:SGO
0xf62ca6aae676c8839276e901d9bba5c3d57b736ef8d2455ed2e3112a1dae4551,safuu,high,log_addr:0x9321bc6185adc9b9cb503cc211e17cb311c3fa95:SafuuGO: SGO Token | token_symbol:0x9321bc6185adc9b9cb503cc211e17cb311c3fa95:SGO | token_name:0x9321bc6185adc9b9cb503cc211e17cb311c3fa95:SGO | log_addr:0x9321bc6185adc9b9cb503cc211e17cb311c3fa95:SafuuGO: SGO Token | token_symbol:0x9321bc6185adc9b9cb503cc211e17cb311c3fa95:SGO | token_name:0x9321bc6185adc9b9cb503cc211e17cb311c3fa95:SGO | contract_symbol:0x9321bc6185adc9b9cb503cc211e17cb311c3fa95:SGO | contract_name:0x9321bc6185adc9b9cb503cc211e17cb311c3fa95:SGO
0x6a0e0cc1384a47113ab0f2b36924b5dfcda6d4a4fde079e42c67eefaf6df1e86,safuu,high,to_address:0x9321bc6185adc9b9cb503cc211e17cb311c3fa95:SafuuGO: SGO Token | to:SafuuGO: SGO Token | to_friendly_tag_final:SafuuGO: SGO Token | tx_to:0x9321bc6185adc9b9cb503cc211e17cb311c3fa95:SafuuGO: SGO Token | log_addr:0x9321bc6185adc9b9cb503cc211e17cb311c3fa95:SafuuGO: SGO Token | token_symbol:0x9321bc6185adc9b9cb503cc211e17cb311c3fa95:SGO | token_name:0x9321bc6185adc9b9cb503cc211e17cb311c3fa95:SGO | contract_symbol:0x9321bc6185adc9b9cb503cc211e17cb311c3fa95:SGO | contract_name:0x9321bc6185adc9b9cb503cc211e17cb311c3fa95:SGO
0xa29b503767aa1afb4dfe682a32edfbe7f9e11d4c289c3e7f7025e2e567eaf577,safuu,high,log_addr:0x9321bc6185adc9b9cb503cc211e17cb311c3fa95:SafuuGO: SGO Token | token_symbol:0x9321bc6185adc9b9cb503cc211e17cb311c3fa95:SGO | token_name:0x9321bc6185adc9b9cb503cc211e17cb311c3fa95:SGO | log_addr:0x9321bc6185adc9b9cb503cc211e17cb311c3fa95:SafuuGO: SGO Token | token_symbol:0x9321bc6185adc9b9cb503cc211e17cb311c3fa95:SGO | token_name:0x9321bc6185adc9b9cb503cc211e17cb311c3fa95:SGO | contract_symbol:0x9321bc6185adc9b9cb503cc211e17cb311c3fa95:SGO | contract_name:0x9321bc6185adc9b9cb503cc211e17cb311c3fa95:SGO
0xd43b2956183f7bec2a8b13dcb12a2cc45faad749ae543588cf4ba1b298c2217f,safuu,high,log_addr:0x9321bc6185adc9b9cb503cc211e17cb311c3fa95:SafuuGO: SGO Token | token_symbol:0x9321bc6185adc9b9cb503cc211e17cb311c3fa95:SGO | token_name:0x9321bc6185adc9b9cb503cc211e17cb311c3fa95:SGO | log_addr:0x9321bc6185adc9b9cb503cc211e17cb311c3fa95:SafuuGO: SGO Token | token_symbol:0x9321bc6185adc9b9cb503cc211e17cb311c3fa95:SGO | token_name:0x9321bc6185adc9b9cb503cc211e17cb311c3fa95:SGO | contract_symbol:0x9321bc6185adc9b9cb503cc211e17cb311c3fa95:SGO | contract_name:0x9321bc6185adc9b9cb503cc211e17cb311c3fa95:SGO
0x2bffa95a10f6f841d9f9a08f9f592fd6f4c658fa1c6894808b29d90e8c1f0d82,safuu,high,log_addr:0x9321bc6185adc9b9cb503cc211e17cb311c3fa95:SafuuGO: SGO Token | token_symbol:0x9321bc6185adc9b9cb503cc211e17cb311c3fa95:SGO | token_name:0x9321bc6185adc9b9cb503cc211e17cb311c3fa95:SGO | log_addr:0x9321bc6185adc9b9cb503cc211e17cb311c3fa95:SafuuGO: SGO Token | token_symbol:0x9321bc6185adc9b9cb503cc211e17cb311c3fa95:SGO | token_name:0x9321bc6185adc9b9cb503cc211e17cb311c3fa95:SGO | contract_symbol:0x9321bc6185adc9b9cb503cc211e17cb311c3fa95:SGO | contract_name:0x9321bc6185adc9b9cb503cc211e17cb311c3fa95:SGO
0x74a6c1225cf7d586984f3deb1065f996bc7d05acae03b4b04e8889d268865df3,safuu,high,log_addr:0x9321bc6185adc9b9cb503cc211e17cb311c3fa95:SafuuGO: SGO Token | token_symbol:0x9321bc6185adc9b9cb503cc211e17cb311c3fa95:SGO | token_name:0x9321bc6185adc9b9cb503cc211e17cb311c3fa95:SGO | log_addr:0x9321bc6185adc9b9cb503cc211e17cb311c3fa95:SafuuGO: SGO Token | token_symbol:0x9321bc6185adc9b9cb503cc211e17cb311c3fa95:SGO | token_name:0x9321bc6185adc9b9cb503cc211e17cb311c3fa95:SGO | contract_symbol:0x9321bc6185adc9b9cb503cc211e17cb311c3fa95:SGO | contract_name:0x9321bc6185adc9b9cb503cc211e17cb311c3fa95:SGO
0xe5ee836e1fbe9454cd7f61a14b529bc6dc38e594a49f59de929f51dd0b7db9f8,safuu,high,log_addr:0x9321bc6185adc9b9cb503cc211e17cb311c3fa95:SafuuGO: SGO Token | token_symbol:0x9321bc6185adc9b9cb503cc211e17cb311c3fa95:SGO | token_name:0x9321bc6185adc9b9cb503cc211e17cb311c3fa95:SGO | log_addr:0x9321bc6185adc9b9cb503cc211e17cb311c3fa95:SafuuGO: SGO Token | token_symbol:0x9321bc6185adc9b9cb503cc211e17cb311c3fa95:SGO | token_name:0x9321bc6185adc9b9cb503cc211e17cb311c3fa95:SGO | contract_symbol:0x9321bc6185adc9b9cb503cc211e17cb311c3fa95:SGO | contract_name:0x9321bc6185adc9b9cb503cc211e17cb311c3fa95:SGO
0x596e22e544ef2f65748451ae0c4537b7ca151f2c0a0e0cf9eda910b2c0317e7d,safuu,high,to_address:0x9321bc6185adc9b9cb503cc211e17cb311c3fa95:SafuuGO: SGO Token | to:SafuuGO: SGO Token | to_friendly_tag_final:SafuuGO: SGO Token | tx_to:0x9321bc6185adc9b9cb503cc211e17cb311c3fa95:SafuuGO: SGO Token | log_addr:0x9321bc6185adc9b9cb503cc211e17cb311c3fa95:SafuuGO: SGO Token | token_symbol:0x9321bc6185adc9b9cb503cc211e17cb311c3fa95:SGO | token_name:0x9321bc6185adc9b9cb503cc211e17cb311c3fa95:SGO | contract_symbol:0x9321bc6185adc9b9cb503cc211e17cb311c3fa95:SGO | contract_name:0x9321bc6185adc9b9cb503cc211e17cb311c3fa95:SGO
0xde8a2e43b0dd9fe4b80e3f95bebfd6addb6cc30d82ca7843046d4ef78fbcc23e,safuu,high,log_addr:0x9321bc6185adc9b9cb503cc211e17cb311c3fa95:SafuuGO: SGO Token | token_symbol:0x9321bc6185adc9b9cb503cc211e17cb311c3fa95:SGO | token_name:0x9321bc6185adc9b9cb503cc211e17cb311c3fa95:SGO | log_addr:0x9321bc6185adc9b9cb503cc211e17cb311c3fa95:SafuuGO: SGO Token | token_symbol:0x9321bc6185adc9b9cb503cc211e17cb311c3fa95:SGO | token_name:0x9321bc6185adc9b9cb503cc211e17cb311c3fa95:SGO | contract_symbol:0x9321bc6185adc9b9cb503cc211e17cb311c3fa95:SGO | contract_name:0x9321bc6185adc9b9cb503cc211e17cb311c3fa95:SGO
0x409bda71a97478a5a567aa0c20ad9edbfaa5a00587800bb359607cdd66238c15,safuu,high,log_addr:0x9321bc6185adc9b9cb503cc211e17cb311c3fa95:SafuuGO: SGO Token | token_symbol:0x9321bc6185adc9b9cb503cc211e17cb311c3fa95:SGO | token_name:0x9321bc6185adc9b9cb503cc211e17cb311c3fa95:SGO | log_addr:0x9321bc6185adc9b9cb503cc211e17cb311c3fa95:SafuuGO: SGO Token | token_symbol:0x9321bc6185adc9b9cb503cc211e17cb311c3fa95:SGO | token_name:0x9321bc6185adc9b9cb503cc211e17cb311c3fa95:SGO | contract_symbol:0x9321bc6185adc9b9cb503cc211e17cb311c3fa95:SGO | contract_name:0x9321bc6185adc9b9cb503cc211e17cb311c3fa95:SGO
0x7f2d98f1dc0587876c6e472894ded0db02249e2b33d96f520206782690e94ce1,safuu,high,to_address:0x9321bc6185adc9b9cb503cc211e17cb311c3fa95:SafuuGO: SGO Token | to:SafuuGO: SGO Token | to_friendly_tag_final:SafuuGO: SGO Token | tx_to:0x9321bc6185adc9b9cb503cc211e17cb311c3fa95:SafuuGO: SGO Token | log_addr:0x9321bc6185adc9b9cb503cc211e17cb311c3fa95:SafuuGO: SGO Token | token_symbol:0x9321bc6185adc9b9cb503cc211e17cb311c3fa95:SGO | token_name:0x9321bc6185adc9b9cb503cc211e17cb311c3fa95:SGO | contract_symbol:0x9321bc6185adc9b9cb503cc211e17cb311c3fa95:SGO | contract_name:0x9321bc6185adc9b9cb503cc211e17cb311c3fa95:SGO
0x0e4f07a6c73379354762935bfcaf0bf4bd8cbf3d28034e816e06fac488fb1f63,safuu,high,log_addr:0x9321bc6185adc9b9cb503cc211e17cb311c3fa95:SafuuGO: SGO Token | log_addr:0x9321bc6185adc9b9cb503cc211e17cb311c3fa95:SafuuGO: SGO Token | token_symbol:0x9321bc6185adc9b9cb503cc211e17cb311c3fa95:SGO | token_name:0x9321bc6185adc9b9cb503cc211e17cb311c3fa95:SGO | log_addr:0x9321bc6185adc9b9cb503cc211e17cb311c3fa95:SafuuGO: SGO Token | token_symbol:0x9321bc6185adc9b9cb503cc211e17cb311c3fa95:SGO | token_name:0x9321bc6185adc9b9cb503cc211e17cb311c3fa95:SGO | contract_symbol:0x9321bc6185adc9b9cb503cc211e17cb311c3fa95:SGO | contract_name:0x9321bc6185adc9b9cb503cc211e17cb311c3fa95:SGO
0xc956cb797e82657e89aaa5aded79b066a9d64a8bcdfeae41841aef99f30ffc5f,safuu,high,to_address:0x9321bc6185adc9b9cb503cc211e17cb311c3fa95:SafuuGO: SGO Token | to:SafuuGO: SGO Token | to_friendly_tag_final:SafuuGO: SGO Token | tx_to:0x9321bc6185adc9b9cb503cc211e17cb311c3fa95:SafuuGO: SGO Token | log_addr:0x9321bc6185adc9b9cb503cc211e17cb311c3fa95:SafuuGO: SGO Token | token_symbol:0x9321bc6185adc9b9cb503cc211e17cb311c3fa95:SGO | token_name:0x9321bc6185adc9b9cb503cc211e17cb311c3fa95:SGO | contract_symbol:0x9321bc6185adc9b9cb503cc211e17cb311c3fa95:SGO | contract_name:0x9321bc6185adc9b9cb503cc211e17cb311c3fa95:SGO
0x1d0fd0c839d6763b9f3c9cbfdc7271380319c883ea1aef3cd90b08aaa8369831,safuu,high,log_addr:0x9321bc6185adc9b9cb503cc211e17cb311c3fa95:SafuuGO: SGO Token | token_symbol:0x9321bc6185adc9b9cb503cc211e17cb311c3fa95:SGO | token_name:0x9321bc6185adc9b9cb503cc211e17cb311c3fa95:SGO | log_addr:0x9321bc6185adc9b9cb503cc211e17cb311c3fa95:SafuuGO: SGO Token | token_symbol:0x9321bc6185adc9b9cb503cc211e17cb311c3fa95:SGO | token_name:0x9321bc6185adc9b9cb503cc211e17cb311c3fa95:SGO | contract_symbol:0x9321bc6185adc9b9cb503cc211e17cb311c3fa95:SGO | contract_name:0x9321bc6185adc9b9cb503cc211e17cb311c3fa95:SGO
0x16bf4a9d12b29d4380168e0ee558535678decba40ef2ade0c9ef1c02e0acddef,safuu,high,log_addr:0x9321bc6185adc9b9cb503cc211e17cb311c3fa95:SafuuGO: SGO Token | token_symbol:0x9321bc6185adc9b9cb503cc211e17cb311c3fa95:SGO | token_name:0x9321bc6185adc9b9cb503cc211e17cb311c3fa95:SGO | log_addr:0x9321bc6185adc9b9cb503cc211e17cb311c3fa95:SafuuGO: SGO Token | token_symbol:0x9321bc6185adc9b9cb503cc211e17cb311c3fa95:SGO | token_name:0x9321bc6185adc9b9cb503cc211e17cb311c3fa95:SGO | contract_symbol:0x9321bc6185adc9b9cb503cc211e17cb311c3fa95:SGO | contract_name:0x9321bc6185adc9b9cb503cc211e17cb311c3fa95:SGO
0x5bad3da75c0fd53c30234b04cd4e998aadd6cf4e46af9ac25993b5f38fbd2318,safuu,high,log_addr:0x9321bc6185adc9b9cb503cc211e17cb311c3fa95:SafuuGO: SGO Token | token_symbol:0x9321bc6185adc9b9cb503cc211e17cb311c3fa95:SGO | token_name:0x9321bc6185adc9b9cb503cc211e17cb311c3fa95:SGO | log_addr:0x9321bc6185adc9b9cb503cc211e17cb311c3fa95:SafuuGO: SGO Token | token_symbol:0x9321bc6185adc9b9cb503cc211e17cb311c3fa95:SGO | token_name:0x9321bc6185adc9b9cb503cc211e17cb311c3fa95:SGO | contract_symbol:0x9321bc6185adc9b9cb503cc211e17cb311c3fa95:SGO | contract_name:0x9321bc6185adc9b9cb503cc211e17cb311c3fa95:SGO
0x5fb633ddf21d6546eec4dd4a17549c0bc219fe5e43e79d186ae3c9b596b263dc,safuu,high,log_addr:0x9321bc6185adc9b9cb503cc211e17cb311c3fa95:SafuuGO: SGO Token | token_symbol:0x9321bc6185adc9b9cb503cc211e17cb311c3fa95:SGO | token_name:0x9321bc6185adc9b9cb503cc211e17cb311c3fa95:SGO | log_addr:0x9321bc6185adc9b9cb503cc211e17cb311c3fa95:SafuuGO: SGO Token | token_symbol:0x9321bc6185adc9b9cb503cc211e17cb311c3fa95:SGO | token_name:0x9321bc6185adc9b9cb503cc211e17cb311c3fa95:SGO | contract_symbol:0x9321bc6185adc9b9cb503cc211e17cb311c3fa95:SGO | contract_name:0x9321bc6185adc9b9cb503cc211e17cb311c3fa95:SGO
0x51940174072dc61388ff2a0a4f98c97b4b8a4ae638e85a9863fd138a07067f31,safuu,high,to_address:0x9321bc6185adc9b9cb503cc211e17cb311c3fa95:SafuuGO: SGO Token | to:SafuuGO: SGO Token | to_friendly_tag_final:SafuuGO: SGO Token | tx_to:0x9321bc6185adc9b9cb503cc211e17cb311c3fa95:SafuuGO: SGO Token | log_addr:0x9321bc6185adc9b9cb503cc211e17cb311c3fa95:SafuuGO: SGO Token | token_symbol:0x9321bc6185adc9b9cb503cc211e17cb311c3fa95:SGO | token_name:0x9321bc6185adc9b9cb503cc211e17cb311c3fa95:SGO | contract_symbol:0x9321bc6185adc9b9cb503cc211e17cb311c3fa95:SGO | contract_name:0x9321bc6185adc9b9cb503cc211e17cb311c3fa95:SGO
0x7e871501fa422b368e554691c12ed5b197ca84beea0d8894455a891a3e05aa08,safuu,high,log_addr:0x9321bc6185adc9b9cb503cc211e17cb311c3fa95:SafuuGO: SGO Token | token_symbol:0x9321bc6185adc9b9cb503cc211e17cb311c3fa95:SGO | token_name:0x9321bc6185adc9b9cb503cc211e17cb311c3fa95:SGO | log_addr:0x9321bc6185adc9b9cb503cc211e17cb311c3fa95:SafuuGO: SGO Token | token_symbol:0x9321bc6185adc9b9cb503cc211e17cb311c3fa95:SGO | token_name:0x9321bc6185adc9b9cb503cc211e17cb311c3fa95:SGO | contract_symbol:0x9321bc6185adc9b9cb503cc211e17cb311c3fa95:SGO | contract_name:0x9321bc6185adc9b9cb503cc211e17cb311c3fa95:SGO
0x6df0c03f08b3bb791c282b58b58468f2f55918040cc909fc4c1c2788634d68ed,safuu,high,log_addr:0x9321bc6185adc9b9cb503cc211e17cb311c3fa95:SafuuGO: SGO Token | token_symbol:0x9321bc6185adc9b9cb503cc211e17cb311c3fa95:SGO | token_name:0x9321bc6185adc9b9cb503cc211e17cb311c3fa95:SGO | log_addr:0x9321bc6185adc9b9cb503cc211e17cb311c3fa95:SafuuGO: SGO Token | token_symbol:0x9321bc6185adc9b9cb503cc211e17cb311c3fa95:SGO | token_name:0x9321bc6185adc9b9cb503cc211e17cb311c3fa95:SGO | contract_symbol:0x9321bc6185adc9b9cb503cc211e17cb311c3fa95:SGO | contract_name:0x9321bc6185adc9b9cb503cc211e17cb311c3fa95:SGO
0x6dd90ff31cdfad98074403559f902386501ab37e7e2d90edbcc835b402e42f5a,safuu,high,log_addr:0x9321bc6185adc9b9cb503cc211e17cb311c3fa95:SafuuGO: SGO Token | token_symbol:0x9321bc6185adc9b9cb503cc211e17cb311c3fa95:SGO | token_name:0x9321bc6185adc9b9cb503cc211e17cb311c3fa95:SGO | log_addr:0x9321bc6185adc9b9cb503cc211e17cb311c3fa95:SafuuGO: SGO Token | token_symbol:0x9321bc6185adc9b9cb503cc211e17cb311c3fa95:SGO | token_name:0x9321bc6185adc9b9cb503cc211e17cb311c3fa95:SGO | contract_symbol:0x9321bc6185adc9b9cb503cc211e17cb311c3fa95:SGO | contract_name:0x9321bc6185adc9b9cb503cc211e17cb311c3fa95:SGO
0x178aaccdfd3a4dd11a1db4382447abde1b3a61a59aac09651d5ab9b53925c06f,safuu,high,to_address:0x9321bc6185adc9b9cb503cc211e17cb311c3fa95:SafuuGO: SGO Token | to:SafuuGO: SGO Token | to_friendly_tag_final:SafuuGO: SGO Token | tx_to:0x9321bc6185adc9b9cb503cc211e17cb311c3fa95:SafuuGO: SGO Token | log_addr:0x9321bc6185adc9b9cb503cc211e17cb311c3fa95:SafuuGO: SGO Token | token_symbol:0x9321bc6185adc9b9cb503cc211e17cb311c3fa95:SGO | token_name:0x9321bc6185adc9b9cb503cc211e17cb311c3fa95:SGO | contract_symbol:0x9321bc6185adc9b9cb503cc211e17cb311c3fa95:SGO | contract_name:0x9321bc6185adc9b9cb503cc211e17cb311c3fa95:SGO
0x606c101c713cbeae5d79906bf2280280fdcceb20d5f7b8fa3550032fb55790fc,safuu,high,log_addr:0x9321bc6185adc9b9cb503cc211e17cb311c3fa95:SafuuGO: SGO Token | token_symbol:0x9321bc6185adc9b9cb503cc211e17cb311c3fa95:SGO | token_name:0x9321bc6185adc9b9cb503cc211e17cb311c3fa95:SGO | log_addr:0x9321bc6185adc9b9cb503cc211e17cb311c3fa95:SafuuGO: SGO Token | token_symbol:0x9321bc6185adc9b9cb503cc211e17cb311c3fa95:SGO | token_name:0x9321bc6185adc9b9cb503cc211e17cb311c3fa95:SGO | contract_symbol:0x9321bc6185adc9b9cb503cc211e17cb311c3fa95:SGO | contract_name:0x9321bc6185adc9b9cb503cc211e17cb311c3fa95:SGO
0xced39efca3334b081f719eb0920b1ffad8d4af782d028d360f089351cfcb997a,safuu,high,log_addr:0x9321bc6185adc9b9cb503cc211e17cb311c3fa95:SafuuGO: SGO Token | token_symbol:0x9321bc6185adc9b9cb503cc211e17cb311c3fa95:SGO | token_name:0x9321bc6185adc9b9cb503cc211e17cb311c3fa95:SGO | log_addr:0x9321bc6185adc9b9cb503cc211e17cb311c3fa95:SafuuGO: SGO Token | token_symbol:0x9321bc6185adc9b9cb503cc211e17cb311c3fa95:SGO | token_name:0x9321bc6185adc9b9cb503cc211e17cb311c3fa95:SGO | contract_symbol:0x9321bc6185adc9b9cb503cc211e17cb311c3fa95:SGO | contract_name:0x9321bc6185adc9b9cb503cc211e17cb311c3fa95:SGO
0x4aeafc823860814482e9c938f47c179282c7a389222fa31c29a8053a6253cfaa,safuu,high,to_address:0x9321bc6185adc9b9cb503cc211e17cb311c3fa95:SafuuGO: SGO Token | to:SafuuGO: SGO Token | to_friendly_tag_final:SafuuGO: SGO Token | tx_to:0x9321bc6185adc9b9cb503cc211e17cb311c3fa95:SafuuGO: SGO Token | log_addr:0x9321bc6185adc9b9cb503cc211e17cb311c3fa95:SafuuGO: SGO Token | token_symbol:0x9321bc6185adc9b9cb503cc211e17cb311c3fa95:SGO | token_name:0x9321bc6185adc9b9cb503cc211e17cb311c3fa95:SGO | contract_symbol:0x9321bc6185adc9b9cb503cc211e17cb311c3fa95:SGO | contract_name:0x9321bc6185adc9b9cb503cc211e17cb311c3fa95:SGO
0x6e8dbdbd4aa0cc0b350129ba964bdcb58ea036fd35a0a85e755d8bec695597bf,safuu,high,log_addr:0x9321bc6185adc9b9cb503cc211e17cb311c3fa95:SafuuGO: SGO Token | token_symbol:0x9321bc6185adc9b9cb503cc211e17cb311c3fa95:SGO | token_name:0x9321bc6185adc9b9cb503cc211e17cb311c3fa95:SGO | log_addr:0x9321bc6185adc9b9cb503cc211e17cb311c3fa95:SafuuGO: SGO Token | token_symbol:0x9321bc6185adc9b9cb503cc211e17cb311c3fa95:SGO | token_name:0x9321bc6185adc9b9cb503cc211e17cb311c3fa95:SGO | contract_symbol:0x9321bc6185adc9b9cb503cc211e17cb311c3fa95:SGO | contract_name:0x9321bc6185adc9b9cb503cc211e17cb311c3fa95:SGO
0x7ef3ad00c7ad764904b2a0b115cc7aec32027ac61b18249154c5beba9586f32b,safuu,high,log_addr:0x9321bc6185adc9b9cb503cc211e17cb311c3fa95:SafuuGO: SGO Token | token_symbol:0x9321bc6185adc9b9cb503cc211e17cb311c3fa95:SGO | token_name:0x9321bc6185adc9b9cb503cc211e17cb311c3fa95:SGO | log_addr:0x9321bc6185adc9b9cb503cc211e17cb311c3fa95:SafuuGO: SGO Token | token_symbol:0x9321bc6185adc9b9cb503cc211e17cb311c3fa95:SGO | token_name:0x9321bc6185adc9b9cb503cc211e17cb311c3fa95:SGO | contract_symbol:0x9321bc6185adc9b9cb503cc211e17cb311c3fa95:SGO | contract_name:0x9321bc6185adc9b9cb503cc211e17cb311c3fa95:SGO
0xad72712c4516ef46acd1169184a49b75eb98d661173766ad6ec467d2efcf86dd,safuu,high,log_addr:0x9321bc6185adc9b9cb503cc211e17cb311c3fa95:SafuuGO: SGO Token | token_symbol:0x9321bc6185adc9b9cb503cc211e17cb311c3fa95:SGO | token_name:0x9321bc6185adc9b9cb503cc211e17cb311c3fa95:SGO | log_addr:0x9321bc6185adc9b9cb503cc211e17cb311c3fa95:SafuuGO: SGO Token | token_symbol:0x9321bc6185adc9b9cb503cc211e17cb311c3fa95:SGO | token_name:0x9321bc6185adc9b9cb503cc211e17cb311c3fa95:SGO | contract_symbol:0x9321bc6185adc9b9cb503cc211e17cb311c3fa95:SGO | contract_name:0x9321bc6185adc9b9cb503cc211e17cb311c3fa95:SGO
0x93c33539d370323443ac4b16d51744a232c3dd53565f0be3aa3dc07cfc74414a,safuu,high,log_addr:0x9321bc6185adc9b9cb503cc211e17cb311c3fa95:SafuuGO: SGO Token | token_symbol:0x9321bc6185adc9b9cb503cc211e17cb311c3fa95:SGO | token_name:0x9321bc6185adc9b9cb503cc211e17cb311c3fa95:SGO | log_addr:0x9321bc6185adc9b9cb503cc211e17cb311c3fa95:SafuuGO: SGO Token | token_symbol:0x9321bc6185adc9b9cb503cc211e17cb311c3fa95:SGO | token_name:0x9321bc6185adc9b9cb503cc211e17cb311c3fa95:SGO | contract_symbol:0x9321bc6185adc9b9cb503cc211e17cb311c3fa95:SGO | contract_name:0x9321bc6185adc9b9cb503cc211e17cb311c3fa95:SGO
0xe51720a34c3b037b2daf578fe242fd9edc13e755d6404261c0b0792d329ef8b1,safuu,high,log_addr:0x9321bc6185adc9b9cb503cc211e17cb311c3fa95:SafuuGO: SGO Token | token_symbol:0x9321bc6185adc9b9cb503cc211e17cb311c3fa95:SGO | token_name:0x9321bc6185adc9b9cb503cc211e17cb311c3fa95:SGO | log_addr:0x9321bc6185adc9b9cb503cc211e17cb311c3fa95:SafuuGO: SGO Token | token_symbol:0x9321bc6185adc9b9cb503cc211e17cb311c3fa95:SGO | token_name:0x9321bc6185adc9b9cb503cc211e17cb311c3fa95:SGO | contract_symbol:0x9321bc6185adc9b9cb503cc211e17cb311c3fa95:SGO | contract_name:0x9321bc6185adc9b9cb503cc211e17cb311c3fa95:SGO
0x6e362209aa148dffb57c80f9f7e361be10794364c2d6bca771cdcb2a29d5f28f,safuu,high,to_address:0x9321bc6185adc9b9cb503cc211e17cb311c3fa95:SafuuGO: SGO Token | to:SafuuGO: SGO Token | to_friendly_tag_final:SafuuGO: SGO Token | tx_to:0x9321bc6185adc9b9cb503cc211e17cb311c3fa95:SafuuGO: SGO Token | log_addr:0x9321bc6185adc9b9cb503cc211e17cb311c3fa95:SafuuGO: SGO Token | token_symbol:0x9321bc6185adc9b9cb503cc211e17cb311c3fa95:SGO | token_name:0x9321bc6185adc9b9cb503cc211e17cb311c3fa95:SGO | contract_symbol:0x9321bc6185adc9b9cb503cc211e17cb311c3fa95:SGO | contract_name:0x9321bc6185adc9b9cb503cc211e17cb311c3fa95:SGO
0x860ca4f3093ef88c318e318020e31e1d4eb620e18d8b22cf7c760bcb91d0df39,safuu,high,log_addr:0x9321bc6185adc9b9cb503cc211e17cb311c3fa95:SafuuGO: SGO Token | token_symbol:0x9321bc6185adc9b9cb503cc211e17cb311c3fa95:SGO | token_name:0x9321bc6185adc9b9cb503cc211e17cb311c3fa95:SGO | log_addr:0x9321bc6185adc9b9cb503cc211e17cb311c3fa95:SafuuGO: SGO Token | token_symbol:0x9321bc6185adc9b9cb503cc211e17cb311c3fa95:SGO | token_name:0x9321bc6185adc9b9cb503cc211e17cb311c3fa95:SGO | contract_symbol:0x9321bc6185adc9b9cb503cc211e17cb311c3fa95:SGO | contract_name:0x9321bc6185adc9b9cb503cc211e17cb311c3fa95:SGO
0xe4fa07fc30a558291938b29b1dfb6892fbab7f9a96f664573e4d2d51bd1e32ea,safuu,high,log_addr:0x9321bc6185adc9b9cb503cc211e17cb311c3fa95:SafuuGO: SGO Token | token_symbol:0x9321bc6185adc9b9cb503cc211e17cb311c3fa95:SGO | token_name:0x9321bc6185adc9b9cb503cc211e17cb311c3fa95:SGO | log_addr:0x9321bc6185adc9b9cb503cc211e17cb311c3fa95:SafuuGO: SGO Token | token_symbol:0x9321bc6185adc9b9cb503cc211e17cb311c3fa95:SGO | token_name:0x9321bc6185adc9b9cb503cc211e17cb311c3fa95:SGO | contract_symbol:0x9321bc6185adc9b9cb503cc211e17cb311c3fa95:SGO | contract_name:0x9321bc6185adc9b9cb503cc211e17cb311c3fa95:SGO
0xe50a5d87cc6c0a57f0b56b9ede6075765919edd9ee284f17ebfddb3a9c91fac8,safuu,high,log_addr:0x9321bc6185adc9b9cb503cc211e17cb311c3fa95:SafuuGO: SGO Token | token_symbol:0x9321bc6185adc9b9cb503cc211e17cb311c3fa95:SGO | token_name:0x9321bc6185adc9b9cb503cc211e17cb311c3fa95:SGO | log_addr:0x9321bc6185adc9b9cb503cc211e17cb311c3fa95:SafuuGO: SGO Token | token_symbol:0x9321bc6185adc9b9cb503cc211e17cb311c3fa95:SGO | token_name:0x9321bc6185adc9b9cb503cc211e17cb311c3fa95:SGO | contract_symbol:0x9321bc6185adc9b9cb503cc211e17cb311c3fa95:SGO | contract_name:0x9321bc6185adc9b9cb503cc211e17cb311c3fa95:SGO
0xc4fc24d578b3090ec040757673fa035acb945175086dc0b589d37faaa5339c0c,safuu,high,to_address:0x9321bc6185adc9b9cb503cc211e17cb311c3fa95:SafuuGO: SGO Token | to:SafuuGO: SGO Token | to_friendly_tag_final:SafuuGO: SGO Token | tx_to:0x9321bc6185adc9b9cb503cc211e17cb311c3fa95:SafuuGO: SGO Token | log_addr:0x9321bc6185adc9b9cb503cc211e17cb311c3fa95:SafuuGO: SGO Token | token_symbol:0x9321bc6185adc9b9cb503cc211e17cb311c3fa95:SGO | token_name:0x9321bc6185adc9b9cb503cc211e17cb311c3fa95:SGO | contract_symbol:0x9321bc6185adc9b9cb503cc211e17cb311c3fa95:SGO | contract_name:0x9321bc6185adc9b9cb503cc211e17cb311c3fa95:SGO
0xb2c667cdc3b7c77d9226bb32efde7db40a0246dd7a909d807d7c046f7b71b94e,safuu,high,log_addr:0x9321bc6185adc9b9cb503cc211e17cb311c3fa95:SafuuGO: SGO Token | token_symbol:0x9321bc6185adc9b9cb503cc211e17cb311c3fa95:SGO | token_name:0x9321bc6185adc9b9cb503cc211e17cb311c3fa95:SGO | log_addr:0x9321bc6185adc9b9cb503cc211e17cb311c3fa95:SafuuGO: SGO Token | token_symbol:0x9321bc6185adc9b9cb503cc211e17cb311c3fa95:SGO | token_name:0x9321bc6185adc9b9cb503cc211e17cb311c3fa95:SGO | contract_symbol:0x9321bc6185adc9b9cb503cc211e17cb311c3fa95:SGO | contract_name:0x9321bc6185adc9b9cb503cc211e17cb311c3fa95:SGO
0x1dde054ac2143138d68baf06593c0743d7bd61cab9139421da8e29eb975ff27c,safuu,high,log_addr:0x9321bc6185adc9b9cb503cc211e17cb311c3fa95:SafuuGO: SGO Token | log_addr:0x9321bc6185adc9b9cb503cc211e17cb311c3fa95:SafuuGO: SGO Token | token_symbol:0x9321bc6185adc9b9cb503cc211e17cb311c3fa95:SGO | token_name:0x9321bc6185adc9b9cb503cc211e17cb311c3fa95:SGO | log_addr:0x9321bc6185adc9b9cb503cc211e17cb311c3fa95:SafuuGO: SGO Token | token_symbol:0x9321bc6185adc9b9cb503cc211e17cb311c3fa95:SGO | token_name:0x9321bc6185adc9b9cb503cc211e17cb311c3fa95:SGO | contract_symbol:0x9321bc6185adc9b9cb503cc211e17cb311c3fa95:SGO | contract_name:0x9321bc6185adc9b9cb503cc211e17cb311c3fa95:SGO
0x3f21d1065ece3361cde7b976a922125d0e5b0537289f50f79ada87d5589ad09b,safuu,high,to_address:0x9321bc6185adc9b9cb503cc211e17cb311c3fa95:SafuuGO: SGO Token | to:SafuuGO: SGO Token | to_friendly_tag_final:SafuuGO: SGO Token | tx_to:0x9321bc6185adc9b9cb503cc211e17cb311c3fa95:SafuuGO: SGO Token | log_addr:0x9321bc6185adc9b9cb503cc211e17cb311c3fa95:SafuuGO: SGO Token | token_symbol:0x9321bc6185adc9b9cb503cc211e17cb311c3fa95:SGO | token_name:0x9321bc6185adc9b9cb503cc211e17cb311c3fa95:SGO | contract_symbol:0x9321bc6185adc9b9cb503cc211e17cb311c3fa95:SGO | contract_name:0x9321bc6185adc9b9cb503cc211e17cb311c3fa95:SGO
0xdc59b4fe6e0f5d0d3749e46ce8db64ca5cfca44588e48be917c24c6773ba48a0,safuu,high,log_addr:0x9321bc6185adc9b9cb503cc211e17cb311c3fa95:SafuuGO: SGO Token | token_symbol:0x9321bc6185adc9b9cb503cc211e17cb311c3fa95:SGO | token_name:0x9321bc6185adc9b9cb503cc211e17cb311c3fa95:SGO | log_addr:0x9321bc6185adc9b9cb503cc211e17cb311c3fa95:SafuuGO: SGO Token | token_symbol:0x9321bc6185adc9b9cb503cc211e17cb311c3fa95:SGO | token_name:0x9321bc6185adc9b9cb503cc211e17cb311c3fa95:SGO | contract_symbol:0x9321bc6185adc9b9cb503cc211e17cb311c3fa95:SGO | contract_name:0x9321bc6185adc9b9cb503cc211e17cb311c3fa95:SGO
0x8ff0647ab3a3b33ad78f8f03220c695e56b8f6fef3d5eca4d0256c1c45ba378a,safuu,high,log_addr:0x9321bc6185adc9b9cb503cc211e17cb311c3fa95:SafuuGO: SGO Token | token_symbol:0x9321bc6185adc9b9cb503cc211e17cb311c3fa95:SGO | token_name:0x9321bc6185adc9b9cb503cc211e17cb311c3fa95:SGO | log_addr:0x9321bc6185adc9b9cb503cc211e17cb311c3fa95:SafuuGO: SGO Token | token_symbol:0x9321bc6185adc9b9cb503cc211e17cb311c3fa95:SGO | token_name:0x9321bc6185adc9b9cb503cc211e17cb311c3fa95:SGO | contract_symbol:0x9321bc6185adc9b9cb503cc211e17cb311c3fa95:SGO | contract_name:0x9321bc6185adc9b9cb503cc211e17cb311c3fa95:SGO
0xc6284a79372bb9bc5fbf4a99acea611df245e154c45978a8267f9f17ec87653b,safuu,high,log_addr:0x9321bc6185adc9b9cb503cc211e17cb311c3fa95:SafuuGO: SGO Token | token_symbol:0x9321bc6185adc9b9cb503cc211e17cb311c3fa95:SGO | token_name:0x9321bc6185adc9b9cb503cc211e17cb311c3fa95:SGO | log_addr:0x9321bc6185adc9b9cb503cc211e17cb311c3fa95:SafuuGO: SGO Token | token_symbol:0x9321bc6185adc9b9cb503cc211e17cb311c3fa95:SGO | token_name:0x9321bc6185adc9b9cb503cc211e17cb311c3fa95:SGO | contract_symbol:0x9321bc6185adc9b9cb503cc211e17cb311c3fa95:SGO | contract_name:0x9321bc6185adc9b9cb503cc211e17cb311c3fa95:SGO
0x9eec74d337aa060ec3753598fb3cbbfad665450ddf9d1e8602d31f28372f9991,safuu,high,to_address:0x9321bc6185adc9b9cb503cc211e17cb311c3fa95:SafuuGO: SGO Token | to:SafuuGO: SGO Token | to_friendly_tag_final:SafuuGO: SGO Token | tx_to:0x9321bc6185adc9b9cb503cc211e17cb311c3fa95:SafuuGO: SGO Token | log_addr:0x9321bc6185adc9b9cb503cc211e17cb311c3fa95:SafuuGO: SGO Token | token_symbol:0x9321bc6185adc9b9cb503cc211e17cb311c3fa95:SGO | token_name:0x9321bc6185adc9b9cb503cc211e17cb311c3fa95:SGO | contract_symbol:0x9321bc6185adc9b9cb503cc211e17cb311c3fa95:SGO | contract_name:0x9321bc6185adc9b9cb503cc211e17cb311c3fa95:SGO
0x66e235078a2246679d71015ae02fdd1ac560475f4d981088646a172968622084,safuu,high,log_addr:0x9321bc6185adc9b9cb503cc211e17cb311c3fa95:SafuuGO: SGO Token | token_symbol:0x9321bc6185adc9b9cb503cc211e17cb311c3fa95:SGO | token_name:0x9321bc6185adc9b9cb503cc211e17cb311c3fa95:SGO | log_addr:0x9321bc6185adc9b9cb503cc211e17cb311c3fa95:SafuuGO: SGO Token | token_symbol:0x9321bc6185adc9b9cb503cc211e17cb311c3fa95:SGO | token_name:0x9321bc6185adc9b9cb503cc211e17cb311c3fa95:SGO | contract_symbol:0x9321bc6185adc9b9cb503cc211e17cb311c3fa95:SGO | contract_name:0x9321bc6185adc9b9cb503cc211e17cb311c3fa95:SGO
0xb1493b82efb6963b5f2b229cae763de61f476c00e04ad025ac35998794c9d1dc,safuu,high,log_addr:0x9321bc6185adc9b9cb503cc211e17cb311c3fa95:SafuuGO: SGO Token | token_symbol:0x9321bc6185adc9b9cb503cc211e17cb311c3fa95:SGO | token_name:0x9321bc6185adc9b9cb503cc211e17cb311c3fa95:SGO | log_addr:0x9321bc6185adc9b9cb503cc211e17cb311c3fa95:SafuuGO: SGO Token | token_symbol:0x9321bc6185adc9b9cb503cc211e17cb311c3fa95:SGO | token_name:0x9321bc6185adc9b9cb503cc211e17cb311c3fa95:SGO | contract_symbol:0x9321bc6185adc9b9cb503cc211e17cb311c3fa95:SGO | contract_name:0x9321bc6185adc9b9cb503cc211e17cb311c3fa95:SGO
0x126688ed7a81ebfc83c9d7aa72107b6d50a0b99c8707c7d9c867baa974798f41,safuu,high,log_addr:0x9321bc6185adc9b9cb503cc211e17cb311c3fa95:SafuuGO: SGO Token | log_addr:0x9321bc6185adc9b9cb503cc211e17cb311c3fa95:SafuuGO: SGO Token | token_symbol:0x9321bc6185adc9b9cb503cc211e17cb311c3fa95:SGO | token_name:0x9321bc6185adc9b9cb503cc211e17cb311c3fa95:SGO | log_addr:0x9321bc6185adc9b9cb503cc211e17cb311c3fa95:SafuuGO: SGO Token | token_symbol:0x9321bc6185adc9b9cb503cc211e17cb311c3fa95:SGO | token_name:0x9321bc6185adc9b9cb503cc211e17cb311c3fa95:SGO | contract_symbol:0x9321bc6185adc9b9cb503cc211e17cb311c3fa95:SGO | contract_name:0x9321bc6185adc9b9cb503cc211e17cb311c3fa95:SGO
0xc8b77d86d13af3bb2baa9769cd6178cb373ab6bcf1c77f62eaac88b53795a27f,safuu,high,to_address:0x9321bc6185adc9b9cb503cc211e17cb311c3fa95:SafuuGO: SGO Token | to:SafuuGO: SGO Token | to_friendly_tag_final:SafuuGO: SGO Token | tx_to:0x9321bc6185adc9b9cb503cc211e17cb311c3fa95:SafuuGO: SGO Token | log_addr:0x9321bc6185adc9b9cb503cc211e17cb311c3fa95:SafuuGO: SGO Token | token_symbol:0x9321bc6185adc9b9cb503cc211e17cb311c3fa95:SGO | token_name:0x9321bc6185adc9b9cb503cc211e17cb311c3fa95:SGO | contract_symbol:0x9321bc6185adc9b9cb503cc211e17cb311c3fa95:SGO | contract_name:0x9321bc6185adc9b9cb503cc211e17cb311c3fa95:SGO
0x1d1a28f6ed6564715db708885191099a5a066992ecce6b4703af1db3277d7dc4,safuu,high,log_addr:0x9321bc6185adc9b9cb503cc211e17cb311c3fa95:SafuuGO: SGO Token | token_symbol:0x9321bc6185adc9b9cb503cc211e17cb311c3fa95:SGO | token_name:0x9321bc6185adc9b9cb503cc211e17cb311c3fa95:SGO | log_addr:0x9321bc6185adc9b9cb503cc211e17cb311c3fa95:SafuuGO: SGO Token | token_symbol:0x9321bc6185adc9b9cb503cc211e17cb311c3fa95:SGO | token_name:0x9321bc6185adc9b9cb503cc211e17cb311c3fa95:SGO | contract_symbol:0x9321bc6185adc9b9cb503cc211e17cb311c3fa95:SGO | contract_name:0x9321bc6185adc9b9cb503cc211e17cb311c3fa95:SGO
0x10de7bcb049349eafa72dad9b19f153fc0e8488b30fadd2ac05ff9a8110d8ca5,safuu,high,log_addr:0x9321bc6185adc9b9cb503cc211e17cb311c3fa95:SafuuGO: SGO Token | log_addr:0x9321bc6185adc9b9cb503cc211e17cb311c3fa95:SafuuGO: SGO Token | token_symbol:0x9321bc6185adc9b9cb503cc211e17cb311c3fa95:SGO | token_name:0x9321bc6185adc9b9cb503cc211e17cb311c3fa95:SGO | log_addr:0x9321bc6185adc9b9cb503cc211e17cb311c3fa95:SafuuGO: SGO Token | token_symbol:0x9321bc6185adc9b9cb503cc211e17cb311c3fa95:SGO | token_name:0x9321bc6185adc9b9cb503cc211e17cb311c3fa95:SGO | contract_symbol:0x9321bc6185adc9b9cb503cc211e17cb311c3fa95:SGO | contract_name:0x9321bc6185adc9b9cb503cc211e17cb311c3fa95:SGO
0xdad20963cfe127982d2efa0cc0b825c5c5c462a7cb007a6fe0bbf9fbc65aee73,safuu,high,log_addr:0x9321bc6185adc9b9cb503cc211e17cb311c3fa95:SafuuGO: SGO Token | token_symbol:0x9321bc6185adc9b9cb503cc211e17cb311c3fa95:SGO | token_name:0x9321bc6185adc9b9cb503cc211e17cb311c3fa95:SGO | log_addr:0x9321bc6185adc9b9cb503cc211e17cb311c3fa95:SafuuGO: SGO Token | token_symbol:0x9321bc6185adc9b9cb503cc211e17cb311c3fa95:SGO | token_name:0x9321bc6185adc9b9cb503cc211e17cb311c3fa95:SGO | contract_symbol:0x9321bc6185adc9b9cb503cc211e17cb311c3fa95:SGO | contract_name:0x9321bc6185adc9b9cb503cc211e17cb311c3fa95:SGO
0x45a68d83a67f74ef7caf71ae038f8259ce63f0cb1ff8b68cfb5a54e16148e146,safuu,high,to_address:0x9321bc6185adc9b9cb503cc211e17cb311c3fa95:SafuuGO: SGO Token | to:SafuuGO: SGO Token | to_friendly_tag_final:SafuuGO: SGO Token | tx_to:0x9321bc6185adc9b9cb503cc211e17cb311c3fa95:SafuuGO: SGO Token | log_addr:0x9321bc6185adc9b9cb503cc211e17cb311c3fa95:SafuuGO: SGO Token | token_symbol:0x9321bc6185adc9b9cb503cc211e17cb311c3fa95:SGO | token_name:0x9321bc6185adc9b9cb503cc211e17cb311c3fa95:SGO | contract_symbol:0x9321bc6185adc9b9cb503cc211e17cb311c3fa95:SGO | contract_name:0x9321bc6185adc9b9cb503cc211e17cb311c3fa95:SGO
0x22c64e69a4179e92d7b0725d69f8fb3782cc445335639215720ab285a37bf18f,safuu,high,log_addr:0x9321bc6185adc9b9cb503cc211e17cb311c3fa95:SafuuGO: SGO Token | token_symbol:0x9321bc6185adc9b9cb503cc211e17cb311c3fa95:SGO | token_name:0x9321bc6185adc9b9cb503cc211e17cb311c3fa95:SGO | log_addr:0x9321bc6185adc9b9cb503cc211e17cb311c3fa95:SafuuGO: SGO Token | token_symbol:0x9321bc6185adc9b9cb503cc211e17cb311c3fa95:SGO | token_name:0x9321bc6185adc9b9cb503cc211e17cb311c3fa95:SGO | contract_symbol:0x9321bc6185adc9b9cb503cc211e17cb311c3fa95:SGO | contract_name:0x9321bc6185adc9b9cb503cc211e17cb311c3fa95:SGO
0x5420462854d3c97dcc26fdfc429e058f231c1cf9e098be3ab120e95b3b12b284,safuu,high,log_addr:0x9321bc6185adc9b9cb503cc211e17cb311c3fa95:SafuuGO: SGO Token | token_symbol:0x9321bc6185adc9b9cb503cc211e17cb311c3fa95:SGO | token_name:0x9321bc6185adc9b9cb503cc211e17cb311c3fa95:SGO | log_addr:0x9321bc6185adc9b9cb503cc211e17cb311c3fa95:SafuuGO: SGO Token | token_symbol:0x9321bc6185adc9b9cb503cc211e17cb311c3fa95:SGO | token_name:0x9321bc6185adc9b9cb503cc211e17cb311c3fa95:SGO | contract_symbol:0x9321bc6185adc9b9cb503cc211e17cb311c3fa95:SGO | contract_name:0x9321bc6185adc9b9cb503cc211e17cb311c3fa95:SGO
0x2fb7329e7bb54b04ed6270f0de4a8e8a1033241bcd6fb4898081ca8beab05f36,safuu,high,log_addr:0x9321bc6185adc9b9cb503cc211e17cb311c3fa95:SafuuGO: SGO Token | token_symbol:0x9321bc6185adc9b9cb503cc211e17cb311c3fa95:SGO | token_name:0x9321bc6185adc9b9cb503cc211e17cb311c3fa95:SGO | log_addr:0x9321bc6185adc9b9cb503cc211e17cb311c3fa95:SafuuGO: SGO Token | token_symbol:0x9321bc6185adc9b9cb503cc211e17cb311c3fa95:SGO | token_name:0x9321bc6185adc9b9cb503cc211e17cb311c3fa95:SGO | contract_symbol:0x9321bc6185adc9b9cb503cc211e17cb311c3fa95:SGO | contract_name:0x9321bc6185adc9b9cb503cc211e17cb311c3fa95:SGO
0x3d992b72504b9da7dbbf2629f23e622362e25d08813de6f7bc087276a6bf06cb,safuu,high,log_addr:0x9321bc6185adc9b9cb503cc211e17cb311c3fa95:SafuuGO: SGO Token | token_symbol:0x9321bc6185adc9b9cb503cc211e17cb311c3fa95:SGO | token_name:0x9321bc6185adc9b9cb503cc211e17cb311c3fa95:SGO | log_addr:0x9321bc6185adc9b9cb503cc211e17cb311c3fa95:SafuuGO: SGO Token | token_symbol:0x9321bc6185adc9b9cb503cc211e17cb311c3fa95:SGO | token_name:0x9321bc6185adc9b9cb503cc211e17cb311c3fa95:SGO | contract_symbol:0x9321bc6185adc9b9cb503cc211e17cb311c3fa95:SGO | contract_name:0x9321bc6185adc9b9cb503cc211e17cb311c3fa95:SGO
0xf7ed3f45bcee1a6356415e20d0ad57e8b214352a2f656d1cc7521bd88d88762d,safuu,high,log_addr:0x9321bc6185adc9b9cb503cc211e17cb311c3fa95:SafuuGO: SGO Token | token_symbol:0x9321bc6185adc9b9cb503cc211e17cb311c3fa95:SGO | token_name:0x9321bc6185adc9b9cb503cc211e17cb311c3fa95:SGO | log_addr:0x9321bc6185adc9b9cb503cc211e17cb311c3fa95:SafuuGO: SGO Token | token_symbol:0x9321bc6185adc9b9cb503cc211e17cb311c3fa95:SGO | token_name:0x9321bc6185adc9b9cb503cc211e17cb311c3fa95:SGO | contract_symbol:0x9321bc6185adc9b9cb503cc211e17cb311c3fa95:SGO | contract_name:0x9321bc6185adc9b9cb503cc211e17cb311c3fa95:SGO
0xac7622b955615ac41862f4cbee9d48416fc13c704a9c7d79cf30fb6c6c7277de,safuu,high,to_address:0x9321bc6185adc9b9cb503cc211e17cb311c3fa95:SafuuGO: SGO Token | to:SafuuGO: SGO Token | to_friendly_tag_final:SafuuGO: SGO Token | tx_to:0x9321bc6185adc9b9cb503cc211e17cb311c3fa95:SafuuGO: SGO Token | log_addr:0x9321bc6185adc9b9cb503cc211e17cb311c3fa95:SafuuGO: SGO Token | token_symbol:0x9321bc6185adc9b9cb503cc211e17cb311c3fa95:SGO | token_name:0x9321bc6185adc9b9cb503cc211e17cb311c3fa95:SGO | contract_symbol:0x9321bc6185adc9b9cb503cc211e17cb311c3fa95:SGO | contract_name:0x9321bc6185adc9b9cb503cc211e17cb311c3fa95:SGO
0xb378e2135fdc11b749e3edefdacff0fe90e850b4e1aa7364fd456f0e7d01ba5d,safuu,high,log_addr:0x9321bc6185adc9b9cb503cc211e17cb311c3fa95:SafuuGO: SGO Token | token_symbol:0x9321bc6185adc9b9cb503cc211e17cb311c3fa95:SGO | token_name:0x9321bc6185adc9b9cb503cc211e17cb311c3fa95:SGO | log_addr:0x9321bc6185adc9b9cb503cc211e17cb311c3fa95:SafuuGO: SGO Token | token_symbol:0x9321bc6185adc9b9cb503cc211e17cb311c3fa95:SGO | token_name:0x9321bc6185adc9b9cb503cc211e17cb311c3fa95:SGO | contract_symbol:0x9321bc6185adc9b9cb503cc211e17cb311c3fa95:SGO | contract_name:0x9321bc6185adc9b9cb503cc211e17cb311c3fa95:SGO
0xbefc744611e47a7957d15c190a1b6ec8fbaf45e3a507e7d52395d63b4e34f93d,safuu,high,to_address:0x9321bc6185adc9b9cb503cc211e17cb311c3fa95:SafuuGO: SGO Token | to:SafuuGO: SGO Token | to_friendly_tag_final:SafuuGO: SGO Token | tx_to:0x9321bc6185adc9b9cb503cc211e17cb311c3fa95:SafuuGO: SGO Token | log_addr:0x9321bc6185adc9b9cb503cc211e17cb311c3fa95:SafuuGO: SGO Token | token_symbol:0x9321bc6185adc9b9cb503cc211e17cb311c3fa95:SGO | token_name:0x9321bc6185adc9b9cb503cc211e17cb311c3fa95:SGO | contract_symbol:0x9321bc6185adc9b9cb503cc211e17cb311c3fa95:SGO | contract_name:0x9321bc6185adc9b9cb503cc211e17cb311c3fa95:SGO
0x485d31ac85c50144610d08126d0bee4a71da16e17dd3692eae8cd7a6198068f1,safuu,high,log_addr:0x9321bc6185adc9b9cb503cc211e17cb311c3fa95:SafuuGO: SGO Token | token_symbol:0x9321bc6185adc9b9cb503cc211e17cb311c3fa95:SGO | token_name:0x9321bc6185adc9b9cb503cc211e17cb311c3fa95:SGO | log_addr:0x9321bc6185adc9b9cb503cc211e17cb311c3fa95:SafuuGO: SGO Token | token_symbol:0x9321bc6185adc9b9cb503cc211e17cb311c3fa95:SGO | token_name:0x9321bc6185adc9b9cb503cc211e17cb311c3fa95:SGO | contract_symbol:0x9321bc6185adc9b9cb503cc211e17cb311c3fa95:SGO | contract_name:0x9321bc6185adc9b9cb503cc211e17cb311c3fa95:SGO
0x538a0b210e155eecbf489091ac298ed1b5aeb9f61a84d9dad360ac2d4df6ae38,safuu,high,log_addr:0x9321bc6185adc9b9cb503cc211e17cb311c3fa95:SafuuGO: SGO Token | token_symbol:0x9321bc6185adc9b9cb503cc211e17cb311c3fa95:SGO | token_name:0x9321bc6185adc9b9cb503cc211e17cb311c3fa95:SGO | log_addr:0x9321bc6185adc9b9cb503cc211e17cb311c3fa95:SafuuGO: SGO Token | token_symbol:0x9321bc6185adc9b9cb503cc211e17cb311c3fa95:SGO | token_name:0x9321bc6185adc9b9cb503cc211e17cb311c3fa95:SGO | contract_symbol:0x9321bc6185adc9b9cb503cc211e17cb311c3fa95:SGO | contract_name:0x9321bc6185adc9b9cb503cc211e17cb311c3fa95:SGO
0xb73dc6a5af2c6f3018e872c52f19066eda53f1d6fdfdf57e3cb9f0410491f1f0,safuu,high,to_address:0x9321bc6185adc9b9cb503cc211e17cb311c3fa95:SafuuGO: SGO Token | to:SafuuGO: SGO Token | to_friendly_tag_final:SafuuGO: SGO Token | tx_to:0x9321bc6185adc9b9cb503cc211e17cb311c3fa95:SafuuGO: SGO Token | log_addr:0x9321bc6185adc9b9cb503cc211e17cb311c3fa95:SafuuGO: SGO Token | token_symbol:0x9321bc6185adc9b9cb503cc211e17cb311c3fa95:SGO | token_name:0x9321bc6185adc9b9cb503cc211e17cb311c3fa95:SGO | contract_symbol:0x9321bc6185adc9b9cb503cc211e17cb311c3fa95:SGO | contract_name:0x9321bc6185adc9b9cb503cc211e17cb311c3fa95:SGO
0x32ec8519c9526cb3f3f3df422d4986a75500731168bff9d5cd91c8b98ec63907,safuu,high,log_addr:0x9321bc6185adc9b9cb503cc211e17cb311c3fa95:SafuuGO: SGO Token | token_symbol:0x9321bc6185adc9b9cb503cc211e17cb311c3fa95:SGO | token_name:0x9321bc6185adc9b9cb503cc211e17cb311c3fa95:SGO | log_addr:0x9321bc6185adc9b9cb503cc211e17cb311c3fa95:SafuuGO: SGO Token | token_symbol:0x9321bc6185adc9b9cb503cc211e17cb311c3fa95:SGO | token_name:0x9321bc6185adc9b9cb503cc211e17cb311c3fa95:SGO | contract_symbol:0x9321bc6185adc9b9cb503cc211e17cb311c3fa95:SGO | contract_name:0x9321bc6185adc9b9cb503cc211e17cb311c3fa95:SGO
0xe6d8dfc2df059f0789d8817c4aa2f40a6df9e793032e9c905d64f1a3b482e159,safuu,high,log_addr:0x9321bc6185adc9b9cb503cc211e17cb311c3fa95:SafuuGO: SGO Token | token_symbol:0x9321bc6185adc9b9cb503cc211e17cb311c3fa95:SGO | token_name:0x9321bc6185adc9b9cb503cc211e17cb311c3fa95:SGO | log_addr:0x9321bc6185adc9b9cb503cc211e17cb311c3fa95:SafuuGO: SGO Token | token_symbol:0x9321bc6185adc9b9cb503cc211e17cb311c3fa95:SGO | token_name:0x9321bc6185adc9b9cb503cc211e17cb311c3fa95:SGO | contract_symbol:0x9321bc6185adc9b9cb503cc211e17cb311c3fa95:SGO | contract_name:0x9321bc6185adc9b9cb503cc211e17cb311c3fa95:SGO
0xb217551333d137020754fde24dcb6a77ae0d21c46b2c686ae1beed1df716a557,safuu,high,log_addr:0x9321bc6185adc9b9cb503cc211e17cb311c3fa95:SafuuGO: SGO Token | token_symbol:0x9321bc6185adc9b9cb503cc211e17cb311c3fa95:SGO | token_name:0x9321bc6185adc9b9cb503cc211e17cb311c3fa95:SGO | log_addr:0x9321bc6185adc9b9cb503cc211e17cb311c3fa95:SafuuGO: SGO Token | token_symbol:0x9321bc6185adc9b9cb503cc211e17cb311c3fa95:SGO | token_name:0x9321bc6185adc9b9cb503cc211e17cb311c3fa95:SGO | contract_symbol:0x9321bc6185adc9b9cb503cc211e17cb311c3fa95:SGO | contract_name:0x9321bc6185adc9b9cb503cc211e17cb311c3fa95:SGO
0x0d37cd47150b3d59e22b0536edfacea7ef196091377fd58c2cfb3dc8b8689272,safuu,high,log_addr:0x9321bc6185adc9b9cb503cc211e17cb311c3fa95:SafuuGO: SGO Token | token_symbol:0x9321bc6185adc9b9cb503cc211e17cb311c3fa95:SGO | token_name:0x9321bc6185adc9b9cb503cc211e17cb311c3fa95:SGO | log_addr:0x9321bc6185adc9b9cb503cc211e17cb311c3fa95:SafuuGO: SGO Token | token_symbol:0x9321bc6185adc9b9cb503cc211e17cb311c3fa95:SGO | token_name:0x9321bc6185adc9b9cb503cc211e17cb311c3fa95:SGO | contract_symbol:0x9321bc6185adc9b9cb503cc211e17cb311c3fa95:SGO | contract_name:0x9321bc6185adc9b9cb503cc211e17cb311c3fa95:SGO
0xbfccb7c1a52037c658953a784ac77b8daff2139604eaf9cf92046c4056be95a9,safuu,high,log_addr:0x9321bc6185adc9b9cb503cc211e17cb311c3fa95:SafuuGO: SGO Token | token_symbol:0x9321bc6185adc9b9cb503cc211e17cb311c3fa95:SGO | token_name:0x9321bc6185adc9b9cb503cc211e17cb311c3fa95:SGO | log_addr:0x9321bc6185adc9b9cb503cc211e17cb311c3fa95:SafuuGO: SGO Token | token_symbol:0x9321bc6185adc9b9cb503cc211e17cb311c3fa95:SGO | token_name:0x9321bc6185adc9b9cb503cc211e17cb311c3fa95:SGO | contract_symbol:0x9321bc6185adc9b9cb503cc211e17cb311c3fa95:SGO | contract_name:0x9321bc6185adc9b9cb503cc211e17cb311c3fa95:SGO
0xb9008825bbe269119246f24ca1f1cd49604f455dda9756dfdcdcecf1e054bedc,safuu,high,to_address:0x9321bc6185adc9b9cb503cc211e17cb311c3fa95:SafuuGO: SGO Token | to:SafuuGO: SGO Token | to_friendly_tag_final:SafuuGO: SGO Token | tx_to:0x9321bc6185adc9b9cb503cc211e17cb311c3fa95:SafuuGO: SGO Token | log_addr:0x9321bc6185adc9b9cb503cc211e17cb311c3fa95:SafuuGO: SGO Token | token_symbol:0x9321bc6185adc9b9cb503cc211e17cb311c3fa95:SGO | token_name:0x9321bc6185adc9b9cb503cc211e17cb311c3fa95:SGO | contract_symbol:0x9321bc6185adc9b9cb503cc211e17cb311c3fa95:SGO | contract_name:0x9321bc6185adc9b9cb503cc211e17cb311c3fa95:SGO
0x70a0ef25a5ffd0203edd6918b2b9a48627ddb94a855142d37c1b2cc893f8bc62,safuu,high,to_address:0x9321bc6185adc9b9cb503cc211e17cb311c3fa95:SafuuGO: SGO Token | to:SafuuGO: SGO Token | to_friendly_tag_final:SafuuGO: SGO Token | tx_to:0x9321bc6185adc9b9cb503cc211e17cb311c3fa95:SafuuGO: SGO Token | log_addr:0x9321bc6185adc9b9cb503cc211e17cb311c3fa95:SafuuGO: SGO Token | token_symbol:0x9321bc6185adc9b9cb503cc211e17cb311c3fa95:SGO | token_name:0x9321bc6185adc9b9cb503cc211e17cb311c3fa95:SGO | contract_symbol:0x9321bc6185adc9b9cb503cc211e17cb311c3fa95:SGO | contract_name:0x9321bc6185adc9b9cb503cc211e17cb311c3fa95:SGO
0x4a9d42c9ea34bce96718830035a29f182511fe335c3449eac547ad0f670c0794,safuu,high,log_addr:0x9321bc6185adc9b9cb503cc211e17cb311c3fa95:SafuuGO: SGO Token | token_symbol:0x9321bc6185adc9b9cb503cc211e17cb311c3fa95:SGO | token_name:0x9321bc6185adc9b9cb503cc211e17cb311c3fa95:SGO | log_addr:0x9321bc6185adc9b9cb503cc211e17cb311c3fa95:SafuuGO: SGO Token | token_symbol:0x9321bc6185adc9b9cb503cc211e17cb311c3fa95:SGO | token_name:0x9321bc6185adc9b9cb503cc211e17cb311c3fa95:SGO | contract_symbol:0x9321bc6185adc9b9cb503cc211e17cb311c3fa95:SGO | contract_name:0x9321bc6185adc9b9cb503cc211e17cb311c3fa95:SGO
0x11c9e78dff7edb62e7efc14ed783d9996143f3aff4919356e92ec395d1f2a326,safuu,high,log_addr:0x9321bc6185adc9b9cb503cc211e17cb311c3fa95:SafuuGO: SGO Token | token_symbol:0x9321bc6185adc9b9cb503cc211e17cb311c3fa95:SGO | token_name:0x9321bc6185adc9b9cb503cc211e17cb311c3fa95:SGO | log_addr:0x9321bc6185adc9b9cb503cc211e17cb311c3fa95:SafuuGO: SGO Token | token_symbol:0x9321bc6185adc9b9cb503cc211e17cb311c3fa95:SGO | token_name:0x9321bc6185adc9b9cb503cc211e17cb311c3fa95:SGO | contract_symbol:0x9321bc6185adc9b9cb503cc211e17cb311c3fa95:SGO | contract_name:0x9321bc6185adc9b9cb503cc211e17cb311c3fa95:SGO
0xba3cd02aa20d7940e917afc334a80d14a5caf1d5de647ae7f59b6cab8e346fbc,safuu,high,log_addr:0x9321bc6185adc9b9cb503cc211e17cb311c3fa95:SafuuGO: SGO Token | log_addr:0x9321bc6185adc9b9cb503cc211e17cb311c3fa95:SafuuGO: SGO Token | token_symbol:0x9321bc6185adc9b9cb503cc211e17cb311c3fa95:SGO | token_name:0x9321bc6185adc9b9cb503cc211e17cb311c3fa95:SGO | log_addr:0x9321bc6185adc9b9cb503cc211e17cb311c3fa95:SafuuGO: SGO Token | token_symbol:0x9321bc6185adc9b9cb503cc211e17cb311c3fa95:SGO | token_name:0x9321bc6185adc9b9cb503cc211e17cb311c3fa95:SGO | contract_symbol:0x9321bc6185adc9b9cb503cc211e17cb311c3fa95:SGO | contract_name:0x9321bc6185adc9b9cb503cc211e17cb311c3fa95:SGO
0x20289962241e1128ec3ec5b6637c3b84ef516c6b65dfe4562c8257bc80a45caa,safuu,high,log_addr:0x9321bc6185adc9b9cb503cc211e17cb311c3fa95:SafuuGO: SGO Token | token_symbol:0x9321bc6185adc9b9cb503cc211e17cb311c3fa95:SGO | token_name:0x9321bc6185adc9b9cb503cc211e17cb311c3fa95:SGO | log_addr:0x9321bc6185adc9b9cb503cc211e17cb311c3fa95:SafuuGO: SGO Token | token_symbol:0x9321bc6185adc9b9cb503cc211e17cb311c3fa95:SGO | token_name:0x9321bc6185adc9b9cb503cc211e17cb311c3fa95:SGO | contract_symbol:0x9321bc6185adc9b9cb503cc211e17cb311c3fa95:SGO | contract_name:0x9321bc6185adc9b9cb503cc211e17cb311c3fa95:SGO
0xec43eac3145ffe6a912e24b8d7de3ef0a574a4562d4668639af88c841d74efe7,safuu,high,to_address:0x9321bc6185adc9b9cb503cc211e17cb311c3fa95:SafuuGO: SGO Token | to:SafuuGO: SGO Token | to_friendly_tag_final:SafuuGO: SGO Token | tx_to:0x9321bc6185adc9b9cb503cc211e17cb311c3fa95:SafuuGO: SGO Token | log_addr:0x9321bc6185adc9b9cb503cc211e17cb311c3fa95:SafuuGO: SGO Token | token_symbol:0x9321bc6185adc9b9cb503cc211e17cb311c3fa95:SGO | token_name:0x9321bc6185adc9b9cb503cc211e17cb311c3fa95:SGO | contract_symbol:0x9321bc6185adc9b9cb503cc211e17cb311c3fa95:SGO | contract_name:0x9321bc6185adc9b9cb503cc211e17cb311c3fa95:SGO
0x7651f3858b7654a381ebfcf356883def958ab035d88c96669390ef8d75f20028,safuu,high,log_addr:0x9321bc6185adc9b9cb503cc211e17cb311c3fa95:SafuuGO: SGO Token | token_symbol:0x9321bc6185adc9b9cb503cc211e17cb311c3fa95:SGO | token_name:0x9321bc6185adc9b9cb503cc211e17cb311c3fa95:SGO | log_addr:0x9321bc6185adc9b9cb503cc211e17cb311c3fa95:SafuuGO: SGO Token | token_symbol:0x9321bc6185adc9b9cb503cc211e17cb311c3fa95:SGO | token_name:0x9321bc6185adc9b9cb503cc211e17cb311c3fa95:SGO | contract_symbol:0x9321bc6185adc9b9cb503cc211e17cb311c3fa95:SGO | contract_name:0x9321bc6185adc9b9cb503cc211e17cb311c3fa95:SGO
0x3a4c57dbd863f94ca80238042bb941ae4f697d7401ffd484bc69847b712dfdfd,safuu,high,log_addr:0x9321bc6185adc9b9cb503cc211e17cb311c3fa95:SafuuGO: SGO Token | token_symbol:0x9321bc6185adc9b9cb503cc211e17cb311c3fa95:SGO | token_name:0x9321bc6185adc9b9cb503cc211e17cb311c3fa95:SGO | log_addr:0x9321bc6185adc9b9cb503cc211e17cb311c3fa95:SafuuGO: SGO Token | token_symbol:0x9321bc6185adc9b9cb503cc211e17cb311c3fa95:SGO | token_name:0x9321bc6185adc9b9cb503cc211e17cb311c3fa95:SGO | contract_symbol:0x9321bc6185adc9b9cb503cc211e17cb311c3fa95:SGO | contract_name:0x9321bc6185adc9b9cb503cc211e17cb311c3fa95:SGO
0x64a41999f2bdc03dfd6a938e64848d0353a0f726c643072a7a8ec5048c7792b1,safuu,high,log_addr:0x9321bc6185adc9b9cb503cc211e17cb311c3fa95:SafuuGO: SGO Token | token_symbol:0x9321bc6185adc9b9cb503cc211e17cb311c3fa95:SGO | token_name:0x9321bc6185adc9b9cb503cc211e17cb311c3fa95:SGO | log_addr:0x9321bc6185adc9b9cb503cc211e17cb311c3fa95:SafuuGO: SGO Token | token_symbol:0x9321bc6185adc9b9cb503cc211e17cb311c3fa95:SGO | token_name:0x9321bc6185adc9b9cb503cc211e17cb311c3fa95:SGO | contract_symbol:0x9321bc6185adc9b9cb503cc211e17cb311c3fa95:SGO | contract_name:0x9321bc6185adc9b9cb503cc211e17cb311c3fa95:SGO
0x16004415f633ed14be776441ab4467ef9870f3d5c1e6ebe686e93a4bbd1e24c5,safuu,high,log_addr:0x9321bc6185adc9b9cb503cc211e17cb311c3fa95:SafuuGO: SGO Token | token_symbol:0x9321bc6185adc9b9cb503cc211e17cb311c3fa95:SGO | token_name:0x9321bc6185adc9b9cb503cc211e17cb311c3fa95:SGO | log_addr:0x9321bc6185adc9b9cb503cc211e17cb311c3fa95:SafuuGO: SGO Token | token_symbol:0x9321bc6185adc9b9cb503cc211e17cb311c3fa95:SGO | token_name:0x9321bc6185adc9b9cb503cc211e17cb311c3fa95:SGO | contract_symbol:0x9321bc6185adc9b9cb503cc211e17cb311c3fa95:SGO | contract_name:0x9321bc6185adc9b9cb503cc211e17cb311c3fa95:SGO
0xbbedfd3deab4d4878ba3a8763043d4252ef66559d8df22b3036068e71d96ed5e,safuu,high,log_addr:0x9321bc6185adc9b9cb503cc211e17cb311c3fa95:SafuuGO: SGO Token | token_symbol:0x9321bc6185adc9b9cb503cc211e17cb311c3fa95:SGO | token_name:0x9321bc6185adc9b9cb503cc211e17cb311c3fa95:SGO | log_addr:0x9321bc6185adc9b9cb503cc211e17cb311c3fa95:SafuuGO: SGO Token | token_symbol:0x9321bc6185adc9b9cb503cc211e17cb311c3fa95:SGO | token_name:0x9321bc6185adc9b9cb503cc211e17cb311c3fa95:SGO | contract_symbol:0x9321bc6185adc9b9cb503cc211e17cb311c3fa95:SGO | contract_name:0x9321bc6185adc9b9cb503cc211e17cb311c3fa95:SGO
0x7082442cfc1ecffcc4e6d08fcf716dfaf0ac552edb9d3d7b343310182b847664,safuu,high,log_addr:0x9321bc6185adc9b9cb503cc211e17cb311c3fa95:SafuuGO: SGO Token | token_symbol:0x9321bc6185adc9b9cb503cc211e17cb311c3fa95:SGO | token_name:0x9321bc6185adc9b9cb503cc211e17cb311c3fa95:SGO | log_addr:0x9321bc6185adc9b9cb503cc211e17cb311c3fa95:SafuuGO: SGO Token | token_symbol:0x9321bc6185adc9b9cb503cc211e17cb311c3fa95:SGO | token_name:0x9321bc6185adc9b9cb503cc211e17cb311c3fa95:SGO | contract_symbol:0x9321bc6185adc9b9cb503cc211e17cb311c3fa95:SGO | contract_name:0x9321bc6185adc9b9cb503cc211e17cb311c3fa95:SGO
0x72aca79f751d640d7a77beb035d156ffad0ce00db78fee79a6cf068d03a62f25,safuu,high,log_addr:0x9321bc6185adc9b9cb503cc211e17cb311c3fa95:SafuuGO: SGO Token | token_symbol:0x9321bc6185adc9b9cb503cc211e17cb311c3fa95:SGO | token_name:0x9321bc6185adc9b9cb503cc211e17cb311c3fa95:SGO | log_addr:0x9321bc6185adc9b9cb503cc211e17cb311c3fa95:SafuuGO: SGO Token | token_symbol:0x9321bc6185adc9b9cb503cc211e17cb311c3fa95:SGO | token_name:0x9321bc6185adc9b9cb503cc211e17cb311c3fa95:SGO | contract_symbol:0x9321bc6185adc9b9cb503cc211e17cb311c3fa95:SGO | contract_name:0x9321bc6185adc9b9cb503cc211e17cb311c3fa95:SGO
0xf847a15ee4235659cc487124f052ccea7907a92a2a8347f9b9c8eb134a419b73,safuu,high,log_addr:0x9321bc6185adc9b9cb503cc211e17cb311c3fa95:SafuuGO: SGO Token | token_symbol:0x9321bc6185adc9b9cb503cc211e17cb311c3fa95:SGO | token_name:0x9321bc6185adc9b9cb503cc211e17cb311c3fa95:SGO | log_addr:0x9321bc6185adc9b9cb503cc211e17cb311c3fa95:SafuuGO: SGO Token | token_symbol:0x9321bc6185adc9b9cb503cc211e17cb311c3fa95:SGO | token_name:0x9321bc6185adc9b9cb503cc211e17cb311c3fa95:SGO | contract_symbol:0x9321bc6185adc9b9cb503cc211e17cb311c3fa95:SGO | contract_name:0x9321bc6185adc9b9cb503cc211e17cb311c3fa95:SGO
0xe993ae5fa641a3d3143b390fd5b07be3bcb50a92cd39fb11f16d187cbc6bfe9e,safuu,high,to_address:0x9321bc6185adc9b9cb503cc211e17cb311c3fa95:SafuuGO: SGO Token | to:SafuuGO: SGO Token | to_friendly_tag_final:SafuuGO: SGO Token | tx_to:0x9321bc6185adc9b9cb503cc211e17cb311c3fa95:SafuuGO: SGO Token | log_addr:0x9321bc6185adc9b9cb503cc211e17cb311c3fa95:SafuuGO: SGO Token | token_symbol:0x9321bc6185adc9b9cb503cc211e17cb311c3fa95:SGO | token_name:0x9321bc6185adc9b9cb503cc211e17cb311c3fa95:SGO | contract_symbol:0x9321bc6185adc9b9cb503cc211e17cb311c3fa95:SGO | contract_name:0x9321bc6185adc9b9cb503cc211e17cb311c3fa95:SGO
0x18e6d60d7fa6f99ae8736519ebad83cd92848d6e867eb2da30e0547b8919c355,safuu,high,log_addr:0x9321bc6185adc9b9cb503cc211e17cb311c3fa95:SafuuGO: SGO Token | token_symbol:0x9321bc6185adc9b9cb503cc211e17cb311c3fa95:SGO | token_name:0x9321bc6185adc9b9cb503cc211e17cb311c3fa95:SGO | log_addr:0x9321bc6185adc9b9cb503cc211e17cb311c3fa95:SafuuGO: SGO Token | token_symbol:0x9321bc6185adc9b9cb503cc211e17cb311c3fa95:SGO | token_name:0x9321bc6185adc9b9cb503cc211e17cb311c3fa95:SGO | contract_symbol:0x9321bc6185adc9b9cb503cc211e17cb311c3fa95:SGO | contract_name:0x9321bc6185adc9b9cb503cc211e17cb311c3fa95:SGO
0x620f477de4c75354c760bdfacdf15d1023faf92260de3b7250c172813ab75cb9,safuu,high,log_addr:0x9321bc6185adc9b9cb503cc211e17cb311c3fa95:SafuuGO: SGO Token | token_symbol:0x9321bc6185adc9b9cb503cc211e17cb311c3fa95:SGO | token_name:0x9321bc6185adc9b9cb503cc211e17cb311c3fa95:SGO | log_addr:0x9321bc6185adc9b9cb503cc211e17cb311c3fa95:SafuuGO: SGO Token | token_symbol:0x9321bc6185adc9b9cb503cc211e17cb311c3fa95:SGO | token_name:0x9321bc6185adc9b9cb503cc211e17cb311c3fa95:SGO | contract_symbol:0x9321bc6185adc9b9cb503cc211e17cb311c3fa95:SGO | contract_name:0x9321bc6185adc9b9cb503cc211e17cb311c3fa95:SGO
0xdd68a92ac74566424718dfb4897d4c36ce65e61fd74624aa5e7e4f1d7550b697,safuu,high,to_address:0x9321bc6185adc9b9cb503cc211e17cb311c3fa95:SafuuGO: SGO Token | to:SafuuGO: SGO Token | to_friendly_tag_final:SafuuGO: SGO Token | tx_to:0x9321bc6185adc9b9cb503cc211e17cb311c3fa95:SafuuGO: SGO Token | log_addr:0x9321bc6185adc9b9cb503cc211e17cb311c3fa95:SafuuGO: SGO Token | token_symbol:0x9321bc6185adc9b9cb503cc211e17cb311c3fa95:SGO | token_name:0x9321bc6185adc9b9cb503cc211e17cb311c3fa95:SGO | contract_symbol:0x9321bc6185adc9b9cb503cc211e17cb311c3fa95:SGO | contract_name:0x9321bc6185adc9b9cb503cc211e17cb311c3fa95:SGO
0x68ff0138852da05d01769a6ba5d3de63a08870be1bf7f37ac9fad2cfd1ac9d16,safuu,high,log_addr:0x9321bc6185adc9b9cb503cc211e17cb311c3fa95:SafuuGO: SGO Token | token_symbol:0x9321bc6185adc9b9cb503cc211e17cb311c3fa95:SGO | token_name:0x9321bc6185adc9b9cb503cc211e17cb311c3fa95:SGO | log_addr:0x9321bc6185adc9b9cb503cc211e17cb311c3fa95:SafuuGO: SGO Token | token_symbol:0x9321bc6185adc9b9cb503cc211e17cb311c3fa95:SGO | token_name:0x9321bc6185adc9b9cb503cc211e17cb311c3fa95:SGO | contract_symbol:0x9321bc6185adc9b9cb503cc211e17cb311c3fa95:SGO | contract_name:0x9321bc6185adc9b9cb503cc211e17cb311c3fa95:SGO
0xadb13c9e1f446cadc2682be7889abdd836943c812c2e3ac40117f58d7e9bae17,safuu,high,log_addr:0x9321bc6185adc9b9cb503cc211e17cb311c3fa95:SafuuGO: SGO Token | token_symbol:0x9321bc6185adc9b9cb503cc211e17cb311c3fa95:SGO | token_name:0x9321bc6185adc9b9cb503cc211e17cb311c3fa95:SGO | log_addr:0x9321bc6185adc9b9cb503cc211e17cb311c3fa95:SafuuGO: SGO Token | token_symbol:0x9321bc6185adc9b9cb503cc211e17cb311c3fa95:SGO | token_name:0x9321bc6185adc9b9cb503cc211e17cb311c3fa95:SGO | contract_symbol:0x9321bc6185adc9b9cb503cc211e17cb311c3fa95:SGO | contract_name:0x9321bc6185adc9b9cb503cc211e17cb311c3fa95:SGO
0x1bf6a73f9abb1be89425115da2e7aa8f580e3412c4c95d9cebc3a6ab6839630a,safuu,high,log_addr:0x9321bc6185adc9b9cb503cc211e17cb311c3fa95:SafuuGO: SGO Token | token_symbol:0x9321bc6185adc9b9cb503cc211e17cb311c3fa95:SGO | token_name:0x9321bc6185adc9b9cb503cc211e17cb311c3fa95:SGO | log_addr:0x9321bc6185adc9b9cb503cc211e17cb311c3fa95:SafuuGO: SGO Token | token_symbol:0x9321bc6185adc9b9cb503cc211e17cb311c3fa95:SGO | token_name:0x9321bc6185adc9b9cb503cc211e17cb311c3fa95:SGO | contract_symbol:0x9321bc6185adc9b9cb503cc211e17cb311c3fa95:SGO | contract_name:0x9321bc6185adc9b9cb503cc211e17cb311c3fa95:SGO
0xbfa8b0c04db0f55492c96578e8b374d0442790f6699ab61d879c701cf83b0f80,safuu,high,log_addr:0x9321bc6185adc9b9cb503cc211e17cb311c3fa95:SafuuGO: SGO Token | token_symbol:0x9321bc6185adc9b9cb503cc211e17cb311c3fa95:SGO | token_name:0x9321bc6185adc9b9cb503cc211e17cb311c3fa95:SGO | log_addr:0x9321bc6185adc9b9cb503cc211e17cb311c3fa95:SafuuGO: SGO Token | token_symbol:0x9321bc6185adc9b9cb503cc211e17cb311c3fa95:SGO | token_name:0x9321bc6185adc9b9cb503cc211e17cb311c3fa95:SGO | contract_symbol:0x9321bc6185adc9b9cb503cc211e17cb311c3fa95:SGO | contract_name:0x9321bc6185adc9b9cb503cc211e17cb311c3fa95:SGO
0x0031fbb5e320056ce860a9a9f7c7d05faf0763d1869e2bbbadd98a04dd0ee01e,safuu,high,to_address:0x9321bc6185adc9b9cb503cc211e17cb311c3fa95:SafuuGO: SGO Token | to:SafuuGO: SGO Token | to_friendly_tag_final:SafuuGO: SGO Token | tx_to:0x9321bc6185adc9b9cb503cc211e17cb311c3fa95:SafuuGO: SGO Token | log_addr:0x9321bc6185adc9b9cb503cc211e17cb311c3fa95:SafuuGO: SGO Token | token_symbol:0x9321bc6185adc9b9cb503cc211e17cb311c3fa95:SGO | token_name:0x9321bc6185adc9b9cb503cc211e17cb311c3fa95:SGO | contract_symbol:0x9321bc6185adc9b9cb503cc211e17cb311c3fa95:SGO | contract_name:0x9321bc6185adc9b9cb503cc211e17cb311c3fa95:SGO
0x4c681ddf7b557aa059f97e174a1af72a8159951cee50a08e24c272c06f69226f,safuu,high,log_addr:0x9321bc6185adc9b9cb503cc211e17cb311c3fa95:SafuuGO: SGO Token | log_addr:0x9321bc6185adc9b9cb503cc211e17cb311c3fa95:SafuuGO: SGO Token | token_symbol:0x9321bc6185adc9b9cb503cc211e17cb311c3fa95:SGO | token_name:0x9321bc6185adc9b9cb503cc211e17cb311c3fa95:SGO | log_addr:0x9321bc6185adc9b9cb503cc211e17cb311c3fa95:SafuuGO: SGO Token | token_symbol:0x9321bc6185adc9b9cb503cc211e17cb311c3fa95:SGO | token_name:0x9321bc6185adc9b9cb503cc211e17cb311c3fa95:SGO | contract_symbol:0x9321bc6185adc9b9cb503cc211e17cb311c3fa95:SGO | contract_name:0x9321bc6185adc9b9cb503cc211e17cb311c3fa95:SGO
0x3cd9864bec5b13e7b949064eca89fce0204c81326be08a6af5a3f39afe8c9a01,safuu,high,log_addr:0x9321bc6185adc9b9cb503cc211e17cb311c3fa95:SafuuGO: SGO Token | token_symbol:0x9321bc6185adc9b9cb503cc211e17cb311c3fa95:SGO | token_name:0x9321bc6185adc9b9cb503cc211e17cb311c3fa95:SGO | contract_symbol:0x9321bc6185adc9b9cb503cc211e17cb311c3fa95:SGO | contract_name:0x9321bc6185adc9b9cb503cc211e17cb311c3fa95:SGO
0x37a4c5818855d7080a38eb4fd57a731620d47bf7d797d49f126585198ed01852,safuu,high,log_addr:0x9321bc6185adc9b9cb503cc211e17cb311c3fa95:SafuuGO: SGO Token | token_symbol:0x9321bc6185adc9b9cb503cc211e17cb311c3fa95:SGO | token_name:0x9321bc6185adc9b9cb503cc211e17cb311c3fa95:SGO | contract_symbol:0x9321bc6185adc9b9cb503cc211e17cb311c3fa95:SGO | contract_name:0x9321bc6185adc9b9cb503cc211e17cb311c3fa95:SGO
0x253e223687ec0721224d2915d1cd862eb6ec7a02db97493e4431d7759cc7fcc1,safuu,high,log_addr:0x9321bc6185adc9b9cb503cc211e17cb311c3fa95:SafuuGO: SGO Token | log_addr:0x9321bc6185adc9b9cb503cc211e17cb311c3fa95:SafuuGO: SGO Token | token_symbol:0x9321bc6185adc9b9cb503cc211e17cb311c3fa95:SGO | token_name:0x9321bc6185adc9b9cb503cc211e17cb311c3fa95:SGO | log_addr:0x9321bc6185adc9b9cb503cc211e17cb311c3fa95:SafuuGO: SGO Token | token_symbol:0x9321bc6185adc9b9cb503cc211e17cb311c3fa95:SGO | token_name:0x9321bc6185adc9b9cb503cc211e17cb311c3fa95:SGO | contract_symbol:0x9321bc6185adc9b9cb503cc211e17cb311c3fa95:SGO | contract_name:0x9321bc6185adc9b9cb503cc211e17cb311c3fa95:SGO
0x2fcf2bbc007647b10e5de24046c34b77589c833e3ed4dbb8fd6453fd73536222,safuu,high,to_address:0x9321bc6185adc9b9cb503cc211e17cb311c3fa95:SafuuGO: SGO Token | to:SafuuGO: SGO Token | to_friendly_tag_final:SafuuGO: SGO Token | tx_to:0x9321bc6185adc9b9cb503cc211e17cb311c3fa95:SafuuGO: SGO Token | log_addr:0x9321bc6185adc9b9cb503cc211e17cb311c3fa95:SafuuGO: SGO Token | token_symbol:0x9321bc6185adc9b9cb503cc211e17cb311c3fa95:SGO | token_name:0x9321bc6185adc9b9cb503cc211e17cb311c3fa95:SGO | contract_symbol:0x9321bc6185adc9b9cb503cc211e17cb311c3fa95:SGO | contract_name:0x9321bc6185adc9b9cb503cc211e17cb311c3fa95:SGO
0x03266658e5e0bd112d43fcfd6de8ab27864e1a7740f1dfb57056620686cce954,safuu,high,log_addr:0x9321bc6185adc9b9cb503cc211e17cb311c3fa95:SafuuGO: SGO Token | token_symbol:0x9321bc6185adc9b9cb503cc211e17cb311c3fa95:SGO | token_name:0x9321bc6185adc9b9cb503cc211e17cb311c3fa95:SGO | log_addr:0x9321bc6185adc9b9cb503cc211e17cb311c3fa95:SafuuGO: SGO Token | token_symbol:0x9321bc6185adc9b9cb503cc211e17cb311c3fa95:SGO | token_name:0x9321bc6185adc9b9cb503cc211e17cb311c3fa95:SGO | contract_symbol:0x9321bc6185adc9b9cb503cc211e17cb311c3fa95:SGO | contract_name:0x9321bc6185adc9b9cb503cc211e17cb311c3fa95:SGO
0x97a6bc4a6cefe56c42e4772266bdaaf7136fb99a070abcd854b78816c91707a0,safuu,high,log_addr:0x9321bc6185adc9b9cb503cc211e17cb311c3fa95:SafuuGO: SGO Token | token_symbol:0x9321bc6185adc9b9cb503cc211e17cb311c3fa95:SGO | token_name:0x9321bc6185adc9b9cb503cc211e17cb311c3fa95:SGO | log_addr:0x9321bc6185adc9b9cb503cc211e17cb311c3fa95:SafuuGO: SGO Token | token_symbol:0x9321bc6185adc9b9cb503cc211e17cb311c3fa95:SGO | token_name:0x9321bc6185adc9b9cb503cc211e17cb311c3fa95:SGO | contract_symbol:0x9321bc6185adc9b9cb503cc211e17cb311c3fa95:SGO | contract_name:0x9321bc6185adc9b9cb503cc211e17cb311c3fa95:SGO
0x3a079be70386459768042cc91285d2134cd939a1ebc5bf41994a156837476575,safuu,high,log_addr:0x9321bc6185adc9b9cb503cc211e17cb311c3fa95:SafuuGO: SGO Token | token_symbol:0x9321bc6185adc9b9cb503cc211e17cb311c3fa95:SGO | token_name:0x9321bc6185adc9b9cb503cc211e17cb311c3fa95:SGO | log_addr:0x9321bc6185adc9b9cb503cc211e17cb311c3fa95:SafuuGO: SGO Token | token_symbol:0x9321bc6185adc9b9cb503cc211e17cb311c3fa95:SGO | token_name:0x9321bc6185adc9b9cb503cc211e17cb311c3fa95:SGO | contract_symbol:0x9321bc6185adc9b9cb503cc211e17cb311c3fa95:SGO | contract_name:0x9321bc6185adc9b9cb503cc211e17cb311c3fa95:SGO
0xb559ec2e05cae4d92335f527cd20dd224723870773bb5fe2483e885a27af1e5e,safuu,high,log_addr:0x9321bc6185adc9b9cb503cc211e17cb311c3fa95:SafuuGO: SGO Token | log_addr:0x9321bc6185adc9b9cb503cc211e17cb311c3fa95:SafuuGO: SGO Token | token_symbol:0x9321bc6185adc9b9cb503cc211e17cb311c3fa95:SGO | token_name:0x9321bc6185adc9b9cb503cc211e17cb311c3fa95:SGO | log_addr:0x9321bc6185adc9b9cb503cc211e17cb311c3fa95:SafuuGO: SGO Token | token_symbol:0x9321bc6185adc9b9cb503cc211e17cb311c3fa95:SGO | token_name:0x9321bc6185adc9b9cb503cc211e17cb311c3fa95:SGO | contract_symbol:0x9321bc6185adc9b9cb503cc211e17cb311c3fa95:SGO | contract_name:0x9321bc6185adc9b9cb503cc211e17cb311c3fa95:SGO
0xbcacd18d47427690c1b0d01e00a7a51a27e6e5aacda16d5ff80fc9448ec9af61,safuu,high,to_address:0x9321bc6185adc9b9cb503cc211e17cb311c3fa95:SafuuGO: SGO Token | to:SafuuGO: SGO Token | to_friendly_tag_final:SafuuGO: SGO Token | tx_to:0x9321bc6185adc9b9cb503cc211e17cb311c3fa95:SafuuGO: SGO Token | log_addr:0x9321bc6185adc9b9cb503cc211e17cb311c3fa95:SafuuGO: SGO Token | token_symbol:0x9321bc6185adc9b9cb503cc211e17cb311c3fa95:SGO | token_name:0x9321bc6185adc9b9cb503cc211e17cb311c3fa95:SGO | contract_symbol:0x9321bc6185adc9b9cb503cc211e17cb311c3fa95:SGO | contract_name:0x9321bc6185adc9b9cb503cc211e17cb311c3fa95:SGO
0x78798358bc537ffce4a9e7adeed9683f95c4f64797198eaa22da6576db0a3664,safuu,high,log_addr:0x9321bc6185adc9b9cb503cc211e17cb311c3fa95:SafuuGO: SGO Token | token_symbol:0x9321bc6185adc9b9cb503cc211e17cb311c3fa95:SGO | token_name:0x9321bc6185adc9b9cb503cc211e17cb311c3fa95:SGO | log_addr:0x9321bc6185adc9b9cb503cc211e17cb311c3fa95:SafuuGO: SGO Token | token_symbol:0x9321bc6185adc9b9cb503cc211e17cb311c3fa95:SGO | token_name:0x9321bc6185adc9b9cb503cc211e17cb311c3fa95:SGO | contract_symbol:0x9321bc6185adc9b9cb503cc211e17cb311c3fa95:SGO | contract_name:0x9321bc6185adc9b9cb503cc211e17cb311c3fa95:SGO
0x96c800c6485c63bdf1f7438fcb0b2a03525e4956ee42a91ad2266a06210f2f9a,safuu,high,log_addr:0x9321bc6185adc9b9cb503cc211e17cb311c3fa95:SafuuGO: SGO Token | token_symbol:0x9321bc6185adc9b9cb503cc211e17cb311c3fa95:SGO | token_name:0x9321bc6185adc9b9cb503cc211e17cb311c3fa95:SGO | log_addr:0x9321bc6185adc9b9cb503cc211e17cb311c3fa95:SafuuGO: SGO Token | token_symbol:0x9321bc6185adc9b9cb503cc211e17cb311c3fa95:SGO | token_name:0x9321bc6185adc9b9cb503cc211e17cb311c3fa95:SGO | contract_symbol:0x9321bc6185adc9b9cb503cc211e17cb311c3fa95:SGO | contract_name:0x9321bc6185adc9b9cb503cc211e17cb311c3fa95:SGO
0xd929860066a0cae6741be271db71be5f7d270e7f0ff6b6cbb80be41cfe58094b,safuu,high,log_addr:0x9321bc6185adc9b9cb503cc211e17cb311c3fa95:SafuuGO: SGO Token | token_symbol:0x9321bc6185adc9b9cb503cc211e17cb311c3fa95:SGO | token_name:0x9321bc6185adc9b9cb503cc211e17cb311c3fa95:SGO | log_addr:0x9321bc6185adc9b9cb503cc211e17cb311c3fa95:SafuuGO: SGO Token | token_symbol:0x9321bc6185adc9b9cb503cc211e17cb311c3fa95:SGO | token_name:0x9321bc6185adc9b9cb503cc211e17cb311c3fa95:SGO | contract_symbol:0x9321bc6185adc9b9cb503cc211e17cb311c3fa95:SGO | contract_name:0x9321bc6185adc9b9cb503cc211e17cb311c3fa95:SGO
0xec4e72286d9094b8f06eaa564532c8262409227cba84d01e1b7f9423812a3e7e,safuu,high,log_addr:0x9321bc6185adc9b9cb503cc211e17cb311c3fa95:SafuuGO: SGO Token | token_symbol:0x9321bc6185adc9b9cb503cc211e17cb311c3fa95:SGO | token_name:0x9321bc6185adc9b9cb503cc211e17cb311c3fa95:SGO | log_addr:0x9321bc6185adc9b9cb503cc211e17cb311c3fa95:SafuuGO: SGO Token | token_symbol:0x9321bc6185adc9b9cb503cc211e17cb311c3fa95:SGO | token_name:0x9321bc6185adc9b9cb503cc211e17cb311c3fa95:SGO | contract_symbol:0x9321bc6185adc9b9cb503cc211e17cb311c3fa95:SGO | contract_name:0x9321bc6185adc9b9cb503cc211e17cb311c3fa95:SGO
0x50c5ef449929520a5c1a5e2cc2d841ed842cf7d64a9f6ab58e425ea9986b1cf4,safuu,high,log_addr:0x9321bc6185adc9b9cb503cc211e17cb311c3fa95:SafuuGO: SGO Token | token_symbol:0x9321bc6185adc9b9cb503cc211e17cb311c3fa95:SGO | token_name:0x9321bc6185adc9b9cb503cc211e17cb311c3fa95:SGO | log_addr:0x9321bc6185adc9b9cb503cc211e17cb311c3fa95:SafuuGO: SGO Token | token_symbol:0x9321bc6185adc9b9cb503cc211e17cb311c3fa95:SGO | token_name:0x9321bc6185adc9b9cb503cc211e17cb311c3fa95:SGO | contract_symbol:0x9321bc6185adc9b9cb503cc211e17cb311c3fa95:SGO | contract_name:0x9321bc6185adc9b9cb503cc211e17cb311c3fa95:SGO
0x955d03cc98e4963dff1c90da73629fa72bf2d151c02f5057529602c5cedbf551,safuu,high,log_addr:0x9321bc6185adc9b9cb503cc211e17cb311c3fa95:SafuuGO: SGO Token | token_symbol:0x9321bc6185adc9b9cb503cc211e17cb311c3fa95:SGO | token_name:0x9321bc6185adc9b9cb503cc211e17cb311c3fa95:SGO | log_addr:0x9321bc6185adc9b9cb503cc211e17cb311c3fa95:SafuuGO: SGO Token | token_symbol:0x9321bc6185adc9b9cb503cc211e17cb311c3fa95:SGO | token_name:0x9321bc6185adc9b9cb503cc211e17cb311c3fa95:SGO | contract_symbol:0x9321bc6185adc9b9cb503cc211e17cb311c3fa95:SGO | contract_name:0x9321bc6185adc9b9cb503cc211e17cb311c3fa95:SGO
0x963224cc5a760d88b5aee35fe67a01b716e4641002f0faa670bba1b490d9ee55,safuu,high,log_addr:0x9321bc6185adc9b9cb503cc211e17cb311c3fa95:SafuuGO: SGO Token | token_symbol:0x9321bc6185adc9b9cb503cc211e17cb311c3fa95:SGO | token_name:0x9321bc6185adc9b9cb503cc211e17cb311c3fa95:SGO | log_addr:0x9321bc6185adc9b9cb503cc211e17cb311c3fa95:SafuuGO: SGO Token | token_symbol:0x9321bc6185adc9b9cb503cc211e17cb311c3fa95:SGO | token_name:0x9321bc6185adc9b9cb503cc211e17cb311c3fa95:SGO | contract_symbol:0x9321bc6185adc9b9cb503cc211e17cb311c3fa95:SGO | contract_name:0x9321bc6185adc9b9cb503cc211e17cb311c3fa95:SGO
0x45e3732520dc2c8bf3bf83cef30a68e5fda1d5d989d1464fbbbb92b1bc3d4c9b,safuu,high,log_addr:0x9321bc6185adc9b9cb503cc211e17cb311c3fa95:SafuuGO: SGO Token | token_symbol:0x9321bc6185adc9b9cb503cc211e17cb311c3fa95:SGO | token_name:0x9321bc6185adc9b9cb503cc211e17cb311c3fa95:SGO | log_addr:0x9321bc6185adc9b9cb503cc211e17cb311c3fa95:SafuuGO: SGO Token | token_symbol:0x9321bc6185adc9b9cb503cc211e17cb311c3fa95:SGO | token_name:0x9321bc6185adc9b9cb503cc211e17cb311c3fa95:SGO | contract_symbol:0x9321bc6185adc9b9cb503cc211e17cb311c3fa95:SGO | contract_name:0x9321bc6185adc9b9cb503cc211e17cb311c3fa95:SGO
0xe6e738a9988ef129feb3cf540d8c8fb71e505dda6dc1402adbf8999fc1a15948,safuu,high,log_addr:0x9321bc6185adc9b9cb503cc211e17cb311c3fa95:SafuuGO: SGO Token | log_addr:0x9321bc6185adc9b9cb503cc211e17cb311c3fa95:SafuuGO: SGO Token | token_symbol:0x9321bc6185adc9b9cb503cc211e17cb311c3fa95:SGO | token_name:0x9321bc6185adc9b9cb503cc211e17cb311c3fa95:SGO | log_addr:0x9321bc6185adc9b9cb503cc211e17cb311c3fa95:SafuuGO: SGO Token | token_symbol:0x9321bc6185adc9b9cb503cc211e17cb311c3fa95:SGO | token_name:0x9321bc6185adc9b9cb503cc211e17cb311c3fa95:SGO | contract_symbol:0x9321bc6185adc9b9cb503cc211e17cb311c3fa95:SGO | contract_name:0x9321bc6185adc9b9cb503cc211e17cb311c3fa95:SGO
0xa20177d5665169c8578bb59de28db54a192e7fb2772d19267cafabd0ebf0aed1,safuu,high,to_address:0x9321bc6185adc9b9cb503cc211e17cb311c3fa95:SafuuGO: SGO Token | to:SafuuGO: SGO Token | to_friendly_tag_final:SafuuGO: SGO Token | tx_to:0x9321bc6185adc9b9cb503cc211e17cb311c3fa95:SafuuGO: SGO Token | log_addr:0x9321bc6185adc9b9cb503cc211e17cb311c3fa95:SafuuGO: SGO Token | token_symbol:0x9321bc6185adc9b9cb503cc211e17cb311c3fa95:SGO | token_name:0x9321bc6185adc9b9cb503cc211e17cb311c3fa95:SGO | contract_symbol:0x9321bc6185adc9b9cb503cc211e17cb311c3fa95:SGO | contract_name:0x9321bc6185adc9b9cb503cc211e17cb311c3fa95:SGO
0x44c1839c245aeaeeae6e27cf139244ce32c8b7f7d5476d2d29a194dc43dd0bff,safuu,high,log_addr:0x9321bc6185adc9b9cb503cc211e17cb311c3fa95:SafuuGO: SGO Token | token_symbol:0x9321bc6185adc9b9cb503cc211e17cb311c3fa95:SGO | token_name:0x9321bc6185adc9b9cb503cc211e17cb311c3fa95:SGO | log_addr:0x9321bc6185adc9b9cb503cc211e17cb311c3fa95:SafuuGO: SGO Token | token_symbol:0x9321bc6185adc9b9cb503cc211e17cb311c3fa95:SGO | token_name:0x9321bc6185adc9b9cb503cc211e17cb311c3fa95:SGO | contract_symbol:0x9321bc6185adc9b9cb503cc211e17cb311c3fa95:SGO | contract_name:0x9321bc6185adc9b9cb503cc211e17cb311c3fa95:SGO
0x89926fc8375d0fac3c87e208c2fa0395afe6762958b975092968f9922271c901,safuu,high,log_addr:0x9321bc6185adc9b9cb503cc211e17cb311c3fa95:SafuuGO: SGO Token | token_symbol:0x9321bc6185adc9b9cb503cc211e17cb311c3fa95:SGO | token_name:0x9321bc6185adc9b9cb503cc211e17cb311c3fa95:SGO | log_addr:0x9321bc6185adc9b9cb503cc211e17cb311c3fa95:SafuuGO: SGO Token | token_symbol:0x9321bc6185adc9b9cb503cc211e17cb311c3fa95:SGO | token_name:0x9321bc6185adc9b9cb503cc211e17cb311c3fa95:SGO | contract_symbol:0x9321bc6185adc9b9cb503cc211e17cb311c3fa95:SGO | contract_name:0x9321bc6185adc9b9cb503cc211e17cb311c3fa95:SGO
0x8eb5bb8e2f387901f8b819f830a94dc849a97a3ace841d55fd537ad0aad13725,safuu,high,log_addr:0x9321bc6185adc9b9cb503cc211e17cb311c3fa95:SafuuGO: SGO Token | token_symbol:0x9321bc6185adc9b9cb503cc211e17cb311c3fa95:SGO | token_name:0x9321bc6185adc9b9cb503cc211e17cb311c3fa95:SGO | log_addr:0x9321bc6185adc9b9cb503cc211e17cb311c3fa95:SafuuGO: SGO Token | token_symbol:0x9321bc6185adc9b9cb503cc211e17cb311c3fa95:SGO | token_name:0x9321bc6185adc9b9cb503cc211e17cb311c3fa95:SGO | contract_symbol:0x9321bc6185adc9b9cb503cc211e17cb311c3fa95:SGO | contract_name:0x9321bc6185adc9b9cb503cc211e17cb311c3fa95:SGO
0x0d0573c026fd42dfb04a840fbaaafa63d6c74523a727b06f9aa8869371f285c4,safuu,high,log_addr:0x9321bc6185adc9b9cb503cc211e17cb311c3fa95:SafuuGO: SGO Token | token_symbol:0x9321bc6185adc9b9cb503cc211e17cb311c3fa95:SGO | token_name:0x9321bc6185adc9b9cb503cc211e17cb311c3fa95:SGO | log_addr:0x9321bc6185adc9b9cb503cc211e17cb311c3fa95:SafuuGO: SGO Token | token_symbol:0x9321bc6185adc9b9cb503cc211e17cb311c3fa95:SGO | token_name:0x9321bc6185adc9b9cb503cc211e17cb311c3fa95:SGO | contract_symbol:0x9321bc6185adc9b9cb503cc211e17cb311c3fa95:SGO | contract_name:0x9321bc6185adc9b9cb503cc211e17cb311c3fa95:SGO
0x783e5bcb8a36e71aaa4d63e5cf8f3dabf0951824d211439328e0c3896ccd51ad,safuu,high,to_address:0x9321bc6185adc9b9cb503cc211e17cb311c3fa95:SafuuGO: SGO Token | to:SafuuGO: SGO Token | to_friendly_tag_final:SafuuGO: SGO Token | tx_to:0x9321bc6185adc9b9cb503cc211e17cb311c3fa95:SafuuGO: SGO Token | log_addr:0x9321bc6185adc9b9cb503cc211e17cb311c3fa95:SafuuGO: SGO Token | token_symbol:0x9321bc6185adc9b9cb503cc211e17cb311c3fa95:SGO | token_name:0x9321bc6185adc9b9cb503cc211e17cb311c3fa95:SGO | contract_symbol:0x9321bc6185adc9b9cb503cc211e17cb311c3fa95:SGO | contract_name:0x9321bc6185adc9b9cb503cc211e17cb311c3fa95:SGO
0x2e69f60eea04005bcb1f6c742672c1e5342ad0cc6d1dd6b397af084dc382335a,safuu,high,log_addr:0x9321bc6185adc9b9cb503cc211e17cb311c3fa95:SafuuGO: SGO Token | token_symbol:0x9321bc6185adc9b9cb503cc211e17cb311c3fa95:SGO | token_name:0x9321bc6185adc9b9cb503cc211e17cb311c3fa95:SGO | log_addr:0x9321bc6185adc9b9cb503cc211e17cb311c3fa95:SafuuGO: SGO Token | token_symbol:0x9321bc6185adc9b9cb503cc211e17cb311c3fa95:SGO | token_name:0x9321bc6185adc9b9cb503cc211e17cb311c3fa95:SGO | contract_symbol:0x9321bc6185adc9b9cb503cc211e17cb311c3fa95:SGO | contract_name:0x9321bc6185adc9b9cb503cc211e17cb311c3fa95:SGO
0xbf639de9f7632ddca3209b5908056299d471ea0a72238055ac3c835cdcc1d7f0,safuu,high,log_addr:0x9321bc6185adc9b9cb503cc211e17cb311c3fa95:SafuuGO: SGO Token | token_symbol:0x9321bc6185adc9b9cb503cc211e17cb311c3fa95:SGO | token_name:0x9321bc6185adc9b9cb503cc211e17cb311c3fa95:SGO | log_addr:0x9321bc6185adc9b9cb503cc211e17cb311c3fa95:SafuuGO: SGO Token | token_symbol:0x9321bc6185adc9b9cb503cc211e17cb311c3fa95:SGO | token_name:0x9321bc6185adc9b9cb503cc211e17cb311c3fa95:SGO | contract_symbol:0x9321bc6185adc9b9cb503cc211e17cb311c3fa95:SGO | contract_name:0x9321bc6185adc9b9cb503cc211e17cb311c3fa95:SGO
0x82d6b76b1afda998547394caa42618cfe65b3f5180708f62f8c1c54f4cced32c,safuu,high,log_addr:0x9321bc6185adc9b9cb503cc211e17cb311c3fa95:SafuuGO: SGO Token | token_symbol:0x9321bc6185adc9b9cb503cc211e17cb311c3fa95:SGO | token_name:0x9321bc6185adc9b9cb503cc211e17cb311c3fa95:SGO | log_addr:0x9321bc6185adc9b9cb503cc211e17cb311c3fa95:SafuuGO: SGO Token | token_symbol:0x9321bc6185adc9b9cb503cc211e17cb311c3fa95:SGO | token_name:0x9321bc6185adc9b9cb503cc211e17cb311c3fa95:SGO | contract_symbol:0x9321bc6185adc9b9cb503cc211e17cb311c3fa95:SGO | contract_name:0x9321bc6185adc9b9cb503cc211e17cb311c3fa95:SGO
0x777b8372d7dae6aca989e25837e15c2b8a52d26810180f432083ec77dd04437c,safuu,high,log_addr:0x9321bc6185adc9b9cb503cc211e17cb311c3fa95:SafuuGO: SGO Token | token_symbol:0x9321bc6185adc9b9cb503cc211e17cb311c3fa95:SGO | token_name:0x9321bc6185adc9b9cb503cc211e17cb311c3fa95:SGO | log_addr:0x9321bc6185adc9b9cb503cc211e17cb311c3fa95:SafuuGO: SGO Token | token_symbol:0x9321bc6185adc9b9cb503cc211e17cb311c3fa95:SGO | token_name:0x9321bc6185adc9b9cb503cc211e17cb311c3fa95:SGO | contract_symbol:0x9321bc6185adc9b9cb503cc211e17cb311c3fa95:SGO | contract_name:0x9321bc6185adc9b9cb503cc211e17cb311c3fa95:SGO
0xe662904aa9c05ec7e0155cb93430575e8e7eeb6ed2c832be036b92c6c2bc2947,safuu,high,to_address:0x9321bc6185adc9b9cb503cc211e17cb311c3fa95:SafuuGO: SGO Token | to:SafuuGO: SGO Token | to_friendly_tag_final:SafuuGO: SGO Token | tx_to:0x9321bc6185adc9b9cb503cc211e17cb311c3fa95:SafuuGO: SGO Token | log_addr:0x9321bc6185adc9b9cb503cc211e17cb311c3fa95:SafuuGO: SGO Token | token_symbol:0x9321bc6185adc9b9cb503cc211e17cb311c3fa95:SGO | token_name:0x9321bc6185adc9b9cb503cc211e17cb311c3fa95:SGO | contract_symbol:0x9321bc6185adc9b9cb503cc211e17cb311c3fa95:SGO | contract_name:0x9321bc6185adc9b9cb503cc211e17cb311c3fa95:SGO
0xb943c7749c7529c6a2fff501f8ca359cce872a965416be3ef9e681165d44d1bb,safuu,high,log_addr:0x9321bc6185adc9b9cb503cc211e17cb311c3fa95:SafuuGO: SGO Token | token_symbol:0x9321bc6185adc9b9cb503cc211e17cb311c3fa95:SGO | token_name:0x9321bc6185adc9b9cb503cc211e17cb311c3fa95:SGO | log_addr:0x9321bc6185adc9b9cb503cc211e17cb311c3fa95:SafuuGO: SGO Token | token_symbol:0x9321bc6185adc9b9cb503cc211e17cb311c3fa95:SGO | token_name:0x9321bc6185adc9b9cb503cc211e17cb311c3fa95:SGO | contract_symbol:0x9321bc6185adc9b9cb503cc211e17cb311c3fa95:SGO | contract_name:0x9321bc6185adc9b9cb503cc211e17cb311c3fa95:SGO
0x05bc97171ad89117efc8d8bd5fe215e3091cc0fcfda69528a7e0ee1eb239e5a5,safuu,high,log_addr:0x9321bc6185adc9b9cb503cc211e17cb311c3fa95:SafuuGO: SGO Token | token_symbol:0x9321bc6185adc9b9cb503cc211e17cb311c3fa95:SGO | token_name:0x9321bc6185adc9b9cb503cc211e17cb311c3fa95:SGO | log_addr:0x9321bc6185adc9b9cb503cc211e17cb311c3fa95:SafuuGO: SGO Token | token_symbol:0x9321bc6185adc9b9cb503cc211e17cb311c3fa95:SGO | token_name:0x9321bc6185adc9b9cb503cc211e17cb311c3fa95:SGO | contract_symbol:0x9321bc6185adc9b9cb503cc211e17cb311c3fa95:SGO | contract_name:0x9321bc6185adc9b9cb503cc211e17cb311c3fa95:SGO
0x72d946f7696c4f11c6e28922585d1b49d5cf5e032b5b7c4edc5c094f055e736e,safuu,high,to_address:0x9321bc6185adc9b9cb503cc211e17cb311c3fa95:SafuuGO: SGO Token | to:SafuuGO: SGO Token | to_friendly_tag_final:SafuuGO: SGO Token | tx_to:0x9321bc6185adc9b9cb503cc211e17cb311c3fa95:SafuuGO: SGO Token | log_addr:0x9321bc6185adc9b9cb503cc211e17cb311c3fa95:SafuuGO: SGO Token | token_symbol:0x9321bc6185adc9b9cb503cc211e17cb311c3fa95:SGO | token_name:0x9321bc6185adc9b9cb503cc211e17cb311c3fa95:SGO | contract_symbol:0x9321bc6185adc9b9cb503cc211e17cb311c3fa95:SGO | contract_name:0x9321bc6185adc9b9cb503cc211e17cb311c3fa95:SGO
0x89787244162ac673b9d585002a799cbb9e34851896b6b659cf5ab51c5adfb6da,safuu,high,to_address:0x9321bc6185adc9b9cb503cc211e17cb311c3fa95:SafuuGO: SGO Token | to:SafuuGO: SGO Token | to_friendly_tag_final:SafuuGO: SGO Token | tx_to:0x9321bc6185adc9b9cb503cc211e17cb311c3fa95:SafuuGO: SGO Token | log_addr:0x9321bc6185adc9b9cb503cc211e17cb311c3fa95:SafuuGO: SGO Token | token_symbol:0x9321bc6185adc9b9cb503cc211e17cb311c3fa95:SGO | token_name:0x9321bc6185adc9b9cb503cc211e17cb311c3fa95:SGO | contract_symbol:0x9321bc6185adc9b9cb503cc211e17cb311c3fa95:SGO | contract_name:0x9321bc6185adc9b9cb503cc211e17cb311c3fa95:SGO
0x2279c1ee804e1126880a611798b649e11344a450c6ed45fbda0719ef37848cdc,safuu,high,to_address:0x9321bc6185adc9b9cb503cc211e17cb311c3fa95:SafuuGO: SGO Token | to:SafuuGO: SGO Token | to_friendly_tag_final:SafuuGO: SGO Token | tx_to:0x9321bc6185adc9b9cb503cc211e17cb311c3fa95:SafuuGO: SGO Token | log_addr:0x9321bc6185adc9b9cb503cc211e17cb311c3fa95:SafuuGO: SGO Token | token_symbol:0x9321bc6185adc9b9cb503cc211e17cb311c3fa95:SGO | token_name:0x9321bc6185adc9b9cb503cc211e17cb311c3fa95:SGO | contract_symbol:0x9321bc6185adc9b9cb503cc211e17cb311c3fa95:SGO | contract_name:0x9321bc6185adc9b9cb503cc211e17cb311c3fa95:SGO
0x5fd9b6ed20c1bfaecb3d67b4888ce590e90c9307f7396c13c2312edc7b9e2f38,safuu,high,to_address:0x9321bc6185adc9b9cb503cc211e17cb311c3fa95:SafuuGO: SGO Token | to:SafuuGO: SGO Token | to_friendly_tag_final:SafuuGO: SGO Token | tx_to:0x9321bc6185adc9b9cb503cc211e17cb311c3fa95:SafuuGO: SGO Token | log_addr:0x9321bc6185adc9b9cb503cc211e17cb311c3fa95:SafuuGO: SGO Token | token_symbol:0x9321bc6185adc9b9cb503cc211e17cb311c3fa95:SGO | token_name:0x9321bc6185adc9b9cb503cc211e17cb311c3fa95:SGO | contract_symbol:0x9321bc6185adc9b9cb503cc211e17cb311c3fa95:SGO | contract_name:0x9321bc6185adc9b9cb503cc211e17cb311c3fa95:SGO
0x48f48a767f5779c2730f4ac688cd7f44f52a9abf29b115152d0c38acf54cde2d,safuu,high,log_addr:0x9321bc6185adc9b9cb503cc211e17cb311c3fa95:SafuuGO: SGO Token | token_symbol:0x9321bc6185adc9b9cb503cc211e17cb311c3fa95:SGO | token_name:0x9321bc6185adc9b9cb503cc211e17cb311c3fa95:SGO | log_addr:0x9321bc6185adc9b9cb503cc211e17cb311c3fa95:SafuuGO: SGO Token | token_symbol:0x9321bc6185adc9b9cb503cc211e17cb311c3fa95:SGO | token_name:0x9321bc6185adc9b9cb503cc211e17cb311c3fa95:SGO | contract_symbol:0x9321bc6185adc9b9cb503cc211e17cb311c3fa95:SGO | contract_name:0x9321bc6185adc9b9cb503cc211e17cb311c3fa95:SGO
0x63f567223173d586406c4b51ced63db0e2b1d6caf903bd351568bfffdcd7d0a7,safuu,high,log_addr:0x9321bc6185adc9b9cb503cc211e17cb311c3fa95:SafuuGO: SGO Token | token_symbol:0x9321bc6185adc9b9cb503cc211e17cb311c3fa95:SGO | token_name:0x9321bc6185adc9b9cb503cc211e17cb311c3fa95:SGO | log_addr:0x9321bc6185adc9b9cb503cc211e17cb311c3fa95:SafuuGO: SGO Token | token_symbol:0x9321bc6185adc9b9cb503cc211e17cb311c3fa95:SGO | token_name:0x9321bc6185adc9b9cb503cc211e17cb311c3fa95:SGO | contract_symbol:0x9321bc6185adc9b9cb503cc211e17cb311c3fa95:SGO | contract_name:0x9321bc6185adc9b9cb503cc211e17cb311c3fa95:SGO
0xa7466313115ef6061667374c6980d9548ad2508ea7146cb71cedcd684ee1952e,safuu,high,log_addr:0x9321bc6185adc9b9cb503cc211e17cb311c3fa95:SafuuGO: SGO Token | token_symbol:0x9321bc6185adc9b9cb503cc211e17cb311c3fa95:SGO | token_name:0x9321bc6185adc9b9cb503cc211e17cb311c3fa95:SGO | log_addr:0x9321bc6185adc9b9cb503cc211e17cb311c3fa95:SafuuGO: SGO Token | token_symbol:0x9321bc6185adc9b9cb503cc211e17cb311c3fa95:SGO | token_name:0x9321bc6185adc9b9cb503cc211e17cb311c3fa95:SGO | contract_symbol:0x9321bc6185adc9b9cb503cc211e17cb311c3fa95:SGO | contract_name:0x9321bc6185adc9b9cb503cc211e17cb311c3fa95:SGO
0x2e2880ba62ed58f046e2d27610de8ffb7bea3c4f50492c1189ae8a1dcabad33f,safuu,high,log_addr:0x9321bc6185adc9b9cb503cc211e17cb311c3fa95:SafuuGO: SGO Token | token_symbol:0x9321bc6185adc9b9cb503cc211e17cb311c3fa95:SGO | token_name:0x9321bc6185adc9b9cb503cc211e17cb311c3fa95:SGO | log_addr:0x9321bc6185adc9b9cb503cc211e17cb311c3fa95:SafuuGO: SGO Token | token_symbol:0x9321bc6185adc9b9cb503cc211e17cb311c3fa95:SGO | token_name:0x9321bc6185adc9b9cb503cc211e17cb311c3fa95:SGO | contract_symbol:0x9321bc6185adc9b9cb503cc211e17cb311c3fa95:SGO | contract_name:0x9321bc6185adc9b9cb503cc211e17cb311c3fa95:SGO
0xf34d89784747258a3a797c4f108170cbc45b7c376cd98bb5cc27aaca03ba8b43,safuu,high,to_address:0x9321bc6185adc9b9cb503cc211e17cb311c3fa95:SafuuGO: SGO Token | to:SafuuGO: SGO Token | to_friendly_tag_final:SafuuGO: SGO Token | tx_to:0x9321bc6185adc9b9cb503cc211e17cb311c3fa95:SafuuGO: SGO Token | log_addr:0x9321bc6185adc9b9cb503cc211e17cb311c3fa95:SafuuGO: SGO Token | token_symbol:0x9321bc6185adc9b9cb503cc211e17cb311c3fa95:SGO | token_name:0x9321bc6185adc9b9cb503cc211e17cb311c3fa95:SGO | contract_symbol:0x9321bc6185adc9b9cb503cc211e17cb311c3fa95:SGO | contract_name:0x9321bc6185adc9b9cb503cc211e17cb311c3fa95:SGO
0xd3ac0a910377978e08982824e498ad993ec54f0ab894ab90f97b39e4eb01651f,safuu,high,log_addr:0x9321bc6185adc9b9cb503cc211e17cb311c3fa95:SafuuGO: SGO Token | token_symbol:0x9321bc6185adc9b9cb503cc211e17cb311c3fa95:SGO | token_name:0x9321bc6185adc9b9cb503cc211e17cb311c3fa95:SGO | log_addr:0x9321bc6185adc9b9cb503cc211e17cb311c3fa95:SafuuGO: SGO Token | token_symbol:0x9321bc6185adc9b9cb503cc211e17cb311c3fa95:SGO | token_name:0x9321bc6185adc9b9cb503cc211e17cb311c3fa95:SGO | contract_symbol:0x9321bc6185adc9b9cb503cc211e17cb311c3fa95:SGO | contract_name:0x9321bc6185adc9b9cb503cc211e17cb311c3fa95:SGO
0xe9e50eb1fb867054dacead1dd215ef18cc007faf4b9cdb08a4072917fa691781,safuu,high,log_addr:0x9321bc6185adc9b9cb503cc211e17cb311c3fa95:SafuuGO: SGO Token | token_symbol:0x9321bc6185adc9b9cb503cc211e17cb311c3fa95:SGO | token_name:0x9321bc6185adc9b9cb503cc211e17cb311c3fa95:SGO | log_addr:0x9321bc6185adc9b9cb503cc211e17cb311c3fa95:SafuuGO: SGO Token | token_symbol:0x9321bc6185adc9b9cb503cc211e17cb311c3fa95:SGO | token_name:0x9321bc6185adc9b9cb503cc211e17cb311c3fa95:SGO | contract_symbol:0x9321bc6185adc9b9cb503cc211e17cb311c3fa95:SGO | contract_name:0x9321bc6185adc9b9cb503cc211e17cb311c3fa95:SGO
0xb27023401886b1fc9499fdb6e16a294c3614154dba315de74fef003dae2ff7e3,safuu,high,log_addr:0x9321bc6185adc9b9cb503cc211e17cb311c3fa95:SafuuGO: SGO Token | token_symbol:0x9321bc6185adc9b9cb503cc211e17cb311c3fa95:SGO | token_name:0x9321bc6185adc9b9cb503cc211e17cb311c3fa95:SGO | log_addr:0x9321bc6185adc9b9cb503cc211e17cb311c3fa95:SafuuGO: SGO Token | token_symbol:0x9321bc6185adc9b9cb503cc211e17cb311c3fa95:SGO | token_name:0x9321bc6185adc9b9cb503cc211e17cb311c3fa95:SGO | contract_symbol:0x9321bc6185adc9b9cb503cc211e17cb311c3fa95:SGO | contract_name:0x9321bc6185adc9b9cb503cc211e17cb311c3fa95:SGO
0x71d4ef95a0930d8286fc8e88cca9eaa72f935ff3718accf69aa3fc2debb4faec,safuu,high,log_addr:0x9321bc6185adc9b9cb503cc211e17cb311c3fa95:SafuuGO: SGO Token | token_symbol:0x9321bc6185adc9b9cb503cc211e17cb311c3fa95:SGO | token_name:0x9321bc6185adc9b9cb503cc211e17cb311c3fa95:SGO | log_addr:0x9321bc6185adc9b9cb503cc211e17cb311c3fa95:SafuuGO: SGO Token | token_symbol:0x9321bc6185adc9b9cb503cc211e17cb311c3fa95:SGO | token_name:0x9321bc6185adc9b9cb503cc211e17cb311c3fa95:SGO | contract_symbol:0x9321bc6185adc9b9cb503cc211e17cb311c3fa95:SGO | contract_name:0x9321bc6185adc9b9cb503cc211e17cb311c3fa95:SGO
0xa8ea7c50336c70095d6c4ab388c2ba6c68049dd8cf9005a421d88e9a0bb2372c,safuu,high,to_address:0x9321bc6185adc9b9cb503cc211e17cb311c3fa95:SafuuGO: SGO Token | to:SafuuGO: SGO Token | to_friendly_tag_final:SafuuGO: SGO Token | tx_to:0x9321bc6185adc9b9cb503cc211e17cb311c3fa95:SafuuGO: SGO Token | log_addr:0x9321bc6185adc9b9cb503cc211e17cb311c3fa95:SafuuGO: SGO Token | token_symbol:0x9321bc6185adc9b9cb503cc211e17cb311c3fa95:SGO | token_name:0x9321bc6185adc9b9cb503cc211e17cb311c3fa95:SGO | contract_symbol:0x9321bc6185adc9b9cb503cc211e17cb311c3fa95:SGO | contract_name:0x9321bc6185adc9b9cb503cc211e17cb311c3fa95:SGO
0xa48097bc3c559558dbdacbc503f7f7ae39d0f0b6119b1f2987757c9d303f23ba,safuu,high,to_address:0x9321bc6185adc9b9cb503cc211e17cb311c3fa95:SafuuGO: SGO Token | to:SafuuGO: SGO Token | to_friendly_tag_final:SafuuGO: SGO Token | tx_to:0x9321bc6185adc9b9cb503cc211e17cb311c3fa95:SafuuGO: SGO Token | log_addr:0x9321bc6185adc9b9cb503cc211e17cb311c3fa95:SafuuGO: SGO Token | token_symbol:0x9321bc6185adc9b9cb503cc211e17cb311c3fa95:SGO | token_name:0x9321bc6185adc9b9cb503cc211e17cb311c3fa95:SGO | contract_symbol:0x9321bc6185adc9b9cb503cc211e17cb311c3fa95:SGO | contract_name:0x9321bc6185adc9b9cb503cc211e17cb311c3fa95:SGO
0x537909f7ba6b286f0f8d0f62df98b5244ba77240813339af1677981cf74028a8,safuu,high,log_addr:0x9321bc6185adc9b9cb503cc211e17cb311c3fa95:SafuuGO: SGO Token | token_symbol:0x9321bc6185adc9b9cb503cc211e17cb311c3fa95:SGO | token_name:0x9321bc6185adc9b9cb503cc211e17cb311c3fa95:SGO | log_addr:0x9321bc6185adc9b9cb503cc211e17cb311c3fa95:SafuuGO: SGO Token | token_symbol:0x9321bc6185adc9b9cb503cc211e17cb311c3fa95:SGO | token_name:0x9321bc6185adc9b9cb503cc211e17cb311c3fa95:SGO | contract_symbol:0x9321bc6185adc9b9cb503cc211e17cb311c3fa95:SGO | contract_name:0x9321bc6185adc9b9cb503cc211e17cb311c3fa95:SGO
0x76b849e329fa954f227516af6034081c019d3da7355f1bd4170a98a4a1fac8c1,safuu,high,log_addr:0x9321bc6185adc9b9cb503cc211e17cb311c3fa95:SafuuGO: SGO Token | log_addr:0x9321bc6185adc9b9cb503cc211e17cb311c3fa95:SafuuGO: SGO Token | token_symbol:0x9321bc6185adc9b9cb503cc211e17cb311c3fa95:SGO | token_name:0x9321bc6185adc9b9cb503cc211e17cb311c3fa95:SGO | log_addr:0x9321bc6185adc9b9cb503cc211e17cb311c3fa95:SafuuGO: SGO Token | token_symbol:0x9321bc6185adc9b9cb503cc211e17cb311c3fa95:SGO | token_name:0x9321bc6185adc9b9cb503cc211e17cb311c3fa95:SGO | contract_symbol:0x9321bc6185adc9b9cb503cc211e17cb311c3fa95:SGO | contract_name:0x9321bc6185adc9b9cb503cc211e17cb311c3fa95:SGO
0x8229c9ef648f7d2074e462c0a47f45f3e15afc6e6588057ebbc4d411eba2ebdb,safuu,high,log_addr:0x9321bc6185adc9b9cb503cc211e17cb311c3fa95:SafuuGO: SGO Token | token_symbol:0x9321bc6185adc9b9cb503cc211e17cb311c3fa95:SGO | token_name:0x9321bc6185adc9b9cb503cc211e17cb311c3fa95:SGO | log_addr:0x9321bc6185adc9b9cb503cc211e17cb311c3fa95:SafuuGO: SGO Token | token_symbol:0x9321bc6185adc9b9cb503cc211e17cb311c3fa95:SGO | token_name:0x9321bc6185adc9b9cb503cc211e17cb311c3fa95:SGO | contract_symbol:0x9321bc6185adc9b9cb503cc211e17cb311c3fa95:SGO | contract_name:0x9321bc6185adc9b9cb503cc211e17cb311c3fa95:SGO
0xcae5e269301dafa6d70b0373d5886b772ab30a7383f0502c518fd606f6f9251e,safuu,high,log_addr:0x9321bc6185adc9b9cb503cc211e17cb311c3fa95:SafuuGO: SGO Token | token_symbol:0x9321bc6185adc9b9cb503cc211e17cb311c3fa95:SGO | token_name:0x9321bc6185adc9b9cb503cc211e17cb311c3fa95:SGO | log_addr:0x9321bc6185adc9b9cb503cc211e17cb311c3fa95:SafuuGO: SGO Token | token_symbol:0x9321bc6185adc9b9cb503cc211e17cb311c3fa95:SGO | token_name:0x9321bc6185adc9b9cb503cc211e17cb311c3fa95:SGO | contract_symbol:0x9321bc6185adc9b9cb503cc211e17cb311c3fa95:SGO | contract_name:0x9321bc6185adc9b9cb503cc211e17cb311c3fa95:SGO
0xeb9d39b9c1ea5a7cb190c2aacd5347468f3136728c1eb1f040b8f8c938f58076,safuu,high,log_addr:0x9321bc6185adc9b9cb503cc211e17cb311c3fa95:SafuuGO: SGO Token | token_symbol:0x9321bc6185adc9b9cb503cc211e17cb311c3fa95:SGO | token_name:0x9321bc6185adc9b9cb503cc211e17cb311c3fa95:SGO | log_addr:0x9321bc6185adc9b9cb503cc211e17cb311c3fa95:SafuuGO: SGO Token | token_symbol:0x9321bc6185adc9b9cb503cc211e17cb311c3fa95:SGO | token_name:0x9321bc6185adc9b9cb503cc211e17cb311c3fa95:SGO | contract_symbol:0x9321bc6185adc9b9cb503cc211e17cb311c3fa95:SGO | contract_name:0x9321bc6185adc9b9cb503cc211e17cb311c3fa95:SGO
0xa4aaa302695a676efd0a7b0c5065481948ceb8a62278a802fdecb0e7e3425086,safuu,high,log_addr:0x9321bc6185adc9b9cb503cc211e17cb311c3fa95:SafuuGO: SGO Token | token_symbol:0x9321bc6185adc9b9cb503cc211e17cb311c3fa95:SGO | token_name:0x9321bc6185adc9b9cb503cc211e17cb311c3fa95:SGO | log_addr:0x9321bc6185adc9b9cb503cc211e17cb311c3fa95:SafuuGO: SGO Token | token_symbol:0x9321bc6185adc9b9cb503cc211e17cb311c3fa95:SGO | token_name:0x9321bc6185adc9b9cb503cc211e17cb311c3fa95:SGO | contract_symbol:0x9321bc6185adc9b9cb503cc211e17cb311c3fa95:SGO | contract_name:0x9321bc6185adc9b9cb503cc211e17cb311c3fa95:SGO
0x51f37177157ba3ecf80e9fd748fde5fd5614bf4f26f4049f5ef367a4c7624b6f,safuu,high,log_addr:0x9321bc6185adc9b9cb503cc211e17cb311c3fa95:SafuuGO: SGO Token | token_symbol:0x9321bc6185adc9b9cb503cc211e17cb311c3fa95:SGO | token_name:0x9321bc6185adc9b9cb503cc211e17cb311c3fa95:SGO | log_addr:0x9321bc6185adc9b9cb503cc211e17cb311c3fa95:SafuuGO: SGO Token | token_symbol:0x9321bc6185adc9b9cb503cc211e17cb311c3fa95:SGO | token_name:0x9321bc6185adc9b9cb503cc211e17cb311c3fa95:SGO | contract_symbol:0x9321bc6185adc9b9cb503cc211e17cb311c3fa95:SGO | contract_name:0x9321bc6185adc9b9cb503cc211e17cb311c3fa95:SGO
0x76643c4221ef3457d9586004046fbc42d9da1e941b19e6ac552c60f7e47ae40b,safuu,high,log_addr:0x9321bc6185adc9b9cb503cc211e17cb311c3fa95:SafuuGO: SGO Token | token_symbol:0x9321bc6185adc9b9cb503cc211e17cb311c3fa95:SGO | token_name:0x9321bc6185adc9b9cb503cc211e17cb311c3fa95:SGO | log_addr:0x9321bc6185adc9b9cb503cc211e17cb311c3fa95:SafuuGO: SGO Token | token_symbol:0x9321bc6185adc9b9cb503cc211e17cb311c3fa95:SGO | token_name:0x9321bc6185adc9b9cb503cc211e17cb311c3fa95:SGO | contract_symbol:0x9321bc6185adc9b9cb503cc211e17cb311c3fa95:SGO | contract_name:0x9321bc6185adc9b9cb503cc211e17cb311c3fa95:SGO
0x5a5cb28113b45f8e4f14ea31228fb6c833e30ded9dc16d44c2571008395cc398,safuu,high,to_address:0x9321bc6185adc9b9cb503cc211e17cb311c3fa95:SafuuGO: SGO Token | to:SafuuGO: SGO Token | to_friendly_tag_final:SafuuGO: SGO Token | tx_to:0x9321bc6185adc9b9cb503cc211e17cb311c3fa95:SafuuGO: SGO Token | log_addr:0x9321bc6185adc9b9cb503cc211e17cb311c3fa95:SafuuGO: SGO Token | token_symbol:0x9321bc6185adc9b9cb503cc211e17cb311c3fa95:SGO | token_name:0x9321bc6185adc9b9cb503cc211e17cb311c3fa95:SGO | contract_symbol:0x9321bc6185adc9b9cb503cc211e17cb311c3fa95:SGO | contract_name:0x9321bc6185adc9b9cb503cc211e17cb311c3fa95:SGO
0x3ea5b8d43c60d041a39aa5f0e502d32b510e9d09973c5b3b2e29eb49748ce854,safuu,high,to_address:0x9321bc6185adc9b9cb503cc211e17cb311c3fa95:SafuuGO: SGO Token | to:SafuuGO: SGO Token | to_friendly_tag_final:SafuuGO: SGO Token | tx_to:0x9321bc6185adc9b9cb503cc211e17cb311c3fa95:SafuuGO: SGO Token | log_addr:0x9321bc6185adc9b9cb503cc211e17cb311c3fa95:SafuuGO: SGO Token | token_symbol:0x9321bc6185adc9b9cb503cc211e17cb311c3fa95:SGO | token_name:0x9321bc6185adc9b9cb503cc211e17cb311c3fa95:SGO | contract_symbol:0x9321bc6185adc9b9cb503cc211e17cb311c3fa95:SGO | contract_name:0x9321bc6185adc9b9cb503cc211e17cb311c3fa95:SGO
0xef07d47e1b3255fa0694c2b00c253acf9d3ad536cb98bee6f20767a914e4a11d,safuu,high,log_addr:0x9321bc6185adc9b9cb503cc211e17cb311c3fa95:SafuuGO: SGO Token | token_symbol:0x9321bc6185adc9b9cb503cc211e17cb311c3fa95:SGO | token_name:0x9321bc6185adc9b9cb503cc211e17cb311c3fa95:SGO | contract_symbol:0x9321bc6185adc9b9cb503cc211e17cb311c3fa95:SGO | contract_name:0x9321bc6185adc9b9cb503cc211e17cb311c3fa95:SGO
0x4d4bb40f9d5a2a639e9ece050b9ab42878f9aeed84dae6773286a9bee62b2d9c,safuu,high,to_address:0x9321bc6185adc9b9cb503cc211e17cb311c3fa95:SafuuGO: SGO Token | to:SafuuGO: SGO Token | to_friendly_tag_final:SafuuGO: SGO Token | tx_to:0x9321bc6185adc9b9cb503cc211e17cb311c3fa95:SafuuGO: SGO Token | log_addr:0x9321bc6185adc9b9cb503cc211e17cb311c3fa95:SafuuGO: SGO Token | token_symbol:0x9321bc6185adc9b9cb503cc211e17cb311c3fa95:SGO | token_name:0x9321bc6185adc9b9cb503cc211e17cb311c3fa95:SGO | contract_symbol:0x9321bc6185adc9b9cb503cc211e17cb311c3fa95:SGO | contract_name:0x9321bc6185adc9b9cb503cc211e17cb311c3fa95:SGO
0xea03e62244a768519fd0ef2efc2d3236512226eb031f6be2b682a93e9cb67581,safuu,high,log_addr:0x9321bc6185adc9b9cb503cc211e17cb311c3fa95:SafuuGO: SGO Token | token_symbol:0x9321bc6185adc9b9cb503cc211e17cb311c3fa95:SGO | token_name:0x9321bc6185adc9b9cb503cc211e17cb311c3fa95:SGO | log_addr:0x9321bc6185adc9b9cb503cc211e17cb311c3fa95:SafuuGO: SGO Token | token_symbol:0x9321bc6185adc9b9cb503cc211e17cb311c3fa95:SGO | token_name:0x9321bc6185adc9b9cb503cc211e17cb311c3fa95:SGO | contract_symbol:0x9321bc6185adc9b9cb503cc211e17cb311c3fa95:SGO | contract_name:0x9321bc6185adc9b9cb503cc211e17cb311c3fa95:SGO
0xfcdaa2ef5e12d0bb8d8511298a8bdc4572cf62abd2988297e7879d9ff69c5030,safuu,high,log_addr:0x9321bc6185adc9b9cb503cc211e17cb311c3fa95:SafuuGO: SGO Token | token_symbol:0x9321bc6185adc9b9cb503cc211e17cb311c3fa95:SGO | token_name:0x9321bc6185adc9b9cb503cc211e17cb311c3fa95:SGO | contract_symbol:0x9321bc6185adc9b9cb503cc211e17cb311c3fa95:SGO | contract_name:0x9321bc6185adc9b9cb503cc211e17cb311c3fa95:SGO
0x62625c0424721e7b5c3a57d9b5c98dc514a736e42d99247df25726e4ebf2d004,safuu,high,log_addr:0x9321bc6185adc9b9cb503cc211e17cb311c3fa95:SafuuGO: SGO Token | token_symbol:0x9321bc6185adc9b9cb503cc211e17cb311c3fa95:SGO | token_name:0x9321bc6185adc9b9cb503cc211e17cb311c3fa95:SGO | contract_symbol:0x9321bc6185adc9b9cb503cc211e17cb311c3fa95:SGO | contract_name:0x9321bc6185adc9b9cb503cc211e17cb311c3fa95:SGO
0x6937d5e35e2d25b378a8d66e8163485f890e3d019ba98027ffd626555f63630a,safuu,high,log_addr:0x9321bc6185adc9b9cb503cc211e17cb311c3fa95:SafuuGO: SGO Token | token_symbol:0x9321bc6185adc9b9cb503cc211e17cb311c3fa95:SGO | token_name:0x9321bc6185adc9b9cb503cc211e17cb311c3fa95:SGO | contract_symbol:0x9321bc6185adc9b9cb503cc211e17cb311c3fa95:SGO | contract_name:0x9321bc6185adc9b9cb503cc211e17cb311c3fa95:SGO
0x9399e663cb06dbf3642422bd4f74677fa74cd6564caae1ba966be1c14c062670,safuu,high,to_address:0x9321bc6185adc9b9cb503cc211e17cb311c3fa95:SafuuGO: SGO Token | to:SafuuGO: SGO Token | to_friendly_tag_final:SafuuGO: SGO Token | tx_to:0x9321bc6185adc9b9cb503cc211e17cb311c3fa95:SafuuGO: SGO Token | log_addr:0x9321bc6185adc9b9cb503cc211e17cb311c3fa95:SafuuGO: SGO Token | token_symbol:0x9321bc6185adc9b9cb503cc211e17cb311c3fa95:SGO | token_name:0x9321bc6185adc9b9cb503cc211e17cb311c3fa95:SGO | contract_symbol:0x9321bc6185adc9b9cb503cc211e17cb311c3fa95:SGO | contract_name:0x9321bc6185adc9b9cb503cc211e17cb311c3fa95:SGO
0x903f8416eea2671c44ba9cd4589ff583bd8258cee0cb607c24b1013913a558ac,safuu,high,log_addr:0x9321bc6185adc9b9cb503cc211e17cb311c3fa95:SafuuGO: SGO Token | token_symbol:0x9321bc6185adc9b9cb503cc211e17cb311c3fa95:SGO | token_name:0x9321bc6185adc9b9cb503cc211e17cb311c3fa95:SGO | log_addr:0x9321bc6185adc9b9cb503cc211e17cb311c3fa95:SafuuGO: SGO Token | token_symbol:0x9321bc6185adc9b9cb503cc211e17cb311c3fa95:SGO | token_name:0x9321bc6185adc9b9cb503cc211e17cb311c3fa95:SGO | contract_symbol:0x9321bc6185adc9b9cb503cc211e17cb311c3fa95:SGO | contract_name:0x9321bc6185adc9b9cb503cc211e17cb311c3fa95:SGO
0x435c743ade0cc6aecd4d71f4b7296c12e6ecdc1f3d841cbad722b96e3bf2472c,safuu,high,log_addr:0x9321bc6185adc9b9cb503cc211e17cb311c3fa95:SafuuGO: SGO Token | token_symbol:0x9321bc6185adc9b9cb503cc211e17cb311c3fa95:SGO | token_name:0x9321bc6185adc9b9cb503cc211e17cb311c3fa95:SGO | log_addr:0x9321bc6185adc9b9cb503cc211e17cb311c3fa95:SafuuGO: SGO Token | token_symbol:0x9321bc6185adc9b9cb503cc211e17cb311c3fa95:SGO | token_name:0x9321bc6185adc9b9cb503cc211e17cb311c3fa95:SGO | contract_symbol:0x9321bc6185adc9b9cb503cc211e17cb311c3fa95:SGO | contract_name:0x9321bc6185adc9b9cb503cc211e17cb311c3fa95:SGO
0xb0258e99b09117dd848d70d950e1333b096b201b3de4d40cb57f301e7c931974,safuu,high,log_addr:0x9321bc6185adc9b9cb503cc211e17cb311c3fa95:SafuuGO: SGO Token | token_symbol:0x9321bc6185adc9b9cb503cc211e17cb311c3fa95:SGO | token_name:0x9321bc6185adc9b9cb503cc211e17cb311c3fa95:SGO | log_addr:0x9321bc6185adc9b9cb503cc211e17cb311c3fa95:SafuuGO: SGO Token | token_symbol:0x9321bc6185adc9b9cb503cc211e17cb311c3fa95:SGO | token_name:0x9321bc6185adc9b9cb503cc211e17cb311c3fa95:SGO | contract_symbol:0x9321bc6185adc9b9cb503cc211e17cb311c3fa95:SGO | contract_name:0x9321bc6185adc9b9cb503cc211e17cb311c3fa95:SGO
0x3c761c23daa12f827beb9a783556c5ff0ee5823e9fa98811b6451802bc8ca54e,safuu,high,log_addr:0x9321bc6185adc9b9cb503cc211e17cb311c3fa95:SafuuGO: SGO Token | token_symbol:0x9321bc6185adc9b9cb503cc211e17cb311c3fa95:SGO | token_name:0x9321bc6185adc9b9cb503cc211e17cb311c3fa95:SGO | log_addr:0x9321bc6185adc9b9cb503cc211e17cb311c3fa95:SafuuGO: SGO Token | token_symbol:0x9321bc6185adc9b9cb503cc211e17cb311c3fa95:SGO | token_name:0x9321bc6185adc9b9cb503cc211e17cb311c3fa95:SGO | contract_symbol:0x9321bc6185adc9b9cb503cc211e17cb311c3fa95:SGO | contract_name:0x9321bc6185adc9b9cb503cc211e17cb311c3fa95:SGO
0xa12519ffa47afad522ae6d5e610c920e313e9b8e3bee50176f3d7f2797534052,safuu,high,log_addr:0xe5ba47fd94cb645ba4119222e34fb33f59c7cd90:Safuu: SAFUU Token | token_symbol:0xe5ba47fd94cb645ba4119222e34fb33f59c7cd90:SAFUU | token_name:0xe5ba47fd94cb645ba4119222e34fb33f59c7cd90:Safuu | log_addr:0x9321bc6185adc9b9cb503cc211e17cb311c3fa95:SafuuGO: SGO Token | token_symbol:0x9321bc6185adc9b9cb503cc211e17cb311c3fa95:SGO | token_name:0x9321bc6185adc9b9cb503cc211e17cb311c3fa95:SGO | log_addr:0x9321bc6185adc9b9cb503cc211e17cb311c3fa95:SafuuGO: SGO Token | token_symbol:0x9321bc6185adc9b9cb503cc211e17cb311c3fa95:SGO | token_name:0x9321bc6185adc9b9cb503cc211e17cb311c3fa95:SGO | contract_symbol:0xe5ba47fd94cb645ba4119222e34fb33f59c7cd90:SAFUU | contract_name:0xe5ba47fd94cb645ba4119222e34fb33f59c7cd90:Safuu | contract_symbol:0x9321bc6185adc9b9cb503cc211e17cb311c3fa95:SGO | contract_name:0x9321bc6185adc9b9cb503cc211e17cb311c3fa95:SGO
0x82eb7aef248400e735dc95706d977c52a017091824bbf4c8627228bb865fbb02,safuu,high,to_address:0xe5ba47fd94cb645ba4119222e34fb33f59c7cd90:Safuu: SAFUU Token | to:Safuu: SAFUU Token | to_friendly_tag_final:Safuu: SAFUU Token | tx_to:0xe5ba47fd94cb645ba4119222e34fb33f59c7cd90:Safuu: SAFUU Token | log_addr:0xe5ba47fd94cb645ba4119222e34fb33f59c7cd90:Safuu: SAFUU Token | token_symbol:0xe5ba47fd94cb645ba4119222e34fb33f59c7cd90:SAFUU | token_name:0xe5ba47fd94cb645ba4119222e34fb33f59c7cd90:Safuu | contract_symbol:0xe5ba47fd94cb645ba4119222e34fb33f59c7cd90:SAFUU | contract_name:0xe5ba47fd94cb645ba4119222e34fb33f59c7cd90:Safuu
0x6c62d8bba8842264ff958bc7764b530b9973731b35b217f47a44a296503a1678,safuu,high,log_addr:0x9321bc6185adc9b9cb503cc211e17cb311c3fa95:SafuuGO: SGO Token | token_symbol:0x9321bc6185adc9b9cb503cc211e17cb311c3fa95:SGO | token_name:0x9321bc6185adc9b9cb503cc211e17cb311c3fa95:SGO | log_addr:0x9321bc6185adc9b9cb503cc211e17cb311c3fa95:SafuuGO: SGO Token | token_symbol:0x9321bc6185adc9b9cb503cc211e17cb311c3fa95:SGO | token_name:0x9321bc6185adc9b9cb503cc211e17cb311c3fa95:SGO | contract_symbol:0x9321bc6185adc9b9cb503cc211e17cb311c3fa95:SGO | contract_name:0x9321bc6185adc9b9cb503cc211e17cb311c3fa95:SGO
0x07196484e47d38507eb37ca22ceefd9edc29676fc0e7c29714f60273678fda24,safuu,high,log_addr:0xe5ba47fd94cb645ba4119222e34fb33f59c7cd90:Safuu: SAFUU Token | token_symbol:0xe5ba47fd94cb645ba4119222e34fb33f59c7cd90:SAFUU | token_name:0xe5ba47fd94cb645ba4119222e34fb33f59c7cd90:Safuu | log_addr:0xe5ba47fd94cb645ba4119222e34fb33f59c7cd90:Safuu: SAFUU Token | token_symbol:0xe5ba47fd94cb645ba4119222e34fb33f59c7cd90:SAFUU | token_name:0xe5ba47fd94cb645ba4119222e34fb33f59c7cd90:Safuu | contract_symbol:0xe5ba47fd94cb645ba4119222e34fb33f59c7cd90:SAFUU | contract_name:0xe5ba47fd94cb645ba4119222e34fb33f59c7cd90:Safuu
0x7b74025fb087ddec986610a20b3ab5eee848de565ccd80dc40ee7bdd0ffa1184,safuu,high,log_addr:0xe5ba47fd94cb645ba4119222e34fb33f59c7cd90:Safuu: SAFUU Token | token_symbol:0xe5ba47fd94cb645ba4119222e34fb33f59c7cd90:SAFUU | token_name:0xe5ba47fd94cb645ba4119222e34fb33f59c7cd90:Safuu | log_addr:0xe5ba47fd94cb645ba4119222e34fb33f59c7cd90:Safuu: SAFUU Token | token_symbol:0xe5ba47fd94cb645ba4119222e34fb33f59c7cd90:SAFUU | token_name:0xe5ba47fd94cb645ba4119222e34fb33f59c7cd90:Safuu | contract_symbol:0xe5ba47fd94cb645ba4119222e34fb33f59c7cd90:SAFUU | contract_name:0xe5ba47fd94cb645ba4119222e34fb33f59c7cd90:Safuu
0x972d70bca0b12482bb72109fd7289a0b2a647c9260988cb845ddb1e9defb7b96,safuu,high,log_addr:0xe5ba47fd94cb645ba4119222e34fb33f59c7cd90:Safuu: SAFUU Token | token_symbol:0xe5ba47fd94cb645ba4119222e34fb33f59c7cd90:SAFUU | token_name:0xe5ba47fd94cb645ba4119222e34fb33f59c7cd90:Safuu | log_addr:0xe5ba47fd94cb645ba4119222e34fb33f59c7cd90:Safuu: SAFUU Token | token_symbol:0xe5ba47fd94cb645ba4119222e34fb33f59c7cd90:SAFUU | token_name:0xe5ba47fd94cb645ba4119222e34fb33f59c7cd90:Safuu | contract_symbol:0xe5ba47fd94cb645ba4119222e34fb33f59c7cd90:SAFUU | contract_name:0xe5ba47fd94cb645ba4119222e34fb33f59c7cd90:Safuu
0xbbb2824868bf0eb2bc0d44e22f9bd20973c5c945f77d72cd6dbdd9b46538894c,safuu,high,log_addr:0xe5ba47fd94cb645ba4119222e34fb33f59c7cd90:Safuu: SAFUU Token | token_symbol:0xe5ba47fd94cb645ba4119222e34fb33f59c7cd90:SAFUU | token_name:0xe5ba47fd94cb645ba4119222e34fb33f59c7cd90:Safuu | log_addr:0xe5ba47fd94cb645ba4119222e34fb33f59c7cd90:Safuu: SAFUU Token | token_symbol:0xe5ba47fd94cb645ba4119222e34fb33f59c7cd90:SAFUU | token_name:0xe5ba47fd94cb645ba4119222e34fb33f59c7cd90:Safuu | contract_symbol:0xe5ba47fd94cb645ba4119222e34fb33f59c7cd90:SAFUU | contract_name:0xe5ba47fd94cb645ba4119222e34fb33f59c7cd90:Safuu
0x57c3671d8830db649b9869355fe28043866b9a9deb6d241b6eb825fdbfd4d72a,safuu,high,to_address:0xe5ba47fd94cb645ba4119222e34fb33f59c7cd90:Safuu: SAFUU Token | to:Safuu: SAFUU Token | to_friendly_tag_final:Safuu: SAFUU Token | tx_to:0xe5ba47fd94cb645ba4119222e34fb33f59c7cd90:Safuu: SAFUU Token | log_addr:0xe5ba47fd94cb645ba4119222e34fb33f59c7cd90:Safuu: SAFUU Token | token_symbol:0xe5ba47fd94cb645ba4119222e34fb33f59c7cd90:SAFUU | token_name:0xe5ba47fd94cb645ba4119222e34fb33f59c7cd90:Safuu | contract_symbol:0xe5ba47fd94cb645ba4119222e34fb33f59c7cd90:SAFUU | contract_name:0xe5ba47fd94cb645ba4119222e34fb33f59c7cd90:Safuu
0x6496491179b0541feb69987bb63c9ea37fcf08510a0a1d53844f24e40b7eebc9,safuu,high,log_addr:0xe5ba47fd94cb645ba4119222e34fb33f59c7cd90:Safuu: SAFUU Token | token_symbol:0xe5ba47fd94cb645ba4119222e34fb33f59c7cd90:SAFUU | token_name:0xe5ba47fd94cb645ba4119222e34fb33f59c7cd90:Safuu | log_addr:0xe5ba47fd94cb645ba4119222e34fb33f59c7cd90:Safuu: SAFUU Token | token_symbol:0xe5ba47fd94cb645ba4119222e34fb33f59c7cd90:SAFUU | token_name:0xe5ba47fd94cb645ba4119222e34fb33f59c7cd90:Safuu | contract_symbol:0xe5ba47fd94cb645ba4119222e34fb33f59c7cd90:SAFUU | contract_name:0xe5ba47fd94cb645ba4119222e34fb33f59c7cd90:Safuu
0x4676f8bd52cf5d2b3f586e922003ac611a8d622184047126fb1937626ede614d,safuu,high,to_address:0xe5ba47fd94cb645ba4119222e34fb33f59c7cd90:Safuu: SAFUU Token | to:Safuu: SAFUU Token | to_friendly_tag_final:Safuu: SAFUU Token | tx_to:0xe5ba47fd94cb645ba4119222e34fb33f59c7cd90:Safuu: SAFUU Token | log_addr:0xe5ba47fd94cb645ba4119222e34fb33f59c7cd90:Safuu: SAFUU Token | token_symbol:0xe5ba47fd94cb645ba4119222e34fb33f59c7cd90:SAFUU | token_name:0xe5ba47fd94cb645ba4119222e34fb33f59c7cd90:Safuu | contract_symbol:0xe5ba47fd94cb645ba4119222e34fb33f59c7cd90:SAFUU | contract_name:0xe5ba47fd94cb645ba4119222e34fb33f59c7cd90:Safuu
0x9c16151c6b76e727a9a35452b087c14e95a276c4ca5a4b2cb6a0817be29931dc,safuu,high,log_addr:0xe5ba47fd94cb645ba4119222e34fb33f59c7cd90:Safuu: SAFUU Token | token_symbol:0xe5ba47fd94cb645ba4119222e34fb33f59c7cd90:SAFUU | token_name:0xe5ba47fd94cb645ba4119222e34fb33f59c7cd90:Safuu | log_addr:0xe5ba47fd94cb645ba4119222e34fb33f59c7cd90:Safuu: SAFUU Token | token_symbol:0xe5ba47fd94cb645ba4119222e34fb33f59c7cd90:SAFUU | token_name:0xe5ba47fd94cb645ba4119222e34fb33f59c7cd90:Safuu | contract_symbol:0xe5ba47fd94cb645ba4119222e34fb33f59c7cd90:SAFUU | contract_name:0xe5ba47fd94cb645ba4119222e34fb33f59c7cd90:Safuu
0xf278c77adafb358f675bb5dff43e66e801385d586f307973d779bbdbc98eeb6d,safuu,high,log_addr:0xe5ba47fd94cb645ba4119222e34fb33f59c7cd90:Safuu: SAFUU Token | token_symbol:0xe5ba47fd94cb645ba4119222e34fb33f59c7cd90:SAFUU | token_name:0xe5ba47fd94cb645ba4119222e34fb33f59c7cd90:Safuu | token_symbol:0xfbffeccb8ec2d959b15699ef80d035c5f5a7bf50:SGO | token_name:0xfbffeccb8ec2d959b15699ef80d035c5f5a7bf50:SGO | token_symbol:0xfbffeccb8ec2d959b15699ef80d035c5f5a7bf50:SGO | token_name:0xfbffeccb8ec2d959b15699ef80d035c5f5a7bf50:SGO | contract_symbol:0xe5ba47fd94cb645ba4119222e34fb33f59c7cd90:SAFUU | contract_name:0xe5ba47fd94cb645ba4119222e34fb33f59c7cd90:Safuu | contract_symbol:0xfbffeccb8ec2d959b15699ef80d035c5f5a7bf50:SGO | contract_name:0xfbffeccb8ec2d959b15699ef80d035c5f5a7bf50:SGO
0xaadfae1b1d947c112c8360b7676e83e7bbbd3c1d5c3d59e960ed822f734c09a0,safuu,high,log_addr:0xe5ba47fd94cb645ba4119222e34fb33f59c7cd90:Safuu: SAFUU Token | token_symbol:0xe5ba47fd94cb645ba4119222e34fb33f59c7cd90:SAFUU | token_name:0xe5ba47fd94cb645ba4119222e34fb33f59c7cd90:Safuu | token_symbol:0xfbffeccb8ec2d959b15699ef80d035c5f5a7bf50:SGO | token_name:0xfbffeccb8ec2d959b15699ef80d035c5f5a7bf50:SGO | token_symbol:0xfbffeccb8ec2d959b15699ef80d035c5f5a7bf50:SGO | token_name:0xfbffeccb8ec2d959b15699ef80d035c5f5a7bf50:SGO | contract_symbol:0xe5ba47fd94cb645ba4119222e34fb33f59c7cd90:SAFUU | contract_name:0xe5ba47fd94cb645ba4119222e34fb33f59c7cd90:Safuu | contract_symbol:0xfbffeccb8ec2d959b15699ef80d035c5f5a7bf50:SGO | contract_name:0xfbffeccb8ec2d959b15699ef80d035c5f5a7bf50:SGO
0x24592c601c687ea362bc0d3d23c0e1edc82f9775801208ade0fdeb2c3d240ce3,safuu,high,to_address:0xe5ba47fd94cb645ba4119222e34fb33f59c7cd90:Safuu: SAFUU Token | to:Safuu: SAFUU Token | to_friendly_tag_final:Safuu: SAFUU Token | tx_to:0xe5ba47fd94cb645ba4119222e34fb33f59c7cd90:Safuu: SAFUU Token | log_addr:0xe5ba47fd94cb645ba4119222e34fb33f59c7cd90:Safuu: SAFUU Token | token_symbol:0xe5ba47fd94cb645ba4119222e34fb33f59c7cd90:SAFUU | token_name:0xe5ba47fd94cb645ba4119222e34fb33f59c7cd90:Safuu | contract_symbol:0xe5ba47fd94cb645ba4119222e34fb33f59c7cd90:SAFUU | contract_name:0xe5ba47fd94cb645ba4119222e34fb33f59c7cd90:Safuu
0x8372c75d4a904247a6c1dd4ae8477cc1d7020b20bee24d79e25ed96b3393a136,safuu,high,log_addr:0xe5ba47fd94cb645ba4119222e34fb33f59c7cd90:Safuu: SAFUU Token | token_symbol:0xe5ba47fd94cb645ba4119222e34fb33f59c7cd90:SAFUU | token_name:0xe5ba47fd94cb645ba4119222e34fb33f59c7cd90:Safuu | log_addr:0xe5ba47fd94cb645ba4119222e34fb33f59c7cd90:Safuu: SAFUU Token | token_symbol:0xe5ba47fd94cb645ba4119222e34fb33f59c7cd90:SAFUU | token_name:0xe5ba47fd94cb645ba4119222e34fb33f59c7cd90:Safuu | contract_symbol:0xe5ba47fd94cb645ba4119222e34fb33f59c7cd90:SAFUU | contract_name:0xe5ba47fd94cb645ba4119222e34fb33f59c7cd90:Safuu
0xadc084a029e293a9cc9efa389309181e2ad1d3e53f9e88318eabd5d2f70f4d00,safuu,high,log_addr:0xe5ba47fd94cb645ba4119222e34fb33f59c7cd90:Safuu: SAFUU Token | token_symbol:0xe5ba47fd94cb645ba4119222e34fb33f59c7cd90:SAFUU | token_name:0xe5ba47fd94cb645ba4119222e34fb33f59c7cd90:Safuu | log_addr:0xe5ba47fd94cb645ba4119222e34fb33f59c7cd90:Safuu: SAFUU Token | token_symbol:0xe5ba47fd94cb645ba4119222e34fb33f59c7cd90:SAFUU | token_name:0xe5ba47fd94cb645ba4119222e34fb33f59c7cd90:Safuu | contract_symbol:0xe5ba47fd94cb645ba4119222e34fb33f59c7cd90:SAFUU | contract_name:0xe5ba47fd94cb645ba4119222e34fb33f59c7cd90:Safuu
0x1fc2eaf4c2f295bf56e135c7da2bfbe8841b82453a6e8046d6dcb9bb8ec5ecb0,safuu,high,log_addr:0xe5ba47fd94cb645ba4119222e34fb33f59c7cd90:Safuu: SAFUU Token | token_symbol:0xe5ba47fd94cb645ba4119222e34fb33f59c7cd90:SAFUU | token_name:0xe5ba47fd94cb645ba4119222e34fb33f59c7cd90:Safuu | log_addr:0xe5ba47fd94cb645ba4119222e34fb33f59c7cd90:Safuu: SAFUU Token | token_symbol:0xe5ba47fd94cb645ba4119222e34fb33f59c7cd90:SAFUU | token_name:0xe5ba47fd94cb645ba4119222e34fb33f59c7cd90:Safuu | contract_symbol:0xe5ba47fd94cb645ba4119222e34fb33f59c7cd90:SAFUU | contract_name:0xe5ba47fd94cb645ba4119222e34fb33f59c7cd90:Safuu
0x128e0b0489e7ccfe9a80c3498ddea3ab7a70b7e2178143293cf7d72c688a03d2,safuu,high,log_addr:0xe5ba47fd94cb645ba4119222e34fb33f59c7cd90:Safuu: SAFUU Token | token_symbol:0xe5ba47fd94cb645ba4119222e34fb33f59c7cd90:SAFUU | token_name:0xe5ba47fd94cb645ba4119222e34fb33f59c7cd90:Safuu | log_addr:0xe5ba47fd94cb645ba4119222e34fb33f59c7cd90:Safuu: SAFUU Token | token_symbol:0xe5ba47fd94cb645ba4119222e34fb33f59c7cd90:SAFUU | token_name:0xe5ba47fd94cb645ba4119222e34fb33f59c7cd90:Safuu | contract_symbol:0xe5ba47fd94cb645ba4119222e34fb33f59c7cd90:SAFUU | contract_name:0xe5ba47fd94cb645ba4119222e34fb33f59c7cd90:Safuu
0xae4046aa99873e8d4516ad77242d9ca2b021424e31c142524c3ca2a45d5221c3,safuu,high,to_address:0xe5ba47fd94cb645ba4119222e34fb33f59c7cd90:Safuu: SAFUU Token | to:Safuu: SAFUU Token | to_friendly_tag_final:Safuu: SAFUU Token | tx_to:0xe5ba47fd94cb645ba4119222e34fb33f59c7cd90:Safuu: SAFUU Token | log_addr:0xe5ba47fd94cb645ba4119222e34fb33f59c7cd90:Safuu: SAFUU Token | token_symbol:0xe5ba47fd94cb645ba4119222e34fb33f59c7cd90:SAFUU | token_name:0xe5ba47fd94cb645ba4119222e34fb33f59c7cd90:Safuu | contract_symbol:0xe5ba47fd94cb645ba4119222e34fb33f59c7cd90:SAFUU | contract_name:0xe5ba47fd94cb645ba4119222e34fb33f59c7cd90:Safuu
0x0f5ad441df6d74da3957081f5e137ca65c3bb76d0bc07e568618536b23f5b82e,safuu,high,to_address:0xe5ba47fd94cb645ba4119222e34fb33f59c7cd90:Safuu: SAFUU Token | to:Safuu: SAFUU Token | to_friendly_tag_final:Safuu: SAFUU Token | tx_to:0xe5ba47fd94cb645ba4119222e34fb33f59c7cd90:Safuu: SAFUU Token | log_addr:0xe5ba47fd94cb645ba4119222e34fb33f59c7cd90:Safuu: SAFUU Token | token_symbol:0xe5ba47fd94cb645ba4119222e34fb33f59c7cd90:SAFUU | token_name:0xe5ba47fd94cb645ba4119222e34fb33f59c7cd90:Safuu | contract_symbol:0xe5ba47fd94cb645ba4119222e34fb33f59c7cd90:SAFUU | contract_name:0xe5ba47fd94cb645ba4119222e34fb33f59c7cd90:Safuu
0xf2008bcb447b78c6f097aae2aff0daba384236a302cf0f4bf5af22b756fde96e,safuu,high,log_addr:0xe5ba47fd94cb645ba4119222e34fb33f59c7cd90:Safuu: SAFUU Token | token_symbol:0xe5ba47fd94cb645ba4119222e34fb33f59c7cd90:SAFUU | token_name:0xe5ba47fd94cb645ba4119222e34fb33f59c7cd90:Safuu | log_addr:0xe5ba47fd94cb645ba4119222e34fb33f59c7cd90:Safuu: SAFUU Token | token_symbol:0xe5ba47fd94cb645ba4119222e34fb33f59c7cd90:SAFUU | token_name:0xe5ba47fd94cb645ba4119222e34fb33f59c7cd90:Safuu | contract_symbol:0xe5ba47fd94cb645ba4119222e34fb33f59c7cd90:SAFUU | contract_name:0xe5ba47fd94cb645ba4119222e34fb33f59c7cd90:Safuu
0xeafa71c186b7f5b0a7659e60f0f637f048d264b8ef38ef683e169982e0f0cd5c,safuu,high,log_addr:0xe5ba47fd94cb645ba4119222e34fb33f59c7cd90:Safuu: SAFUU Token | token_symbol:0xe5ba47fd94cb645ba4119222e34fb33f59c7cd90:SAFUU | token_name:0xe5ba47fd94cb645ba4119222e34fb33f59c7cd90:Safuu | log_addr:0xe5ba47fd94cb645ba4119222e34fb33f59c7cd90:Safuu: SAFUU Token | token_symbol:0xe5ba47fd94cb645ba4119222e34fb33f59c7cd90:SAFUU | token_name:0xe5ba47fd94cb645ba4119222e34fb33f59c7cd90:Safuu | contract_symbol:0xe5ba47fd94cb645ba4119222e34fb33f59c7cd90:SAFUU | contract_name:0xe5ba47fd94cb645ba4119222e34fb33f59c7cd90:Safuu
0xf02a2e06ec6aaabd352dca866c553c6e5d8f2a4b788f07f0f31d42d34dc8e86c,safuu,high,to_address:0xe5ba47fd94cb645ba4119222e34fb33f59c7cd90:Safuu: SAFUU Token | to:Safuu: SAFUU Token | to_friendly_tag_final:Safuu: SAFUU Token | tx_to:0xe5ba47fd94cb645ba4119222e34fb33f59c7cd90:Safuu: SAFUU Token | log_addr:0xe5ba47fd94cb645ba4119222e34fb33f59c7cd90:Safuu: SAFUU Token | token_symbol:0xe5ba47fd94cb645ba4119222e34fb33f59c7cd90:SAFUU | token_name:0xe5ba47fd94cb645ba4119222e34fb33f59c7cd90:Safuu | contract_symbol:0xe5ba47fd94cb645ba4119222e34fb33f59c7cd90:SAFUU | contract_name:0xe5ba47fd94cb645ba4119222e34fb33f59c7cd90:Safuu
0xd7cd72d3f80f586b03d33e0b45a90bd7341399142202a925c4a8cffc13a051ca,safuu,high,log_addr:0xe5ba47fd94cb645ba4119222e34fb33f59c7cd90:Safuu: SAFUU Token | token_symbol:0xe5ba47fd94cb645ba4119222e34fb33f59c7cd90:SAFUU | token_name:0xe5ba47fd94cb645ba4119222e34fb33f59c7cd90:Safuu | log_addr:0xe5ba47fd94cb645ba4119222e34fb33f59c7cd90:Safuu: SAFUU Token | token_symbol:0xe5ba47fd94cb645ba4119222e34fb33f59c7cd90:SAFUU | token_name:0xe5ba47fd94cb645ba4119222e34fb33f59c7cd90:Safuu | contract_symbol:0xe5ba47fd94cb645ba4119222e34fb33f59c7cd90:SAFUU | contract_name:0xe5ba47fd94cb645ba4119222e34fb33f59c7cd90:Safuu
0x2b662087c33fb9d90dcf21705ae3487fd96993a332620198d01b7ce6fbdefc24,safuu,high,log_addr:0xe5ba47fd94cb645ba4119222e34fb33f59c7cd90:Safuu: SAFUU Token | token_symbol:0xe5ba47fd94cb645ba4119222e34fb33f59c7cd90:SAFUU | token_name:0xe5ba47fd94cb645ba4119222e34fb33f59c7cd90:Safuu | log_addr:0xe5ba47fd94cb645ba4119222e34fb33f59c7cd90:Safuu: SAFUU Token | token_symbol:0xe5ba47fd94cb645ba4119222e34fb33f59c7cd90:SAFUU | token_name:0xe5ba47fd94cb645ba4119222e34fb33f59c7cd90:Safuu | contract_symbol:0xe5ba47fd94cb645ba4119222e34fb33f59c7cd90:SAFUU | contract_name:0xe5ba47fd94cb645ba4119222e34fb33f59c7cd90:Safuu
0x78f1ffd234163fb72749c23453fa28d61ac9396cb432ff177ec03fd588964d73,safuu,high,log_addr:0xe5ba47fd94cb645ba4119222e34fb33f59c7cd90:Safuu: SAFUU Token | token_symbol:0xe5ba47fd94cb645ba4119222e34fb33f59c7cd90:SAFUU | token_name:0xe5ba47fd94cb645ba4119222e34fb33f59c7cd90:Safuu | log_addr:0xe5ba47fd94cb645ba4119222e34fb33f59c7cd90:Safuu: SAFUU Token | token_symbol:0xe5ba47fd94cb645ba4119222e34fb33f59c7cd90:SAFUU | token_name:0xe5ba47fd94cb645ba4119222e34fb33f59c7cd90:Safuu | contract_symbol:0xe5ba47fd94cb645ba4119222e34fb33f59c7cd90:SAFUU | contract_name:0xe5ba47fd94cb645ba4119222e34fb33f59c7cd90:Safuu
0x6e0693cde3b0937e5bba9f54bf41f70846686e60c4e198fdb3d765b0970ed2e7,safuu,high,log_addr:0xe5ba47fd94cb645ba4119222e34fb33f59c7cd90:Safuu: SAFUU Token | token_symbol:0xe5ba47fd94cb645ba4119222e34fb33f59c7cd90:SAFUU | token_name:0xe5ba47fd94cb645ba4119222e34fb33f59c7cd90:Safuu | log_addr:0xe5ba47fd94cb645ba4119222e34fb33f59c7cd90:Safuu: SAFUU Token | token_symbol:0xe5ba47fd94cb645ba4119222e34fb33f59c7cd90:SAFUU | token_name:0xe5ba47fd94cb645ba4119222e34fb33f59c7cd90:Safuu | contract_symbol:0xe5ba47fd94cb645ba4119222e34fb33f59c7cd90:SAFUU | contract_name:0xe5ba47fd94cb645ba4119222e34fb33f59c7cd90:Safuu
0x0e787ce9c9140f85cb509b7954a415c5e234c1a17f4410af3dd8ffca21c4dc8f,safuu,high,to_address:0xe5ba47fd94cb645ba4119222e34fb33f59c7cd90:Safuu: SAFUU Token | to:Safuu: SAFUU Token | to_friendly_tag_final:Safuu: SAFUU Token | tx_to:0xe5ba47fd94cb645ba4119222e34fb33f59c7cd90:Safuu: SAFUU Token | log_addr:0xe5ba47fd94cb645ba4119222e34fb33f59c7cd90:Safuu: SAFUU Token | token_symbol:0xe5ba47fd94cb645ba4119222e34fb33f59c7cd90:SAFUU | token_name:0xe5ba47fd94cb645ba4119222e34fb33f59c7cd90:Safuu | contract_symbol:0xe5ba47fd94cb645ba4119222e34fb33f59c7cd90:SAFUU | contract_name:0xe5ba47fd94cb645ba4119222e34fb33f59c7cd90:Safuu
0x6d0fcb8efc2dbec2f40f10644952c0056ba86fbfa6d4fd1228f41b6eac8d486c,safuu,high,log_addr:0xe5ba47fd94cb645ba4119222e34fb33f59c7cd90:Safuu: SAFUU Token | token_symbol:0xe5ba47fd94cb645ba4119222e34fb33f59c7cd90:SAFUU | token_name:0xe5ba47fd94cb645ba4119222e34fb33f59c7cd90:Safuu | log_addr:0xe5ba47fd94cb645ba4119222e34fb33f59c7cd90:Safuu: SAFUU Token | token_symbol:0xe5ba47fd94cb645ba4119222e34fb33f59c7cd90:SAFUU | token_name:0xe5ba47fd94cb645ba4119222e34fb33f59c7cd90:Safuu | contract_symbol:0xe5ba47fd94cb645ba4119222e34fb33f59c7cd90:SAFUU | contract_name:0xe5ba47fd94cb645ba4119222e34fb33f59c7cd90:Safuu
0x082b35e31514726f1df7df6a3e30962b6f4386c63f1804a8e071169d16d6c03a,safuu,high,log_addr:0xe5ba47fd94cb645ba4119222e34fb33f59c7cd90:Safuu: SAFUU Token | token_symbol:0xe5ba47fd94cb645ba4119222e34fb33f59c7cd90:SAFUU | token_name:0xe5ba47fd94cb645ba4119222e34fb33f59c7cd90:Safuu | log_addr:0xe5ba47fd94cb645ba4119222e34fb33f59c7cd90:Safuu: SAFUU Token | token_symbol:0xe5ba47fd94cb645ba4119222e34fb33f59c7cd90:SAFUU | token_name:0xe5ba47fd94cb645ba4119222e34fb33f59c7cd90:Safuu | contract_symbol:0xe5ba47fd94cb645ba4119222e34fb33f59c7cd90:SAFUU | contract_name:0xe5ba47fd94cb645ba4119222e34fb33f59c7cd90:Safuu
0x971d968a570bd2d23acd386568833bd123707137d87a778192ff3dcea5911317,safuu,high,log_addr:0xe5ba47fd94cb645ba4119222e34fb33f59c7cd90:Safuu: SAFUU Token | token_symbol:0xe5ba47fd94cb645ba4119222e34fb33f59c7cd90:SAFUU | token_name:0xe5ba47fd94cb645ba4119222e34fb33f59c7cd90:Safuu | log_addr:0xe5ba47fd94cb645ba4119222e34fb33f59c7cd90:Safuu: SAFUU Token | token_symbol:0xe5ba47fd94cb645ba4119222e34fb33f59c7cd90:SAFUU | token_name:0xe5ba47fd94cb645ba4119222e34fb33f59c7cd90:Safuu | contract_symbol:0xe5ba47fd94cb645ba4119222e34fb33f59c7cd90:SAFUU | contract_name:0xe5ba47fd94cb645ba4119222e34fb33f59c7cd90:Safuu
0x5e812357c811778edbc377d673d821e6bc9ef5fb0394354a0b3ac9ec4b4a6d07,safuu,high,log_addr:0xe5ba47fd94cb645ba4119222e34fb33f59c7cd90:Safuu: SAFUU Token | token_symbol:0xe5ba47fd94cb645ba4119222e34fb33f59c7cd90:SAFUU | token_name:0xe5ba47fd94cb645ba4119222e34fb33f59c7cd90:Safuu | log_addr:0xe5ba47fd94cb645ba4119222e34fb33f59c7cd90:Safuu: SAFUU Token | token_symbol:0xe5ba47fd94cb645ba4119222e34fb33f59c7cd90:SAFUU | token_name:0xe5ba47fd94cb645ba4119222e34fb33f59c7cd90:Safuu | contract_symbol:0xe5ba47fd94cb645ba4119222e34fb33f59c7cd90:SAFUU | contract_name:0xe5ba47fd94cb645ba4119222e34fb33f59c7cd90:Safuu
0xc6c1ff827984dd204d6b54656fc2522910d58fefbc2727e8202b6689b738efe0,safuu,high,log_addr:0xe5ba47fd94cb645ba4119222e34fb33f59c7cd90:Safuu: SAFUU Token | token_symbol:0xe5ba47fd94cb645ba4119222e34fb33f59c7cd90:SAFUU | token_name:0xe5ba47fd94cb645ba4119222e34fb33f59c7cd90:Safuu | log_addr:0xe5ba47fd94cb645ba4119222e34fb33f59c7cd90:Safuu: SAFUU Token | token_symbol:0xe5ba47fd94cb645ba4119222e34fb33f59c7cd90:SAFUU | token_name:0xe5ba47fd94cb645ba4119222e34fb33f59c7cd90:Safuu | contract_symbol:0xe5ba47fd94cb645ba4119222e34fb33f59c7cd90:SAFUU | contract_name:0xe5ba47fd94cb645ba4119222e34fb33f59c7cd90:Safuu
0xed11a9b1144815f109a1f63faf2905a932cf7021e2a5ee9edb7ef1ab8a019fa1,safuu,high,log_addr:0xe5ba47fd94cb645ba4119222e34fb33f59c7cd90:Safuu: SAFUU Token | token_symbol:0xe5ba47fd94cb645ba4119222e34fb33f59c7cd90:SAFUU | token_name:0xe5ba47fd94cb645ba4119222e34fb33f59c7cd90:Safuu | log_addr:0xe5ba47fd94cb645ba4119222e34fb33f59c7cd90:Safuu: SAFUU Token | token_symbol:0xe5ba47fd94cb645ba4119222e34fb33f59c7cd90:SAFUU | token_name:0xe5ba47fd94cb645ba4119222e34fb33f59c7cd90:Safuu | contract_symbol:0xe5ba47fd94cb645ba4119222e34fb33f59c7cd90:SAFUU | contract_name:0xe5ba47fd94cb645ba4119222e34fb33f59c7cd90:Safuu
0xdf5c270a502fbe33f75ac1f0c1b17206278b72bd9c20f71ce6bfeb2867dab941,safuu,high,log_addr:0xe5ba47fd94cb645ba4119222e34fb33f59c7cd90:Safuu: SAFUU Token | token_symbol:0xe5ba47fd94cb645ba4119222e34fb33f59c7cd90:SAFUU | token_name:0xe5ba47fd94cb645ba4119222e34fb33f59c7cd90:Safuu | contract_symbol:0xe5ba47fd94cb645ba4119222e34fb33f59c7cd90:SAFUU | contract_name:0xe5ba47fd94cb645ba4119222e34fb33f59c7cd90:Safuu
0x9a44ff216e8eb9fe544e09ec60f6acb7a8844fceb633ee3edea0e35b86b493b6,safuu,high,log_addr:0xe5ba47fd94cb645ba4119222e34fb33f59c7cd90:Safuu: SAFUU Token | token_symbol:0xe5ba47fd94cb645ba4119222e34fb33f59c7cd90:SAFUU | token_name:0xe5ba47fd94cb645ba4119222e34fb33f59c7cd90:Safuu | contract_symbol:0xe5ba47fd94cb645ba4119222e34fb33f59c7cd90:SAFUU | contract_name:0xe5ba47fd94cb645ba4119222e34fb33f59c7cd90:Safuu
0x53219a3f344858648f979e1e801c693c1447cef1469372de3662a74ba61a5361,safuu,high,log_addr:0xe5ba47fd94cb645ba4119222e34fb33f59c7cd90:Safuu: SAFUU Token | token_symbol:0xe5ba47fd94cb645ba4119222e34fb33f59c7cd90:SAFUU | token_name:0xe5ba47fd94cb645ba4119222e34fb33f59c7cd90:Safuu | log_addr:0xe5ba47fd94cb645ba4119222e34fb33f59c7cd90:Safuu: SAFUU Token | token_symbol:0xe5ba47fd94cb645ba4119222e34fb33f59c7cd90:SAFUU | token_name:0xe5ba47fd94cb645ba4119222e34fb33f59c7cd90:Safuu | contract_symbol:0xe5ba47fd94cb645ba4119222e34fb33f59c7cd90:SAFUU | contract_name:0xe5ba47fd94cb645ba4119222e34fb33f59c7cd90:Safuu
0x05058e72fd50bfd7d579d1c3f41abfec02f7da7ac4ade46a40e1beedbb56eb8d,safuu,high,log_addr:0xe5ba47fd94cb645ba4119222e34fb33f59c7cd90:Safuu: SAFUU Token | token_symbol:0xe5ba47fd94cb645ba4119222e34fb33f59c7cd90:SAFUU | token_name:0xe5ba47fd94cb645ba4119222e34fb33f59c7cd90:Safuu | log_addr:0xe5ba47fd94cb645ba4119222e34fb33f59c7cd90:Safuu: SAFUU Token | token_symbol:0xe5ba47fd94cb645ba4119222e34fb33f59c7cd90:SAFUU | token_name:0xe5ba47fd94cb645ba4119222e34fb33f59c7cd90:Safuu | contract_symbol:0xe5ba47fd94cb645ba4119222e34fb33f59c7cd90:SAFUU | contract_name:0xe5ba47fd94cb645ba4119222e34fb33f59c7cd90:Safuu
0x5e7b43bfb89e3091273cc4d74aa30c9ea6b314f25031fcef4c580cd9c5b43df8,safuu,high,log_addr:0xe5ba47fd94cb645ba4119222e34fb33f59c7cd90:Safuu: SAFUU Token | token_symbol:0xe5ba47fd94cb645ba4119222e34fb33f59c7cd90:SAFUU | token_name:0xe5ba47fd94cb645ba4119222e34fb33f59c7cd90:Safuu | contract_symbol:0xe5ba47fd94cb645ba4119222e34fb33f59c7cd90:SAFUU | contract_name:0xe5ba47fd94cb645ba4119222e34fb33f59c7cd90:Safuu
0x3f5239c2809434a93adb970259fe062fe407b0c65f52bfaa6a9a8376d515efd4,safuu,high,log_addr:0xe5ba47fd94cb645ba4119222e34fb33f59c7cd90:Safuu: SAFUU Token | token_symbol:0xe5ba47fd94cb645ba4119222e34fb33f59c7cd90:SAFUU | token_name:0xe5ba47fd94cb645ba4119222e34fb33f59c7cd90:Safuu | contract_symbol:0xe5ba47fd94cb645ba4119222e34fb33f59c7cd90:SAFUU | contract_name:0xe5ba47fd94cb645ba4119222e34fb33f59c7cd90:Safuu
0x49204e46e9bb11227e5a890edb62674eb8e5f1ea988c879a3e41d87d25873d3b,safuu,high,log_addr:0xe5ba47fd94cb645ba4119222e34fb33f59c7cd90:Safuu: SAFUU Token | token_symbol:0xe5ba47fd94cb645ba4119222e34fb33f59c7cd90:SAFUU | token_name:0xe5ba47fd94cb645ba4119222e34fb33f59c7cd90:Safuu | log_addr:0xe5ba47fd94cb645ba4119222e34fb33f59c7cd90:Safuu: SAFUU Token | token_symbol:0xe5ba47fd94cb645ba4119222e34fb33f59c7cd90:SAFUU | token_name:0xe5ba47fd94cb645ba4119222e34fb33f59c7cd90:Safuu | contract_symbol:0xe5ba47fd94cb645ba4119222e34fb33f59c7cd90:SAFUU | contract_name:0xe5ba47fd94cb645ba4119222e34fb33f59c7cd90:Safuu
0x07e1eff24fd204d0b21543d8036fc6f591fec06d0c2866f2aa973ad507f7cad8,safuu,high,log_addr:0xe5ba47fd94cb645ba4119222e34fb33f59c7cd90:Safuu: SAFUU Token | token_symbol:0xe5ba47fd94cb645ba4119222e34fb33f59c7cd90:SAFUU | token_name:0xe5ba47fd94cb645ba4119222e34fb33f59c7cd90:Safuu | contract_symbol:0xe5ba47fd94cb645ba4119222e34fb33f59c7cd90:SAFUU | contract_name:0xe5ba47fd94cb645ba4119222e34fb33f59c7cd90:Safuu
0x1d46edce8a10af217946a4810df399ababd522c520d5f71ae6d640ee005a6d25,safuu,high,log_addr:0xe5ba47fd94cb645ba4119222e34fb33f59c7cd90:Safuu: SAFUU Token | token_symbol:0xe5ba47fd94cb645ba4119222e34fb33f59c7cd90:SAFUU | token_name:0xe5ba47fd94cb645ba4119222e34fb33f59c7cd90:Safuu | contract_symbol:0xe5ba47fd94cb645ba4119222e34fb33f59c7cd90:SAFUU | contract_name:0xe5ba47fd94cb645ba4119222e34fb33f59c7cd90:Safuu
0x9b806e6897fbdbabe3dbeed2415306496deb28fab6811742b29ef9e58bf6cf36,safuu,high,log_addr:0xe5ba47fd94cb645ba4119222e34fb33f59c7cd90:Safuu: SAFUU Token | token_symbol:0xe5ba47fd94cb645ba4119222e34fb33f59c7cd90:SAFUU | token_name:0xe5ba47fd94cb645ba4119222e34fb33f59c7cd90:Safuu | contract_symbol:0xe5ba47fd94cb645ba4119222e34fb33f59c7cd90:SAFUU | contract_name:0xe5ba47fd94cb645ba4119222e34fb33f59c7cd90:Safuu
0x4eb3df0e4a2a0dc759d2593183f86b33d600cd99852be8f051bdffc929888a52,safuu,high,log_addr:0xe5ba47fd94cb645ba4119222e34fb33f59c7cd90:Safuu: SAFUU Token | token_symbol:0xe5ba47fd94cb645ba4119222e34fb33f59c7cd90:SAFUU | token_name:0xe5ba47fd94cb645ba4119222e34fb33f59c7cd90:Safuu | contract_symbol:0xe5ba47fd94cb645ba4119222e34fb33f59c7cd90:SAFUU | contract_name:0xe5ba47fd94cb645ba4119222e34fb33f59c7cd90:Safuu
0x6791732205cda9ca0fba26825a1f1e1e465eef60b904fe2b3c2d342324236bf9,safuu,high,log_addr:0xe5ba47fd94cb645ba4119222e34fb33f59c7cd90:Safuu: SAFUU Token | token_symbol:0xe5ba47fd94cb645ba4119222e34fb33f59c7cd90:SAFUU | token_name:0xe5ba47fd94cb645ba4119222e34fb33f59c7cd90:Safuu | log_addr:0xe5ba47fd94cb645ba4119222e34fb33f59c7cd90:Safuu: SAFUU Token | token_symbol:0xe5ba47fd94cb645ba4119222e34fb33f59c7cd90:SAFUU | token_name:0xe5ba47fd94cb645ba4119222e34fb33f59c7cd90:Safuu | contract_symbol:0xe5ba47fd94cb645ba4119222e34fb33f59c7cd90:SAFUU | contract_name:0xe5ba47fd94cb645ba4119222e34fb33f59c7cd90:Safuu
0xe3697f06a730153a96ec26bfa7a009dc8a193aa0e8b12e8d422f74668d78258f,safuu,high,log_addr:0xe5ba47fd94cb645ba4119222e34fb33f59c7cd90:Safuu: SAFUU Token | token_symbol:0xe5ba47fd94cb645ba4119222e34fb33f59c7cd90:SAFUU | token_name:0xe5ba47fd94cb645ba4119222e34fb33f59c7cd90:Safuu | contract_symbol:0xe5ba47fd94cb645ba4119222e34fb33f59c7cd90:SAFUU | contract_name:0xe5ba47fd94cb645ba4119222e34fb33f59c7cd90:Safuu
0x53401a3b5e164f39c567cf10f8f247dd00248a74725db0af05dedae8e68cd2f0,safuu,high,log_addr:0xe5ba47fd94cb645ba4119222e34fb33f59c7cd90:Safuu: SAFUU Token | token_symbol:0xe5ba47fd94cb645ba4119222e34fb33f59c7cd90:SAFUU | token_name:0xe5ba47fd94cb645ba4119222e34fb33f59c7cd90:Safuu | log_addr:0xe5ba47fd94cb645ba4119222e34fb33f59c7cd90:Safuu: SAFUU Token | token_symbol:0xe5ba47fd94cb645ba4119222e34fb33f59c7cd90:SAFUU | token_name:0xe5ba47fd94cb645ba4119222e34fb33f59c7cd90:Safuu | contract_symbol:0xe5ba47fd94cb645ba4119222e34fb33f59c7cd90:SAFUU | contract_name:0xe5ba47fd94cb645ba4119222e34fb33f59c7cd90:Safuu
0x2ef2224c92672208dd59057847a2411f6521abb304586f7f8166f88a09d3d72f,safuu,high,log_addr:0xe5ba47fd94cb645ba4119222e34fb33f59c7cd90:Safuu: SAFUU Token | token_symbol:0xe5ba47fd94cb645ba4119222e34fb33f59c7cd90:SAFUU | token_name:0xe5ba47fd94cb645ba4119222e34fb33f59c7cd90:Safuu | log_addr:0xe5ba47fd94cb645ba4119222e34fb33f59c7cd90:Safuu: SAFUU Token | token_symbol:0xe5ba47fd94cb645ba4119222e34fb33f59c7cd90:SAFUU | token_name:0xe5ba47fd94cb645ba4119222e34fb33f59c7cd90:Safuu | contract_symbol:0xe5ba47fd94cb645ba4119222e34fb33f59c7cd90:SAFUU | contract_name:0xe5ba47fd94cb645ba4119222e34fb33f59c7cd90:Safuu
0x9d2c4fe9aabd15b42ac887132f7960ee133b00adfbf1c567e2d7f28ccc5fe640,safuu,high,log_addr:0xe5ba47fd94cb645ba4119222e34fb33f59c7cd90:Safuu: SAFUU Token | token_symbol:0xe5ba47fd94cb645ba4119222e34fb33f59c7cd90:SAFUU | token_name:0xe5ba47fd94cb645ba4119222e34fb33f59c7cd90:Safuu | log_addr:0xe5ba47fd94cb645ba4119222e34fb33f59c7cd90:Safuu: SAFUU Token | token_symbol:0xe5ba47fd94cb645ba4119222e34fb33f59c7cd90:SAFUU | token_name:0xe5ba47fd94cb645ba4119222e34fb33f59c7cd90:Safuu | contract_symbol:0xe5ba47fd94cb645ba4119222e34fb33f59c7cd90:SAFUU | contract_name:0xe5ba47fd94cb645ba4119222e34fb33f59c7cd90:Safuu
0x4be056d79561c96ab6b2979a05a5cfb3aa3741c49f7306cd5aa1e1f489c5be1b,safuu,high,log_addr:0xe5ba47fd94cb645ba4119222e34fb33f59c7cd90:Safuu: SAFUU Token | token_symbol:0xe5ba47fd94cb645ba4119222e34fb33f59c7cd90:SAFUU | token_name:0xe5ba47fd94cb645ba4119222e34fb33f59c7cd90:Safuu | contract_symbol:0xe5ba47fd94cb645ba4119222e34fb33f59c7cd90:SAFUU | contract_name:0xe5ba47fd94cb645ba4119222e34fb33f59c7cd90:Safuu
0x72c9627ea3d359b03a57a1af935b1d6f119b0cfb9eea52633896c5760f3773be,safuu,high,log_addr:0xe5ba47fd94cb645ba4119222e34fb33f59c7cd90:Safuu: SAFUU Token | token_symbol:0xe5ba47fd94cb645ba4119222e34fb33f59c7cd90:SAFUU | token_name:0xe5ba47fd94cb645ba4119222e34fb33f59c7cd90:Safuu | contract_symbol:0xe5ba47fd94cb645ba4119222e34fb33f59c7cd90:SAFUU | contract_name:0xe5ba47fd94cb645ba4119222e34fb33f59c7cd90:Safuu
0xd3141d28b92dd5744ac4fb32b5ae835c512bdc1a8c82e7912ef172063da66dcd,safuu,high,log_addr:0xe5ba47fd94cb645ba4119222e34fb33f59c7cd90:Safuu: SAFUU Token | token_symbol:0xe5ba47fd94cb645ba4119222e34fb33f59c7cd90:SAFUU | token_name:0xe5ba47fd94cb645ba4119222e34fb33f59c7cd90:Safuu | contract_symbol:0xe5ba47fd94cb645ba4119222e34fb33f59c7cd90:SAFUU | contract_name:0xe5ba47fd94cb645ba4119222e34fb33f59c7cd90:Safuu
0x107783d9a991b813ca8510f4ce21b7934ad7efb172d1239d2faa11d4cf6c01bb,safuu,high,to_address:0xe5ba47fd94cb645ba4119222e34fb33f59c7cd90:Safuu: SAFUU Token | to:Safuu: SAFUU Token | to_friendly_tag_final:Safuu: SAFUU Token | tx_to:0xe5ba47fd94cb645ba4119222e34fb33f59c7cd90:Safuu: SAFUU Token | log_addr:0xe5ba47fd94cb645ba4119222e34fb33f59c7cd90:Safuu: SAFUU Token | token_symbol:0xe5ba47fd94cb645ba4119222e34fb33f59c7cd90:SAFUU | token_name:0xe5ba47fd94cb645ba4119222e34fb33f59c7cd90:Safuu | contract_symbol:0xe5ba47fd94cb645ba4119222e34fb33f59c7cd90:SAFUU | contract_name:0xe5ba47fd94cb645ba4119222e34fb33f59c7cd90:Safuu
0xdda1ae3199f1c00ca459785a06278e0f6dd9040b23b61b28503da5516f858075,safuu,high,to_address:0xe5ba47fd94cb645ba4119222e34fb33f59c7cd90:Safuu: SAFUU Token | to:Safuu: SAFUU Token | to_friendly_tag_final:Safuu: SAFUU Token | tx_to:0xe5ba47fd94cb645ba4119222e34fb33f59c7cd90:Safuu: SAFUU Token | log_addr:0xe5ba47fd94cb645ba4119222e34fb33f59c7cd90:Safuu: SAFUU Token | token_symbol:0xe5ba47fd94cb645ba4119222e34fb33f59c7cd90:SAFUU | token_name:0xe5ba47fd94cb645ba4119222e34fb33f59c7cd90:Safuu | contract_symbol:0xe5ba47fd94cb645ba4119222e34fb33f59c7cd90:SAFUU | contract_name:0xe5ba47fd94cb645ba4119222e34fb33f59c7cd90:Safuu
0xefdd4e65e75547c2afb0c0eff46849f108f68466357a10b912df097ddf398488,safuu,high,log_addr:0xe5ba47fd94cb645ba4119222e34fb33f59c7cd90:Safuu: SAFUU Token | token_symbol:0xe5ba47fd94cb645ba4119222e34fb33f59c7cd90:SAFUU | token_name:0xe5ba47fd94cb645ba4119222e34fb33f59c7cd90:Safuu | log_addr:0xe5ba47fd94cb645ba4119222e34fb33f59c7cd90:Safuu: SAFUU Token | token_symbol:0xe5ba47fd94cb645ba4119222e34fb33f59c7cd90:SAFUU | token_name:0xe5ba47fd94cb645ba4119222e34fb33f59c7cd90:Safuu | contract_symbol:0xe5ba47fd94cb645ba4119222e34fb33f59c7cd90:SAFUU | contract_name:0xe5ba47fd94cb645ba4119222e34fb33f59c7cd90:Safuu
0xc8b5ade82fd2f424948f89f8652586a2da35791784ca76765330dbe7d597557a,safuu,high,log_addr:0xe5ba47fd94cb645ba4119222e34fb33f59c7cd90:Safuu: SAFUU Token | token_symbol:0xe5ba47fd94cb645ba4119222e34fb33f59c7cd90:SAFUU | token_name:0xe5ba47fd94cb645ba4119222e34fb33f59c7cd90:Safuu | log_addr:0xe5ba47fd94cb645ba4119222e34fb33f59c7cd90:Safuu: SAFUU Token | token_symbol:0xe5ba47fd94cb645ba4119222e34fb33f59c7cd90:SAFUU | token_name:0xe5ba47fd94cb645ba4119222e34fb33f59c7cd90:Safuu | contract_symbol:0xe5ba47fd94cb645ba4119222e34fb33f59c7cd90:SAFUU | contract_name:0xe5ba47fd94cb645ba4119222e34fb33f59c7cd90:Safuu
0xa4fb875eb77e208f5d5e600924f79d4742c1b8e4676651e86bcbea6e87b18636,safuu,high,log_addr:0xe5ba47fd94cb645ba4119222e34fb33f59c7cd90:Safuu: SAFUU Token | token_symbol:0xe5ba47fd94cb645ba4119222e34fb33f59c7cd90:SAFUU | token_name:0xe5ba47fd94cb645ba4119222e34fb33f59c7cd90:Safuu | log_addr:0xe5ba47fd94cb645ba4119222e34fb33f59c7cd90:Safuu: SAFUU Token | token_symbol:0xe5ba47fd94cb645ba4119222e34fb33f59c7cd90:SAFUU | token_name:0xe5ba47fd94cb645ba4119222e34fb33f59c7cd90:Safuu | contract_symbol:0xe5ba47fd94cb645ba4119222e34fb33f59c7cd90:SAFUU | contract_name:0xe5ba47fd94cb645ba4119222e34fb33f59c7cd90:Safuu
0xefd88775be386ca479fce63641bc8d23ce54cd1703ab59cf2a7b2321a158a4d9,safuu,high,log_addr:0xe5ba47fd94cb645ba4119222e34fb33f59c7cd90:Safuu: SAFUU Token | token_symbol:0xe5ba47fd94cb645ba4119222e34fb33f59c7cd90:SAFUU | token_name:0xe5ba47fd94cb645ba4119222e34fb33f59c7cd90:Safuu | log_addr:0xe5ba47fd94cb645ba4119222e34fb33f59c7cd90:Safuu: SAFUU Token | token_symbol:0xe5ba47fd94cb645ba4119222e34fb33f59c7cd90:SAFUU | token_name:0xe5ba47fd94cb645ba4119222e34fb33f59c7cd90:Safuu | contract_symbol:0xe5ba47fd94cb645ba4119222e34fb33f59c7cd90:SAFUU | contract_name:0xe5ba47fd94cb645ba4119222e34fb33f59c7cd90:Safuu
0x73a37a770fef05accfe677bc1e2841c1850f76add80d0e08ecbab0e367797f62,safuu,high,log_addr:0xe5ba47fd94cb645ba4119222e34fb33f59c7cd90:Safuu: SAFUU Token | token_symbol:0xe5ba47fd94cb645ba4119222e34fb33f59c7cd90:SAFUU | token_name:0xe5ba47fd94cb645ba4119222e34fb33f59c7cd90:Safuu | log_addr:0xe5ba47fd94cb645ba4119222e34fb33f59c7cd90:Safuu: SAFUU Token | token_symbol:0xe5ba47fd94cb645ba4119222e34fb33f59c7cd90:SAFUU | token_name:0xe5ba47fd94cb645ba4119222e34fb33f59c7cd90:Safuu | contract_symbol:0xe5ba47fd94cb645ba4119222e34fb33f59c7cd90:SAFUU | contract_name:0xe5ba47fd94cb645ba4119222e34fb33f59c7cd90:Safuu
0x8995b25e99b63e5160350cfce865ffa383d4d61c7a39ee0d0a4439fe37417118,safuu,high,log_addr:0xe5ba47fd94cb645ba4119222e34fb33f59c7cd90:Safuu: SAFUU Token | token_symbol:0xe5ba47fd94cb645ba4119222e34fb33f59c7cd90:SAFUU | token_name:0xe5ba47fd94cb645ba4119222e34fb33f59c7cd90:Safuu | log_addr:0xe5ba47fd94cb645ba4119222e34fb33f59c7cd90:Safuu: SAFUU Token | token_symbol:0xe5ba47fd94cb645ba4119222e34fb33f59c7cd90:SAFUU | token_name:0xe5ba47fd94cb645ba4119222e34fb33f59c7cd90:Safuu | contract_symbol:0xe5ba47fd94cb645ba4119222e34fb33f59c7cd90:SAFUU | contract_name:0xe5ba47fd94cb645ba4119222e34fb33f59c7cd90:Safuu
0x410942b56357d5493e045235b530a661c74870696be4f0a1a5e1b8bfb43069e9,safuu,high,log_addr:0xe5ba47fd94cb645ba4119222e34fb33f59c7cd90:Safuu: SAFUU Token | token_symbol:0xe5ba47fd94cb645ba4119222e34fb33f59c7cd90:SAFUU | token_name:0xe5ba47fd94cb645ba4119222e34fb33f59c7cd90:Safuu | log_addr:0xe5ba47fd94cb645ba4119222e34fb33f59c7cd90:Safuu: SAFUU Token | token_symbol:0xe5ba47fd94cb645ba4119222e34fb33f59c7cd90:SAFUU | token_name:0xe5ba47fd94cb645ba4119222e34fb33f59c7cd90:Safuu | contract_symbol:0xe5ba47fd94cb645ba4119222e34fb33f59c7cd90:SAFUU | contract_name:0xe5ba47fd94cb645ba4119222e34fb33f59c7cd90:Safuu
0x8893ae8b736a4c7f7afc67eec62b760b2c6b19df9d91b535b6a6db5f415a0cd2,safuu,high,log_addr:0xe5ba47fd94cb645ba4119222e34fb33f59c7cd90:Safuu: SAFUU Token | token_symbol:0xe5ba47fd94cb645ba4119222e34fb33f59c7cd90:SAFUU | token_name:0xe5ba47fd94cb645ba4119222e34fb33f59c7cd90:Safuu | log_addr:0xe5ba47fd94cb645ba4119222e34fb33f59c7cd90:Safuu: SAFUU Token | token_symbol:0xe5ba47fd94cb645ba4119222e34fb33f59c7cd90:SAFUU | token_name:0xe5ba47fd94cb645ba4119222e34fb33f59c7cd90:Safuu | contract_symbol:0xe5ba47fd94cb645ba4119222e34fb33f59c7cd90:SAFUU | contract_name:0xe5ba47fd94cb645ba4119222e34fb33f59c7cd90:Safuu
0x2d348454a9f00a23944fc860e072140f81a0bb01abff374f0e8b36544c03920d,safuu,high,log_addr:0xe5ba47fd94cb645ba4119222e34fb33f59c7cd90:Safuu: SAFUU Token | token_symbol:0xe5ba47fd94cb645ba4119222e34fb33f59c7cd90:SAFUU | token_name:0xe5ba47fd94cb645ba4119222e34fb33f59c7cd90:Safuu | log_addr:0xe5ba47fd94cb645ba4119222e34fb33f59c7cd90:Safuu: SAFUU Token | token_symbol:0xe5ba47fd94cb645ba4119222e34fb33f59c7cd90:SAFUU | token_name:0xe5ba47fd94cb645ba4119222e34fb33f59c7cd90:Safuu | contract_symbol:0xe5ba47fd94cb645ba4119222e34fb33f59c7cd90:SAFUU | contract_name:0xe5ba47fd94cb645ba4119222e34fb33f59c7cd90:Safuu
0x46b604f5dca069f38abe2d56f53d8d749f401793a9948a7229bda3a64bdb08c5,safuu,high,log_addr:0xe5ba47fd94cb645ba4119222e34fb33f59c7cd90:Safuu: SAFUU Token | token_symbol:0xe5ba47fd94cb645ba4119222e34fb33f59c7cd90:SAFUU | token_name:0xe5ba47fd94cb645ba4119222e34fb33f59c7cd90:Safuu | contract_symbol:0xe5ba47fd94cb645ba4119222e34fb33f59c7cd90:SAFUU | contract_name:0xe5ba47fd94cb645ba4119222e34fb33f59c7cd90:Safuu
0xa759da5515e17287196407ce53a5c690305128371e75f75ac7313286f66a0796,safuu,high,to_address:0xe5ba47fd94cb645ba4119222e34fb33f59c7cd90:Safuu: SAFUU Token | to:Safuu: SAFUU Token | to_friendly_tag_final:Safuu: SAFUU Token | tx_to:0xe5ba47fd94cb645ba4119222e34fb33f59c7cd90:Safuu: SAFUU Token | log_addr:0xe5ba47fd94cb645ba4119222e34fb33f59c7cd90:Safuu: SAFUU Token | token_symbol:0xe5ba47fd94cb645ba4119222e34fb33f59c7cd90:SAFUU | token_name:0xe5ba47fd94cb645ba4119222e34fb33f59c7cd90:Safuu | contract_symbol:0xe5ba47fd94cb645ba4119222e34fb33f59c7cd90:SAFUU | contract_name:0xe5ba47fd94cb645ba4119222e34fb33f59c7cd90:Safuu
0xc98ba41a1b72650e088776bf999a7c38ab8daeedf9e970603240ddddb81c0d1b,safuu,high,log_addr:0xe5ba47fd94cb645ba4119222e34fb33f59c7cd90:Safuu: SAFUU Token | token_symbol:0xe5ba47fd94cb645ba4119222e34fb33f59c7cd90:SAFUU | token_name:0xe5ba47fd94cb645ba4119222e34fb33f59c7cd90:Safuu | contract_symbol:0xe5ba47fd94cb645ba4119222e34fb33f59c7cd90:SAFUU | contract_name:0xe5ba47fd94cb645ba4119222e34fb33f59c7cd90:Safuu
0x2bf1087e75f000b1c4f8a325211901a0ea824e44ba0e4ad7baeb2e4318cdab07,safuu,high,to_address:0xe5ba47fd94cb645ba4119222e34fb33f59c7cd90:Safuu: SAFUU Token | to:Safuu: SAFUU Token | to_friendly_tag_final:Safuu: SAFUU Token | tx_to:0xe5ba47fd94cb645ba4119222e34fb33f59c7cd90:Safuu: SAFUU Token | log_addr:0xe5ba47fd94cb645ba4119222e34fb33f59c7cd90:Safuu: SAFUU Token | token_symbol:0xe5ba47fd94cb645ba4119222e34fb33f59c7cd90:SAFUU | token_name:0xe5ba47fd94cb645ba4119222e34fb33f59c7cd90:Safuu | contract_symbol:0xe5ba47fd94cb645ba4119222e34fb33f59c7cd90:SAFUU | contract_name:0xe5ba47fd94cb645ba4119222e34fb33f59c7cd90:Safuu
0xa6555a01b2451d0b6aa790fd995f1025708fb058478f142507c80067d2ab23ff,safuu,high,log_addr:0xe5ba47fd94cb645ba4119222e34fb33f59c7cd90:Safuu: SAFUU Token | token_symbol:0xe5ba47fd94cb645ba4119222e34fb33f59c7cd90:SAFUU | token_name:0xe5ba47fd94cb645ba4119222e34fb33f59c7cd90:Safuu | log_addr:0xe5ba47fd94cb645ba4119222e34fb33f59c7cd90:Safuu: SAFUU Token | token_symbol:0xe5ba47fd94cb645ba4119222e34fb33f59c7cd90:SAFUU | token_name:0xe5ba47fd94cb645ba4119222e34fb33f59c7cd90:Safuu | contract_symbol:0xe5ba47fd94cb645ba4119222e34fb33f59c7cd90:SAFUU | contract_name:0xe5ba47fd94cb645ba4119222e34fb33f59c7cd90:Safuu
0x387860ba0cabbd2761386b5c3c8e9bfe0ff5c7faf13be4d7a00b961cdd7d6e2e,safuu,high,log_addr:0xe5ba47fd94cb645ba4119222e34fb33f59c7cd90:Safuu: SAFUU Token | token_symbol:0xe5ba47fd94cb645ba4119222e34fb33f59c7cd90:SAFUU | token_name:0xe5ba47fd94cb645ba4119222e34fb33f59c7cd90:Safuu | log_addr:0xe5ba47fd94cb645ba4119222e34fb33f59c7cd90:Safuu: SAFUU Token | token_symbol:0xe5ba47fd94cb645ba4119222e34fb33f59c7cd90:SAFUU | token_name:0xe5ba47fd94cb645ba4119222e34fb33f59c7cd90:Safuu | contract_symbol:0xe5ba47fd94cb645ba4119222e34fb33f59c7cd90:SAFUU | contract_name:0xe5ba47fd94cb645ba4119222e34fb33f59c7cd90:Safuu
0x1f7da2aa6c19f5ba82e67d373d44fcbd7d52727cf41be1dd5953ee76dae8961b,safuu,high,log_addr:0xe5ba47fd94cb645ba4119222e34fb33f59c7cd90:Safuu: SAFUU Token | token_symbol:0xe5ba47fd94cb645ba4119222e34fb33f59c7cd90:SAFUU | token_name:0xe5ba47fd94cb645ba4119222e34fb33f59c7cd90:Safuu | log_addr:0xe5ba47fd94cb645ba4119222e34fb33f59c7cd90:Safuu: SAFUU Token | token_symbol:0xe5ba47fd94cb645ba4119222e34fb33f59c7cd90:SAFUU | token_name:0xe5ba47fd94cb645ba4119222e34fb33f59c7cd90:Safuu | contract_symbol:0xe5ba47fd94cb645ba4119222e34fb33f59c7cd90:SAFUU | contract_name:0xe5ba47fd94cb645ba4119222e34fb33f59c7cd90:Safuu
0x6f39031935e4dcc3ba997f57a23b55f23911b19e5b74a0defb0aea239b3c167a,safuu,high,log_addr:0xe5ba47fd94cb645ba4119222e34fb33f59c7cd90:Safuu: SAFUU Token | token_symbol:0xe5ba47fd94cb645ba4119222e34fb33f59c7cd90:SAFUU | token_name:0xe5ba47fd94cb645ba4119222e34fb33f59c7cd90:Safuu | log_addr:0xe5ba47fd94cb645ba4119222e34fb33f59c7cd90:Safuu: SAFUU Token | token_symbol:0xe5ba47fd94cb645ba4119222e34fb33f59c7cd90:SAFUU | token_name:0xe5ba47fd94cb645ba4119222e34fb33f59c7cd90:Safuu | contract_symbol:0xe5ba47fd94cb645ba4119222e34fb33f59c7cd90:SAFUU | contract_name:0xe5ba47fd94cb645ba4119222e34fb33f59c7cd90:Safuu
0x21254918f13933dc4ae217c0a15c54bb51fd8c7063705289ed95309ba96b01b2,safuu,high,log_addr:0xe5ba47fd94cb645ba4119222e34fb33f59c7cd90:Safuu: SAFUU Token | token_symbol:0xe5ba47fd94cb645ba4119222e34fb33f59c7cd90:SAFUU | token_name:0xe5ba47fd94cb645ba4119222e34fb33f59c7cd90:Safuu | log_addr:0xe5ba47fd94cb645ba4119222e34fb33f59c7cd90:Safuu: SAFUU Token | token_symbol:0xe5ba47fd94cb645ba4119222e34fb33f59c7cd90:SAFUU | token_name:0xe5ba47fd94cb645ba4119222e34fb33f59c7cd90:Safuu | contract_symbol:0xe5ba47fd94cb645ba4119222e34fb33f59c7cd90:SAFUU | contract_name:0xe5ba47fd94cb645ba4119222e34fb33f59c7cd90:Safuu
0x3f6f454a010ddd64343056179cc815c52dee36d292e9af140d63f4289271f610,safuu,high,log_addr:0xe5ba47fd94cb645ba4119222e34fb33f59c7cd90:Safuu: SAFUU Token | token_symbol:0xe5ba47fd94cb645ba4119222e34fb33f59c7cd90:SAFUU | token_name:0xe5ba47fd94cb645ba4119222e34fb33f59c7cd90:Safuu | contract_symbol:0xe5ba47fd94cb645ba4119222e34fb33f59c7cd90:SAFUU | contract_name:0xe5ba47fd94cb645ba4119222e34fb33f59c7cd90:Safuu
0xe77b802e18ab1ceb38c4e28ce63dd357f45dbcac3ab68ad68f8f176385f56958,safuu,high,to_address:0xe5ba47fd94cb645ba4119222e34fb33f59c7cd90:Safuu: SAFUU Token | to:Safuu: SAFUU Token | to_friendly_tag_final:Safuu: SAFUU Token | tx_to:0xe5ba47fd94cb645ba4119222e34fb33f59c7cd90:Safuu: SAFUU Token | log_addr:0xe5ba47fd94cb645ba4119222e34fb33f59c7cd90:Safuu: SAFUU Token | token_symbol:0xe5ba47fd94cb645ba4119222e34fb33f59c7cd90:SAFUU | token_name:0xe5ba47fd94cb645ba4119222e34fb33f59c7cd90:Safuu | contract_symbol:0xe5ba47fd94cb645ba4119222e34fb33f59c7cd90:SAFUU | contract_name:0xe5ba47fd94cb645ba4119222e34fb33f59c7cd90:Safuu
0x1973a2a23e915f12ac7faa22590c82e5a83be062633935148b456eb5c55dcc1f,safuu,high,log_addr:0xe5ba47fd94cb645ba4119222e34fb33f59c7cd90:Safuu: SAFUU Token | token_symbol:0xe5ba47fd94cb645ba4119222e34fb33f59c7cd90:SAFUU | token_name:0xe5ba47fd94cb645ba4119222e34fb33f59c7cd90:Safuu | log_addr:0xe5ba47fd94cb645ba4119222e34fb33f59c7cd90:Safuu: SAFUU Token | token_symbol:0xe5ba47fd94cb645ba4119222e34fb33f59c7cd90:SAFUU | token_name:0xe5ba47fd94cb645ba4119222e34fb33f59c7cd90:Safuu | contract_symbol:0xe5ba47fd94cb645ba4119222e34fb33f59c7cd90:SAFUU | contract_name:0xe5ba47fd94cb645ba4119222e34fb33f59c7cd90:Safuu
0x5c52e1209fd13975ee1fc0e0a3c762f88bdf3953422329e69de830a580983d33,safuu,high,log_addr:0xe5ba47fd94cb645ba4119222e34fb33f59c7cd90:Safuu: SAFUU Token | token_symbol:0xe5ba47fd94cb645ba4119222e34fb33f59c7cd90:SAFUU | token_name:0xe5ba47fd94cb645ba4119222e34fb33f59c7cd90:Safuu | contract_symbol:0xe5ba47fd94cb645ba4119222e34fb33f59c7cd90:SAFUU | contract_name:0xe5ba47fd94cb645ba4119222e34fb33f59c7cd90:Safuu
0xa63b28a196e10fa9b920df321e18a66272004398fede90c20b9b72990959d782,safuu,high,to_address:0xe5ba47fd94cb645ba4119222e34fb33f59c7cd90:Safuu: SAFUU Token | to:Safuu: SAFUU Token | to_friendly_tag_final:Safuu: SAFUU Token | tx_to:0xe5ba47fd94cb645ba4119222e34fb33f59c7cd90:Safuu: SAFUU Token | log_addr:0xe5ba47fd94cb645ba4119222e34fb33f59c7cd90:Safuu: SAFUU Token | token_symbol:0xe5ba47fd94cb645ba4119222e34fb33f59c7cd90:SAFUU | token_name:0xe5ba47fd94cb645ba4119222e34fb33f59c7cd90:Safuu | contract_symbol:0xe5ba47fd94cb645ba4119222e34fb33f59c7cd90:SAFUU | contract_name:0xe5ba47fd94cb645ba4119222e34fb33f59c7cd90:Safuu
0x7be816492164c56f6cc077cf11a930a023099d8a396b8a8043cccce8e93b33bf,safuu,high,to_address:0xe5ba47fd94cb645ba4119222e34fb33f59c7cd90:Safuu: SAFUU Token | to:Safuu: SAFUU Token | to_friendly_tag_final:Safuu: SAFUU Token | tx_to:0xe5ba47fd94cb645ba4119222e34fb33f59c7cd90:Safuu: SAFUU Token | log_addr:0xe5ba47fd94cb645ba4119222e34fb33f59c7cd90:Safuu: SAFUU Token | token_symbol:0xe5ba47fd94cb645ba4119222e34fb33f59c7cd90:SAFUU | token_name:0xe5ba47fd94cb645ba4119222e34fb33f59c7cd90:Safuu | contract_symbol:0xe5ba47fd94cb645ba4119222e34fb33f59c7cd90:SAFUU | contract_name:0xe5ba47fd94cb645ba4119222e34fb33f59c7cd90:Safuu
0x707376ec54ff8023df80d1aeede433dce7de80716b54b6f8161db38d293f6d68,safuu,high,log_addr:0xe5ba47fd94cb645ba4119222e34fb33f59c7cd90:Safuu: SAFUU Token | token_symbol:0xe5ba47fd94cb645ba4119222e34fb33f59c7cd90:SAFUU | token_name:0xe5ba47fd94cb645ba4119222e34fb33f59c7cd90:Safuu | contract_symbol:0xe5ba47fd94cb645ba4119222e34fb33f59c7cd90:SAFUU | contract_name:0xe5ba47fd94cb645ba4119222e34fb33f59c7cd90:Safuu
0xfbf8237100a7c9772f0dddfff04f61385e4993fe72cf2edd24c6156b0c720d7f,safuu,high,to_address:0xe5ba47fd94cb645ba4119222e34fb33f59c7cd90:Safuu: SAFUU Token | to:Safuu: SAFUU Token | to_friendly_tag_final:Safuu: SAFUU Token | tx_to:0xe5ba47fd94cb645ba4119222e34fb33f59c7cd90:Safuu: SAFUU Token | log_addr:0xe5ba47fd94cb645ba4119222e34fb33f59c7cd90:Safuu: SAFUU Token | token_symbol:0xe5ba47fd94cb645ba4119222e34fb33f59c7cd90:SAFUU | token_name:0xe5ba47fd94cb645ba4119222e34fb33f59c7cd90:Safuu | contract_symbol:0xe5ba47fd94cb645ba4119222e34fb33f59c7cd90:SAFUU | contract_name:0xe5ba47fd94cb645ba4119222e34fb33f59c7cd90:Safuu
0xb93bf2461711687b8be7fb9085661027d976a31c5e703cf96b903d301678b2e4,safuu,high,log_addr:0xe5ba47fd94cb645ba4119222e34fb33f59c7cd90:Safuu: SAFUU Token | token_symbol:0xe5ba47fd94cb645ba4119222e34fb33f59c7cd90:SAFUU | token_name:0xe5ba47fd94cb645ba4119222e34fb33f59c7cd90:Safuu | contract_symbol:0xe5ba47fd94cb645ba4119222e34fb33f59c7cd90:SAFUU | contract_name:0xe5ba47fd94cb645ba4119222e34fb33f59c7cd90:Safuu
0x9855e927117b57b069639a65b53ba4d54a825210aebb402b2210a6f648e90ab1,safuu,high,to_address:0xe5ba47fd94cb645ba4119222e34fb33f59c7cd90:Safuu: SAFUU Token | to:Safuu: SAFUU Token | to_friendly_tag_final:Safuu: SAFUU Token | tx_to:0xe5ba47fd94cb645ba4119222e34fb33f59c7cd90:Safuu: SAFUU Token | log_addr:0xe5ba47fd94cb645ba4119222e34fb33f59c7cd90:Safuu: SAFUU Token | token_symbol:0xe5ba47fd94cb645ba4119222e34fb33f59c7cd90:SAFUU | token_name:0xe5ba47fd94cb645ba4119222e34fb33f59c7cd90:Safuu | contract_symbol:0xe5ba47fd94cb645ba4119222e34fb33f59c7cd90:SAFUU | contract_name:0xe5ba47fd94cb645ba4119222e34fb33f59c7cd90:Safuu
0x318be5bc73326b02ff39f0a24df84d3709781e49e85b552efd99b2c597cbe509,safuu,high,to_address:0xe5ba47fd94cb645ba4119222e34fb33f59c7cd90:Safuu: SAFUU Token | to:Safuu: SAFUU Token | to_friendly_tag_final:Safuu: SAFUU Token | tx_to:0xe5ba47fd94cb645ba4119222e34fb33f59c7cd90:Safuu: SAFUU Token | log_addr:0xe5ba47fd94cb645ba4119222e34fb33f59c7cd90:Safuu: SAFUU Token | token_symbol:0xe5ba47fd94cb645ba4119222e34fb33f59c7cd90:SAFUU | token_name:0xe5ba47fd94cb645ba4119222e34fb33f59c7cd90:Safuu | contract_symbol:0xe5ba47fd94cb645ba4119222e34fb33f59c7cd90:SAFUU | contract_name:0xe5ba47fd94cb645ba4119222e34fb33f59c7cd90:Safuu
0x80a91b7dada57635fc1b2393dbccd2c3a08ac7d887459adbacd47fa5d0cdb63d,safuu,high,log_addr:0xe5ba47fd94cb645ba4119222e34fb33f59c7cd90:Safuu: SAFUU Token | token_symbol:0xe5ba47fd94cb645ba4119222e34fb33f59c7cd90:SAFUU | token_name:0xe5ba47fd94cb645ba4119222e34fb33f59c7cd90:Safuu | log_addr:0xe5ba47fd94cb645ba4119222e34fb33f59c7cd90:Safuu: SAFUU Token | token_symbol:0xe5ba47fd94cb645ba4119222e34fb33f59c7cd90:SAFUU | token_name:0xe5ba47fd94cb645ba4119222e34fb33f59c7cd90:Safuu | contract_symbol:0xe5ba47fd94cb645ba4119222e34fb33f59c7cd90:SAFUU | contract_name:0xe5ba47fd94cb645ba4119222e34fb33f59c7cd90:Safuu
0x34ff5b72367cbde698b84b4d94e090cbc48dafe946db24707ffc5f53a3ed4224,safuu,high,to_address:0xe5ba47fd94cb645ba4119222e34fb33f59c7cd90:Safuu: SAFUU Token | to:Safuu: SAFUU Token | to_friendly_tag_final:Safuu: SAFUU Token | tx_to:0xe5ba47fd94cb645ba4119222e34fb33f59c7cd90:Safuu: SAFUU Token | contract_symbol:0xe5ba47fd94cb645ba4119222e34fb33f59c7cd90:SAFUU | contract_name:0xe5ba47fd94cb645ba4119222e34fb33f59c7cd90:Safuu
0xe13d6ea6d2888f75d731cfd6eea7f6dc02bc2c5444611be52a967beca504ca35,safuu,high,log_addr:0xe5ba47fd94cb645ba4119222e34fb33f59c7cd90:Safuu: SAFUU Token | token_symbol:0xe5ba47fd94cb645ba4119222e34fb33f59c7cd90:SAFUU | token_name:0xe5ba47fd94cb645ba4119222e34fb33f59c7cd90:Safuu | log_addr:0xe5ba47fd94cb645ba4119222e34fb33f59c7cd90:Safuu: SAFUU Token | token_symbol:0xe5ba47fd94cb645ba4119222e34fb33f59c7cd90:SAFUU | token_name:0xe5ba47fd94cb645ba4119222e34fb33f59c7cd90:Safuu | contract_symbol:0xe5ba47fd94cb645ba4119222e34fb33f59c7cd90:SAFUU | contract_name:0xe5ba47fd94cb645ba4119222e34fb33f59c7cd90:Safuu
0x3a411367a574892ebc8598f4361ae3745f4552921578df948fe0bd581e6cf1de,safuu,high,log_addr:0xe5ba47fd94cb645ba4119222e34fb33f59c7cd90:Safuu: SAFUU Token | token_symbol:0xe5ba47fd94cb645ba4119222e34fb33f59c7cd90:SAFUU | token_name:0xe5ba47fd94cb645ba4119222e34fb33f59c7cd90:Safuu | log_addr:0xe5ba47fd94cb645ba4119222e34fb33f59c7cd90:Safuu: SAFUU Token | token_symbol:0xe5ba47fd94cb645ba4119222e34fb33f59c7cd90:SAFUU | token_name:0xe5ba47fd94cb645ba4119222e34fb33f59c7cd90:Safuu | contract_symbol:0xe5ba47fd94cb645ba4119222e34fb33f59c7cd90:SAFUU | contract_name:0xe5ba47fd94cb645ba4119222e34fb33f59c7cd90:Safuu
0x5ecb6916618d8630f562d498aca58c2d8c6c80f716eeac389d83b822c27725f8,safuu,high,log_addr:0xe5ba47fd94cb645ba4119222e34fb33f59c7cd90:Safuu: SAFUU Token | token_symbol:0xe5ba47fd94cb645ba4119222e34fb33f59c7cd90:SAFUU | token_name:0xe5ba47fd94cb645ba4119222e34fb33f59c7cd90:Safuu | log_addr:0xe5ba47fd94cb645ba4119222e34fb33f59c7cd90:Safuu: SAFUU Token | token_symbol:0xe5ba47fd94cb645ba4119222e34fb33f59c7cd90:SAFUU | token_name:0xe5ba47fd94cb645ba4119222e34fb33f59c7cd90:Safuu | contract_symbol:0xe5ba47fd94cb645ba4119222e34fb33f59c7cd90:SAFUU | contract_name:0xe5ba47fd94cb645ba4119222e34fb33f59c7cd90:Safuu
0x5501a587a7f09d270fc5315ccefa9b292eff1f6e08f4a733b984ac8147d508da,safuu,high,log_addr:0xe5ba47fd94cb645ba4119222e34fb33f59c7cd90:Safuu: SAFUU Token | token_symbol:0xe5ba47fd94cb645ba4119222e34fb33f59c7cd90:SAFUU | token_name:0xe5ba47fd94cb645ba4119222e34fb33f59c7cd90:Safuu | log_addr:0xe5ba47fd94cb645ba4119222e34fb33f59c7cd90:Safuu: SAFUU Token | token_symbol:0xe5ba47fd94cb645ba4119222e34fb33f59c7cd90:SAFUU | token_name:0xe5ba47fd94cb645ba4119222e34fb33f59c7cd90:Safuu | contract_symbol:0xe5ba47fd94cb645ba4119222e34fb33f59c7cd90:SAFUU | contract_name:0xe5ba47fd94cb645ba4119222e34fb33f59c7cd90:Safuu
0x38adaacd7c98a7776853ec4913f99a28e025cbee6f03d18fa18f963f9fe9080b,safuu,high,to_address:0xe5ba47fd94cb645ba4119222e34fb33f59c7cd90:Safuu: SAFUU Token | to:Safuu: SAFUU Token | to_friendly_tag_final:Safuu: SAFUU Token | tx_to:0xe5ba47fd94cb645ba4119222e34fb33f59c7cd90:Safuu: SAFUU Token | log_addr:0xe5ba47fd94cb645ba4119222e34fb33f59c7cd90:Safuu: SAFUU Token | token_symbol:0xe5ba47fd94cb645ba4119222e34fb33f59c7cd90:SAFUU | token_name:0xe5ba47fd94cb645ba4119222e34fb33f59c7cd90:Safuu | contract_symbol:0xe5ba47fd94cb645ba4119222e34fb33f59c7cd90:SAFUU | contract_name:0xe5ba47fd94cb645ba4119222e34fb33f59c7cd90:Safuu
0x261faa83a0f2c79770ae81c86a76a8a4d182dfa7d2bc5316087527d76db7060c,safuu,high,to_address:0xe5ba47fd94cb645ba4119222e34fb33f59c7cd90:Safuu: SAFUU Token | to:Safuu: SAFUU Token | to_friendly_tag_final:Safuu: SAFUU Token | tx_to:0xe5ba47fd94cb645ba4119222e34fb33f59c7cd90:Safuu: SAFUU Token | log_addr:0xe5ba47fd94cb645ba4119222e34fb33f59c7cd90:Safuu: SAFUU Token | token_symbol:0xe5ba47fd94cb645ba4119222e34fb33f59c7cd90:SAFUU | token_name:0xe5ba47fd94cb645ba4119222e34fb33f59c7cd90:Safuu | contract_symbol:0xe5ba47fd94cb645ba4119222e34fb33f59c7cd90:SAFUU | contract_name:0xe5ba47fd94cb645ba4119222e34fb33f59c7cd90:Safuu
0xd7ec300c85f6ba478f3e22efb34667e99bac89f2917593c5df7681235bbfc261,safuu,high,to_address:0xe5ba47fd94cb645ba4119222e34fb33f59c7cd90:Safuu: SAFUU Token | to:Safuu: SAFUU Token | to_friendly_tag_final:Safuu: SAFUU Token | tx_to:0xe5ba47fd94cb645ba4119222e34fb33f59c7cd90:Safuu: SAFUU Token | log_addr:0xe5ba47fd94cb645ba4119222e34fb33f59c7cd90:Safuu: SAFUU Token | token_symbol:0xe5ba47fd94cb645ba4119222e34fb33f59c7cd90:SAFUU | token_name:0xe5ba47fd94cb645ba4119222e34fb33f59c7cd90:Safuu | contract_symbol:0xe5ba47fd94cb645ba4119222e34fb33f59c7cd90:SAFUU | contract_name:0xe5ba47fd94cb645ba4119222e34fb33f59c7cd90:Safuu
0x32d57d1c2537a31f2887853d498bb527f17688e3564d2fcbdab426ef07eea3b5,safuu,high,to_address:0xe5ba47fd94cb645ba4119222e34fb33f59c7cd90:Safuu: SAFUU Token | to:Safuu: SAFUU Token | to_friendly_tag_final:Safuu: SAFUU Token | tx_to:0xe5ba47fd94cb645ba4119222e34fb33f59c7cd90:Safuu: SAFUU Token | log_addr:0xe5ba47fd94cb645ba4119222e34fb33f59c7cd90:Safuu: SAFUU Token | token_symbol:0xe5ba47fd94cb645ba4119222e34fb33f59c7cd90:SAFUU | token_name:0xe5ba47fd94cb645ba4119222e34fb33f59c7cd90:Safuu | contract_symbol:0xe5ba47fd94cb645ba4119222e34fb33f59c7cd90:SAFUU | contract_name:0xe5ba47fd94cb645ba4119222e34fb33f59c7cd90:Safuu
0x4469793125aafaa8be3e5be3e00dd7ea7031f666cb33d36489a89924414e7f6c,safuu,high,to_address:0xe5ba47fd94cb645ba4119222e34fb33f59c7cd90:Safuu: SAFUU Token | to:Safuu: SAFUU Token | to_friendly_tag_final:Safuu: SAFUU Token | tx_to:0xe5ba47fd94cb645ba4119222e34fb33f59c7cd90:Safuu: SAFUU Token | log_addr:0xe5ba47fd94cb645ba4119222e34fb33f59c7cd90:Safuu: SAFUU Token | token_symbol:0xe5ba47fd94cb645ba4119222e34fb33f59c7cd90:SAFUU | token_name:0xe5ba47fd94cb645ba4119222e34fb33f59c7cd90:Safuu | contract_symbol:0xe5ba47fd94cb645ba4119222e34fb33f59c7cd90:SAFUU | contract_name:0xe5ba47fd94cb645ba4119222e34fb33f59c7cd90:Safuu
0xe5f8d8394211817e6a738a5b4e3147387b06e827b98b8bdf5d4dc744d234c471,safuu,high,log_addr:0xe5ba47fd94cb645ba4119222e34fb33f59c7cd90:Safuu: SAFUU Token | token_symbol:0xe5ba47fd94cb645ba4119222e34fb33f59c7cd90:SAFUU | token_name:0xe5ba47fd94cb645ba4119222e34fb33f59c7cd90:Safuu | log_addr:0xe5ba47fd94cb645ba4119222e34fb33f59c7cd90:Safuu: SAFUU Token | token_symbol:0xe5ba47fd94cb645ba4119222e34fb33f59c7cd90:SAFUU | token_name:0xe5ba47fd94cb645ba4119222e34fb33f59c7cd90:Safuu | contract_symbol:0xe5ba47fd94cb645ba4119222e34fb33f59c7cd90:SAFUU | contract_name:0xe5ba47fd94cb645ba4119222e34fb33f59c7cd90:Safuu
0xc2ee90d759102ff102ecdc80be30867d890640d75064d3fea545c13361b338af,safuu,high,log_addr:0xe5ba47fd94cb645ba4119222e34fb33f59c7cd90:Safuu: SAFUU Token | token_symbol:0xe5ba47fd94cb645ba4119222e34fb33f59c7cd90:SAFUU | token_name:0xe5ba47fd94cb645ba4119222e34fb33f59c7cd90:Safuu | log_addr:0xe5ba47fd94cb645ba4119222e34fb33f59c7cd90:Safuu: SAFUU Token | token_symbol:0xe5ba47fd94cb645ba4119222e34fb33f59c7cd90:SAFUU | token_name:0xe5ba47fd94cb645ba4119222e34fb33f59c7cd90:Safuu | contract_symbol:0xe5ba47fd94cb645ba4119222e34fb33f59c7cd90:SAFUU | contract_name:0xe5ba47fd94cb645ba4119222e34fb33f59c7cd90:Safuu
0x603eb73f90ce8eef7fc15b869f29391e631065b91f9360ddcafc1cfb8adf538f,safuu,high,log_addr:0xe5ba47fd94cb645ba4119222e34fb33f59c7cd90:Safuu: SAFUU Token | token_symbol:0xe5ba47fd94cb645ba4119222e34fb33f59c7cd90:SAFUU | token_name:0xe5ba47fd94cb645ba4119222e34fb33f59c7cd90:Safuu | log_addr:0xe5ba47fd94cb645ba4119222e34fb33f59c7cd90:Safuu: SAFUU Token | token_symbol:0xe5ba47fd94cb645ba4119222e34fb33f59c7cd90:SAFUU | token_name:0xe5ba47fd94cb645ba4119222e34fb33f59c7cd90:Safuu | contract_symbol:0xe5ba47fd94cb645ba4119222e34fb33f59c7cd90:SAFUU | contract_name:0xe5ba47fd94cb645ba4119222e34fb33f59c7cd90:Safuu
0xaa4a3cbeefe8fdafa65f230b167f004cac723666138c21911569a9beb24cb104,safuu,high,log_addr:0xe5ba47fd94cb645ba4119222e34fb33f59c7cd90:Safuu: SAFUU Token | token_symbol:0xe5ba47fd94cb645ba4119222e34fb33f59c7cd90:SAFUU | token_name:0xe5ba47fd94cb645ba4119222e34fb33f59c7cd90:Safuu | log_addr:0xe5ba47fd94cb645ba4119222e34fb33f59c7cd90:Safuu: SAFUU Token | token_symbol:0xe5ba47fd94cb645ba4119222e34fb33f59c7cd90:SAFUU | token_name:0xe5ba47fd94cb645ba4119222e34fb33f59c7cd90:Safuu | contract_symbol:0xe5ba47fd94cb645ba4119222e34fb33f59c7cd90:SAFUU | contract_name:0xe5ba47fd94cb645ba4119222e34fb33f59c7cd90:Safuu
0x4e83595da7ed0781edb39c115b7c959c3329a56869badb3d0f81cbc0a114933f,safuu,high,log_addr:0xe5ba47fd94cb645ba4119222e34fb33f59c7cd90:Safuu: SAFUU Token | token_symbol:0xe5ba47fd94cb645ba4119222e34fb33f59c7cd90:SAFUU | token_name:0xe5ba47fd94cb645ba4119222e34fb33f59c7cd90:Safuu | log_addr:0xe5ba47fd94cb645ba4119222e34fb33f59c7cd90:Safuu: SAFUU Token | token_symbol:0xe5ba47fd94cb645ba4119222e34fb33f59c7cd90:SAFUU | token_name:0xe5ba47fd94cb645ba4119222e34fb33f59c7cd90:Safuu | contract_symbol:0xe5ba47fd94cb645ba4119222e34fb33f59c7cd90:SAFUU | contract_name:0xe5ba47fd94cb645ba4119222e34fb33f59c7cd90:Safuu
0x4f1accaa5af52ce934d73d35a1d826bdf0b2aed361bf11e4cd19e5bc38c90582,safuu,high,log_addr:0xe5ba47fd94cb645ba4119222e34fb33f59c7cd90:Safuu: SAFUU Token | token_symbol:0xe5ba47fd94cb645ba4119222e34fb33f59c7cd90:SAFUU | token_name:0xe5ba47fd94cb645ba4119222e34fb33f59c7cd90:Safuu | log_addr:0xe5ba47fd94cb645ba4119222e34fb33f59c7cd90:Safuu: SAFUU Token | token_symbol:0xe5ba47fd94cb645ba4119222e34fb33f59c7cd90:SAFUU | token_name:0xe5ba47fd94cb645ba4119222e34fb33f59c7cd90:Safuu | contract_symbol:0xe5ba47fd94cb645ba4119222e34fb33f59c7cd90:SAFUU | contract_name:0xe5ba47fd94cb645ba4119222e34fb33f59c7cd90:Safuu
0x359ef0bc55afd0b8f4f1fa0ddd5e4a3c62b177722bf62fda7668a3a7da89e6c1,safuu,high,log_addr:0xe5ba47fd94cb645ba4119222e34fb33f59c7cd90:Safuu: SAFUU Token | token_symbol:0xe5ba47fd94cb645ba4119222e34fb33f59c7cd90:SAFUU | token_name:0xe5ba47fd94cb645ba4119222e34fb33f59c7cd90:Safuu | log_addr:0xe5ba47fd94cb645ba4119222e34fb33f59c7cd90:Safuu: SAFUU Token | token_symbol:0xe5ba47fd94cb645ba4119222e34fb33f59c7cd90:SAFUU | token_name:0xe5ba47fd94cb645ba4119222e34fb33f59c7cd90:Safuu | contract_symbol:0xe5ba47fd94cb645ba4119222e34fb33f59c7cd90:SAFUU | contract_name:0xe5ba47fd94cb645ba4119222e34fb33f59c7cd90:Safuu
0x5a02cb49dd47a0e189a938ed48abdf638963e890cd5308574b4734f63b08e605,safuu,high,log_addr:0xe5ba47fd94cb645ba4119222e34fb33f59c7cd90:Safuu: SAFUU Token | token_symbol:0xe5ba47fd94cb645ba4119222e34fb33f59c7cd90:SAFUU | token_name:0xe5ba47fd94cb645ba4119222e34fb33f59c7cd90:Safuu | log_addr:0xe5ba47fd94cb645ba4119222e34fb33f59c7cd90:Safuu: SAFUU Token | token_symbol:0xe5ba47fd94cb645ba4119222e34fb33f59c7cd90:SAFUU | token_name:0xe5ba47fd94cb645ba4119222e34fb33f59c7cd90:Safuu | contract_symbol:0xe5ba47fd94cb645ba4119222e34fb33f59c7cd90:SAFUU | contract_name:0xe5ba47fd94cb645ba4119222e34fb33f59c7cd90:Safuu
0xe2a2e5bc772493840c83f2bdc85be44fdda3f272e2ae0d99a31a93e953c3c29b,safuu,high,log_addr:0xe5ba47fd94cb645ba4119222e34fb33f59c7cd90:Safuu: SAFUU Token | token_symbol:0xe5ba47fd94cb645ba4119222e34fb33f59c7cd90:SAFUU | token_name:0xe5ba47fd94cb645ba4119222e34fb33f59c7cd90:Safuu | log_addr:0xe5ba47fd94cb645ba4119222e34fb33f59c7cd90:Safuu: SAFUU Token | token_symbol:0xe5ba47fd94cb645ba4119222e34fb33f59c7cd90:SAFUU | token_name:0xe5ba47fd94cb645ba4119222e34fb33f59c7cd90:Safuu | contract_symbol:0xe5ba47fd94cb645ba4119222e34fb33f59c7cd90:SAFUU | contract_name:0xe5ba47fd94cb645ba4119222e34fb33f59c7cd90:Safuu
0x9c8de2bb5d96ec8cd0fc1ff9e11556be92935c3ac872180301c04b8024ff606b,safuu,high,log_addr:0xe5ba47fd94cb645ba4119222e34fb33f59c7cd90:Safuu: SAFUU Token | token_symbol:0xe5ba47fd94cb645ba4119222e34fb33f59c7cd90:SAFUU | token_name:0xe5ba47fd94cb645ba4119222e34fb33f59c7cd90:Safuu | log_addr:0xe5ba47fd94cb645ba4119222e34fb33f59c7cd90:Safuu: SAFUU Token | token_symbol:0xe5ba47fd94cb645ba4119222e34fb33f59c7cd90:SAFUU | token_name:0xe5ba47fd94cb645ba4119222e34fb33f59c7cd90:Safuu | contract_symbol:0xe5ba47fd94cb645ba4119222e34fb33f59c7cd90:SAFUU | contract_name:0xe5ba47fd94cb645ba4119222e34fb33f59c7cd90:Safuu
0x1955c86aec3d1d275ad484fcd5111cc88f4a417dd0a43ebe83e6f476b9b9bf56,safuu,high,log_addr:0xe5ba47fd94cb645ba4119222e34fb33f59c7cd90:Safuu: SAFUU Token | token_symbol:0xe5ba47fd94cb645ba4119222e34fb33f59c7cd90:SAFUU | token_name:0xe5ba47fd94cb645ba4119222e34fb33f59c7cd90:Safuu | log_addr:0xe5ba47fd94cb645ba4119222e34fb33f59c7cd90:Safuu: SAFUU Token | token_symbol:0xe5ba47fd94cb645ba4119222e34fb33f59c7cd90:SAFUU | token_name:0xe5ba47fd94cb645ba4119222e34fb33f59c7cd90:Safuu | contract_symbol:0xe5ba47fd94cb645ba4119222e34fb33f59c7cd90:SAFUU | contract_name:0xe5ba47fd94cb645ba4119222e34fb33f59c7cd90:Safuu
0x67b349beb878ea7843cb2cfe41bd99a412057f6b1090a0c0473c3606b65359d3,safuu,high,log_addr:0xe5ba47fd94cb645ba4119222e34fb33f59c7cd90:Safuu: SAFUU Token | token_symbol:0xe5ba47fd94cb645ba4119222e34fb33f59c7cd90:SAFUU | token_name:0xe5ba47fd94cb645ba4119222e34fb33f59c7cd90:Safuu | log_addr:0xe5ba47fd94cb645ba4119222e34fb33f59c7cd90:Safuu: SAFUU Token | token_symbol:0xe5ba47fd94cb645ba4119222e34fb33f59c7cd90:SAFUU | token_name:0xe5ba47fd94cb645ba4119222e34fb33f59c7cd90:Safuu | contract_symbol:0xe5ba47fd94cb645ba4119222e34fb33f59c7cd90:SAFUU | contract_name:0xe5ba47fd94cb645ba4119222e34fb33f59c7cd90:Safuu
0x4e6dbc413fb8aef0de3b876ccea8085c8666d8e1de246072908b6aee53d2be61,safuu,high,log_addr:0xe5ba47fd94cb645ba4119222e34fb33f59c7cd90:Safuu: SAFUU Token | token_symbol:0xe5ba47fd94cb645ba4119222e34fb33f59c7cd90:SAFUU | token_name:0xe5ba47fd94cb645ba4119222e34fb33f59c7cd90:Safuu | log_addr:0xe5ba47fd94cb645ba4119222e34fb33f59c7cd90:Safuu: SAFUU Token | token_symbol:0xe5ba47fd94cb645ba4119222e34fb33f59c7cd90:SAFUU | token_name:0xe5ba47fd94cb645ba4119222e34fb33f59c7cd90:Safuu | contract_symbol:0xe5ba47fd94cb645ba4119222e34fb33f59c7cd90:SAFUU | contract_name:0xe5ba47fd94cb645ba4119222e34fb33f59c7cd90:Safuu
0x9a391aa9ff59a83def9d3bc61e95fc78364d115762ff87215097988bc33e80ba,safuu,high,log_addr:0xe5ba47fd94cb645ba4119222e34fb33f59c7cd90:Safuu: SAFUU Token | token_symbol:0xe5ba47fd94cb645ba4119222e34fb33f59c7cd90:SAFUU | token_name:0xe5ba47fd94cb645ba4119222e34fb33f59c7cd90:Safuu | log_addr:0xe5ba47fd94cb645ba4119222e34fb33f59c7cd90:Safuu: SAFUU Token | token_symbol:0xe5ba47fd94cb645ba4119222e34fb33f59c7cd90:SAFUU | token_name:0xe5ba47fd94cb645ba4119222e34fb33f59c7cd90:Safuu | contract_symbol:0xe5ba47fd94cb645ba4119222e34fb33f59c7cd90:SAFUU | contract_name:0xe5ba47fd94cb645ba4119222e34fb33f59c7cd90:Safuu
0xea8620afc941934ca0061d88b80924c3ca597dae9132580b145eaf17d8372530,safuu,high,log_addr:0xe5ba47fd94cb645ba4119222e34fb33f59c7cd90:Safuu: SAFUU Token | token_symbol:0xe5ba47fd94cb645ba4119222e34fb33f59c7cd90:SAFUU | token_name:0xe5ba47fd94cb645ba4119222e34fb33f59c7cd90:Safuu | log_addr:0xe5ba47fd94cb645ba4119222e34fb33f59c7cd90:Safuu: SAFUU Token | token_symbol:0xe5ba47fd94cb645ba4119222e34fb33f59c7cd90:SAFUU | token_name:0xe5ba47fd94cb645ba4119222e34fb33f59c7cd90:Safuu | contract_symbol:0xe5ba47fd94cb645ba4119222e34fb33f59c7cd90:SAFUU | contract_name:0xe5ba47fd94cb645ba4119222e34fb33f59c7cd90:Safuu
0xdc9ab0244f81e12a446f62c7a2fb0d1765ecaba6d2b822858c0583677f0901ae,safuu,high,log_addr:0xe5ba47fd94cb645ba4119222e34fb33f59c7cd90:Safuu: SAFUU Token | token_symbol:0xe5ba47fd94cb645ba4119222e34fb33f59c7cd90:SAFUU | token_name:0xe5ba47fd94cb645ba4119222e34fb33f59c7cd90:Safuu | log_addr:0xe5ba47fd94cb645ba4119222e34fb33f59c7cd90:Safuu: SAFUU Token | token_symbol:0xe5ba47fd94cb645ba4119222e34fb33f59c7cd90:SAFUU | token_name:0xe5ba47fd94cb645ba4119222e34fb33f59c7cd90:Safuu | contract_symbol:0xe5ba47fd94cb645ba4119222e34fb33f59c7cd90:SAFUU | contract_name:0xe5ba47fd94cb645ba4119222e34fb33f59c7cd90:Safuu
0x84d0f4f892895e7722fc78e1ef6d7c559299187520ac85febd5c3c460f9d1bcf,safuu,high,log_addr:0xe5ba47fd94cb645ba4119222e34fb33f59c7cd90:Safuu: SAFUU Token | log_addr:0xe5ba47fd94cb645ba4119222e34fb33f59c7cd90:Safuu: SAFUU Token | token_symbol:0xe5ba47fd94cb645ba4119222e34fb33f59c7cd90:SAFUU | token_name:0xe5ba47fd94cb645ba4119222e34fb33f59c7cd90:Safuu | log_addr:0xe5ba47fd94cb645ba4119222e34fb33f59c7cd90:Safuu: SAFUU Token | token_symbol:0xe5ba47fd94cb645ba4119222e34fb33f59c7cd90:SAFUU | token_name:0xe5ba47fd94cb645ba4119222e34fb33f59c7cd90:Safuu | contract_symbol:0xe5ba47fd94cb645ba4119222e34fb33f59c7cd90:SAFUU | contract_name:0xe5ba47fd94cb645ba4119222e34fb33f59c7cd90:Safuu
0xf61a635770f116a8ee5fa05238ac5c4823f6e106746dfe49a5ee1fb831453f58,safuu,high,token_name:0x458aee8b453f0d0ff22d8aab4fc1d10026a62068:LegendarySafuuClub | contract_name:0x458aee8b453f0d0ff22d8aab4fc1d10026a62068:LegendarySafuuClub
0x53ea119876f92b9bbcf2bde45cd2eb76f3ce5be48faa5427218d0e90300e0f73,safuu,high,log_addr:0xe5ba47fd94cb645ba4119222e34fb33f59c7cd90:Safuu: SAFUU Token | token_symbol:0xe5ba47fd94cb645ba4119222e34fb33f59c7cd90:SAFUU | token_name:0xe5ba47fd94cb645ba4119222e34fb33f59c7cd90:Safuu | log_addr:0xe5ba47fd94cb645ba4119222e34fb33f59c7cd90:Safuu: SAFUU Token | token_symbol:0xe5ba47fd94cb645ba4119222e34fb33f59c7cd90:SAFUU | token_name:0xe5ba47fd94cb645ba4119222e34fb33f59c7cd90:Safuu | contract_symbol:0xe5ba47fd94cb645ba4119222e34fb33f59c7cd90:SAFUU | contract_name:0xe5ba47fd94cb645ba4119222e34fb33f59c7cd90:Safuu
0x2a8880f1ffe29cd8e63d3891a3ddfdf5b5fb90e143c50ec23d0e900b462c8307,safuu,high,log_addr:0xe5ba47fd94cb645ba4119222e34fb33f59c7cd90:Safuu: SAFUU Token | token_symbol:0xe5ba47fd94cb645ba4119222e34fb33f59c7cd90:SAFUU | token_name:0xe5ba47fd94cb645ba4119222e34fb33f59c7cd90:Safuu | log_addr:0xe5ba47fd94cb645ba4119222e34fb33f59c7cd90:Safuu: SAFUU Token | token_symbol:0xe5ba47fd94cb645ba4119222e34fb33f59c7cd90:SAFUU | token_name:0xe5ba47fd94cb645ba4119222e34fb33f59c7cd90:Safuu | contract_symbol:0xe5ba47fd94cb645ba4119222e34fb33f59c7cd90:SAFUU | contract_name:0xe5ba47fd94cb645ba4119222e34fb33f59c7cd90:Safuu
0x4bbd724ac43878ba2ac4770806beffb32ae5de07feb96ad4688fed3f81143974,safuu,high,log_addr:0xe5ba47fd94cb645ba4119222e34fb33f59c7cd90:Safuu: SAFUU Token | token_symbol:0xe5ba47fd94cb645ba4119222e34fb33f59c7cd90:SAFUU | token_name:0xe5ba47fd94cb645ba4119222e34fb33f59c7cd90:Safuu | log_addr:0xe5ba47fd94cb645ba4119222e34fb33f59c7cd90:Safuu: SAFUU Token | token_symbol:0xe5ba47fd94cb645ba4119222e34fb33f59c7cd90:SAFUU | token_name:0xe5ba47fd94cb645ba4119222e34fb33f59c7cd90:Safuu | contract_symbol:0xe5ba47fd94cb645ba4119222e34fb33f59c7cd90:SAFUU | contract_name:0xe5ba47fd94cb645ba4119222e34fb33f59c7cd90:Safuu
0x19f0b21097b948c2976273d1975567baef35c475de9c8c60ef82876b484fd084,safuu,high,log_addr:0xe5ba47fd94cb645ba4119222e34fb33f59c7cd90:Safuu: SAFUU Token | token_symbol:0xe5ba47fd94cb645ba4119222e34fb33f59c7cd90:SAFUU | token_name:0xe5ba47fd94cb645ba4119222e34fb33f59c7cd90:Safuu | log_addr:0xe5ba47fd94cb645ba4119222e34fb33f59c7cd90:Safuu: SAFUU Token | token_symbol:0xe5ba47fd94cb645ba4119222e34fb33f59c7cd90:SAFUU | token_name:0xe5ba47fd94cb645ba4119222e34fb33f59c7cd90:Safuu | contract_symbol:0xe5ba47fd94cb645ba4119222e34fb33f59c7cd90:SAFUU | contract_name:0xe5ba47fd94cb645ba4119222e34fb33f59c7cd90:Safuu
0xa2ec5d9815d231a1958b18d2083d4155c753c4dd9b71db56ebd8767b2e175d23,safuu,high,log_addr:0xe5ba47fd94cb645ba4119222e34fb33f59c7cd90:Safuu: SAFUU Token | token_symbol:0xe5ba47fd94cb645ba4119222e34fb33f59c7cd90:SAFUU | token_name:0xe5ba47fd94cb645ba4119222e34fb33f59c7cd90:Safuu | log_addr:0xe5ba47fd94cb645ba4119222e34fb33f59c7cd90:Safuu: SAFUU Token | token_symbol:0xe5ba47fd94cb645ba4119222e34fb33f59c7cd90:SAFUU | token_name:0xe5ba47fd94cb645ba4119222e34fb33f59c7cd90:Safuu | contract_symbol:0xe5ba47fd94cb645ba4119222e34fb33f59c7cd90:SAFUU | contract_name:0xe5ba47fd94cb645ba4119222e34fb33f59c7cd90:Safuu
0x036f24038c14c6e4756e8ac79e2ff10aa292879477eac1f8be1c01e983a07f9c,safuu,high,log_addr:0xe5ba47fd94cb645ba4119222e34fb33f59c7cd90:Safuu: SAFUU Token | token_symbol:0xe5ba47fd94cb645ba4119222e34fb33f59c7cd90:SAFUU | token_name:0xe5ba47fd94cb645ba4119222e34fb33f59c7cd90:Safuu | log_addr:0xe5ba47fd94cb645ba4119222e34fb33f59c7cd90:Safuu: SAFUU Token | token_symbol:0xe5ba47fd94cb645ba4119222e34fb33f59c7cd90:SAFUU | token_name:0xe5ba47fd94cb645ba4119222e34fb33f59c7cd90:Safuu | contract_symbol:0xe5ba47fd94cb645ba4119222e34fb33f59c7cd90:SAFUU | contract_name:0xe5ba47fd94cb645ba4119222e34fb33f59c7cd90:Safuu
0x4040c6cb0380a1f5e25a6c16b5497ad2eb15e82e82c28200618af8840a54424a,safuu,high,log_addr:0xe5ba47fd94cb645ba4119222e34fb33f59c7cd90:Safuu: SAFUU Token | token_symbol:0xe5ba47fd94cb645ba4119222e34fb33f59c7cd90:SAFUU | token_name:0xe5ba47fd94cb645ba4119222e34fb33f59c7cd90:Safuu | log_addr:0xe5ba47fd94cb645ba4119222e34fb33f59c7cd90:Safuu: SAFUU Token | token_symbol:0xe5ba47fd94cb645ba4119222e34fb33f59c7cd90:SAFUU | token_name:0xe5ba47fd94cb645ba4119222e34fb33f59c7cd90:Safuu | contract_symbol:0xe5ba47fd94cb645ba4119222e34fb33f59c7cd90:SAFUU | contract_name:0xe5ba47fd94cb645ba4119222e34fb33f59c7cd90:Safuu
0xede00c86dd6db6124384072773db6261055439c5688a5a57b32db1f63e34f2e5,safuu,high,log_addr:0xe5ba47fd94cb645ba4119222e34fb33f59c7cd90:Safuu: SAFUU Token | token_symbol:0xe5ba47fd94cb645ba4119222e34fb33f59c7cd90:SAFUU | token_name:0xe5ba47fd94cb645ba4119222e34fb33f59c7cd90:Safuu | log_addr:0xe5ba47fd94cb645ba4119222e34fb33f59c7cd90:Safuu: SAFUU Token | token_symbol:0xe5ba47fd94cb645ba4119222e34fb33f59c7cd90:SAFUU | token_name:0xe5ba47fd94cb645ba4119222e34fb33f59c7cd90:Safuu | contract_symbol:0xe5ba47fd94cb645ba4119222e34fb33f59c7cd90:SAFUU | contract_name:0xe5ba47fd94cb645ba4119222e34fb33f59c7cd90:Safuu
0xefecd4ea9620a88e8bde132c0315e4262afde1770a8fc3c8d75b0d2048dddd36,safuu,high,log_addr:0xe5ba47fd94cb645ba4119222e34fb33f59c7cd90:Safuu: SAFUU Token | token_symbol:0xe5ba47fd94cb645ba4119222e34fb33f59c7cd90:SAFUU | token_name:0xe5ba47fd94cb645ba4119222e34fb33f59c7cd90:Safuu | log_addr:0xe5ba47fd94cb645ba4119222e34fb33f59c7cd90:Safuu: SAFUU Token | token_symbol:0xe5ba47fd94cb645ba4119222e34fb33f59c7cd90:SAFUU | token_name:0xe5ba47fd94cb645ba4119222e34fb33f59c7cd90:Safuu | contract_symbol:0xe5ba47fd94cb645ba4119222e34fb33f59c7cd90:SAFUU | contract_name:0xe5ba47fd94cb645ba4119222e34fb33f59c7cd90:Safuu
0xb91b5a5a70e3b246180d99f991f895730cc4c7512d5209261748a2b6fc8b07e8,safuu,high,log_addr:0xe5ba47fd94cb645ba4119222e34fb33f59c7cd90:Safuu: SAFUU Token | token_symbol:0xe5ba47fd94cb645ba4119222e34fb33f59c7cd90:SAFUU | token_name:0xe5ba47fd94cb645ba4119222e34fb33f59c7cd90:Safuu | log_addr:0xe5ba47fd94cb645ba4119222e34fb33f59c7cd90:Safuu: SAFUU Token | token_symbol:0xe5ba47fd94cb645ba4119222e34fb33f59c7cd90:SAFUU | token_name:0xe5ba47fd94cb645ba4119222e34fb33f59c7cd90:Safuu | contract_symbol:0xe5ba47fd94cb645ba4119222e34fb33f59c7cd90:SAFUU | contract_name:0xe5ba47fd94cb645ba4119222e34fb33f59c7cd90:Safuu
0x646230a2f69c37a2d4fa3199374a5ed8f47ad3263aca815ada110cabbe6b3a2d,safuu,high,log_addr:0xe5ba47fd94cb645ba4119222e34fb33f59c7cd90:Safuu: SAFUU Token | token_symbol:0xe5ba47fd94cb645ba4119222e34fb33f59c7cd90:SAFUU | token_name:0xe5ba47fd94cb645ba4119222e34fb33f59c7cd90:Safuu | log_addr:0xe5ba47fd94cb645ba4119222e34fb33f59c7cd90:Safuu: SAFUU Token | token_symbol:0xe5ba47fd94cb645ba4119222e34fb33f59c7cd90:SAFUU | token_name:0xe5ba47fd94cb645ba4119222e34fb33f59c7cd90:Safuu | contract_symbol:0xe5ba47fd94cb645ba4119222e34fb33f59c7cd90:SAFUU | contract_name:0xe5ba47fd94cb645ba4119222e34fb33f59c7cd90:Safuu
0xf5607d0eb6682046adaa038277e809e3dfb5bb5b7010b73aadaa77fbb7b7c025,safuu,high,log_addr:0xe5ba47fd94cb645ba4119222e34fb33f59c7cd90:Safuu: SAFUU Token | token_symbol:0xe5ba47fd94cb645ba4119222e34fb33f59c7cd90:SAFUU | token_name:0xe5ba47fd94cb645ba4119222e34fb33f59c7cd90:Safuu | log_addr:0xe5ba47fd94cb645ba4119222e34fb33f59c7cd90:Safuu: SAFUU Token | token_symbol:0xe5ba47fd94cb645ba4119222e34fb33f59c7cd90:SAFUU | token_name:0xe5ba47fd94cb645ba4119222e34fb33f59c7cd90:Safuu | contract_symbol:0xe5ba47fd94cb645ba4119222e34fb33f59c7cd90:SAFUU | contract_name:0xe5ba47fd94cb645ba4119222e34fb33f59c7cd90:Safuu
0xe4385e3e15c8b7d02fdcc7d138c5d684bd940b58d73ec8957282c67a70dc3182,safuu,high,log_addr:0xe5ba47fd94cb645ba4119222e34fb33f59c7cd90:Safuu: SAFUU Token | token_symbol:0xe5ba47fd94cb645ba4119222e34fb33f59c7cd90:SAFUU | token_name:0xe5ba47fd94cb645ba4119222e34fb33f59c7cd90:Safuu | log_addr:0xe5ba47fd94cb645ba4119222e34fb33f59c7cd90:Safuu: SAFUU Token | token_symbol:0xe5ba47fd94cb645ba4119222e34fb33f59c7cd90:SAFUU | token_name:0xe5ba47fd94cb645ba4119222e34fb33f59c7cd90:Safuu | contract_symbol:0xe5ba47fd94cb645ba4119222e34fb33f59c7cd90:SAFUU | contract_name:0xe5ba47fd94cb645ba4119222e34fb33f59c7cd90:Safuu
0x8411a4deae404f15376a94a4cbbd703c79271f7db6e6112fa2a04cf4c4f047ab,safuu,high,log_addr:0xe5ba47fd94cb645ba4119222e34fb33f59c7cd90:Safuu: SAFUU Token | token_symbol:0xe5ba47fd94cb645ba4119222e34fb33f59c7cd90:SAFUU | token_name:0xe5ba47fd94cb645ba4119222e34fb33f59c7cd90:Safuu | log_addr:0xe5ba47fd94cb645ba4119222e34fb33f59c7cd90:Safuu: SAFUU Token | token_symbol:0xe5ba47fd94cb645ba4119222e34fb33f59c7cd90:SAFUU | token_name:0xe5ba47fd94cb645ba4119222e34fb33f59c7cd90:Safuu | contract_symbol:0xe5ba47fd94cb645ba4119222e34fb33f59c7cd90:SAFUU | contract_name:0xe5ba47fd94cb645ba4119222e34fb33f59c7cd90:Safuu
0x412b542f7c233f343fdac59eee905118910fac877d6f58a92fa0f182d040fd3b,safuu,high,log_addr:0xe5ba47fd94cb645ba4119222e34fb33f59c7cd90:Safuu: SAFUU Token | token_symbol:0xe5ba47fd94cb645ba4119222e34fb33f59c7cd90:SAFUU | token_name:0xe5ba47fd94cb645ba4119222e34fb33f59c7cd90:Safuu | log_addr:0xe5ba47fd94cb645ba4119222e34fb33f59c7cd90:Safuu: SAFUU Token | token_symbol:0xe5ba47fd94cb645ba4119222e34fb33f59c7cd90:SAFUU | token_name:0xe5ba47fd94cb645ba4119222e34fb33f59c7cd90:Safuu | contract_symbol:0xe5ba47fd94cb645ba4119222e34fb33f59c7cd90:SAFUU | contract_name:0xe5ba47fd94cb645ba4119222e34fb33f59c7cd90:Safuu
0xaf23035ef59551e7a419241b11733808870ec844cc87936a820b5d114d7b59d9,safuu,high,log_addr:0xe5ba47fd94cb645ba4119222e34fb33f59c7cd90:Safuu: SAFUU Token | token_symbol:0xe5ba47fd94cb645ba4119222e34fb33f59c7cd90:SAFUU | token_name:0xe5ba47fd94cb645ba4119222e34fb33f59c7cd90:Safuu | log_addr:0xe5ba47fd94cb645ba4119222e34fb33f59c7cd90:Safuu: SAFUU Token | token_symbol:0xe5ba47fd94cb645ba4119222e34fb33f59c7cd90:SAFUU | token_name:0xe5ba47fd94cb645ba4119222e34fb33f59c7cd90:Safuu | contract_symbol:0xe5ba47fd94cb645ba4119222e34fb33f59c7cd90:SAFUU | contract_name:0xe5ba47fd94cb645ba4119222e34fb33f59c7cd90:Safuu
0x68a69933027b598a8ac0210262fd39accb9014efda33ef7742e6ff73c4623f8b,safuu,high,log_addr:0xe5ba47fd94cb645ba4119222e34fb33f59c7cd90:Safuu: SAFUU Token | token_symbol:0xe5ba47fd94cb645ba4119222e34fb33f59c7cd90:SAFUU | token_name:0xe5ba47fd94cb645ba4119222e34fb33f59c7cd90:Safuu | log_addr:0xe5ba47fd94cb645ba4119222e34fb33f59c7cd90:Safuu: SAFUU Token | token_symbol:0xe5ba47fd94cb645ba4119222e34fb33f59c7cd90:SAFUU | token_name:0xe5ba47fd94cb645ba4119222e34fb33f59c7cd90:Safuu | contract_symbol:0xe5ba47fd94cb645ba4119222e34fb33f59c7cd90:SAFUU | contract_name:0xe5ba47fd94cb645ba4119222e34fb33f59c7cd90:Safuu
0xaba1514f7339a3d77e47642caff92a265c770b31c7aa8c95ca322c8d0954c026,safuu,high,log_addr:0xe5ba47fd94cb645ba4119222e34fb33f59c7cd90:Safuu: SAFUU Token | token_symbol:0xe5ba47fd94cb645ba4119222e34fb33f59c7cd90:SAFUU | token_name:0xe5ba47fd94cb645ba4119222e34fb33f59c7cd90:Safuu | log_addr:0xe5ba47fd94cb645ba4119222e34fb33f59c7cd90:Safuu: SAFUU Token | token_symbol:0xe5ba47fd94cb645ba4119222e34fb33f59c7cd90:SAFUU | token_name:0xe5ba47fd94cb645ba4119222e34fb33f59c7cd90:Safuu | contract_symbol:0xe5ba47fd94cb645ba4119222e34fb33f59c7cd90:SAFUU | contract_name:0xe5ba47fd94cb645ba4119222e34fb33f59c7cd90:Safuu
0x2889d4bd9f0b787bff00d0c9eca58c3b76ec76d785259fafc48ac04b3eb4db8b,safuu,high,to_address:0xe5ba47fd94cb645ba4119222e34fb33f59c7cd90:Safuu: SAFUU Token | to:Safuu: SAFUU Token | to_friendly_tag_final:Safuu: SAFUU Token | tx_to:0xe5ba47fd94cb645ba4119222e34fb33f59c7cd90:Safuu: SAFUU Token | log_addr:0xe5ba47fd94cb645ba4119222e34fb33f59c7cd90:Safuu: SAFUU Token | token_symbol:0xe5ba47fd94cb645ba4119222e34fb33f59c7cd90:SAFUU | token_name:0xe5ba47fd94cb645ba4119222e34fb33f59c7cd90:Safuu | contract_symbol:0xe5ba47fd94cb645ba4119222e34fb33f59c7cd90:SAFUU | contract_name:0xe5ba47fd94cb645ba4119222e34fb33f59c7cd90:Safuu
0x4e0d382e3c572a42d48c9f35d54af4f9186c63604f82cb61701b2ae77a6a4d05,safuu,high,log_addr:0xe5ba47fd94cb645ba4119222e34fb33f59c7cd90:Safuu: SAFUU Token | token_symbol:0xe5ba47fd94cb645ba4119222e34fb33f59c7cd90:SAFUU | token_name:0xe5ba47fd94cb645ba4119222e34fb33f59c7cd90:Safuu | contract_name:0x0989b03b8ced1aa72aca962d22f1098653690aef:SafuuX Nodes | contract_symbol:0xe5ba47fd94cb645ba4119222e34fb33f59c7cd90:SAFUU | contract_name:0xe5ba47fd94cb645ba4119222e34fb33f59c7cd90:Safuu
0x6b5118e38ec78143cd23eefeaeaec221b6ffec8e23b82fad29aba9eb1cc3c622,safuu,high,to_address:0xe5ba47fd94cb645ba4119222e34fb33f59c7cd90:Safuu: SAFUU Token | to:Safuu: SAFUU Token | to_friendly_tag_final:Safuu: SAFUU Token | tx_to:0xe5ba47fd94cb645ba4119222e34fb33f59c7cd90:Safuu: SAFUU Token | log_addr:0xe5ba47fd94cb645ba4119222e34fb33f59c7cd90:Safuu: SAFUU Token | token_symbol:0xe5ba47fd94cb645ba4119222e34fb33f59c7cd90:SAFUU | token_name:0xe5ba47fd94cb645ba4119222e34fb33f59c7cd90:Safuu | contract_symbol:0xe5ba47fd94cb645ba4119222e34fb33f59c7cd90:SAFUU | contract_name:0xe5ba47fd94cb645ba4119222e34fb33f59c7cd90:Safuu
0xa27efdd8937f571178bc1e310654277c62e94ee1eb8298782df862e4eb98dca4,safuu,high,log_addr:0xe5ba47fd94cb645ba4119222e34fb33f59c7cd90:Safuu: SAFUU Token | token_symbol:0xe5ba47fd94cb645ba4119222e34fb33f59c7cd90:SAFUU | token_name:0xe5ba47fd94cb645ba4119222e34fb33f59c7cd90:Safuu | log_addr:0xe5ba47fd94cb645ba4119222e34fb33f59c7cd90:Safuu: SAFUU Token | token_symbol:0xe5ba47fd94cb645ba4119222e34fb33f59c7cd90:SAFUU | token_name:0xe5ba47fd94cb645ba4119222e34fb33f59c7cd90:Safuu | contract_symbol:0xe5ba47fd94cb645ba4119222e34fb33f59c7cd90:SAFUU | contract_name:0xe5ba47fd94cb645ba4119222e34fb33f59c7cd90:Safuu
0xa6d3586387892e75382c89468e09d2eb05857fc26fa7b0b1175b02592e691815,safuu,high,log_addr:0xe5ba47fd94cb645ba4119222e34fb33f59c7cd90:Safuu: SAFUU Token | log_addr:0xe5ba47fd94cb645ba4119222e34fb33f59c7cd90:Safuu: SAFUU Token | token_symbol:0xe5ba47fd94cb645ba4119222e34fb33f59c7cd90:SAFUU | token_name:0xe5ba47fd94cb645ba4119222e34fb33f59c7cd90:Safuu | log_addr:0xe5ba47fd94cb645ba4119222e34fb33f59c7cd90:Safuu: SAFUU Token | token_symbol:0xe5ba47fd94cb645ba4119222e34fb33f59c7cd90:SAFUU | token_name:0xe5ba47fd94cb645ba4119222e34fb33f59c7cd90:Safuu | contract_symbol:0xe5ba47fd94cb645ba4119222e34fb33f59c7cd90:SAFUU | contract_name:0xe5ba47fd94cb645ba4119222e34fb33f59c7cd90:Safuu
0x608b954c47faf005f0c133203dd6e0f501fd1b0db018afb86c5056070133caad,safuu,high,log_addr:0xe5ba47fd94cb645ba4119222e34fb33f59c7cd90:Safuu: SAFUU Token | token_symbol:0xe5ba47fd94cb645ba4119222e34fb33f59c7cd90:SAFUU | token_name:0xe5ba47fd94cb645ba4119222e34fb33f59c7cd90:Safuu | log_addr:0xe5ba47fd94cb645ba4119222e34fb33f59c7cd90:Safuu: SAFUU Token | token_symbol:0xe5ba47fd94cb645ba4119222e34fb33f59c7cd90:SAFUU | token_name:0xe5ba47fd94cb645ba4119222e34fb33f59c7cd90:Safuu | contract_symbol:0xe5ba47fd94cb645ba4119222e34fb33f59c7cd90:SAFUU | contract_name:0xe5ba47fd94cb645ba4119222e34fb33f59c7cd90:Safuu
0xa09f2d94f2cfce2f5d8cb542b48c72c72ca718c8a51d2e39092bf9fcee55040e,safuu,high,log_addr:0xe5ba47fd94cb645ba4119222e34fb33f59c7cd90:Safuu: SAFUU Token | token_symbol:0xe5ba47fd94cb645ba4119222e34fb33f59c7cd90:SAFUU | token_name:0xe5ba47fd94cb645ba4119222e34fb33f59c7cd90:Safuu | log_addr:0xe5ba47fd94cb645ba4119222e34fb33f59c7cd90:Safuu: SAFUU Token | token_symbol:0xe5ba47fd94cb645ba4119222e34fb33f59c7cd90:SAFUU | token_name:0xe5ba47fd94cb645ba4119222e34fb33f59c7cd90:Safuu | contract_symbol:0xe5ba47fd94cb645ba4119222e34fb33f59c7cd90:SAFUU | contract_name:0xe5ba47fd94cb645ba4119222e34fb33f59c7cd90:Safuu
0xeeb74a5f12cf2edddf8311fc69d4457ce88a469d6a7ecfb6d4180779f55e77cd,safuu,high,log_addr:0xe5ba47fd94cb645ba4119222e34fb33f59c7cd90:Safuu: SAFUU Token | token_symbol:0xe5ba47fd94cb645ba4119222e34fb33f59c7cd90:SAFUU | token_name:0xe5ba47fd94cb645ba4119222e34fb33f59c7cd90:Safuu | log_addr:0xe5ba47fd94cb645ba4119222e34fb33f59c7cd90:Safuu: SAFUU Token | token_symbol:0xe5ba47fd94cb645ba4119222e34fb33f59c7cd90:SAFUU | token_name:0xe5ba47fd94cb645ba4119222e34fb33f59c7cd90:Safuu | contract_symbol:0xe5ba47fd94cb645ba4119222e34fb33f59c7cd90:SAFUU | contract_name:0xe5ba47fd94cb645ba4119222e34fb33f59c7cd90:Safuu
0x7dbfc25139f65907cf41f34c39d25c62f63e30ec9c6cef5cbac2e189ddecf07b,safuu,high,log_addr:0xe5ba47fd94cb645ba4119222e34fb33f59c7cd90:Safuu: SAFUU Token | token_symbol:0xe5ba47fd94cb645ba4119222e34fb33f59c7cd90:SAFUU | token_name:0xe5ba47fd94cb645ba4119222e34fb33f59c7cd90:Safuu | log_addr:0xe5ba47fd94cb645ba4119222e34fb33f59c7cd90:Safuu: SAFUU Token | token_symbol:0xe5ba47fd94cb645ba4119222e34fb33f59c7cd90:SAFUU | token_name:0xe5ba47fd94cb645ba4119222e34fb33f59c7cd90:Safuu | contract_symbol:0xe5ba47fd94cb645ba4119222e34fb33f59c7cd90:SAFUU | contract_name:0xe5ba47fd94cb645ba4119222e34fb33f59c7cd90:Safuu
0x08fe9dcadb4a133a16f32ab0660f64242d77f5222f0ab131ffcb17f21eeb4378,safuu,high,log_addr:0xe5ba47fd94cb645ba4119222e34fb33f59c7cd90:Safuu: SAFUU Token | token_symbol:0xe5ba47fd94cb645ba4119222e34fb33f59c7cd90:SAFUU | token_name:0xe5ba47fd94cb645ba4119222e34fb33f59c7cd90:Safuu | log_addr:0xe5ba47fd94cb645ba4119222e34fb33f59c7cd90:Safuu: SAFUU Token | token_symbol:0xe5ba47fd94cb645ba4119222e34fb33f59c7cd90:SAFUU | token_name:0xe5ba47fd94cb645ba4119222e34fb33f59c7cd90:Safuu | contract_symbol:0xe5ba47fd94cb645ba4119222e34fb33f59c7cd90:SAFUU | contract_name:0xe5ba47fd94cb645ba4119222e34fb33f59c7cd90:Safuu
0x767a10cdc992d5562de2877f179b6cd6835526e6671d29a3b456ff097a3be675,safuu,high,log_addr:0xe5ba47fd94cb645ba4119222e34fb33f59c7cd90:Safuu: SAFUU Token | log_addr:0xe5ba47fd94cb645ba4119222e34fb33f59c7cd90:Safuu: SAFUU Token | token_symbol:0xe5ba47fd94cb645ba4119222e34fb33f59c7cd90:SAFUU | token_name:0xe5ba47fd94cb645ba4119222e34fb33f59c7cd90:Safuu | log_addr:0xe5ba47fd94cb645ba4119222e34fb33f59c7cd90:Safuu: SAFUU Token | token_symbol:0xe5ba47fd94cb645ba4119222e34fb33f59c7cd90:SAFUU | token_name:0xe5ba47fd94cb645ba4119222e34fb33f59c7cd90:Safuu | contract_symbol:0xe5ba47fd94cb645ba4119222e34fb33f59c7cd90:SAFUU | contract_name:0xe5ba47fd94cb645ba4119222e34fb33f59c7cd90:Safuu
0xf9c20275daad20653c37c244f89f3c30c0827a2b00f70347e62f6ba8c50a14f7,safuu,high,log_addr:0xe5ba47fd94cb645ba4119222e34fb33f59c7cd90:Safuu: SAFUU Token | token_symbol:0xe5ba47fd94cb645ba4119222e34fb33f59c7cd90:SAFUU | token_name:0xe5ba47fd94cb645ba4119222e34fb33f59c7cd90:Safuu | log_addr:0xe5ba47fd94cb645ba4119222e34fb33f59c7cd90:Safuu: SAFUU Token | token_symbol:0xe5ba47fd94cb645ba4119222e34fb33f59c7cd90:SAFUU | token_name:0xe5ba47fd94cb645ba4119222e34fb33f59c7cd90:Safuu | contract_symbol:0xe5ba47fd94cb645ba4119222e34fb33f59c7cd90:SAFUU | contract_name:0xe5ba47fd94cb645ba4119222e34fb33f59c7cd90:Safuu
0x276d713511431bd1426e09f7652f76ae766774b3dd99e5376bce4ed16ed6c027,safuu,high,log_addr:0xe5ba47fd94cb645ba4119222e34fb33f59c7cd90:Safuu: SAFUU Token | token_symbol:0xe5ba47fd94cb645ba4119222e34fb33f59c7cd90:SAFUU | token_name:0xe5ba47fd94cb645ba4119222e34fb33f59c7cd90:Safuu | log_addr:0xe5ba47fd94cb645ba4119222e34fb33f59c7cd90:Safuu: SAFUU Token | token_symbol:0xe5ba47fd94cb645ba4119222e34fb33f59c7cd90:SAFUU | token_name:0xe5ba47fd94cb645ba4119222e34fb33f59c7cd90:Safuu | contract_symbol:0xe5ba47fd94cb645ba4119222e34fb33f59c7cd90:SAFUU | contract_name:0xe5ba47fd94cb645ba4119222e34fb33f59c7cd90:Safuu
0x344d00844c12fb8c957bd39331bc3e5695a3e8c4ebbcaeebad4e2fa50fd1e325,safuu,high,log_addr:0xe5ba47fd94cb645ba4119222e34fb33f59c7cd90:Safuu: SAFUU Token | token_symbol:0xe5ba47fd94cb645ba4119222e34fb33f59c7cd90:SAFUU | token_name:0xe5ba47fd94cb645ba4119222e34fb33f59c7cd90:Safuu | log_addr:0xe5ba47fd94cb645ba4119222e34fb33f59c7cd90:Safuu: SAFUU Token | token_symbol:0xe5ba47fd94cb645ba4119222e34fb33f59c7cd90:SAFUU | token_name:0xe5ba47fd94cb645ba4119222e34fb33f59c7cd90:Safuu | contract_symbol:0xe5ba47fd94cb645ba4119222e34fb33f59c7cd90:SAFUU | contract_name:0xe5ba47fd94cb645ba4119222e34fb33f59c7cd90:Safuu
0xf80f5df31fed96a99f49f0620353a70fd0558f2bcecd60dd143f9232988354fb,safuu,high,to_address:0xe5ba47fd94cb645ba4119222e34fb33f59c7cd90:Safuu: SAFUU Token | to:Safuu: SAFUU Token | to_friendly_tag_final:Safuu: SAFUU Token | tx_to:0xe5ba47fd94cb645ba4119222e34fb33f59c7cd90:Safuu: SAFUU Token | log_addr:0xe5ba47fd94cb645ba4119222e34fb33f59c7cd90:Safuu: SAFUU Token | token_symbol:0xe5ba47fd94cb645ba4119222e34fb33f59c7cd90:SAFUU | token_name:0xe5ba47fd94cb645ba4119222e34fb33f59c7cd90:Safuu | contract_symbol:0xe5ba47fd94cb645ba4119222e34fb33f59c7cd90:SAFUU | contract_name:0xe5ba47fd94cb645ba4119222e34fb33f59c7cd90:Safuu
0x0f7db2f60bd0ee42a32400d3ca8185443083e33674714226a1f112385c79078f,safuu,high,log_addr:0xe5ba47fd94cb645ba4119222e34fb33f59c7cd90:Safuu: SAFUU Token | log_addr:0xe5ba47fd94cb645ba4119222e34fb33f59c7cd90:Safuu: SAFUU Token | token_symbol:0xe5ba47fd94cb645ba4119222e34fb33f59c7cd90:SAFUU | token_name:0xe5ba47fd94cb645ba4119222e34fb33f59c7cd90:Safuu | log_addr:0xe5ba47fd94cb645ba4119222e34fb33f59c7cd90:Safuu: SAFUU Token | token_symbol:0xe5ba47fd94cb645ba4119222e34fb33f59c7cd90:SAFUU | token_name:0xe5ba47fd94cb645ba4119222e34fb33f59c7cd90:Safuu | contract_symbol:0xe5ba47fd94cb645ba4119222e34fb33f59c7cd90:SAFUU | contract_name:0xe5ba47fd94cb645ba4119222e34fb33f59c7cd90:Safuu
0xe3e2df6ca54df227b9db9bd13a5e23307d8f89f04b9e80acd235a92a309d3ddf,safuu,high,log_addr:0xe5ba47fd94cb645ba4119222e34fb33f59c7cd90:Safuu: SAFUU Token | token_symbol:0xe5ba47fd94cb645ba4119222e34fb33f59c7cd90:SAFUU | token_name:0xe5ba47fd94cb645ba4119222e34fb33f59c7cd90:Safuu | log_addr:0xe5ba47fd94cb645ba4119222e34fb33f59c7cd90:Safuu: SAFUU Token | token_symbol:0xe5ba47fd94cb645ba4119222e34fb33f59c7cd90:SAFUU | token_name:0xe5ba47fd94cb645ba4119222e34fb33f59c7cd90:Safuu | contract_symbol:0xe5ba47fd94cb645ba4119222e34fb33f59c7cd90:SAFUU | contract_name:0xe5ba47fd94cb645ba4119222e34fb33f59c7cd90:Safuu
0x3ff59f8aee1b1fe7a7289894275fa223d7053064a80714d6e9222942898ae168,safuu,high,log_addr:0xe5ba47fd94cb645ba4119222e34fb33f59c7cd90:Safuu: SAFUU Token | token_symbol:0xe5ba47fd94cb645ba4119222e34fb33f59c7cd90:SAFUU | token_name:0xe5ba47fd94cb645ba4119222e34fb33f59c7cd90:Safuu | log_addr:0xe5ba47fd94cb645ba4119222e34fb33f59c7cd90:Safuu: SAFUU Token | token_symbol:0xe5ba47fd94cb645ba4119222e34fb33f59c7cd90:SAFUU | token_name:0xe5ba47fd94cb645ba4119222e34fb33f59c7cd90:Safuu | contract_symbol:0xe5ba47fd94cb645ba4119222e34fb33f59c7cd90:SAFUU | contract_name:0xe5ba47fd94cb645ba4119222e34fb33f59c7cd90:Safuu
0x710107446ad5f9eef8562cd308f4e7d27fdbc6d0a7653ecc7c57ebc17ad7f4cd,safuu,high,log_addr:0xe5ba47fd94cb645ba4119222e34fb33f59c7cd90:Safuu: SAFUU Token | token_symbol:0xe5ba47fd94cb645ba4119222e34fb33f59c7cd90:SAFUU | token_name:0xe5ba47fd94cb645ba4119222e34fb33f59c7cd90:Safuu | log_addr:0xe5ba47fd94cb645ba4119222e34fb33f59c7cd90:Safuu: SAFUU Token | token_symbol:0xe5ba47fd94cb645ba4119222e34fb33f59c7cd90:SAFUU | token_name:0xe5ba47fd94cb645ba4119222e34fb33f59c7cd90:Safuu | contract_symbol:0xe5ba47fd94cb645ba4119222e34fb33f59c7cd90:SAFUU | contract_name:0xe5ba47fd94cb645ba4119222e34fb33f59c7cd90:Safuu
0x595ba9cdd20d2c68732c6203831ef2b0b61d46c91fd82e9b5898afad3fe43b98,safuu,high,log_addr:0xe5ba47fd94cb645ba4119222e34fb33f59c7cd90:Safuu: SAFUU Token | token_symbol:0xe5ba47fd94cb645ba4119222e34fb33f59c7cd90:SAFUU | token_name:0xe5ba47fd94cb645ba4119222e34fb33f59c7cd90:Safuu | log_addr:0xe5ba47fd94cb645ba4119222e34fb33f59c7cd90:Safuu: SAFUU Token | token_symbol:0xe5ba47fd94cb645ba4119222e34fb33f59c7cd90:SAFUU | token_name:0xe5ba47fd94cb645ba4119222e34fb33f59c7cd90:Safuu | contract_symbol:0xe5ba47fd94cb645ba4119222e34fb33f59c7cd90:SAFUU | contract_name:0xe5ba47fd94cb645ba4119222e34fb33f59c7cd90:Safuu
0xd58c4998a62e4995d7ad604a62f65b1f2a9849672b4151371478e7e852513943,safuu,high,log_addr:0xe5ba47fd94cb645ba4119222e34fb33f59c7cd90:Safuu: SAFUU Token | token_symbol:0xe5ba47fd94cb645ba4119222e34fb33f59c7cd90:SAFUU | token_name:0xe5ba47fd94cb645ba4119222e34fb33f59c7cd90:Safuu | log_addr:0xe5ba47fd94cb645ba4119222e34fb33f59c7cd90:Safuu: SAFUU Token | token_symbol:0xe5ba47fd94cb645ba4119222e34fb33f59c7cd90:SAFUU | token_name:0xe5ba47fd94cb645ba4119222e34fb33f59c7cd90:Safuu | contract_symbol:0xe5ba47fd94cb645ba4119222e34fb33f59c7cd90:SAFUU | contract_name:0xe5ba47fd94cb645ba4119222e34fb33f59c7cd90:Safuu
0x8f98711456352444df7b8ce5aa5ba896f58869e887878fcb916e1ed6e458fcd7,safuu,high,log_addr:0xe5ba47fd94cb645ba4119222e34fb33f59c7cd90:Safuu: SAFUU Token | token_symbol:0xe5ba47fd94cb645ba4119222e34fb33f59c7cd90:SAFUU | token_name:0xe5ba47fd94cb645ba4119222e34fb33f59c7cd90:Safuu | log_addr:0xe5ba47fd94cb645ba4119222e34fb33f59c7cd90:Safuu: SAFUU Token | token_symbol:0xe5ba47fd94cb645ba4119222e34fb33f59c7cd90:SAFUU | token_name:0xe5ba47fd94cb645ba4119222e34fb33f59c7cd90:Safuu | contract_symbol:0xe5ba47fd94cb645ba4119222e34fb33f59c7cd90:SAFUU | contract_name:0xe5ba47fd94cb645ba4119222e34fb33f59c7cd90:Safuu
0x8ea8abe40409afdb60ee3ea070daeffb34fb2f0299f1983194f9c22328880257,safuu,high,to_address:0xe5ba47fd94cb645ba4119222e34fb33f59c7cd90:Safuu: SAFUU Token | to:Safuu: SAFUU Token | to_friendly_tag_final:Safuu: SAFUU Token | tx_to:0xe5ba47fd94cb645ba4119222e34fb33f59c7cd90:Safuu: SAFUU Token | log_addr:0xe5ba47fd94cb645ba4119222e34fb33f59c7cd90:Safuu: SAFUU Token | token_symbol:0xe5ba47fd94cb645ba4119222e34fb33f59c7cd90:SAFUU | token_name:0xe5ba47fd94cb645ba4119222e34fb33f59c7cd90:Safuu | contract_symbol:0xe5ba47fd94cb645ba4119222e34fb33f59c7cd90:SAFUU | contract_name:0xe5ba47fd94cb645ba4119222e34fb33f59c7cd90:Safuu
0xe3ac7a3b08f2e56951d21f681f805afbb1d935b40a35355f4eb6d667eb14b692,safuu,high,log_addr:0xe5ba47fd94cb645ba4119222e34fb33f59c7cd90:Safuu: SAFUU Token | token_symbol:0xe5ba47fd94cb645ba4119222e34fb33f59c7cd90:SAFUU | token_name:0xe5ba47fd94cb645ba4119222e34fb33f59c7cd90:Safuu | log_addr:0xe5ba47fd94cb645ba4119222e34fb33f59c7cd90:Safuu: SAFUU Token | token_symbol:0xe5ba47fd94cb645ba4119222e34fb33f59c7cd90:SAFUU | token_name:0xe5ba47fd94cb645ba4119222e34fb33f59c7cd90:Safuu | contract_symbol:0xe5ba47fd94cb645ba4119222e34fb33f59c7cd90:SAFUU | contract_name:0xe5ba47fd94cb645ba4119222e34fb33f59c7cd90:Safuu
0x0b4c0f06b17f4658ee0326c423c9c9f8c869692bdba225a8178dd46c93d7cd89,safuu,high,log_addr:0xe5ba47fd94cb645ba4119222e34fb33f59c7cd90:Safuu: SAFUU Token | token_symbol:0xe5ba47fd94cb645ba4119222e34fb33f59c7cd90:SAFUU | token_name:0xe5ba47fd94cb645ba4119222e34fb33f59c7cd90:Safuu | log_addr:0xe5ba47fd94cb645ba4119222e34fb33f59c7cd90:Safuu: SAFUU Token | token_symbol:0xe5ba47fd94cb645ba4119222e34fb33f59c7cd90:SAFUU | token_name:0xe5ba47fd94cb645ba4119222e34fb33f59c7cd90:Safuu | contract_symbol:0xe5ba47fd94cb645ba4119222e34fb33f59c7cd90:SAFUU | contract_name:0xe5ba47fd94cb645ba4119222e34fb33f59c7cd90:Safuu
0x50b6a58bc44914b5927a6106e5e4aeb3ccf98f433c02d84e2439e42f688ae9ab,safuu,high,log_addr:0xe5ba47fd94cb645ba4119222e34fb33f59c7cd90:Safuu: SAFUU Token | token_symbol:0xe5ba47fd94cb645ba4119222e34fb33f59c7cd90:SAFUU | token_name:0xe5ba47fd94cb645ba4119222e34fb33f59c7cd90:Safuu | log_addr:0xe5ba47fd94cb645ba4119222e34fb33f59c7cd90:Safuu: SAFUU Token | token_symbol:0xe5ba47fd94cb645ba4119222e34fb33f59c7cd90:SAFUU | token_name:0xe5ba47fd94cb645ba4119222e34fb33f59c7cd90:Safuu | contract_symbol:0xe5ba47fd94cb645ba4119222e34fb33f59c7cd90:SAFUU | contract_name:0xe5ba47fd94cb645ba4119222e34fb33f59c7cd90:Safuu
0x53022e44f4f45a20641ac31cb67dab59d4506069fcf05cd7e55588b1d3d0bb8b,safuu,high,log_addr:0xe5ba47fd94cb645ba4119222e34fb33f59c7cd90:Safuu: SAFUU Token | token_symbol:0xe5ba47fd94cb645ba4119222e34fb33f59c7cd90:SAFUU | token_name:0xe5ba47fd94cb645ba4119222e34fb33f59c7cd90:Safuu | log_addr:0xe5ba47fd94cb645ba4119222e34fb33f59c7cd90:Safuu: SAFUU Token | token_symbol:0xe5ba47fd94cb645ba4119222e34fb33f59c7cd90:SAFUU | token_name:0xe5ba47fd94cb645ba4119222e34fb33f59c7cd90:Safuu | contract_symbol:0xe5ba47fd94cb645ba4119222e34fb33f59c7cd90:SAFUU | contract_name:0xe5ba47fd94cb645ba4119222e34fb33f59c7cd90:Safuu
0x767089a7b794735b2a3137289cf913530e3daab8aae0a89ae6e35e7e64823c5e,safuu,high,log_addr:0xe5ba47fd94cb645ba4119222e34fb33f59c7cd90:Safuu: SAFUU Token | token_symbol:0xe5ba47fd94cb645ba4119222e34fb33f59c7cd90:SAFUU | token_name:0xe5ba47fd94cb645ba4119222e34fb33f59c7cd90:Safuu | log_addr:0xe5ba47fd94cb645ba4119222e34fb33f59c7cd90:Safuu: SAFUU Token | token_symbol:0xe5ba47fd94cb645ba4119222e34fb33f59c7cd90:SAFUU | token_name:0xe5ba47fd94cb645ba4119222e34fb33f59c7cd90:Safuu | contract_symbol:0xe5ba47fd94cb645ba4119222e34fb33f59c7cd90:SAFUU | contract_name:0xe5ba47fd94cb645ba4119222e34fb33f59c7cd90:Safuu
0xd5021b1083b4e95bbbe1d8869a81542083604e828a984276f9ddefa839c7f9ac,safuu,high,log_addr:0xe5ba47fd94cb645ba4119222e34fb33f59c7cd90:Safuu: SAFUU Token | token_symbol:0xe5ba47fd94cb645ba4119222e34fb33f59c7cd90:SAFUU | token_name:0xe5ba47fd94cb645ba4119222e34fb33f59c7cd90:Safuu | log_addr:0xe5ba47fd94cb645ba4119222e34fb33f59c7cd90:Safuu: SAFUU Token | token_symbol:0xe5ba47fd94cb645ba4119222e34fb33f59c7cd90:SAFUU | token_name:0xe5ba47fd94cb645ba4119222e34fb33f59c7cd90:Safuu | contract_symbol:0xe5ba47fd94cb645ba4119222e34fb33f59c7cd90:SAFUU | contract_name:0xe5ba47fd94cb645ba4119222e34fb33f59c7cd90:Safuu
0x8ff69f3f189de943e430c230000b33e3754ac4653594bc3aee3abf640316d6e2,safuu,high,log_addr:0xe5ba47fd94cb645ba4119222e34fb33f59c7cd90:Safuu: SAFUU Token | token_symbol:0xe5ba47fd94cb645ba4119222e34fb33f59c7cd90:SAFUU | token_name:0xe5ba47fd94cb645ba4119222e34fb33f59c7cd90:Safuu | log_addr:0xe5ba47fd94cb645ba4119222e34fb33f59c7cd90:Safuu: SAFUU Token | token_symbol:0xe5ba47fd94cb645ba4119222e34fb33f59c7cd90:SAFUU | token_name:0xe5ba47fd94cb645ba4119222e34fb33f59c7cd90:Safuu | contract_symbol:0xe5ba47fd94cb645ba4119222e34fb33f59c7cd90:SAFUU | contract_name:0xe5ba47fd94cb645ba4119222e34fb33f59c7cd90:Safuu
0x9ad6f926a9870d22919bb93c0905140667489638fdfa26af9666083371a322ef,safuu,high,log_addr:0xe5ba47fd94cb645ba4119222e34fb33f59c7cd90:Safuu: SAFUU Token | token_symbol:0xe5ba47fd94cb645ba4119222e34fb33f59c7cd90:SAFUU | token_name:0xe5ba47fd94cb645ba4119222e34fb33f59c7cd90:Safuu | log_addr:0xe5ba47fd94cb645ba4119222e34fb33f59c7cd90:Safuu: SAFUU Token | token_symbol:0xe5ba47fd94cb645ba4119222e34fb33f59c7cd90:SAFUU | token_name:0xe5ba47fd94cb645ba4119222e34fb33f59c7cd90:Safuu | contract_symbol:0xe5ba47fd94cb645ba4119222e34fb33f59c7cd90:SAFUU | contract_name:0xe5ba47fd94cb645ba4119222e34fb33f59c7cd90:Safuu
0x778930dde399e053a783dcf31264e81e5f457c3401120774fadc150f3a4db784,safuu,high,log_addr:0xe5ba47fd94cb645ba4119222e34fb33f59c7cd90:Safuu: SAFUU Token | token_symbol:0xe5ba47fd94cb645ba4119222e34fb33f59c7cd90:SAFUU | token_name:0xe5ba47fd94cb645ba4119222e34fb33f59c7cd90:Safuu | log_addr:0xe5ba47fd94cb645ba4119222e34fb33f59c7cd90:Safuu: SAFUU Token | token_symbol:0xe5ba47fd94cb645ba4119222e34fb33f59c7cd90:SAFUU | token_name:0xe5ba47fd94cb645ba4119222e34fb33f59c7cd90:Safuu | contract_symbol:0xe5ba47fd94cb645ba4119222e34fb33f59c7cd90:SAFUU | contract_name:0xe5ba47fd94cb645ba4119222e34fb33f59c7cd90:Safuu
0x52fc92a207c5d57a473b5cb490291afc6abcd4a8a8b581aa4a276e4e30ee6deb,safuu,high,log_addr:0xe5ba47fd94cb645ba4119222e34fb33f59c7cd90:Safuu: SAFUU Token | token_symbol:0xe5ba47fd94cb645ba4119222e34fb33f59c7cd90:SAFUU | token_name:0xe5ba47fd94cb645ba4119222e34fb33f59c7cd90:Safuu | log_addr:0xe5ba47fd94cb645ba4119222e34fb33f59c7cd90:Safuu: SAFUU Token | token_symbol:0xe5ba47fd94cb645ba4119222e34fb33f59c7cd90:SAFUU | token_name:0xe5ba47fd94cb645ba4119222e34fb33f59c7cd90:Safuu | contract_symbol:0xe5ba47fd94cb645ba4119222e34fb33f59c7cd90:SAFUU | contract_name:0xe5ba47fd94cb645ba4119222e34fb33f59c7cd90:Safuu
0x41dfda57cdeb6d340c19ad2643fc1e7f47e83dbcf5ae7487db1ce782841fd047,safuu,high,log_addr:0xe5ba47fd94cb645ba4119222e34fb33f59c7cd90:Safuu: SAFUU Token | token_symbol:0xe5ba47fd94cb645ba4119222e34fb33f59c7cd90:SAFUU | token_name:0xe5ba47fd94cb645ba4119222e34fb33f59c7cd90:Safuu | log_addr:0xe5ba47fd94cb645ba4119222e34fb33f59c7cd90:Safuu: SAFUU Token | token_symbol:0xe5ba47fd94cb645ba4119222e34fb33f59c7cd90:SAFUU | token_name:0xe5ba47fd94cb645ba4119222e34fb33f59c7cd90:Safuu | contract_symbol:0xe5ba47fd94cb645ba4119222e34fb33f59c7cd90:SAFUU | contract_name:0xe5ba47fd94cb645ba4119222e34fb33f59c7cd90:Safuu
0xe09f5b918a9a6f6aba7e7906eed62f8570d8b2d6f8d08100b31e56de7b68e347,safuu,high,log_addr:0xe5ba47fd94cb645ba4119222e34fb33f59c7cd90:Safuu: SAFUU Token | token_symbol:0xe5ba47fd94cb645ba4119222e34fb33f59c7cd90:SAFUU | token_name:0xe5ba47fd94cb645ba4119222e34fb33f59c7cd90:Safuu | log_addr:0xe5ba47fd94cb645ba4119222e34fb33f59c7cd90:Safuu: SAFUU Token | token_symbol:0xe5ba47fd94cb645ba4119222e34fb33f59c7cd90:SAFUU | token_name:0xe5ba47fd94cb645ba4119222e34fb33f59c7cd90:Safuu | contract_symbol:0xe5ba47fd94cb645ba4119222e34fb33f59c7cd90:SAFUU | contract_name:0xe5ba47fd94cb645ba4119222e34fb33f59c7cd90:Safuu
0x258c5923d08f9faa2b43f019afe1de946689a9bc5ab6b2075727f0e0c23a9c30,safuu,high,log_addr:0xe5ba47fd94cb645ba4119222e34fb33f59c7cd90:Safuu: SAFUU Token | token_symbol:0xe5ba47fd94cb645ba4119222e34fb33f59c7cd90:SAFUU | token_name:0xe5ba47fd94cb645ba4119222e34fb33f59c7cd90:Safuu | log_addr:0xe5ba47fd94cb645ba4119222e34fb33f59c7cd90:Safuu: SAFUU Token | token_symbol:0xe5ba47fd94cb645ba4119222e34fb33f59c7cd90:SAFUU | token_name:0xe5ba47fd94cb645ba4119222e34fb33f59c7cd90:Safuu | contract_symbol:0xe5ba47fd94cb645ba4119222e34fb33f59c7cd90:SAFUU | contract_name:0xe5ba47fd94cb645ba4119222e34fb33f59c7cd90:Safuu
0x7e778b0b5b796cb99dd0d318cd4f20d3894f8c23e580c31bedc96011cb45606f,safuu,high,to_address:0xe5ba47fd94cb645ba4119222e34fb33f59c7cd90:Safuu: SAFUU Token | to:Safuu: SAFUU Token | to_friendly_tag_final:Safuu: SAFUU Token | tx_to:0xe5ba47fd94cb645ba4119222e34fb33f59c7cd90:Safuu: SAFUU Token | log_addr:0xe5ba47fd94cb645ba4119222e34fb33f59c7cd90:Safuu: SAFUU Token | token_symbol:0xe5ba47fd94cb645ba4119222e34fb33f59c7cd90:SAFUU | token_name:0xe5ba47fd94cb645ba4119222e34fb33f59c7cd90:Safuu | contract_symbol:0xe5ba47fd94cb645ba4119222e34fb33f59c7cd90:SAFUU | contract_name:0xe5ba47fd94cb645ba4119222e34fb33f59c7cd90:Safuu
