category,rank,asin,bestseller_title,bestseller_url,captured_at,audit_reason,exact_asin_marketplace_listing_count,exact_asin_listing_id,marketplace_category,marketplace_cpk,marketplace_title,category_compatible
case,1,B0D2MK6NML,"NZXT H5 Flow - Compact ATX Mid-Tower PC Case - Black | Compact mid-tower with 2 included 120mm fans, 360mm front radiator sup",https://www.amazon.co.uk/NZXT-H5-Flow-Mid-Tower-Management/dp/B0D2MK6NML/ref=zg_bs_g_430498031_d_sccl_1/524-3698123-6031407,2026-09-25 11:38:55.208048,Exact ASIN listing has CPK in expected category,1,B0D2MK6NML,case,4dda9451fba4311f,NZXT H5 Flow - Compact ATX Mid-Tower PC Case - Black,True
case,2,B0CZVDHZFD,CORSAIR iCUE LINK 3500X RGB Mid-Tower ATX PC Case – Panoramic Tempered Glass – Reverse Connection Motherboard Compatible – 3x,https://www.amazon.co.uk/CORSAIR-iCUE-LINK-3500X-Mid-Tower/dp/B0CZVDHZFD/ref=zg_bs_g_430498031_d_sccl_2/524-3698123-6031407,2026-09-25 11:38:55.208051,No exact-ASIN Amazon marketplace listing found in current scored listings,0,,,,,
case,3,B0C89FCDFP,NZXT H6 Flow | CC-H61FB-01 | Compact Dual-Chamber Mid-Tower Airflow Case | Panoramic Glass Panels | High-Performance Airflow,https://www.amazon.co.uk/NZXT-CC-H61FB-01-Dual-Chamber-High-Performance-Management/dp/B0C89FCDFP/ref=zg_bs_g_430498031_d_sccl_3/524-3698123-6031407,2026-09-25 11:38:55.208052,Exact ASIN listing has CPK in expected category,1,B0C89FCDFP,case,37332d31d1f26727,NZXT H6 Flow | CC-H61FB-01 | Compact Dual-Chamber Mid-Tower Airflow Case | Panoramic Glass Panels | High-Performance Airflow Panels | Includes 3 x 120mm Fans | Cable Management | Black,True
case,6,B0CJCJ3ZZB,Fractal Design North XL Charcoal Black TG- three 140mm Aspect PWM fans included- Type C USB- EATX airflow full tower PC gamin,https://www.amazon.co.uk/Fractal-Design-North-Charcoal-Black/dp/B0CJCJ3ZZB/ref=zg_bs_g_430498031_d_sccl_6/524-3698123-6031407,2026-09-25 11:38:55.208054,Exact ASIN listing has CPK in expected category,1,B0CJCJ3ZZB,case,96327021a50efe92,Fractal Design North XL Charcoal Black TG- three 140mm Aspect PWM fans included- Type C USB- EATX airflow full tower PC gaming case,True
case,7,B0DFHNV7TK,"CORSAIR FRAME 4000D RS ARGB Modular Mid-Tower ATX PC Case – High Airflow, 3x Pre-Installed RS ARGB Fans, InfiniRail™ Fan Moun",https://www.amazon.co.uk/CORSAIR-FRAME-4000D-Modular-Mid-Tower/dp/B0DFHNV7TK/ref=zg_bs_g_430498031_d_sccl_7/524-3698123-6031407,2026-09-25 11:38:55.208055,Exact ASIN listing has CPK in expected category,1,B0DFHNV7TK,case,935d79de04a72bf4,"CORSAIR FRAME 4000D RS ARGB Modular Mid-Tower ATX PC Case – High Airflow, 3x Pre-Installed RS ARGB Fans, InfiniRail™ Fan Mounting System, ASUS BTF, MSI Project Zero, Gigabyte Project Stealth – Black",True
case,11,B0CV4RYKLF,"NZXT H7 Flow - Mid-Tower ATX Airflow PC Case - White | Airflow-first ATX mid-tower. Bottom-mount fans for direct GPU cooling,",https://www.amazon.co.uk/NZXT-Mid-Tower-Supports-Radiator-Management/dp/B0CV4RYKLF/ref=zg_bs_g_430498031_d_sccl_11/524-3698123-6031407,2026-09-25 11:38:55.208058,Exact ASIN listing has CPK in expected category,1,B0CV4RYKLF,case,b105c95a114a1400,NZXT H7 Flow - Mid-Tower ATX Airflow PC Case - White,True
case,14,B0DQPQ5KN7,NZXT H9 Flow RGB+ - Dual-Chamber ATX PC Case - Black | Flagship dual-chamber case with 7 RGB fans and NZXT Control Hub pre-in,https://www.amazon.co.uk/NZXT-Flow-RGB-Dual-Chamber-Back-Connect/dp/B0DQPQ5KN7/ref=zg_bs_g_430498031_d_sccl_14/524-3698123-6031407,2026-09-25 11:38:55.208060,Exact ASIN listing has CPK in expected category,1,B0DQPQ5KN7,case,3fff59b17b6f8341,NZXT H9 Flow RGB+ - Dual-Chamber ATX PC Case - Black,True
case,19,B09DKMQ5L1,Fractal Design Terra Graphite - Wood Walnut front panel - Small form factor - mITX gaming case – PCIe 4.0 riser cable – USB T,https://www.amazon.co.uk/Fractal-Design-Terra-Graphite/dp/B09DKMQ5L1/ref=zg_bs_g_430498031_d_sccl_19/524-3698123-6031407,2026-09-25 11:38:55.208063,Exact ASIN listing has CPK in expected category,1,B09DKMQ5L1,case,d5d22616dbdffcc1,Fractal Design Terra Graphite - Wood Walnut front panel - Small form factor - mITX gaming case – PCIe 4.0 riser cable – USB Type-C - Anodized aluminum panels,True
case,20,B0DFX1J2S5,"FOIFKIN F600 PC Case ATX with 7 PWM ARGB Fans, High Airflow Mid-Tower Computer Case, Gaming PC Case Big Tower, ATX Case Black",https://www.amazon.co.uk/FOIFKIN-Case-Pre-Installed-Mid-Tower-Type-C%EF%BC%8CF600-Black/dp/B0DFX1J2S5/ref=zg_bs_g_430498031_d_sccl_20/524-3698123-6031407,2026-09-25 11:38:55.208064,Exact ASIN listing has CPK in expected category,1,B0DFX1J2S5,case,5a606713848c8df1,"FOIFKIN F600 PC Case ATX with 7 PWM ARGB Fans, High Airflow Mid-Tower Computer Case, Gaming PC Case Big Tower, ATX Case Black, with Type-C, 360mm Radiator Computer Case(Black, F600)",True
case,21,B0GSBW9HZT,"Phanteks EX5 Plus ATX Chamber Case, 360 AIO Included - Black | Compartmentalised ATX case with integrated 360mm AIO, hidden t",https://www.amazon.co.uk/Phanteks-Plus-Chamber-Case-Included/dp/B0GSBW9HZT/ref=zg_bs_g_430498031_d_sccl_21/524-3698123-6031407,2026-09-25 11:38:55.208065,No exact-ASIN Amazon marketplace listing found in current scored listings,0,,,,,
case,22,B0DBVSVWPC,"1st Player MIKU Mi2-A Micro ATX PC Gaming Case, Panoramic Tempered Glass + Mesh Hybrid Panel For Increased Airflow - Black",https://www.amazon.co.uk/Player-MIKU-Mi2-Micro-Black/dp/B0DBVSVWPC/ref=zg_bs_g_430498031_d_sccl_22/524-3698123-6031407,2026-09-25 11:38:55.208066,Exact ASIN listing has CPK in expected category,1,B0DBVSVWPC,case,b64b5113fd373fa6,"1st Player MIKU Mi2-A Micro ATX PC Gaming Case, Panoramic Tempered Glass + Mesh Hybrid Panel For Increased Airflow - Black",True
case,25,B0C59W6JKD,"AL01 Open Frame Computer case DIY PC Test Bench for ATX M-Board,1Pc | Open Air Design for Heat Dissipation Supports ATX Power",https://www.amazon.co.uk/ALAMENGDA-Computer-Motherboards-Dissipation-Accessories-Black/dp/B0C59W6JKD/ref=zg_bs_g_430498031_d_sccl_25/524-3698123-6031407,2026-09-25 11:38:55.208068,Exact ASIN listing has no CPK,1,B0C59W6JKD,,,"AL01 Open Frame Computer case DIY PC Test Bench for ATX M-Board,1Pc",False
case,26,B0H6PW5CPC,"Lian Li DAN Cases B4 Micro-ATX PC Case, Black | Black, 21.3L SFF chassis, 358mm 4-slot GPU support, ATX/SFX PSU, 360mm AIO wi",https://www.amazon.co.uk/Lian-Cases-Micro-ATX-Case-Black/dp/B0H6PW5CPC/ref=zg_bs_g_430498031_d_sccl_26/524-3698123-6031407,2026-09-25 11:38:55.208068,Exact ASIN listing has CPK in expected category,1,B0H6PW5CPC,case,12428f9140988145,"Lian Li DAN Cases B4 Micro-ATX PC Case, Black",True
case,27,B0BM4W1MRW,iONZ Gaming PC Computer Mini Tower Case M/ATX Tempered Glass - Performance Series. (KZ27 Inc 4 RGB Fans),https://www.amazon.co.uk/iONZ-Gaming-Tower-Tempered-Glass-KZ27-Inc-3-FRGB-Fans/dp/B0BM4W1MRW/ref=zg_bs_g_430498031_d_sccl_27/524-3698123-6031407,2026-09-25 11:38:55.208069,Exact ASIN listing has CPK in expected category,1,B0BM4W1MRW,case,5c426b3289e1f149,iONZ Gaming PC Computer Mini Tower Case M/ATX Tempered Glass - Performance Series. (KZ27 Inc 4 RGB Fans),True
case,29,B093S1H4G2,"Montech AIR 100 ARGB, Micro-ATX, Tempered Glass - schwarz",https://www.amazon.co.uk/AIR-100-ARGB-Pre-Installed-Circulation/dp/B093S1H4G2/ref=zg_bs_g_430498031_d_sccl_29/524-3698123-6031407,2026-09-25 11:38:55.208071,Exact ASIN listing has CPK in expected category,1,B093S1H4G2,case,fa5b467ba4886b70,"Montech AIR 100 ARGB, Micro-ATX, Tempered Glass - schwarz",True
case,30,B0BHJGSMC1,Veno Scorp Gaming PC Bundle i3 GTX 750 4GB 8GB RAM 500GB HDD NOVA | Built for smooth everyday gaming — GTX 750 4GB delivers r,https://www.amazon.co.uk/Veno-Scorp-Budget-Gaming-Bundle/dp/B0BHJGSMC1/ref=zg_bs_g_430498031_d_sccl_30/524-3698123-6031407,2026-09-25 11:38:55.208071,No exact-ASIN Amazon marketplace listing found in current scored listings,0,,,,,
case,31,B07BBFRLNJ,"GeeekPi ABS Case for Raspberry Pi 3B/3B+, with 30mm Fan 30X30X7mm and 3pcs Heatsinks for Raspberry Pi 3 Model B/B+ (Black)",https://www.amazon.co.uk/GeeekPi-Raspberry-Cooling-Heatsinks-Include/dp/B07BBFRLNJ/ref=zg_bs_g_430498031_d_sccl_31/524-3698123-6031407,2026-09-25 11:38:55.208072,No exact-ASIN Amazon marketplace listing found in current scored listings,0,,,,,
case,32,B074V35B6Y,"BONTEC Adjustable Under Desk PC Mount, Steel CPU Holder with 20 kg Capacity | Space-saving suspended design, secure straps fi",https://www.amazon.co.uk/BONTEC-Adjustable-Space-Saving-Computer-Installation-Black/dp/B074V35B6Y/ref=zg_bs_g_430498031_d_sccl_32/524-3698123-6031407,2026-09-25 11:38:55.208073,No exact-ASIN Amazon marketplace listing found in current scored listings,0,,,,,
case,34,B0C98SZCSG,"Montech AIR 903 MAX Midi-Tower, Tempered Glass - Weiß",https://www.amazon.co.uk/Montech-AIR-903-MAX-Midi-Tower/dp/B0C98SZCSG/ref=zg_bs_g_430498031_d_sccl_34/524-3698123-6031407,2026-09-25 11:38:55.208074,No exact-ASIN Amazon marketplace listing found in current scored listings,0,,,,,
case,35,B0D73VS65B,"be quiet! Light Base 600 DX Black PC Case, Fully Windowed Front and Side | Dual Chamber, Aquarium Mid Tower Gaming Computer C",https://www.amazon.co.uk/quiet-Stunning-Panoramic-Horizontal-Connector-Black/dp/B0D73VS65B/ref=zg_bs_g_430498031_d_sccl_35/524-3698123-6031407,2026-09-25 11:38:55.208075,Exact ASIN listing has CPK in expected category,1,B0D73VS65B,case,581c536f7063869a,"be quiet! Light Base 600 DX Black PC Case, Fully Windowed Front and Side",True
case,36,B0FJ2V6VVP,"CORSAIR 3500X LX-R RGB iCUE LINK Panoramic Mid-Tower PC Case – 3x Pre-Installed LX120-R RGB Fans, Includes iCUE LINK System H",https://www.amazon.co.uk/CORSAIR-3500X-LX-R-iCUE-Mid-Tower/dp/B0FJ2V6VVP/ref=zg_bs_g_430498031_d_sccl_36/524-3698123-6031407,2026-09-25 11:38:55.208076,Exact ASIN listing has CPK in expected category,1,B0FJ2V6VVP,case,e773667e5abbbbae,"CORSAIR 3500X LX-R RGB iCUE LINK Panoramic Mid-Tower PC Case – 3x Pre-Installed LX120-R RGB Fans, Includes iCUE LINK System Hub, GPU Anti-Sag Arm, Fits up to 10x 120mm Fans – Black",True
case,38,B0FJ2SRYHT,"CORSAIR FRAME 4500X LX-R RGB LINK Panoramic Glass Mid-Tower PC Case – InfiniRail Mounting System, Fits Dual 360mm Radiators,",https://www.amazon.co.uk/CORSAIR-FRAME-4500X-Panoramic-Mid-Tower/dp/B0FJ2SRYHT/ref=zg_bs_g_430498031_d_sccl_38/524-3698123-6031407,2026-09-25 11:38:55.208077,Exact ASIN listing has CPK in expected category,1,B0FJ2SRYHT,case,55d44b2d9e359f26,"CORSAIR FRAME 4500X LX-R RGB LINK Panoramic Glass Mid-Tower PC Case – InfiniRail Mounting System, Fits Dual 360mm Radiators, GPU Anti-Sag, 3x LX120R RGB LINK Fans Included – Black",True
case,42,B0F74LMG5R,"Lian Li Lancool 217 PC Case Black | ATX Mid Tower, Tempered Glass, 5 Fans, Walnut Wood Accents, Mesh Front, Back-Connect Comp",https://www.amazon.co.uk/Lian-Li-217-Back-Connect-Compatible-Black/dp/B0F74LMG5R/ref=zg_bs_g_430498031_d_sccl_42/524-3698123-6031407,2026-09-25 11:38:55.208080,No exact-ASIN Amazon marketplace listing found in current scored listings,0,,,,,
case,43,B07X9R8V96,"GeeekPi Raspberry Pi 4 ABS Case with PWM Fan, 4PCS Heatsinks and 5V 3.6A USB-C Power Supply UK Power Adapter for Raspberry Pi",https://www.amazon.co.uk/GeeekPi-Raspberry-Adapter-40X40X10mm-Heatsinks/dp/B07X9R8V96/ref=zg_bs_g_430498031_d_sccl_43/524-3698123-6031407,2026-09-25 11:38:55.208080,No exact-ASIN Amazon marketplace listing found in current scored listings,0,,,,,
case,49,B0HB93XJRK,"NZXT S5 RGB Compact ATX Mid-Tower PC Case - White | Panoramic Dual Tempered Glass, Pre-Installed 360 mm RGB Reverse Fan, Up t",https://www.amazon.co.uk/NZXT-RGB-Compact-Mid-Tower-Case-White/dp/B0HB93XJRK/ref=zg_bs_g_430498031_d_sccl_49/524-3698123-6031407,2026-09-25 11:38:55.208085,No exact-ASIN Amazon marketplace listing found in current scored listings,0,,,,,
case,51,B08SRBTYGK,Fractal Design Pop Air Black – Solid – Honeycomb Mesh Front – Solid side panel - Three 120 mm Aspect 12 fans included – ATX H,https://www.amazon.co.uk/Fractal-Design-Pop-Black-Solid/dp/B08SRBTYGK/ref=zg_bs_g_430498031_d_sccl_1/524-3698123-6031407,2026-09-25 11:38:55.208086,Exact ASIN listing has CPK in expected category,1,B08SRBTYGK,case,611c909b5925b1d3,Fractal Design Pop Air Black – Solid – Honeycomb Mesh Front – Solid side panel - Three 120 mm Aspect 12 fans included – ATX High Airflow Mid Tower PC Gaming Case,True
case,53,B0DG5R61P4,"darkFlash ATX Mid-Tower PC Case, Pre-Install 1 PWM Fan Computer Case, Full View Dual Tempered Glass Gaming PC Case, Type C Po",https://www.amazon.co.uk/darkFlash-DS900-without-Tempered-Supports-black/dp/B0DG5R61P4/ref=zg_bs_g_430498031_d_sccl_3/524-3698123-6031407,2026-09-25 11:38:55.208088,Exact ASIN listing has CPK in expected category,1,B0DG5R61P4,case,a82b21ec4deef92d,"darkFlash ATX Mid-Tower PC Case, Pre-Install 1 PWM Fan Computer Case, Full View Dual Tempered Glass Gaming PC Case, Type C Port (1 Non-LED Fans, Black)",True
case,54,B08HX4PZ4Y,"280x140mm Magnetic PC Fan Dust Filter Cover Mesh, Black (2 Pack) | Ultra-fine PVC mesh computer case grill cover with magneti",https://www.amazon.co.uk/280mm-Computer-Filter-Grills-Magnetic/dp/B08HX4PZ4Y/ref=zg_bs_g_430498031_d_sccl_4/524-3698123-6031407,2026-09-25 11:38:55.208088,No exact-ASIN Amazon marketplace listing found in current scored listings,0,,,,,
case,56,B0C6PBY5H3,RLSOCO Mini PC Desktop Case for NiPoGi/BOSGAME/GEEKOM/Beelink (Case Only) | Hard Travel Case for Most Mini PC Computer Deskto,https://www.amazon.co.uk/RLSOCO-Desktop-Computer-Beelink-MINI-S12/dp/B0C6PBY5H3/ref=zg_bs_g_430498031_d_sccl_6/524-3698123-6031407,2026-09-25 11:38:55.208090,No exact-ASIN Amazon marketplace listing found in current scored listings,0,,,,,
case,58,B0CK8BTZ1Z,"IONZ KZ-V Mini Aether PC Gaming Case, Mini Tower Micro ATX Tempered Glass includes 3 x 120mm ARGB Fans - Black",https://www.amazon.co.uk/Aether-Gaming-Tower-Micro-Tempered-Mini-Black-Fans/dp/B0CK8BTZ1Z/ref=zg_bs_g_430498031_d_sccl_8/524-3698123-6031407,2026-09-25 11:38:55.208091,Exact ASIN listing has CPK in expected category,1,B0CK8BTZ1Z,case,dea102f8a26ec3c0,"IONZ KZ-V Mini Aether PC Gaming Case, Mini Tower Micro ATX Tempered Glass includes 3 x 120mm ARGB Fans - Black",True
case,59,B0CMZCG8P7,"GeeekPi Raspberry Pi 5 Aluminum Case with Official Active Cooler, Support PCIe M.2 NVMe SSD Shield Top X1001 / X1003 / X1000",https://www.amazon.co.uk/GeeekPi-Raspberry-Aluminum-Official-Support/dp/B0CMZCG8P7/ref=zg_bs_g_430498031_d_sccl_9/524-3698123-6031407,2026-09-25 11:38:55.208092,No exact-ASIN Amazon marketplace listing found in current scored listings,0,,,,,
case,60,B0BHJHVKR6,Veno Scorp Gaming PC Bundle i5 GT 710 2GB 8GB RAM 500GB HDD NOVA | Built for smooth everyday gaming — GT 710 2GB delivers rel,https://www.amazon.co.uk/Veno-Scorp-Budget-Gaming-Bundle/dp/B0BHJHVKR6/ref=zg_bs_g_430498031_d_sccl_10/524-3698123-6031407,2026-09-25 11:38:55.208093,No exact-ASIN Amazon marketplace listing found in current scored listings,0,,,,,
case,61,B0DTHMBTQB,"ANSAITE ATX PC Case Pre-Installed 6 × 120mm PWM ARGB Fan, ATX Mid Tower PC Gaming Case, Computer case with Panoramic View Tem",https://www.amazon.co.uk/ANSAITE-Pre-Installed-Computer-Panoramic-Tempered-white/dp/B0DTHMBTQB/ref=zg_bs_g_430498031_d_sccl_11/524-3698123-6031407,2026-09-25 11:38:55.208093,Exact ASIN listing has CPK in expected category,1,B0DTHMBTQB,case,f5223a670146eedb,"ANSAITE ATX PC Case Pre-Installed 6 × 120mm PWM ARGB Fan, ATX Mid Tower PC Gaming Case, Computer case with Panoramic View Tempered Glass Front & Side Panel, Type C Port (white)",True
case,62,B07WQ5G6YY,Raspberry Pi 4 case (Black/Grey),https://www.amazon.co.uk/Raspberry-Pi-Original-box-black/dp/B07WQ5G6YY/ref=zg_bs_g_430498031_d_sccl_12/524-3698123-6031407,2026-09-25 11:38:55.208094,No exact-ASIN Amazon marketplace listing found in current scored listings,0,,,,,
case,64,B0HB92RCHS,"NZXT S5 RGB Deluxe Compact ATX Mid-Tower PC Case - Black | 5 Pre-Installed RGB Fans, Panoramic Dual Tempered Glass, Up to 10",https://www.amazon.co.uk/NZXT-Deluxe-Compact-Mid-Tower-Case-Black/dp/B0HB92RCHS/ref=zg_bs_g_430498031_d_sccl_14/524-3698123-6031407,2026-09-25 11:38:55.208096,No exact-ASIN Amazon marketplace listing found in current scored listings,0,,,,,
case,65,B0FR5XTKVZ,"HAVN BF 360 FLOW High Airflow ATX Mid Tower PC Case, Semi-Open SGCC Steel Frame, SimpliCable Cable Management, 2x 180mm Fan,",https://www.amazon.co.uk/HAVN-Semi-Open-SimpliCable-Management-Radiator-Black/dp/B0FR5XTKVZ/ref=zg_bs_g_430498031_d_sccl_15/524-3698123-6031407,2026-09-25 11:38:55.208096,Exact ASIN listing has no CPK,1,B0FR5XTKVZ,case,,"HAVN BF 360 FLOW High Airflow ATX Mid Tower PC Case, Semi-Open SGCC Steel Frame, SimpliCable Cable Management, 2x 180mm Fan, 1x 140mm fan 360mm Radiator Mounts, Magnetic Panels – Black",True
case,67,B0F3XNXCMV,"CORSAIR FRAME 5000D RS Modular High Airflow Mid-Tower PC Case – 4x Pre-Installed RS Fans, InfiniRail™ Fan Mounting System, GP",https://www.amazon.co.uk/CORSAIR-FRAME-Modular-Airflow-Mid-Tower/dp/B0F3XNXCMV/ref=zg_bs_g_430498031_d_sccl_17/524-3698123-6031407,2026-09-25 11:38:55.208098,Exact ASIN listing has CPK in expected category,1,B0F3XNXCMV,case,d0b96f3c94e180a2,"CORSAIR FRAME 5000D RS Modular High Airflow Mid-Tower PC Case – 4x Pre-Installed RS Fans, InfiniRail™ Fan Mounting System, GPU Anti-Sag, ASUS BTF, MSI Project Zero, Gigabyte Project Stealth – Black",True
case,72,B06ZY1DQ7Z,Lenovo ThinkCentre Tiny VESA Mount II (4XF0N03161) | VESA Mount II with 4 Screws for ThinkCentre Tiny Desktops and VESA Compa,https://www.amazon.co.uk/Lenovo-ThinkCentre-Tiny-Mount-4XF0N03161/dp/B06ZY1DQ7Z/ref=zg_bs_g_430498031_d_sccl_22/524-3698123-6031407,2026-09-25 11:38:55.208101,No exact-ASIN Amazon marketplace listing found in current scored listings,0,,,,,
case,74,B08146YTWY,Fractal Design Define 7 Compact Black Brushed Aluminum/Steel ATX Compact Silent Mid Tower Computer Case,https://www.amazon.co.uk/Fractal-Design-FD-C-DEF7C-01-101/dp/B08146YTWY/ref=zg_bs_g_430498031_d_sccl_24/524-3698123-6031407,2026-09-25 11:38:55.208103,Exact ASIN listing has CPK in expected category,1,B08146YTWY,case,0d57c6d2a27814ac,Fractal Design Define 7 Compact Black Brushed Aluminum/Steel ATX Compact Silent Mid Tower Computer Case,True
case,76,B0FBX6QC6B,"CiT DS240 Gaming PC Case Micro ATX Dual Chamber, Black MATX Case, 3 Fans | Dual chamber matx pc case with 3 Pro Storm ARGB PW",https://www.amazon.co.uk/CiT-Panoramic-Three-Sided-Tempered-Micro-ATX/dp/B0FBX6QC6B/ref=zg_bs_g_430498031_d_sccl_26/524-3698123-6031407,2026-09-25 11:38:55.208104,No exact-ASIN Amazon marketplace listing found in current scored listings,0,,,,,
case,77,B0D54QH2GV,"MSI MAG PANO 100R PZ WHITE ATX PC Case - ATX Capacity, Verical GPU Installation Bracket, GPU Holder, Dust Filters, Swinging S",https://www.amazon.co.uk/MSI-PANO-100R-WHITE-Case/dp/B0D54QH2GV/ref=zg_bs_g_430498031_d_sccl_27/524-3698123-6031407,2026-09-25 11:38:55.208105,Exact ASIN listing has CPK in expected category,1,B0D54QH2GV,case,76abd82492b3c99c,"MSI MAG PANO 100R PZ WHITE ATX PC Case - ATX Capacity, Verical GPU Installation Bracket, GPU Holder, Dust Filters, Swinging Storage Bracket, Dual-chamber, USB 20Gbps Type-C",True
case,78,B0CS3T22P8,Fractal Design Meshify 3 Black Solid - High Airflow PC Gaming Case - Mesh Front Panel - Three Momentum 14 Fans Included - Cle,https://www.amazon.co.uk/Fractal-Design-Meshify-Black-Solid/dp/B0CS3T22P8/ref=zg_bs_g_430498031_d_sccl_28/524-3698123-6031407,2026-09-25 11:38:55.208106,No exact-ASIN Amazon marketplace listing found in current scored listings,0,,,,,
case,80,B06VW5GL6T,CHILDMORY 10Pcs Clear Box Case Sleeve CIB Protector for SNES N64 Games Cartridge Box,https://www.amazon.co.uk/Childhood-10Pcs-Sleeve-Protector-Cartridge/dp/B06VW5GL6T/ref=zg_bs_g_430498031_d_sccl_30/524-3698123-6031407,2026-09-25 11:38:55.208107,No exact-ASIN Amazon marketplace listing found in current scored listings,0,,,,,
case,81,B0B7F8C35R,"Prime AP201 - Mesh | Supports Radiators up to 360mm & Graphics Cards up to 338mm Long, 33-liter, Quasi-Filter Mesh Panels, To",https://www.amazon.co.uk/ASUS-Prime-AP201-Micro-ATX-Case/dp/B0B7F8C35R/ref=zg_bs_g_430498031_d_sccl_81/524-3698123-6031407,2026-09-25 11:38:55.208108,Exact ASIN listing has CPK in expected category,1,B0B7F8C35R,case,d718f56c64e5043c,Prime AP201 - Mesh,True
case,82,B00KG8K5CY,"Noctua NA-SYC1, 2-Way PC Fan Splitter 2-Pack | Y-Cables With 4-Pin PWM Headers, Compatible with 3-Pin Fans, Wear and Heat Res",https://www.amazon.co.uk/Noctua-NA-SYC1-4-pin-Y-Cables-Black/dp/B00KG8K5CY/ref=zg_bs_g_430498031_d_sccl_82/524-3698123-6031407,2026-09-25 11:38:55.208109,No exact-ASIN Amazon marketplace listing found in current scored listings,0,,,,,
case,83,B0DBL8S1NR,"darkFlash Micro ATX PC Case, Pre-Install 3 PWM ARGB Fans Computer Case, Full View Dual Tempered Glass MATX Gaming PC Case, Ty",https://www.amazon.co.uk/darkFlash-Pre-Install-Computer-Tempered-DB330M-White/dp/B0DBL8S1NR/ref=zg_bs_g_430498031_d_sccl_83/524-3698123-6031407,2026-09-25 11:38:55.208110,Exact ASIN listing has CPK in expected category,1,B0DBL8S1NR,case,4bdfe856bf806426,"darkFlash Micro ATX PC Case, Pre-Install 3 PWM ARGB Fans Computer Case, Full View Dual Tempered Glass MATX Gaming PC Case, Type C Port, Supports up to 240mm AIO(DB330M) (White)",True
case,85,B0785GRMPG,"Cooler Master MasterBox Q300L Computer Case 'Magnetic Patterned Dust Filters, mini tower, Alloy Steel, Modular I/O Panel, Win",https://www.amazon.co.uk/Cooler-Master-MasterBox-Patterned-MCB-Q300L-KANN-S00/dp/B0785GRMPG/ref=zg_bs_g_430498031_d_sccl_85/524-3698123-6031407,2026-09-25 11:38:55.208111,No exact-ASIN Amazon marketplace listing found in current scored listings,0,,,,,
case,87,B0CC685W94,"CiT Level 1 Gaming PC Case, Micro ATX PC Case with 3 RGB Fans, Glass, Black | High airflow mesh computer case with 3 RGB rain",https://www.amazon.co.uk/CiT-Micro-ATX-Tempered-Rainbow-Included/dp/B0CC685W94/ref=zg_bs_g_430498031_d_sccl_87/524-3698123-6031407,2026-09-25 11:38:55.208113,Exact ASIN listing has CPK in expected category,1,B0CC685W94,case,df308ac0d1d8d259,"CiT Level 1 Gaming PC Case, Micro ATX PC Case with 3 RGB Fans, Glass, Black",True
case,88,B0F28MCKKG,"MONTECH XR Wood, Genuine Black Walnut Front, ATX PC Gaming Case, Glass Side Panel, 4 Pre-Installed GF120 ARGB PWM Fans, Black",https://www.amazon.co.uk/MONTECH-Genuine-Walnut-Gaming-Pre-Installed-Black/dp/B0F28MCKKG/ref=zg_bs_g_430498031_d_sccl_88/524-3698123-6031407,2026-09-25 11:38:55.208113,Exact ASIN listing CPK category mismatch,1,B0F28MCKKG,fan,6d55f6671f7da12b,"MONTECH XR Wood, Genuine Black Walnut Front, ATX PC Gaming Case, Glass Side Panel, 4 Pre-Installed GF120 ARGB PWM Fans, Black",False
case,89,B0DK3L3Z3B,Powercool Codegen 2U Rackmount Server PC Case – 405mm Depth – Micro-ATX/Mini-ITX Computer Case – 3×80mm PWM Fans Included – U,https://www.amazon.co.uk/Powercool-Codegen-Rackmount-Micro-ATX-Included/dp/B0DK3L3Z3B/ref=zg_bs_g_430498031_d_sccl_89/524-3698123-6031407,2026-09-25 11:38:55.208114,No exact-ASIN Amazon marketplace listing found in current scored listings,0,,,,,
case,90,B0CRB3DT5M,Geekworm P579 Raspberry Pi 5 Case | Support Top PCIe M.2 NVMe SSD HAT Shield X1001 / X1004 / X1003 / X1012 / X1015 / X1000 &,https://www.amazon.co.uk/Geekworm-Raspberry-Support-Shield-Active-Black/dp/B0CRB3DT5M/ref=zg_bs_g_430498031_d_sccl_90/524-3698123-6031407,2026-09-25 11:38:55.208115,No exact-ASIN Amazon marketplace listing found in current scored listings,0,,,,,
case,91,B09L8QWPJP,Raspberry Pi Zero Case,https://www.amazon.co.uk/Raspberry-Pi-Zero-Case/dp/B09L8QWPJP/ref=zg_bs_g_430498031_d_sccl_91/524-3698123-6031407,2026-09-25 11:38:55.208115,No exact-ASIN Amazon marketplace listing found in current scored listings,0,,,,,
case,95,B0FJD21RLV,NZXT H2 Flow - Mini-ITX 20.7L Airflow PC Case - Black | Compact 20.7L Mini-ITX case with 2 included 120mm top fans and PCIe 5,https://www.amazon.co.uk/NZXT-H2-Flow-Mini-ITX-Radiator/dp/B0FJD21RLV/ref=zg_bs_g_430498031_d_sccl_95/524-3698123-6031407,2026-09-25 11:38:55.208118,Exact ASIN listing has CPK in expected category,1,B0FJD21RLV,case,79562bbf3b363d57,NZXT H2 Flow - Mini-ITX 20.7L Airflow PC Case - Black,True
case,97,B0GQTJYTDG,"4pcs Laptop Rubber Feet Strips Replacement for HP | Anti-Slip Laptop Bottom Bumper Foot Pads,for HP 15-DY 15T-DY 15-EF 15-ER",https://www.amazon.co.uk/Sinbana-Laptop-Rubber-Strips-Replacement/dp/B0GQTJYTDG/ref=zg_bs_g_430498031_d_sccl_97/524-3698123-6031407,2026-09-25 11:38:55.208120,No exact-ASIN Amazon marketplace listing found in current scored listings,0,,,,,
case,98,B07ZP46RNR,"Noctua NF-A20 PWM chromax.black.swap, High-Performance Quiet Fan 200mm | High Airflow, Low Noise, 30mm Thick Fan, for PC and",https://www.amazon.co.uk/Noctua-NF-A20-chromax-black-swap-Premium-200x30mm/dp/B07ZP46RNR/ref=zg_bs_g_430498031_d_sccl_98/524-3698123-6031407,2026-09-25 11:38:55.208121,No exact-ASIN Amazon marketplace listing found in current scored listings,0,,,,,
cooler,1,B0FT2TYMR6,"ARCTIC MX-7 (4 g, incl. MX-Cleaner) - Ultimate Performance Thermal Paste | For CPU, consoles, processors, graphics cards, lap",https://www.amazon.co.uk/ARCTIC-MX-7-incl-MX-Cleaner-Non-Conductive/dp/B0FT2TYMR6/ref=zg_bs_g_430499031_d_sccl_1/524-3698123-6031407,2026-09-25 11:38:26.332878,Exact ASIN listing has CPK in expected category,1,B0FT2TYMR6,cooler,c40534aad3809e1b,"ARCTIC MX-7 (4 g, incl. MX-Cleaner) - Ultimate Performance Thermal Paste",True
cooler,2,B07L9BDY3T,"ARCTIC MX-4 (4 g) - Premium Performance Thermal Paste for all processors (CPU, GPU - PC, PS4, XBOX), very high thermal conduc",https://www.amazon.co.uk/ARCTIC-MX-4-2019-Performance-Durability/dp/B07L9BDY3T/ref=zg_bs_g_430499031_d_sccl_2/524-3698123-6031407,2026-09-25 11:38:26.332880,Exact ASIN listing CPK category mismatch,1,B07L9BDY3T,cpu,b7f1f27b6dfc81b7,"ARCTIC MX-4 (4 g) - Premium Performance Thermal Paste for all processors (CPU, GPU - PC, PS4, XBOX), very high thermal conductivity, long durability, safe application, non-conductive, non-capacitive",False
cooler,3,B09NLXSP4S,BSFF Thermal Paste CPU 5.5g with Toolkit for CPU GPU IC and Heatsinks | Carbon Based High Performance; CPU/GPU Compatible; Ea,https://www.amazon.co.uk/BSFF-Compound-Heatsink-Processor-Performance/dp/B09NLXSP4S/ref=zg_bs_g_430499031_d_sccl_3/524-3698123-6031407,2026-09-25 11:38:26.332881,No exact-ASIN Amazon marketplace listing found in current scored listings,0,,,,,
cooler,4,B09VDLH5M6,"ARCTIC MX-6 (8 g) - Ultimate Performance Thermal Paste for CPU, consoles, graphics cards, laptops, very high thermal conducti",https://www.amazon.co.uk/ARCTIC-MX-6-conductivity-non-conductive-non-capacitive/dp/B09VDLH5M6/ref=zg_bs_g_430499031_d_sccl_4/524-3698123-6031407,2026-09-25 11:38:26.332882,No exact-ASIN Amazon marketplace listing found in current scored listings,0,,,,,
cooler,6,B0BPFYQ7JW,"Thermalright TL-C12C CPU Fan 120mm Case Cooler, 4pin PWM Silent Computer Cooling with S-FDB Bearing Included, up to 1550RPM c",https://www.amazon.co.uk/Thermalright-TL-C12C-Computer-Included-quantities%EF%BC%89/dp/B0BPFYQ7JW/ref=zg_bs_g_430499031_d_sccl_6/524-3698123-6031407,2026-09-25 11:38:26.332883,Exact ASIN listing CPK category mismatch,1,B0BPFYQ7JW,fan,cb62d1543b1fcb58,"Thermalright TL-C12C CPU Fan 120mm Case Cooler, 4pin PWM Silent Computer Cooling with S-FDB Bearing Included, up to 1550RPM cooling fan（3 quantities）",False
cooler,8,B07LF66ZSV,"ARCTIC MX-4 (8 g) - Premium Performance Thermal Paste for all processors (CPU, GPU - PC, PS4, XBOX), very high thermal conduc",https://www.amazon.co.uk/ARCTIC-MX-4-2019-Performance-Durability/dp/B07LF66ZSV/ref=zg_bs_g_430499031_d_sccl_8/524-3698123-6031407,2026-09-25 11:38:26.332885,Exact ASIN listing has no CPK,1,B07LF66ZSV,,,"ARCTIC MX-4 (8 g) - Premium Performance Thermal Paste for all processors (CPU, GPU - PC, PS4, XBOX), very high thermal conductivity, long durability, safe application, non-conductive, non-capacitive",False
cooler,10,B0DLWGG85P,"ARCTIC Liquid Freezer III Pro 360 - AIO CPU Cooler, 3 x 120 mm Water Cooling, 38 mm Radiator, PWM Pump, VRM Fan, AMD AM5/AM4,",https://www.amazon.co.uk/ARCTIC-Liquid-Freezer-III-Pro/dp/B0DLWGG85P/ref=zg_bs_g_430499031_d_sccl_10/524-3698123-6031407,2026-09-25 11:38:26.332886,Exact ASIN listing has CPK in expected category,1,B0DLWGG85P,cooler,7a5f9c1875b001cc,"ARCTIC Liquid Freezer III Pro 360 - AIO CPU Cooler, 3 x 120 mm Water Cooling, 38 mm Radiator, PWM Pump, VRM Fan, AMD AM5/AM4, Intel LGA1851/1700 Contact Frame - Black",True
cooler,11,B09VDPWH6T,"ARCTIC MX-6 (2 g) - Ultimate Performance Thermal Paste for CPU, consoles, graphics cards, laptops, very high thermal conducti",https://www.amazon.co.uk/ARCTIC-MX-6-conductivity-non-conductive-non-capacitive/dp/B09VDPWH6T/ref=zg_bs_g_430499031_d_sccl_11/524-3698123-6031407,2026-09-25 11:38:26.332887,No exact-ASIN Amazon marketplace listing found in current scored listings,0,,,,,
cooler,12,B0DWSN51B1,"TR-AssassinX120 SE ARGB WHITE CPU Air Cooler, 4 Heat Pipes, TL-C12CW-S PWM Quiet Fan CPU Cooler With S-FDB Bearing, For AMD A",https://www.amazon.co.uk/TR-AssassinX120-SE-WHITE-TL-C12CW-S-Bearing/dp/B0DWSN51B1/ref=zg_bs_g_430499031_d_sccl_12/524-3698123-6031407,2026-09-25 11:38:26.332887,No exact-ASIN Amazon marketplace listing found in current scored listings,0,,,,,
cooler,13,B0DLWFCVSD,"ARCTIC Liquid Freezer III Pro 360 A-RGB - AIO CPU Cooler, 3 x 120 mm Water Cooling, 38 mm Radiator, PWM Pump, VRM Fan, AMD AM",https://www.amazon.co.uk/ARCTIC-Liquid-Freezer-III-RGB/dp/B0DLWFCVSD/ref=zg_bs_g_430499031_d_sccl_13/524-3698123-6031407,2026-09-25 11:38:26.332888,No exact-ASIN Amazon marketplace listing found in current scored listings,0,,,,,
cooler,14,B0795DP124,"ARCTIC MX-4 (incl. Spatula, 4 g) - Premium Performance Thermal Paste for all processors (CPU, GPU - PC, PS4, XBOX), very high",https://www.amazon.co.uk/ARCTIC-MX-4-Compound-Performance-Interface/dp/B0795DP124/ref=zg_bs_g_430499031_d_sccl_14/524-3698123-6031407,2026-09-25 11:38:26.332889,Exact ASIN listing has no CPK,1,B0795DP124,,,"ARCTIC MX-4 (incl. Spatula, 4 g) - Premium Performance Thermal Paste for all processors (CPU, GPU - PC, PS4, XBOX), very high thermal conductivity, long durability, safe application, non-conductive",False
cooler,15,B0BPCMWDCH,"Thermalright Frozen Notte 240 Black ARGB V2 Water Cooling CPU Cooler, 240 Black CPU Cooler Specifications, 2 PWM Fans, S-FDB",https://www.amazon.co.uk/Thermalright-Cooling-Specifications-Bearings-Suitable/dp/B0BPCMWDCH/ref=zg_bs_g_430499031_d_sccl_15/524-3698123-6031407,2026-09-25 11:38:26.332889,No exact-ASIN Amazon marketplace listing found in current scored listings,0,,,,,
cooler,16,B087FY5CNT,ARCTIC Case Fan Hub - 10-fold PWM Fan Distributor with SATA Power - Black,https://www.amazon.co.uk/ARCTIC-Pro-Gen-Ultrawide-Adjustment/dp/B087FY5CNT/ref=zg_bs_g_430499031_d_sccl_16/524-3698123-6031407,2026-09-25 11:38:26.332890,No exact-ASIN Amazon marketplace listing found in current scored listings,0,,,,,
cooler,17,B0D49PNMBD,CORSAIR RS120 ARGB 120mm PWM Fans – Daisy-Chain Connection – Low-Noise – Magnetic Dome Bearing – Triple Pack – White,https://www.amazon.co.uk/Corsair-RS120-ARGB-120mm-Fans/dp/B0D49PNMBD/ref=zg_bs_g_430499031_d_sccl_17/524-3698123-6031407,2026-09-25 11:38:26.332891,No exact-ASIN Amazon marketplace listing found in current scored listings,0,,,,,
cooler,18,B0DB84CQW6,"Thermal Grizzly PhaseSheet PTM 50x40 mm Phase-Change Thermal Pad CPU GPU | Phase-change thermal pad, PTM, CPU, GPU, consoles,",https://www.amazon.co.uk/Thermal-Grizzly-PhaseSheet-Performance-Non-Conductive/dp/B0DB84CQW6/ref=zg_bs_g_430499031_d_sccl_18/524-3698123-6031407,2026-09-25 11:38:26.332892,Exact ASIN listing has no CPK,1,B0DB84CQW6,,,"Thermal Grizzly PhaseSheet PTM 50x40 mm Phase-Change Thermal Pad CPU GPU | Phase-change thermal pad, PTM, CPU, GPU, consoles, strong contact, easy handling, non-conductive, paste alternative",False
cooler,19,B0DSTW6P8B,Thermal Grizzly Duronaut - 6 Gram - Enhanced Durability & High Performance Thermal Paste - for Maximum Thermal Conductivity W,https://www.amazon.co.uk/Thermal-Grizzly-Duronaut-Conductivity-Overclocking/dp/B0DSTW6P8B/ref=zg_bs_g_430499031_d_sccl_19/524-3698123-6031407,2026-09-25 11:38:26.332892,No exact-ASIN Amazon marketplace listing found in current scored listings,0,,,,,
cooler,20,B0D942JKJW,"Thermalright Phantom Spirit 120 SE BLACK CPU Air Cooler,7 Heat pipes CPU Cooler,Dual 120mm PWM Fans, AGHP 4.0 Technology,for",https://www.amazon.co.uk/Thermalright-Phantom-Spirit-120-BLACK/dp/B0D942JKJW/ref=zg_bs_g_430499031_d_sccl_20/524-3698123-6031407,2026-09-25 11:38:26.332893,No exact-ASIN Amazon marketplace listing found in current scored listings,0,,,,,
cooler,21,B08QS42H64,"ionz IZP8 Ultra High Performance Thermal compound, Heatsink Paste For All CPU/GPU Coolers - 2g",https://www.amazon.co.uk/ionz-Performance-Thermal-compound-Heatsink/dp/B08QS42H64/ref=zg_bs_g_430499031_d_sccl_21/524-3698123-6031407,2026-09-25 11:38:26.332894,No exact-ASIN Amazon marketplace listing found in current scored listings,0,,,,,
cooler,22,B09VH14935,"ARCTIC Freezer 36 (Black)- Single-tower CPU cooler with push-pull, two pressure-optimised 120 mm P fans, fluid dynamic bearin",https://www.amazon.co.uk/ARCTIC-Single-tower-push-pull-pressure-optimised-heatpipes/dp/B09VH14935/ref=zg_bs_g_430499031_d_sccl_22/524-3698123-6031407,2026-09-25 11:38:26.332894,Exact ASIN listing has CPK in expected category,1,B09VH14935,cooler,6e82f9fae24dfc7f,"ARCTIC Freezer 36 (Black)- Single-tower CPU cooler with push-pull, two pressure-optimised 120 mm P fans, fluid dynamic bearing, 200-1800 rpm, 4 heatpipes, incl. MX-6 thermal compound",True
cooler,23,B0C7C2HY6H,"Thermalright Assassin X 120R SE PLUS CPU Air Cooler, 4 Heat Pipes,148mm High, 120mm Double PWM Fans CPU Cooler, Heatsink Cool",https://www.amazon.co.uk/Thermalright-Assassin-Heatsink-LGA1700-LGA17XX/dp/B0C7C2HY6H/ref=zg_bs_g_430499031_d_sccl_23/524-3698123-6031407,2026-09-25 11:38:26.332895,Exact ASIN listing has CPK in expected category,1,B0C7C2HY6H,cooler,3225dac7cf16742c,"Thermalright Assassin X 120R SE PLUS CPU Air Cooler, 4 Heat Pipes,148mm High, 120mm Double PWM Fans CPU Cooler, Heatsink Cooler,for AMD AM4 AM5/Intel LGA1700/1150/1151/1200,LGA17XX Cooling",True
cooler,24,B0CSJRTFX8,"VooGenzek 15 PCS Assorted Thickness 0.5/1/1.5 mm Silicone Thermal Pad with 6.0 W/mk Thermal Conductivity, Reusable Thermal Co",https://www.amazon.co.uk/VooGenzek-Assorted-Thickness-Conductivity-Conductive/dp/B0CSJRTFX8/ref=zg_bs_g_430499031_d_sccl_24/524-3698123-6031407,2026-09-25 11:38:26.332896,No exact-ASIN Amazon marketplace listing found in current scored listings,0,,,,,
cooler,25,B07BNDPKL5,SYY Thermal Paste 2g CPU Compound with Toolkit for CPU/GPU/All Coolers | Carbon Formula; Fast Heat Transfer; CPU/GPU Compatib,https://www.amazon.co.uk/SYY-Compound-Processor-Performance-Interface/dp/B07BNDPKL5/ref=zg_bs_g_430499031_d_sccl_25/524-3698123-6031407,2026-09-25 11:38:26.332897,No exact-ASIN Amazon marketplace listing found in current scored listings,0,,,,,
cooler,26,B011F7W3LU,"Thermal Grizzly Kryonaut (1g) – Thermal Paste for CPU, GPU and consoles – Non-Conductive Thermal Compound with High Thermal C",https://www.amazon.co.uk/Thermal-Grizzly-Kryonaut-thermal-grease/dp/B011F7W3LU/ref=zg_bs_g_430499031_d_sccl_26/524-3698123-6031407,2026-09-25 11:38:26.332897,No exact-ASIN Amazon marketplace listing found in current scored listings,0,,,,,
cooler,27,B07NRG8KJK,MoneyQiu HY-510-25g Thermal Conductivity: >1.93W/m-k thermal heatsink paste grease Compound Carbon Based High Performance non,https://www.amazon.co.uk/HY-510-25g-Thermal-Paste-Heatsink-Conductivity-510-25g/dp/B07NRG8KJK/ref=zg_bs_g_430499031_d_sccl_27/524-3698123-6031407,2026-09-25 11:38:26.332898,No exact-ASIN Amazon marketplace listing found in current scored listings,0,,,,,
cooler,28,B0GY469KT3,"Thermalright AT7 Thermal Paste 4.5g, 12.9W/mK CPU Thermal Compound | Smooth Easy-to-Spread, Non-Conductive, for CPU Cooler In",https://www.amazon.co.uk/Thermalright-Thermal-Paste-12-9W-Compound/dp/B0GY469KT3/ref=zg_bs_g_430499031_d_sccl_28/524-3698123-6031407,2026-09-25 11:38:26.332899,No exact-ASIN Amazon marketplace listing found in current scored listings,0,,,,,
cooler,29,B09MHT9ZQR,"JLJ Thermal Paste 3g Carbon Based Compound for CPU, GPU, IC and Heatsinks | Carbon Thermal Compound; Broad Compatibility; Eas",https://www.amazon.co.uk/JLJ-Compound-Processor-Performance-Interface/dp/B09MHT9ZQR/ref=zg_bs_g_430499031_d_sccl_29/524-3698123-6031407,2026-09-25 11:38:26.332899,No exact-ASIN Amazon marketplace listing found in current scored listings,0,,,,,
cooler,30,B09VDKSMQL,"ARCTIC MX-6 (4 g, incl. 6 MX Cleaner) - Ultimate Performance Thermal Paste for CPU, consoles, graphics cards, laptops, very h",https://www.amazon.co.uk/ARCTIC-MX-6-incl-Cleaner-Performance/dp/B09VDKSMQL/ref=zg_bs_g_430499031_d_sccl_30/524-3698123-6031407,2026-09-25 11:38:26.332900,No exact-ASIN Amazon marketplace listing found in current scored listings,0,,,,,
cooler,31,B09XJVBPQ1,"Aairhut Thermal Pads 13W/mK, 85 x 45 x 1mm Silicone Cooling Heatsink Thermal Pad GPU Non Conductive Heat Resistance with Dual",https://www.amazon.co.uk/Aairhut-Silicone-Conductive-Resistance-Self-Adhesive/dp/B09XJVBPQ1/ref=zg_bs_g_430499031_d_sccl_31/524-3698123-6031407,2026-09-25 11:38:26.332901,No exact-ASIN Amazon marketplace listing found in current scored listings,0,,,,,
cooler,32,B09V52NPBS,"ARCTIC TP-3: Premium Performance Thermal Pad, 100 x 100 x 1.5 mm, (stackable to 2.0 mm without performance loss), 1 Piece - H",https://www.amazon.co.uk/ARCTIC-TP-3-Performance-conduction-installation/dp/B09V52NPBS/ref=zg_bs_g_430499031_d_sccl_32/524-3698123-6031407,2026-09-25 11:38:26.332901,No exact-ASIN Amazon marketplace listing found in current scored listings,0,,,,,
cooler,33,B0DWZ2JPTF,"be quiet! Pure Rock 3 Black Air Cooler, 4 High-Performance 6mm Heatpipes | With HDT Technology, Pure Wings 3 120mm PWM Fan, H",https://www.amazon.co.uk/quiet-High-Performance-Heatpipes-Technology-All-Black/dp/B0DWZ2JPTF/ref=zg_bs_g_430499031_d_sccl_33/524-3698123-6031407,2026-09-25 11:38:26.332902,Exact ASIN listing has CPK in expected category,1,google-shopping:https%3A%2F%2Fwww.amazon.co.uk%2Fquiet-High-Performance-Heatpipes-Technology-All-Black%2Fdp%2FB0DWZ2JPTF%3Fsource%3Dps-sl-shoppingads-lpcontext%26ref_%3Dfplfs%26psc%3D1%26smi:47765b013a078eefab59dd48f268b90a791f1b6cc73e0e504bd32d3accb91fc4,cooler,1b61ec0708b312fd,"be quiet! Pure Rock 3 Black Air Cooler, 4 High-Performance 6mm Heatpipes | With HDT Technology, Pure Wings 3 120mm PWM Fan, High RAM and VRM cooler",True
cooler,34,B0DJZHXGQ7,"Thermalright FW 360 Ultra ARGB White AIO CPU Liquid Cooler,IPS LCD Screen with 480x480 Resolution,for AM4/AM5/Intel LGA1851/1",https://www.amazon.co.uk/Thermalright-Ultra-ARGB-White-inchMagnet-Absorbent/dp/B0DJZHXGQ7/ref=zg_bs_g_430499031_d_sccl_34/524-3698123-6031407,2026-09-25 11:38:26.332903,No exact-ASIN Amazon marketplace listing found in current scored listings,0,,,,,
cooler,35,B07HC7P3HJ,"ARCTIC P12 (5 Pack) - PC Fan, 120mm Fan, PC Case Fan, Pressure-optimised, quiet motor, Computer, Fan Speed: 1800 rpm - Black",https://www.amazon.co.uk/Arctic-P12-Value-Pack-Pressure-optimised/dp/B07HC7P3HJ/ref=zg_bs_g_430499031_d_sccl_35/524-3698123-6031407,2026-09-25 11:38:26.332904,Exact ASIN listing CPK category mismatch,1,B07HC7P3HJ,case,ac37a8857ea0c3b2,"ARCTIC P12 (5 Pack) - PC Fan, 120mm Fan, PC Case Fan, Pressure-optimised, quiet motor, Computer, Fan Speed: 1800 rpm - Black",False
cooler,36,B0CCRYJ2TK,"Thermalright AQUA ELITE 240 V3 Liquid CPU Cooler, Double PWM ARGB Fans with S-FDB Bearings,Efficient PWM Controlled Pump,for",https://www.amazon.co.uk/Thermalright-Bearings-Efficient-Controlled-LGA1150/dp/B0CCRYJ2TK/ref=zg_bs_g_430499031_d_sccl_36/524-3698123-6031407,2026-09-25 11:38:26.332904,No exact-ASIN Amazon marketplace listing found in current scored listings,0,,,,,
cooler,38,B097999ZCY,"MSI MAG COREFROZR AA13 WHITE CPU Air Cooler - Direct Touch Four 6mm copper heatpipes, ARGB, CycloBlade 7, Pre-Applied Thermal",https://www.amazon.co.uk/MSI-COREFROZR-AA13-WHITE-Cooler/dp/B097999ZCY/ref=zg_bs_g_430499031_d_sccl_38/524-3698123-6031407,2026-09-25 11:38:26.332906,No exact-ASIN Amazon marketplace listing found in current scored listings,0,,,,,
cooler,39,B08YRSZPH8,"be quiet! MC1 M.2 SSD Cooler, Efficient Cooling for M.2 2280 SSDs, Supports Single- and Double-Sided Modules, PlayStation 5 C",https://www.amazon.co.uk/quiet-efficient-double-sided-PlayStation-compatible/dp/B08YRSZPH8/ref=zg_bs_g_430499031_d_sccl_39/524-3698123-6031407,2026-09-25 11:38:26.332906,No exact-ASIN Amazon marketplace listing found in current scored listings,0,,,,,
cooler,40,B0CCP1T3W7,"Thermalright AQUA ELITE 240 V3 Liquid CPU Cooler, 240 Cooling Row Size, 2 x 120mm PWM Fans, S-FDB Bearings,for AMD/AM4/AM5, I",https://www.amazon.co.uk/Thermalright-Cooling-Bearings-LGA1150-Desktop/dp/B0CCP1T3W7/ref=zg_bs_g_430499031_d_sccl_40/524-3698123-6031407,2026-09-25 11:38:26.332907,No exact-ASIN Amazon marketplace listing found in current scored listings,0,,,,,
cooler,41,B09LGY38L4,"Thermalright Peerless Assassin 120 SE CPU Air Cooler, Dual Tower 6 Heat Pipe, Dual 120mm TL-C12C PWM CPU Fan, for AMD AM4/AM5",https://www.amazon.co.uk/Thermalright-Peerless-SE-Aluminium-Technology/dp/B09LGY38L4/ref=zg_bs_g_430499031_d_sccl_41/524-3698123-6031407,2026-09-25 11:38:26.332908,No exact-ASIN Amazon marketplace listing found in current scored listings,0,,,,,
cooler,42,B0D6BFBLTK,"Corsair iCUE LINK TITAN 360 RX RGB Liquid CPU Cooler – 360mm AIO – 3x RX120 RGB Fans Included – Fits Intel LGA 1851/1700, AMD",https://www.amazon.co.uk/Corsair-iCUE-TITAN-Liquid-Cooler/dp/B0D6BFBLTK/ref=zg_bs_g_430499031_d_sccl_42/524-3698123-6031407,2026-09-25 11:38:26.332910,Exact ASIN listing has CPK in expected category,1,B0D6BFBLTK,cooler,b733e6e014691d07,"Corsair iCUE LINK TITAN 360 RX RGB Liquid CPU Cooler – 360mm AIO – 3x RX120 RGB Fans Included – Fits Intel LGA 1851/1700, AMD AM5/AM4 – iCUE LINK System Hub Included – Black",True
cooler,43,B0C64WLQSK,Corsair iCUE LINK QX120 RGB 120mm Magnetic Dome RGB Fans - Triple Fan Starter Kit with iCUE LINK System Hub - Black,https://www.amazon.co.uk/CORSAIR-iCUE-QX120-120mm-Magnetic/dp/B0C64WLQSK/ref=zg_bs_g_430499031_d_sccl_43/524-3698123-6031407,2026-09-25 11:38:26.332911,No exact-ASIN Amazon marketplace listing found in current scored listings,0,,,,,
cooler,44,B0F3DHTPKJ,Thermal Grizzly - Duronaut - 2 Gram - Enhanced Durability & High Performance Thermal Paste - for Maximum Conductivity While O,https://www.amazon.co.uk/Thermal-Grizzly-Performance-Conductivity-Overclocking/dp/B0F3DHTPKJ/ref=zg_bs_g_430499031_d_sccl_44/524-3698123-6031407,2026-09-25 11:38:26.332913,No exact-ASIN Amazon marketplace listing found in current scored listings,0,,,,,
cooler,45,B07S8VK1NL,"One enjoy Liquid Metal Thermal Paste, 79 W/mK High Performance, Silver King Heatsink Paste, CPU for All Coolers, 1 Grams with",https://www.amazon.co.uk/One-enjoy-Performance-Heatsink-Cleanser/dp/B07S8VK1NL/ref=zg_bs_g_430499031_d_sccl_45/524-3698123-6031407,2026-09-25 11:38:26.332914,No exact-ASIN Amazon marketplace listing found in current scored listings,0,,,,,
cooler,46,B09V52D1N1,"ARCTIC TP-3: Premium Performance Thermal Pad, 120 x 20 x 1.0 mm, (stackable to 2.0 mm without performance loss), 4 Pieces - H",https://www.amazon.co.uk/ARCTIC-TP-3-Performance-conduction-installation/dp/B09V52D1N1/ref=zg_bs_g_430499031_d_sccl_46/524-3698123-6031407,2026-09-25 11:38:26.332915,No exact-ASIN Amazon marketplace listing found in current scored listings,0,,,,,
cooler,51,B0DJDCHG3C,"ARCTIC P12 Pro A-RGB - Powerful Premium Fan, 120 mm PWM Fan with Y-Cable Splitter, 600-3000 rpm, 0 rpm <5% PWM, 5V Digital RG",https://www.amazon.co.uk/ARCTIC-P12-Pro-RGB-Powerful/dp/B0DJDCHG3C/ref=zg_bs_g_430499031_d_sccl_1/524-3698123-6031407,2026-09-25 11:38:26.332916,No exact-ASIN Amazon marketplace listing found in current scored listings,0,,,,,
cooler,52,B09VDL3CW6,"ARCTIC MX-6 (4 g) - Ultimate Performance Thermal Paste for CPU, consoles, graphics cards, laptops, very high thermal conducti",https://www.amazon.co.uk/Arctic-MX-6-conductivity-non-conductive-non-capacitive/dp/B09VDL3CW6/ref=zg_bs_g_430499031_d_sccl_2/524-3698123-6031407,2026-09-25 11:38:26.332917,No exact-ASIN Amazon marketplace listing found in current scored listings,0,,,,,
cooler,53,B076YZMQR5,"GLOTRENDS M.2 Heatsink Kits with Thermal Pad for 2280 M.2 SSD, Fit for Desktop PC/PS5/PS5 Slim Installation, 22x70x3mm Alumin",https://www.amazon.co.uk/GLOTRENDS-Heatsink-installation-including-Thermal/dp/B076YZMQR5/ref=zg_bs_g_430499031_d_sccl_3/524-3698123-6031407,2026-09-25 11:38:26.332918,No exact-ASIN Amazon marketplace listing found in current scored listings,0,,,,,
cooler,54,B079DQS77Q,"SYY Thermal Paste, 8g Upgrade Easy to Apply Thermal Compound Cpu Heatsink Paste for IC/Processor/CPU/All Coolers, Carbon Base",https://www.amazon.co.uk/SYY-Compound-Processor-Performance-Interface/dp/B079DQS77Q/ref=zg_bs_g_430499031_d_sccl_4/524-3698123-6031407,2026-09-25 11:38:26.332919,Exact ASIN listing has no CPK,1,B079DQS77Q,,,"SYY Thermal Paste, 8g Upgrade Easy to Apply Thermal Compound Cpu Heatsink Paste for IC/Processor/CPU/All Coolers, Carbon Based High Performance, Thermal Interface Material",False
cooler,55,B0B4G8QKZP,"Thermalright Peerless Assassin 120 SE CPU Air Cooler,PA120 SE,6 Heat Pipes Cpu cooler,Dual 120mm TL-C12C PWM Fan,Aluminium He",https://www.amazon.co.uk/Thermalright-Peerless-Assassin-Aluminium-Technology/dp/B0B4G8QKZP/ref=zg_bs_g_430499031_d_sccl_5/524-3698123-6031407,2026-09-25 11:38:26.332920,Exact ASIN listing has CPK in expected category,1,B0B4G8QKZP,cooler,d0a075dce9d7f074,"Thermalright Peerless Assassin 120 SE CPU Air Cooler,PA120 SE,6 Heat Pipes Cpu cooler,Dual 120mm TL-C12C PWM Fan,Aluminium Heatsink Cover,AGHP Technology,for AMD AM4/AM5 Intel 1851/1700/1150/1200",True
cooler,56,B0FZVBL8HK,"ARCTIC TP-4: Premium Performance Thermal Pad, 120 x 20 x 1.5 mm (4 Pack) | Stackable to 2.0 mm Without Performance Loss, High",https://www.amazon.co.uk/ARCTIC-TP-4-Thermal-Pad-Performance/dp/B0FZVBL8HK/ref=zg_bs_g_430499031_d_sccl_6/524-3698123-6031407,2026-09-25 11:38:26.332921,No exact-ASIN Amazon marketplace listing found in current scored listings,0,,,,,
cooler,57,B071J8CZP9,"Noctua NF-A4x20 FLX, High-Performance Quiet Fan 40mm | High Airflow, Low Noise, 20mm Thick, for PC and Electronics Cooling, 3",https://www.amazon.co.uk/Noctua-NF-A4x20-FLX-Premium-40x20mm/dp/B071J8CZP9/ref=zg_bs_g_430499031_d_sccl_7/524-3698123-6031407,2026-09-25 11:38:26.332922,No exact-ASIN Amazon marketplace listing found in current scored listings,0,,,,,
cooler,58,B0C1XD5RGK,Thermal Grizzly - Conductonaut extreme - 1 Gram - Ultra High Performance Liquid Metal Compound Thermal Paste - For Maximum Th,https://www.amazon.co.uk/Thermal-Grizzly-Conductonaut-EXTREME-Liquid-silver/dp/B0C1XD5RGK/ref=zg_bs_g_430499031_d_sccl_8/524-3698123-6031407,2026-09-25 11:38:26.332923,No exact-ASIN Amazon marketplace listing found in current scored listings,0,,,,,
cooler,59,B0DQD79C21,"Thermal Grizzly TG Putty Pro 30 g Thermal Putty VRAM VRM PCB | Thermal putty, high-end thermal conductivity, pad replacement,",https://www.amazon.co.uk/Thermal-Grizzly-Putty-High-Performance-Non-Conductive/dp/B0DQD79C21/ref=zg_bs_g_430499031_d_sccl_9/524-3698123-6031407,2026-09-25 11:38:26.332924,No exact-ASIN Amazon marketplace listing found in current scored listings,0,,,,,
cooler,60,B00NEMG62M,"Noctua NF-A8 PWM, High-Performance Quiet Fan 80mm | High Airflow, Low Noise, 25mm Thick Fan, for PC and Electronics Cooling,",https://www.amazon.co.uk/Noctua-NF-A8-PWM-Premium-Quiet/dp/B00NEMG62M/ref=zg_bs_g_430499031_d_sccl_10/524-3698123-6031407,2026-09-25 11:38:26.332925,No exact-ASIN Amazon marketplace listing found in current scored listings,0,,,,,
cooler,61,B0F48FLCRX,Thermal Grizzly Kryonaut - 1 Gram - Extremely High Performance Thermal Paste + 12 Cleaning Wipes 6 Wet & 6 Dry - for Demandin,https://www.amazon.co.uk/Thermal-Grizzly-Kryonaut-Applications-Overclocking/dp/B0F48FLCRX/ref=zg_bs_g_430499031_d_sccl_11/524-3698123-6031407,2026-09-25 11:38:26.332926,No exact-ASIN Amazon marketplace listing found in current scored listings,0,,,,,
cooler,62,B07WWKF96F,"ARCTIC P8 PWM PST - PC Fan, 80mm Fan, PC Case Fan, PWM Sharing Technology (PST), Pressure-Optimised, Quite motor, Computer, F",https://www.amazon.co.uk/ARCTIC-P8-PWM-PST-Pressure-optimised/dp/B07WWKF96F/ref=zg_bs_g_430499031_d_sccl_12/524-3698123-6031407,2026-09-25 11:38:26.332927,No exact-ASIN Amazon marketplace listing found in current scored listings,0,,,,,
cooler,63,B07MFMFL7R,AMD Wraith Stealth Socket AM4 4-Pin Connector CPU Cooler with Aluminum Heatsink & 3.93-Inch Fan (Slim),https://www.amazon.co.uk/Stealth-Connector-Aluminum-Heatsink-3-93-Inch/dp/B07MFMFL7R/ref=zg_bs_g_430499031_d_sccl_13/524-3698123-6031407,2026-09-25 11:38:26.332928,No exact-ASIN Amazon marketplace listing found in current scored listings,0,,,,,
cooler,64,B0C4JKVSZ7,"Thermalright Phantom Spirit 120 CPU Cooler,7×6mm Heat pipes CPU Air Cooler,Dual PWM Fans Computer Cooling,1500RPM Speed,for A",https://www.amazon.co.uk/Thermalright-Phantom-Computer-Cooling-1500RPM/dp/B0C4JKVSZ7/ref=zg_bs_g_430499031_d_sccl_14/524-3698123-6031407,2026-09-25 11:38:26.332929,No exact-ASIN Amazon marketplace listing found in current scored listings,0,,,,,
cooler,65,B0DPX4T9TK,"ARCTIC P14 Pro PST - Powerful Premium Fan, 140 mm PWM Fan with Y-Cable Splitter, 400-2500 rpm, 0 rpm <5% PWM, Fluid Dynamic B",https://www.amazon.co.uk/ARCTIC-P14-Pro-PST-Powerful/dp/B0DPX4T9TK/ref=zg_bs_g_430499031_d_sccl_15/524-3698123-6031407,2026-09-25 11:38:26.332930,No exact-ASIN Amazon marketplace listing found in current scored listings,0,,,,,
cooler,66,B0DJD8MJ5S,"ARCTIC P12 Pro A-RGB - 3 Pack - Powerful Premium Fan, 120 mm PWM Fan with Y-Cable Splitter, 600-3000 rpm, 0 rpm <5% PWM, 5V D",https://www.amazon.co.uk/ARCTIC-P12-Pro-RGB-Pack/dp/B0DJD8MJ5S/ref=zg_bs_g_430499031_d_sccl_16/524-3698123-6031407,2026-09-25 11:38:26.332931,No exact-ASIN Amazon marketplace listing found in current scored listings,0,,,,,
cooler,67,B0F6T6CBWN,"Thermalright TL-M12QW X3 120mm ARGB PWM Case Fans White, 3-Pack | Infinity mirror ARGB, daisy-chain cabling, 2000RPM PWM cont",https://www.amazon.co.uk/Thermalright-TL-M12QW-Daisy-Chain-Infinity-Lighting/dp/B0F6T6CBWN/ref=zg_bs_g_430499031_d_sccl_17/524-3698123-6031407,2026-09-25 11:38:26.332932,No exact-ASIN Amazon marketplace listing found in current scored listings,0,,,,,
cooler,68,B0DC9C8CMX,PTM7950 Thermal Pad 40x40x0.25mm CSGR – Phase Change Material 8.5 W/mK for CPU GPU Cooling – High Performance Thermal Pad for,https://www.amazon.co.uk/PTM7950-40x40x0-25mm-Phase-Change-Thermal/dp/B0DC9C8CMX/ref=zg_bs_g_430499031_d_sccl_18/524-3698123-6031407,2026-09-25 11:38:26.332934,No exact-ASIN Amazon marketplace listing found in current scored listings,0,,,,,
cooler,69,B0GWJ8TN5N,"Noctua NF-A12x25 G2 PWM Sx2-PP chromax.black, High-End Quiet Fans 2x120mm | High Airflow & Static Pressure, Low-Noise 25mm Th",https://www.amazon.co.uk/Noctua-NF-A12x25-PWM-Sx2-PP-chromax-black/dp/B0GWJ8TN5N/ref=zg_bs_g_430499031_d_sccl_19/524-3698123-6031407,2026-09-25 11:38:26.332935,No exact-ASIN Amazon marketplace listing found in current scored listings,0,,,,,
cooler,70,B0F8QY1NKY,"CORSAIR RS120-R ARGB 120mm PWM Reverse Flow Fan - +5V ARGB Connections, 8 RGB LED, High Pressure, Daisy Chain, Magnetic Beari",https://www.amazon.co.uk/Corsair-RS120-R-ARGB-120mm-Reverse/dp/B0F8QY1NKY/ref=zg_bs_g_430499031_d_sccl_20/524-3698123-6031407,2026-09-25 11:38:26.332937,Exact ASIN listing CPK category mismatch,1,B0F8QY1NKY,fan,23a5ae1cc3aead03,"CORSAIR RS120-R ARGB 120mm PWM Reverse Flow Fan - +5V ARGB Connections, 8 RGB LED, High Pressure, Daisy Chain, Magnetic Bearing, Zero RPM, Pack of 3 - Black",False
cooler,71,B0C61Q2YKX,Thermal Grizzly KryoSheet 38x38x0.2mm – Ultra High Thermal Conductivity Graphene Thermal Pad – Perfect Alternative for Therma,https://www.amazon.co.uk/Thermal-Grizzly-KryoSheet-W%C3%A4rmeleitpad-38/dp/B0C61Q2YKX/ref=zg_bs_g_430499031_d_sccl_21/524-3698123-6031407,2026-09-25 11:38:26.332938,No exact-ASIN Amazon marketplace listing found in current scored listings,0,,,,,
cooler,72,B0FNMN4BM3,"be quiet! Pure Loop 3 240mm All-in-One CPU Water Cooling, AiO Liquid Cooler | For Slightly Overclocked AMD/Intel Systems, 2x",https://www.amazon.co.uk/quiet-Slightly-Overclocked-High-Speed-Whisper-quiet/dp/B0FNMN4BM3/ref=zg_bs_g_430499031_d_sccl_22/524-3698123-6031407,2026-09-25 11:38:26.332939,Exact ASIN listing has CPK in expected category,2,B0FNMN4BM3,cooler,d0291a37d3b33235,"be quiet! Pure Loop 3 240mm All-in-One CPU Water Cooling, AiO Liquid Cooler",True
cooler,72,B0FNMN4BM3,"be quiet! Pure Loop 3 240mm All-in-One CPU Water Cooling, AiO Liquid Cooler | For Slightly Overclocked AMD/Intel Systems, 2x",https://www.amazon.co.uk/quiet-Slightly-Overclocked-High-Speed-Whisper-quiet/dp/B0FNMN4BM3/ref=zg_bs_g_430499031_d_sccl_22/524-3698123-6031407,2026-09-25 11:38:26.332939,Exact ASIN listing has no CPK,2,google-shopping:https%3A%2F%2Fwww.amazon.co.uk%2Fquiet-Slightly-Overclocked-High-Speed-Whisper-quiet%2Fdp%2FB0FNMN4BM3%3Fsource%3Dps-sl-shoppingads-lpcontext%26ref_%3Dfplfs%26psc%3D1%26smid%:4828e9f5974c9a65292c543fae97c594845cbbde302db635e9232635c4ee5cba,,,"be quiet! Pure Loop 3 240mm All-in-One CPU Water Cooling, AiO Liquid Cooler | For Slightly Overclocked AMD/Intel Systems, 2x Pure Wings 3 120mm PWM",False
cooler,73,B01A9KIGSI,Thermal Grizzly - Conductonaut - 1 Gram - Liquid Metal Compound Thermal Paste - For Maximum Thermal Conductivity while Overcl,https://www.amazon.co.uk/Thermal-Grizzly-conductonaut-compound-10-140%C2%B0/dp/B01A9KIGSI/ref=zg_bs_g_430499031_d_sccl_23/524-3698123-6031407,2026-09-25 11:38:26.332940,No exact-ASIN Amazon marketplace listing found in current scored listings,0,,,,,
cooler,74,B0FCMNSKG6,AsiaHorse NyotaUltra Daisy Chain 120mm ARGB PC Case Fan Infinity Mirror HDB Bearing 2000 RPM High Airflow 58.5 CFM 2.05 mmH2O,https://www.amazon.co.uk/AsiaHorse-NyotaUltra-Infinity-Bearing-Airflow/dp/B0FCMNSKG6/ref=zg_bs_g_430499031_d_sccl_24/524-3698123-6031407,2026-09-25 11:38:26.332941,No exact-ASIN Amazon marketplace listing found in current scored listings,0,,,,,
cooler,75,B0D3TK41VN,"PTM7950 Thermal pad 40x80x0.25mm phase change thermal pad, Aukuoy Highly conductive silicone grease 8.5W/mK CPU thermal paste",https://www.amazon.co.uk/Aukuoy-PTM7950-40x80x0-2mm-conductive-silicone/dp/B0D3TK41VN/ref=zg_bs_g_430499031_d_sccl_25/524-3698123-6031407,2026-09-25 11:38:26.332941,No exact-ASIN Amazon marketplace listing found in current scored listings,0,,,,,
cooler,76,B0BRQ3DDHW,"Thermalright AXP90-X53 White Low Profile ITX CPU Air Cooler, 53mm Height ITX Cooler with TL-9015W Slin PWM Fan, 2700RPM Speed",https://www.amazon.co.uk/Thermalright-AXP90-X53-Profile-TL-9015W-Technology/dp/B0BRQ3DDHW/ref=zg_bs_g_430499031_d_sccl_26/524-3698123-6031407,2026-09-25 11:38:26.332942,No exact-ASIN Amazon marketplace listing found in current scored listings,0,,,,,
cooler,77,B0CYQ9B9PY,"Nivithi 2Pcs Black 120mm Fan Grill Metal Finger Guard | Iron 120mm Fan Grill for PC Chassis,The Protector Secures Cables From",https://www.amazon.co.uk/Nivithi-Filter-Cooling-Finger-Computer/dp/B0CYQ9B9PY/ref=zg_bs_g_430499031_d_sccl_27/524-3698123-6031407,2026-09-25 11:38:26.332943,No exact-ASIN Amazon marketplace listing found in current scored listings,0,,,,,
cooler,78,B0DLWBHM8C,NZXT F420 RGB Core - 420mm Single-Frame RGB Fan Unit - Black | 420mm single-frame unit with three 140mm RGB fans on one cable,https://www.amazon.co.uk/NZXT-F420-RGB-Core-Single-Frame/dp/B0DLWBHM8C/ref=zg_bs_g_430499031_d_sccl_28/524-3698123-6031407,2026-09-25 11:38:26.332943,No exact-ASIN Amazon marketplace listing found in current scored listings,0,,,,,
cooler,79,B0D9QKK8YY,"Thermalright TL-C12C-S X5 CPU Fan,Black Cooling Fan, PC Fan with 1550RPM Speed, 120mm Computer Case Cooler Fan,PWM Control Fa",https://www.amazon.co.uk/Thermalright-TL-C12C-S-X5-Cooling-Computer/dp/B0D9QKK8YY/ref=zg_bs_g_430499031_d_sccl_29/524-3698123-6031407,2026-09-25 11:38:26.332944,No exact-ASIN Amazon marketplace listing found in current scored listings,0,,,,,
cooler,80,B07DXRNYNX,"Noctua NF-A4x10 PWM, High-Performance Quiet Fan 40mm | High Airflow Low Noise 10mm Slim Fan, for PC and Electronics Cooling,",https://www.amazon.co.uk/Noctua-NF-A4x10-PWM-4-Pin-Premium/dp/B07DXRNYNX/ref=zg_bs_g_430499031_d_sccl_30/524-3698123-6031407,2026-09-25 11:38:26.332945,No exact-ASIN Amazon marketplace listing found in current scored listings,0,,,,,
cooler,81,B0BHSS55RM,"MoKo 400x300mm DIY PC Case Dust Mesh Fan Filter, 1mm Hole, 2 PCS, Black | DIY Cut-to-size Design, Magnetic Frame, PVC mesh, D",https://www.amazon.co.uk/MoKo-400x300mm-Dustproof-Magnetic-Computer/dp/B0BHSS55RM/ref=zg_bs_g_430499031_d_sccl_81/524-3698123-6031407,2026-09-25 11:38:26.332946,No exact-ASIN Amazon marketplace listing found in current scored listings,0,,,,,
cooler,82,B07LDK4F5R,"ARCTIC MX-4 (45 g) - Premium Performance Thermal Paste for all processors (CPU, GPU - PC, PS4, XBOX), very high thermal condu",https://www.amazon.co.uk/ARCTIC-MX-4-2019-Performance-Durability/dp/B07LDK4F5R/ref=zg_bs_g_430499031_d_sccl_82/524-3698123-6031407,2026-09-25 11:38:26.332946,Exact ASIN listing has no CPK,1,B07LDK4F5R,,,"ARCTIC MX-4 (45 g) - Premium Performance Thermal Paste for all processors (CPU, GPU - PC, PS4, XBOX), very high thermal conductivity, long durability, safe application, non-conductive, non-capacitive",False
cooler,83,B07125KWG1,"Noctua NF-A4x20 PWM, High-Performance Quiet Fan 40mm | High Airflow Low Noise 20mm Thick Fan, for PC and Electronics Cooling,",https://www.amazon.co.uk/Noctua-NF-A4x20-PWM-Premium-40x20mm/dp/B07125KWG1/ref=zg_bs_g_430499031_d_sccl_83/524-3698123-6031407,2026-09-25 11:38:26.332947,No exact-ASIN Amazon marketplace listing found in current scored listings,0,,,,,
cooler,84,B0BQSKXZ4Y,NZXT F140 RGB Duo Twin Pack - 2x 140mm RGB Fans + Hub - White | Two 140mm dual-sided RGB fans with controller. 20 addressable,https://www.amazon.co.uk/NZXT-F140-RGB-Twin-Pack/dp/B0BQSKXZ4Y/ref=zg_bs_g_430499031_d_sccl_84/524-3698123-6031407,2026-09-25 11:38:26.332948,No exact-ASIN Amazon marketplace listing found in current scored listings,0,,,,,
cooler,85,B0DLWFBHSL,"ARCTIC Liquid Freezer III Pro 240 - AIO CPU Cooler, 2 x 120 mm Water Cooling, 38 mm Radiator, PWM Pump, VRM Fan, AMD AM5/AM4,",https://www.amazon.co.uk/ARCTIC-Liquid-Freezer-III-Pro/dp/B0DLWFBHSL/ref=zg_bs_g_430499031_d_sccl_85/524-3698123-6031407,2026-09-25 11:38:26.332948,No exact-ASIN Amazon marketplace listing found in current scored listings,0,,,,,
cooler,86,B0DYDPQR6G,"TR-Assassin Spirit 120 EVO CPU Cooler Air With 4×6mm HeatPipes, TL-S12-S PWM Fan Heatsink CPU Cooler,156mm High, For AMD:AM4",https://www.amazon.co.uk/TR-Assassin-Spirit-HeatPipes-TL-S12-S-Heatsink/dp/B0DYDPQR6G/ref=zg_bs_g_430499031_d_sccl_86/524-3698123-6031407,2026-09-25 11:38:26.332949,No exact-ASIN Amazon marketplace listing found in current scored listings,0,,,,,
cooler,87,B0DN4QKMSV,"NZXT Kraken Elite 420 RGB - 420mm AIO CPU Cooler, LCD - Black | Flagship 420mm RGB AIO with 2.36-inch LCD and F420 RGB Core f",https://www.amazon.co.uk/NZXT-Kraken-Elite-420-2025/dp/B0DN4QKMSV/ref=zg_bs_g_430499031_d_sccl_87/524-3698123-6031407,2026-09-25 11:38:26.332950,No exact-ASIN Amazon marketplace listing found in current scored listings,0,,,,,
cooler,88,B08VN345D4,"ARCTIC MX-4 (incl. Spatula, 8 g) - Premium Performance Thermal Paste for all processors (CPU, GPU - PC, PS4, XBOX), very high",https://www.amazon.co.uk/ARCTIC-MX-4-incl-Spatula-Grams/dp/B08VN345D4/ref=zg_bs_g_430499031_d_sccl_88/524-3698123-6031407,2026-09-25 11:38:26.332951,No exact-ASIN Amazon marketplace listing found in current scored listings,0,,,,,
cooler,89,B0FFGXPR87,"Lian Li UNI FAN SL-INF WIRELESS Reverse Blade 120mm White | Triple Pack PWM Case Fans With Controller, ARGB Lighting & Infini",https://www.amazon.co.uk/Lian-Li-Controller-Interlocking-Operation/dp/B0FFGXPR87/ref=zg_bs_g_430499031_d_sccl_89/524-3698123-6031407,2026-09-25 11:38:26.332951,No exact-ASIN Amazon marketplace listing found in current scored listings,0,,,,,
cooler,91,B0CYSNSSF8,"ARCTIC M2 Pro - Heatsink cooler for M.2 2280 SSD, with ARCTIC TP-3 thermal pads, compatible with PC & PS5, for dual and singl",https://www.amazon.co.uk/ARCTIC-M2-Pro-compatible-single-sided/dp/B0CYSNSSF8/ref=zg_bs_g_430499031_d_sccl_91/524-3698123-6031407,2026-09-25 11:38:26.332953,No exact-ASIN Amazon marketplace listing found in current scored listings,0,,,,,
cooler,92,B0DGVW61KD,"Corsair iCUE LINK LX140-R RGB 140mm PWM Reverse Fan – Single Fan – Low-Noise, Magnetic Dome Bearing, Dual Light Loops, QuikTu",https://www.amazon.co.uk/Corsair-iCUE-LX140-R-140mm-Reverse/dp/B0DGVW61KD/ref=zg_bs_g_430499031_d_sccl_92/524-3698123-6031407,2026-09-25 11:38:26.332953,No exact-ASIN Amazon marketplace listing found in current scored listings,0,,,,,
cooler,93,B0FVXTP7P6,"ARCTIC P12 Pro PST LN - Low-Noise Premium Fan, 120 mm PWM Fan with Y-Cable Splitter, 450-2000 rpm, 0 rpm <5% PWM, Fluid Dynam",https://www.amazon.co.uk/ARCTIC-P12-Pro-PST-Low-Noise/dp/B0FVXTP7P6/ref=zg_bs_g_430499031_d_sccl_93/524-3698123-6031407,2026-09-25 11:38:26.332954,No exact-ASIN Amazon marketplace listing found in current scored listings,0,,,,,
cooler,94,B0D3H5TXPK,Corsair iCUE LINK LX120 RGB 120mm PWM Fan Single Pack – Dual Light Loops – Requires iCUE LINK System Hub (Sold Separately) Ai,https://www.amazon.co.uk/Corsair-iCUE-LX120-120mm-Single/dp/B0D3H5TXPK/ref=zg_bs_g_430499031_d_sccl_94/524-3698123-6031407,2026-09-25 11:38:26.332955,No exact-ASIN Amazon marketplace listing found in current scored listings,0,,,,,
cooler,95,B0BFF1T9PD,"Corsair XTM70 Extreme Performance Thermal Paste, 3g for Intel & AMD Processors up to 250W+ TDP - Low viscosity, Easy Applicat",https://www.amazon.co.uk/Corsair-Extreme-Performance-Thermal-Processors/dp/B0BFF1T9PD/ref=zg_bs_g_430499031_d_sccl_95/524-3698123-6031407,2026-09-25 11:38:26.332956,Exact ASIN listing has CPK in expected category,1,B0BFF1T9PD,cooler,a56dac894a9a5dcb,"Corsair XTM70 Extreme Performance Thermal Paste, 3g for Intel & AMD Processors up to 250W+ TDP - Low viscosity, Easy Application, Three Included Cleaning Wipes and Applicator Kit",True
cooler,96,B0DF7CZ9D8,Corsair iCUE LINK TITAN 360 RX LCD Liquid CPU Cooler – 360mm AIO – Low-Noise – FlowDrive Cooling Engine – Intel LGA 1851/1700,https://www.amazon.co.uk/Corsair-iCUE-TITAN-Liquid-Cooler/dp/B0DF7CZ9D8/ref=zg_bs_g_430499031_d_sccl_96/524-3698123-6031407,2026-09-25 11:38:26.332956,Exact ASIN listing has CPK in expected category,1,B0DF7CZ9D8,cooler,fb8631c8df6b39c3,"Corsair iCUE LINK TITAN 360 RX LCD Liquid CPU Cooler – 360mm AIO – Low-Noise – FlowDrive Cooling Engine – Intel LGA 1851/1700, AMD AM5/AM4 – 3x RX120 RGB Fans – iCUE LINK System Hub Included – Black",True
cooler,97,B009NQM7V2,"Noctua NF-A9x14 PWM, High-Performance Quiet Fan 92mm | High Airflow Low Noise 14mm Slim Fan, for PC and Electronics Cooling,",https://www.amazon.co.uk/Noctua-NF-A9x14-Premium-Quiet-92x14mm/dp/B009NQM7V2/ref=zg_bs_g_430499031_d_sccl_97/524-3698123-6031407,2026-09-25 11:38:26.332957,No exact-ASIN Amazon marketplace listing found in current scored listings,0,,,,,
cooler,98,B0FV3B5K8B,"be quiet! Pure Wings 3 120mm PWM Triple Pack, 3 Included PC Case Fans | High Top-End Speed Gaming Computer Air Fans, 4-Pin, L",https://www.amazon.co.uk/quiet-Included-Top-End-Optimized-Designed/dp/B0FV3B5K8B/ref=zg_bs_g_430499031_d_sccl_98/524-3698123-6031407,2026-09-25 11:38:26.332958,No exact-ASIN Amazon marketplace listing found in current scored listings,0,,,,,
cooler,99,B0CLCDGBN2,"Thermalright Phantom Spirit 120 EVO CPU Cooler,7×6mm Heat pipes CPU Air Cooler,Dual PWM Fan Computer Cooling,2150RPM Speed,fo",https://www.amazon.co.uk/Thermalright-Phantom-Computer-Cooling-2150RPM/dp/B0CLCDGBN2/ref=zg_bs_g_430499031_d_sccl_99/524-3698123-6031407,2026-09-25 11:38:26.332959,No exact-ASIN Amazon marketplace listing found in current scored listings,0,,,,,
cooler,100,B0FJ2TTTQ5,"CORSAIR COMMANDER DUO iCUE LINK RGB Lighting and PWM ARGB Fan Controller – Control 12 Daisy-Chained PWM Fans, Two Flexible Te",https://www.amazon.co.uk/CORSAIR-COMMANDER-iCUE-Lighting-Controller/dp/B0FJ2TTTQ5/ref=zg_bs_g_430499031_d_sccl_100/524-3698123-6031407,2026-09-25 11:38:26.332959,No exact-ASIN Amazon marketplace listing found in current scored listings,0,,,,,
cpu,1,B09VCHR1VH,"AMD Ryzensets 5 5600 processor ( 6 Cores/12 Threads, 65W TDP, AM4 Socket, up to 4.4 Ghz max boost, wraith stealth cooler)",https://www.amazon.co.uk/AMD-Ryzen-5600-Processor-12-thread/dp/B09VCHR1VH/ref=zg_bs_g_430515031_d_sccl_1/522-4755054-8671242,2026-09-25 11:28:26.050596,Exact ASIN listing has CPK in expected category,1,B09VCHR1VH,cpu,c23e7bb201f6879e,"AMD Ryzensets 5 5600 processor ( 6 Cores/12 Threads, 65W TDP, AM4 Socket, up to 4.4 Ghz max boost, wraith stealth cooler)",True
cpu,2,B0DKFMSMYK,"AMD RYZEN ™ 7 9800X 3D Desktop Processor (8-core/16-thread, 104MB cache, up to 5.2 GHz max boost)",https://www.amazon.co.uk/AMD-TM-Desktop-Processor-16-thread/dp/B0DKFMSMYK/ref=zg_bs_g_430515031_d_sccl_2/522-4755054-8671242,2026-09-25 11:28:26.050600,Exact ASIN listing has CPK in expected category,1,B0DKFMSMYK,cpu,45f34c6e0df05c43,"AMD RYZEN ™ 7 9800X 3D Desktop Processor (8-core/16-thread, 104MB cache, up to 5.2 GHz max boost)",True
cpu,4,B0D6NN6TM7,"AMD Ryzensets 5 9600X Processor (radeon graphics included, 6 Cores/12 Threads, 65W TDP, Socket AM5, Cache 38MB, up to 5.4 GHz",https://www.amazon.co.uk/AMD-Ryzensets-9600X-Processor-Frequency/dp/B0D6NN6TM7/ref=zg_bs_g_430515031_d_sccl_4/522-4755054-8671242,2026-09-25 11:28:26.050602,Exact ASIN listing has CPK in expected category,1,B0D6NN6TM7,cpu,b0fffabf7c90c1ea,"AMD Ryzensets 5 9600X Processor (radeon graphics included, 6 Cores/12 Threads, 65W TDP, Socket AM5, Cache 38MB, up to 5.4 GHz max boost Frequency, no cooler)",True
cpu,7,B0CGJC178L,Intel® Core™ i7-14700KF Desktop Processor 20 cores (8 P-cores + 12 E-cores) up to 5.6 GHz,https://www.amazon.co.uk/Intel-CoreTM-i7-14700KF-Computer-Processor/dp/B0CGJC178L/ref=zg_bs_g_430515031_d_sccl_7/522-4755054-8671242,2026-09-25 11:28:26.050604,Exact ASIN listing has CPK in expected category,1,B0CGJC178L,cpu,35550f3d35c95b4a,Intel® Core™ i7-14700KF Desktop Processor 20 cores (8 P-cores + 12 E-cores) up to 5.6 GHz,True
cpu,8,B0GMLJCBBM,"Intel Core Ultra 7 Processor 270K Plus, up to 5.5 GHz, LGA1851 Socket, PCIe 5.0, DDR5 Support, 125W TDP",https://www.amazon.co.uk/Intel-Processor-270K-LGA1851-Support/dp/B0GMLJCBBM/ref=zg_bs_g_430515031_d_sccl_8/522-4755054-8671242,2026-09-25 11:28:26.050605,Exact ASIN listing has CPK in expected category,2,B0GMLJCBBM,cpu,3ad3380547f171c8,"Intel Core Ultra 7 Processor 270K Plus, up to 5.5 GHz, LGA1851 Socket, PCIe 5.0, DDR5 Support, 125W TDP",True
cpu,8,B0GMLJCBBM,"Intel Core Ultra 7 Processor 270K Plus, up to 5.5 GHz, LGA1851 Socket, PCIe 5.0, DDR5 Support, 125W TDP",https://www.amazon.co.uk/Intel-Processor-270K-LGA1851-Support/dp/B0GMLJCBBM/ref=zg_bs_g_430515031_d_sccl_8/522-4755054-8671242,2026-09-25 11:28:26.050605,Exact ASIN listing has no CPK,2,google-shopping:https%3A%2F%2Fwww.amazon.co.uk%2FIntel-Processor-270K-LGA1851-Support%2Fdp%2FB0GMLJCBBM%3Fsource%3Dps-sl-shoppingads-lpcontext%26ref_%3Dfplfs%26psc%3D1%26smid%3DA3P5ROKL5A1OL:6ee71d917b1a107f1907e98fbf2270be7999e4df11f16762ed30afbff4b34d5a,,,"Intel Core Ultra 7 Processor 270K Plus, up to 5.5 GHz, LGA1851 Socket, PCIe 5.0, DDR5 Support, 125W TDP",False
cpu,9,B0D6NNRBGP,"AMD Ryzensets 9 9950X Processor (integrated radeon graphics, 16 Cores/32 Threads, 170 W DTP, AM5 Socket, 80MB Cache, Up to 5.",https://www.amazon.co.uk/AMD-Ryzensets-9950X-Processor-integrated/dp/B0D6NNRBGP/ref=zg_bs_g_430515031_d_sccl_9/522-4755054-8671242,2026-09-25 11:28:26.050606,Exact ASIN listing has CPK in expected category,1,B0D6NNRBGP,cpu,bb4c41572659d76a,"AMD Ryzensets 9 9950X Processor (integrated radeon graphics, 16 Cores/32 Threads, 170 W DTP, AM5 Socket, 80MB Cache, Up to 5.7 GHz Frequency Boost, No Cooler)",True
cpu,11,B0CXF16317,Thermalright LGA 1700 CPU Contact Frame V2,https://www.amazon.co.uk/Thermalright-LGA-1700-Contact-Frame/dp/B0CXF16317/ref=zg_bs_g_430515031_d_sccl_11/522-4755054-8671242,2026-09-25 11:28:26.050607,Exact ASIN listing CPK category mismatch,1,B0CXF16317,cooler,ee8199e121c98842,Thermalright LGA 1700 CPU Contact Frame V2,False
cpu,12,B0D6NMDNNX,"AMD Ryzensets 7 9700X Processor (8 Cores/16 Threads) 65W DTP, AM5 socket, 40MB Cache, Up to 5.5 GHz max boost frequency, no c",https://www.amazon.co.uk/AMD-Ryzensets-9700X-Processor-frequency/dp/B0D6NMDNNX/ref=zg_bs_g_430515031_d_sccl_12/522-4755054-8671242,2026-09-25 11:28:26.050608,Exact ASIN listing has CPK in expected category,1,B0D6NMDNNX,cpu,31acab48551f360d,"AMD Ryzensets 7 9700X Processor (8 Cores/16 Threads) 65W DTP, AM5 socket, 40MB Cache, Up to 5.5 GHz max boost frequency, no cooler",True
cpu,13,B0CHBH63YX,Intel® Core™ i5-14600KF Desktop Processor 14 cores (6 P-cores + 8 E-cores) up to 5.3 GHz,https://www.amazon.co.uk/Intel%C2%AE-i5-14600KF-Desktop-Processor-P-cores/dp/B0CHBH63YX/ref=zg_bs_g_430515031_d_sccl_13/522-4755054-8671242,2026-09-25 11:28:26.050609,Exact ASIN listing has CPK in expected category,1,B0CHBH63YX,cpu,be342a0571ecf5ab,Intel® Core™ i5-14600KF Desktop Processor 14 cores (6 P-cores + 8 E-cores) up to 5.3 GHz,True
cpu,15,B09JZK3M6C,DELL OptiPlex 3060 SFF Desktop PC Intel i5 8500 16GB RAM 512GB SSD TPM 2.0 Windows 11 Pro (1D1G7) (Renewed),https://www.amazon.co.uk/Dell-OptiPlex-Desktop-Windows-Renewed/dp/B09JZK3M6C/ref=zg_bs_g_430515031_d_sccl_15/522-4755054-8671242,2026-09-25 11:28:26.050610,No exact-ASIN Amazon marketplace listing found in current scored listings,0,,,,,
cpu,17,B0FQPCWY2C,AMD Ryzen 5 3400G Processor (Integrated Radeon™ RX Vega 11 Graphics. 4 cores / 8 threads. 65W TDP. AM4 socket. 6 MB L2+L3 cac,https://www.amazon.co.uk/AMD-Processor-Integrated-RadeonTM-Graphics/dp/B0FQPCWY2C/ref=zg_bs_g_430515031_d_sccl_17/522-4755054-8671242,2026-09-25 11:28:26.050611,No exact-ASIN Amazon marketplace listing found in current scored listings,0,,,,,
cpu,18,B09QCWYYDG,"HP ProDesk 400 G6 SFF PC - i5-8500 (6 Cores, 4.1Ghz), 16GB DDR4, 512GB SSD, Gbit LAN, Intel UHD Graphics 630, FREE Upgrade to",https://www.amazon.co.uk/HP-ProDesk-400-G6-SFF/dp/B09QCWYYDG/ref=zg_bs_g_430515031_d_sccl_18/522-4755054-8671242,2026-09-25 11:28:26.050612,No exact-ASIN Amazon marketplace listing found in current scored listings,0,,,,,
cpu,19,B0BZH5ZLM9,AMD Ryzen 5 5500 with Wraith Stealth Cooler 3.6 GHz 6 Core / 12 Thread 19MB 65W 100-100000457BOX,https://www.amazon.co.uk/AMD-Ryzen-5500-Stealth-100-100000457BOX/dp/B0BZH5ZLM9/ref=zg_bs_g_430515031_d_sccl_19/522-4755054-8671242,2026-09-25 11:28:26.050613,No exact-ASIN Amazon marketplace listing found in current scored listings,0,,,,,
cpu,20,B09MDH6B1P,Intel Core i5 12400 Processor,https://www.amazon.co.uk/Intel-S1700-12400-GEN12-Black/dp/B09MDH6B1P/ref=zg_bs_g_430515031_d_sccl_20/522-4755054-8671242,2026-09-25 11:28:26.050614,Exact ASIN listing has CPK in expected category,1,B09MDH6B1P,cpu,d0196b0629434a80,Intel Core i5 12400 Processor,True
cpu,21,B09FSWFRTQ,"Noctua NM-i17xx-MP83, Mounting Kit for Noctua Coolers on Intel LGA1851/1700 | For Coolers with 83mm Mounting Pitch, Supports",https://www.amazon.co.uk/Noctua-NM-i17xx-MP83-Mounting-Coolers-Platform/dp/B09FSWFRTQ/ref=zg_bs_g_430515031_d_sccl_21/522-4755054-8671242,2026-09-25 11:28:26.050614,No exact-ASIN Amazon marketplace listing found in current scored listings,0,,,,,
cpu,22,B0G5Y5FN3Q,"HAAMNING7 AMD Elite CPU Bracket for Corsair AM5/AM4 Kit, CPU Cooler Bracket Heatsink Holder for Corsair Elite, Elite Capellix",https://www.amazon.co.uk/HAAMNING7-Bracket-Corsair-Heatsink-Capellix/dp/B0G5Y5FN3Q/ref=zg_bs_g_430515031_d_sccl_22/522-4755054-8671242,2026-09-25 11:28:26.050617,Exact ASIN listing has no CPK,1,B0G5Y5FN3Q,,,"AMD Elite CPU Bracket for Corsair AM5/AM4 Kit, CPU Cooler Bracket Heatsink Holder for Corsair Elite, Elite Capellix & Elite LCD Series Coolers",False
cpu,23,B0FT8X951Z,AMD Ryzen 5 7500X3D BOX,https://www.amazon.co.uk/AMD-Ryzen-5-7500X3D-BOX/dp/B0FT8X951Z/ref=zg_bs_g_430515031_d_sccl_23/522-4755054-8671242,2026-09-25 11:28:26.050618,Exact ASIN listing has CPK in expected category,1,B0FT8X951Z,cpu,776b72dc29c54055,AMD Ryzen 5 7500X3D BOX,True
cpu,24,B0CQKDJYNK,"Thermal Grizzly AM5 Contact Sealing Frame Ryzen 7000 CPU | Contact sealing frame, AMD AM5, Ryzen 7000, protects socket area,",https://www.amazon.co.uk/Thermal-Grizzly-Contact-Sealing-Frame/dp/B0CQKDJYNK/ref=zg_bs_g_430515031_d_sccl_24/522-4755054-8671242,2026-09-25 11:28:26.050618,Exact ASIN listing has no CPK,1,B0CQKDJYNK,,,Thermal Grizzly AM5 Contact Sealing Frame Ryzen 7000 CPU,False
cpu,25,B0CHBJXG7G,Intel 24 Core i9 14900KF Raptor Lake Refresh CPU/Processor,https://www.amazon.co.uk/Intel%C2%AE-i9-14900KF-Desktop-Processor-P-cores/dp/B0CHBJXG7G/ref=zg_bs_g_430515031_d_sccl_25/522-4755054-8671242,2026-09-25 11:28:26.050619,Exact ASIN listing has CPK in expected category,1,B0CHBJXG7G,cpu,345a3dae1322fc2a,Intel 24 Core i9 14900KF Raptor Lake Refresh CPU/Processor,True
cpu,29,B0DFK2P311,Intel® Core™ Ultra 5 Desktop Processor 245K 14 cores (6 P-cores + 8 E-cores) up to 5.2 GHz,https://www.amazon.co.uk/Ultra-Desktop-Processor-245K-P-cores/dp/B0DFK2P311/ref=zg_bs_g_430515031_d_sccl_29/522-4755054-8671242,2026-09-25 11:28:26.050622,Exact ASIN listing has CPK in expected category,2,B0DFK2P311,cpu,e7f6b8316b3ba3be,Intel® Core™ Ultra 5 Desktop Processor 245K 14 cores (6 P-cores + 8 E-cores) up to 5.2 GHz,True
cpu,29,B0DFK2P311,Intel® Core™ Ultra 5 Desktop Processor 245K 14 cores (6 P-cores + 8 E-cores) up to 5.2 GHz,https://www.amazon.co.uk/Ultra-Desktop-Processor-245K-P-cores/dp/B0DFK2P311/ref=zg_bs_g_430515031_d_sccl_29/522-4755054-8671242,2026-09-25 11:28:26.050622,Exact ASIN listing has no CPK,2,google-shopping:https%3A%2F%2Fwww.amazon.co.uk%2FUltra-Desktop-Processor-245K-P-cores%2Fdp%2FB0DFK2P311%3Fsource%3Dps-sl-shoppingads-lpcontext%26ref_%3Dfplfs%26psc%3D1%26smid%3DA3VPHLYHPCJKE:5d81db360d6cad004dd206a5a524aa2f27bf78dd9336bbf1c0d8c6d25f177bb8,,,Intel Core Ultra 5 Desktop Processor 245K 14 cores (6 P-cores + 8 E-cores) up to 5.2 GHz,False
cpu,31,B0G5Y8BSV8,"HAAMNING7 CPU Case Tray for AMD, Clamshell Plastic Protective Box Holder for 938 939 940 AM4 AM3 AM2 FM1 FM2 APU FX, Thicken",https://www.amazon.co.uk/HAAMNING7-Clamshell-Plastic-Protective-Antistatic/dp/B0G5Y8BSV8/ref=zg_bs_g_430515031_d_sccl_31/522-4755054-8671242,2026-09-25 11:28:26.050624,No exact-ASIN Amazon marketplace listing found in current scored listings,0,,,,,
cpu,32,B0BKZN94BZ,Thermalright CPU Contact Frame Anti-Bending Buckle for AM5 Secure Frame Kit Red,https://www.amazon.co.uk/Thermalright-Contact-Anti-Bending-Buckle-Secure/dp/B0BKZN94BZ/ref=zg_bs_g_430515031_d_sccl_32/522-4755054-8671242,2026-09-25 11:28:26.050624,No exact-ASIN Amazon marketplace listing found in current scored listings,0,,,,,
cpu,33,B0D1V45DSL,Thermalright AM5 CPU Contact Frame V2 | Secure Frame Kit Anti-Bending Buckle Black,https://www.amazon.co.uk/Thermalright-Contact-Secure-Anti-Bending-Buckle/dp/B0D1V45DSL/ref=zg_bs_g_430515031_d_sccl_33/522-4755054-8671242,2026-09-25 11:28:26.050625,No exact-ASIN Amazon marketplace listing found in current scored listings,0,,,,,
cpu,35,B0B3TFXRX9,20PCS Computer CPU Case Tray Packaging Clamshell for Intel LGA1700 i3 i5 i7 i9 CPU Protector Cover (20pcs Shell fit LGA1700),https://www.amazon.co.uk/Computer-Packaging-Clamshell-LGA1700-Protector/dp/B0B3TFXRX9/ref=zg_bs_g_430515031_d_sccl_35/522-4755054-8671242,2026-09-25 11:28:26.050626,No exact-ASIN Amazon marketplace listing found in current scored listings,0,,,,,
cpu,38,B0C3T4MFMM,AMD Ryzen 7 5700X - 3.4 GHz - 8 Kerne - 16 Threads - 32 MB Cache-Speicher - Socket AM4 - OEM,https://www.amazon.co.uk/AMD-Ryzen-5700X-processor-Bulk/dp/B0C3T4MFMM/ref=zg_bs_g_430515031_d_sccl_38/522-4755054-8671242,2026-09-25 11:28:26.050629,No exact-ASIN Amazon marketplace listing found in current scored listings,0,,,,,
cpu,41,B09QG131DT,Intel CPU/Core i3-12100F 4.30GHZ LGA1700 Tray,https://www.amazon.co.uk/Intel-Core-i3-12100F-4-30GHZ-LGA1700/dp/B09QG131DT/ref=zg_bs_g_430515031_d_sccl_41/522-4755054-8671242,2026-09-25 11:28:26.050631,Exact ASIN listing has CPK in expected category,1,B09QG131DT,cpu,e3ba412ca488872d,Intel CPU/Core i3-12100F 4.30GHZ LGA1700 Tray,True
cpu,42,B09MDGKQLY,Intel Core i3 12100F Processor,https://www.amazon.co.uk/Intel-Core-12100F-Thread-LGA1700/dp/B09MDGKQLY/ref=zg_bs_g_430515031_d_sccl_42/522-4755054-8671242,2026-09-25 11:28:26.050631,Exact ASIN listing has CPK in expected category,1,B09MDGKQLY,cpu,5e0742530459a0a2,Intel Core i3 12100F Processor,True
cpu,45,B07598HLB4,Intel BX80684I78700 8th Gen Core i7-8700 Processor,https://www.amazon.co.uk/Intel-Core-i7-8700-Retail-Graphics/dp/B07598HLB4/ref=zg_bs_g_430515031_d_sccl_45/522-4755054-8671242,2026-09-25 11:28:26.050634,Exact ASIN listing has CPK in expected category,1,B07598HLB4,cpu,a2fb4839ac8b05f2,Intel BX80684I78700 8th Gen Core i7-8700 Processor,True
cpu,46,B0B811J7D9,"Thermalright CPU Contact Frame for LGA 1700 Retrofit Kit, 17XX-BCF Bracket Intel 12th/13th/14th Generation Anti-Bending Buckl",https://www.amazon.co.uk/Thermalright-Retrofit-Generation-Anti-Bending-Black/dp/B0B811J7D9/ref=zg_bs_g_430515031_d_sccl_46/522-4755054-8671242,2026-09-25 11:28:26.050634,No exact-ASIN Amazon marketplace listing found in current scored listings,0,,,,,
cpu,52,B00CLBZAHY,"AMD FD6350FRHKBOX FX 6350 (AM3+, Hex Core, 3.90 GHz, 14 MB, 125 W, Advanced Bit Manipulation) Central Processing Unit - Black",https://www.amazon.co.uk/AMD-FX-6350-3-90GHz-Advanced-Manipulation/dp/B00CLBZAHY/ref=zg_bs_g_430515031_d_sccl_2/522-4755054-8671242,2026-09-25 11:28:26.050636,Exact ASIN listing has CPK in expected category,1,B00CLBZAHY,cpu,bcf1a7d22a1e0e7c,"AMD FX-6350 Black Edition CPU (AM3+, Hex Core, 3.90GHz, 14MB, 125W, Advanced Bit Manipulation)",True
cpu,54,B0GXBRBR4G,IONZ AMD Ryzen 5 5500 CPU Bundle (OEM Tray) | 6-Core AM4 Processor 4.2GHz Max Boost + AM4 4-Pin Air Cooler + 2G High Performa,https://www.amazon.co.uk/AMD-5500-Processor-Performance-Heatsink/dp/B0GXBRBR4G/ref=zg_bs_g_430515031_d_sccl_4/522-4755054-8671242,2026-09-25 11:28:26.050637,No exact-ASIN Amazon marketplace listing found in current scored listings,0,,,,,
cpu,55,B09FX4D72T,Intel Core i5-12600K Desktop Processor 10 (6P+4E) Cores up to 4.9 GHz Unlocked LGA1700 600 Series Chipset 125W,https://www.amazon.co.uk/Intel-i5-12600K-Desktop-Processor-Unlocked/dp/B09FX4D72T/ref=zg_bs_g_430515031_d_sccl_5/522-4755054-8671242,2026-09-25 11:28:26.050638,Exact ASIN listing has CPK in expected category,1,B09FX4D72T,cpu,fcabe04a7c93b6ad,Intel Core i5-12600K Desktop Processor 10 (6P+4E) Cores up to 4.9 GHz Unlocked LGA1700 600 Series Chipset 125W,True
cpu,56,B0CQ2YMZ8X,Intel® Core™ i7-14700 Desktop Processor 20 cores (8 P-cores + 12 E-cores) up to 5.4 GHz,https://www.amazon.co.uk/Intel%C2%AE-i7-14700-Desktop-Processor-P-cores/dp/B0CQ2YMZ8X/ref=zg_bs_g_430515031_d_sccl_6/522-4755054-8671242,2026-09-25 11:28:26.050639,Exact ASIN listing has CPK in expected category,1,B0CQ2YMZ8X,cpu,c7ecdad8de10c872,Intel® Core™ i7-14700 Desktop Processor 20 cores (8 P-cores + 12 E-cores) up to 5.4 GHz,True
cpu,58,B0CWBSL3B3,Linksys Velop Pro 7 Tri-band (2.4 GHz / 5 GHz / 60 GHz) Wi-Fi 7 (802.11be) Blanc 5 Interne,https://www.amazon.co.uk/Linksys-Velop-Tri-band-802-11be-Interne-Black/dp/B0CWBSL3B3/ref=zg_bs_g_430515031_d_sccl_8/522-4755054-8671242,2026-09-25 11:28:26.050640,No exact-ASIN Amazon marketplace listing found in current scored listings,0,,,,,
cpu,59,B0H71CW1SZ,"AMD Ryzen™ 7 7700X3D 8 cores / 16 threads, max boost frequency up to 4.5 GHz, base frequency 4.0 GHz, L1 Cache 512 KB, L2 Cac",https://www.amazon.co.uk/AMD-RyzenTM-7700X3D-frequency-included/dp/B0H71CW1SZ/ref=zg_bs_g_430515031_d_sccl_9/522-4755054-8671242,2026-09-25 11:28:26.050641,No exact-ASIN Amazon marketplace listing found in current scored listings,0,,,,,
cpu,60,B0DDTQHZ1B,"HP FAST EliteDesk 800 G3 SFF PC - Intel Core i7 6th Gen (4 Cores Upto 4.00Ghz), 150Mbps USB WiFi Adapter Dongle, Windows 11 P",https://www.amazon.co.uk/HP-FAST-EliteDesk-800-G3/dp/B0DDTQHZ1B/ref=zg_bs_g_430515031_d_sccl_10/522-4755054-8671242,2026-09-25 11:28:26.050641,No exact-ASIN Amazon marketplace listing found in current scored listings,0,,,,,
cpu,61,B07KX6K35M,Intel Xeon Processor E5-2698 v4,https://www.amazon.co.uk/Intel-E5-2698v4-SR2JW-Certified-Refurbished/dp/B07KX6K35M/ref=zg_bs_g_430515031_d_sccl_11/522-4755054-8671242,2026-09-25 11:28:26.050642,Exact ASIN listing has CPK in expected category,1,B07KX6K35M,cpu,9c9a3219560eada4,Intel Xeon Processor E5-2698 v4,True
cpu,63,B0D2LD23BV,"Lenovo ThinkStation P330 Tiny Workstation – i7-8700 (6 Cores, 4.6GHz), 1TB PCIe Gen 4.0x4 NVMe, 16GB DDR4, vPro, GbE, Intel U",https://www.amazon.co.uk/Lenovo-ThinkStation-P330-Tiny-Workstation/dp/B0D2LD23BV/ref=zg_bs_g_430515031_d_sccl_13/522-4755054-8671242,2026-09-25 11:28:26.050644,No exact-ASIN Amazon marketplace listing found in current scored listings,0,,,,,
cpu,64,B0GMKXVVJQ,"Intel Core Ultra 5 Processor 250K Plus, up to 5.3 GHz, LGA1851 Socket, PCIe 5.0, DDR5 Support, 125W TDP",https://www.amazon.co.uk/Intel-Processor-250K-LGA1851-Support/dp/B0GMKXVVJQ/ref=zg_bs_g_430515031_d_sccl_14/522-4755054-8671242,2026-09-25 11:28:26.050644,Exact ASIN listing has CPK in expected category,2,B0GMKXVVJQ,cpu,594fec5d4f53eba7,"Intel Core Ultra 5 Processor 250K Plus, up to 5.3 GHz, LGA1851 Socket, PCIe 5.0, DDR5 Support, 125W TDP",True
cpu,64,B0GMKXVVJQ,"Intel Core Ultra 5 Processor 250K Plus, up to 5.3 GHz, LGA1851 Socket, PCIe 5.0, DDR5 Support, 125W TDP",https://www.amazon.co.uk/Intel-Processor-250K-LGA1851-Support/dp/B0GMKXVVJQ/ref=zg_bs_g_430515031_d_sccl_14/522-4755054-8671242,2026-09-25 11:28:26.050644,Exact ASIN listing has no CPK,2,google-shopping:https%3A%2F%2Fwww.amazon.co.uk%2FIntel-Processor-250K-LGA1851-Support%2Fdp%2FB0GMKXVVJQ%3Fsource%3Dps-sl-shoppingads-lpcontext%26ref_%3Dfplfs%26psc%3D1%26smid%3DA2KVF7QXNCLV8:7d1bdcdf0c3d5dcc0652992a6ee9179d3a60241f19f61187851e957d5b513144,,,"Intel Core Ultra 5 Processor 250K Plus, up to 5.3 GHz, LGA1851 Socket, PCIe 5.0, DDR5 Support, 125W TDP",False
cpu,65,B09VCJ2SHD,"AMD Ryzensets 7 5800X3D Processor (8 cores/16 threads, AM4 Socket, 105W TDP,100 MB Cache, up to 4.5 GHz max boost, no cooler)",https://www.amazon.co.uk/AMD-RyzenTM-5800X3D-Processor-16-thread/dp/B09VCJ2SHD/ref=zg_bs_g_430515031_d_sccl_15/522-4755054-8671242,2026-09-25 11:28:26.050645,Exact ASIN listing has CPK in expected category,1,B09VCJ2SHD,cpu,47ef8d83abc12992,"AMD Ryzensets 7 5800X3D Processor (8 cores/16 threads, AM4 Socket, 105W TDP,100 MB Cache, up to 4.5 GHz max boost, no cooler)",True
cpu,67,B0C1CN6FG2,"XUM Legend Gaming PC Ryzen 5 5500 RTX 5060 32GB RAM 500GB SSD 700W | AMD Ryzen 5 5500, NVIDIA RTX 5060 8GB, 32GB DDR4 RAM, 50",https://www.amazon.co.uk/XUM-Legend-Gaming-PC-Dual-Band/dp/B0C1CN6FG2/ref=zg_bs_g_430515031_d_sccl_17/522-4755054-8671242,2026-09-25 11:28:26.050646,No exact-ASIN Amazon marketplace listing found in current scored listings,0,,,,,
cpu,69,B00ZJSZM4C,Thermal Grizzly Aeronaut 8.5 W/m·K Heat Sink Compound,https://www.amazon.co.uk/Thermal-Grizzly-Aeronaut-Heat-Compound/dp/B00ZJSZM4C/ref=zg_bs_g_430515031_d_sccl_19/522-4755054-8671242,2026-09-25 11:28:26.050648,No exact-ASIN Amazon marketplace listing found in current scored listings,0,,,,,
cpu,70,B0CQ4DTJYX,"AMD Ryzensets 5 5600GT processor (integrated Radeon Graphics, 6 cores/12 threads, 65W DTP, AM4 Socket, Cache 19MB, up to 4,6G",https://www.amazon.co.uk/AMD-Ryzen-5600GT-Retail-Stealth/dp/B0CQ4DTJYX/ref=zg_bs_g_430515031_d_sccl_20/522-4755054-8671242,2026-09-25 11:28:26.050649,No exact-ASIN Amazon marketplace listing found in current scored listings,0,,,,,
cpu,73,B0GKWX62ND,Intel Core i5-14400 Raptor Lake LGA 1700 20MB Smart Cache Processor,https://www.amazon.co.uk/Intel-i5-14400-Raptor-Smart-Processor/dp/B0GKWX62ND/ref=zg_bs_g_430515031_d_sccl_23/522-4755054-8671242,2026-09-25 11:28:26.050651,No exact-ASIN Amazon marketplace listing found in current scored listings,0,,,,,
cpu,75,B0BG67ZG5R,"Intel® Core™ i9-13900K Desktop Processor 24 cores (8 P-cores + 16 E-cores) 36M Cache, up to 5.8 GHz",https://www.amazon.co.uk/Intel%C2%AE-i9-13900K-Desktop-Processor-P-cores/dp/B0BG67ZG5R/ref=zg_bs_g_430515031_d_sccl_25/522-4755054-8671242,2026-09-25 11:28:26.050652,Exact ASIN listing has CPK in expected category,1,B0BG67ZG5R,cpu,20fcccf94bda4e82,"Intel® Core™ i9-13900K Desktop Processor 24 cores (8 P-cores + 16 E-cores) 36M Cache, up to 5.8 GHz",True
cpu,77,B09YDP1BR3,Gaming PC OptiPlex SFF Desktop Computer i7 3770 16GB RAM 256GB SSD + 1TB HDD + GT710 2GB 22” Refurb TFT + Gaming Keyboard & M,https://www.amazon.co.uk/OptiPlex-Desktop-Computer-Keyboard-Windows/dp/B09YDP1BR3/ref=zg_bs_g_430515031_d_sccl_27/522-4755054-8671242,2026-09-25 11:28:26.050653,No exact-ASIN Amazon marketplace listing found in current scored listings,0,,,,,
cpu,78,B0DDQD2RXR,"HP FAST EliteDesk 800 G5 Tower PC - Intel Core i5 9th Gen (6 Cores Upto 4.40Ghz), 300Mbps USB WiFi Adapter Dongle, Windows 11",https://www.amazon.co.uk/HP-EliteDesk-800-G5-Tower/dp/B0DDQD2RXR/ref=zg_bs_g_430515031_d_sccl_28/522-4755054-8671242,2026-09-25 11:28:26.050654,No exact-ASIN Amazon marketplace listing found in current scored listings,0,,,,,
cpu,79,B0DVCCGB96,"ASC Ryzen Gaming PC Bundle, AMD Ryzen 5 4500, GTX 3050 6GB Graphics, 16GB RAM, 256GB SSD + 1TB HDD, 500W 80+ PSU, WiFi, Windo",https://www.amazon.co.uk/ASC-Gaming-Graphics-Windows-Monitor/dp/B0DVCCGB96/ref=zg_bs_g_430515031_d_sccl_29/522-4755054-8671242,2026-09-25 11:28:26.050655,No exact-ASIN Amazon marketplace listing found in current scored listings,0,,,,,
cpu,80,B0D8BNCP8W,"ASC Ryzen Gaming PC Bundle, AMD Ryzen 5 4500, Nvidia RTX 3050 6GB, 16GB RAM, 1TB HDD, 500W 80+ PSU, Wi-Fi, Windows 11, Mirage",https://www.amazon.co.uk/ASC-Ryzen-Gaming-Pc-Keyboard/dp/B0D8BNCP8W/ref=zg_bs_g_430515031_d_sccl_30/522-4755054-8671242,2026-09-25 11:28:26.050656,No exact-ASIN Amazon marketplace listing found in current scored listings,0,,,,,
cpu,81,B0FTHJGKBK,"HP ProDesk 400 G9 SFF Desktop Computer, Core i5-12500T, 8GB RAM, 256GB SSD, Windows 10/11 Pro (Renewed)",https://www.amazon.co.uk/HP-ProDesk-Desktop-Computer-i5-12500T/dp/B0FTHJGKBK/ref=zg_bs_g_430515031_d_sccl_81/522-4755054-8671242,2026-09-25 11:28:26.050656,No exact-ASIN Amazon marketplace listing found in current scored listings,0,,,,,
cpu,82,B0CFG444D7,CiT Pro Glacier 240mm AIO CPU Liquid Cooler – 240mm Radiator – 250W TPD - 2×120mm ARGB PWM Fans – Infinity ARGB Pump Cap – AM,https://www.amazon.co.uk/CiT-Glacier-Liquid-Infinity-1800RPM/dp/B0CFG444D7/ref=zg_bs_g_430515031_d_sccl_82/522-4755054-8671242,2026-09-25 11:28:26.050657,No exact-ASIN Amazon marketplace listing found in current scored listings,0,,,,,
cpu,83,B0DMVTLRMN,"Thermalright Lga1851 BCF Black CPU Curved Pressure Plate,Specially Designed to Support Ultra 200s Series CPUs,Multiple Instal",https://www.amazon.co.uk/Thermalright-BCF-Specially-Installations-Screwdriver/dp/B0DMVTLRMN/ref=zg_bs_g_430515031_d_sccl_83/522-4755054-8671242,2026-09-25 11:28:26.050658,No exact-ASIN Amazon marketplace listing found in current scored listings,0,,,,,
cpu,84,B074CBJHCT,AMD YD192XA8AEWOF 12 Core/24 Threads Ryzen Threadripper 1920X Processor,https://www.amazon.co.uk/AMD-Ryzen-Threadripper-1920X-Processor/dp/B074CBJHCT/ref=zg_bs_g_430515031_d_sccl_84/522-4755054-8671242,2026-09-25 11:28:26.050658,No exact-ASIN Amazon marketplace listing found in current scored listings,0,,,,,
cpu,85,B0BTMLJRXP,Dell Optiplex 5070 SFF Intel i5-9500 Ultra Fast Small Form Factor Wireless Wi-Fi Desktop PC Computer Windows 11 (256GB - 16GB,https://www.amazon.co.uk/Dell-Optiplex-i5-9500-Wireless-Computer/dp/B0BTMLJRXP/ref=zg_bs_g_430515031_d_sccl_85/522-4755054-8671242,2026-09-25 11:28:26.050659,No exact-ASIN Amazon marketplace listing found in current scored listings,0,,,,,
cpu,87,B0GHMR3394,"V2 CPU Contact Frame for In-tel 12th/13th/14th Gen, 1700 Socket Anti-Bending Buckle Retrofit Kit, Full Aluminum CNC CPU Fixin",https://www.amazon.co.uk/Contact-Anti-Bending-Retrofit-Aluminum-Motherboards/dp/B0GHMR3394/ref=zg_bs_g_430515031_d_sccl_87/522-4755054-8671242,2026-09-25 11:28:26.050660,No exact-ASIN Amazon marketplace listing found in current scored listings,0,,,,,
cpu,88,B0D9YW55PL,"Dell FAST Optiplex 7050 SFF PC, Intel Core i5 6th Gen (4 Cores Upto 3.60Ghz), 300Mbps USB WiFi Adapter Dongle, Windows 11 Pro",https://www.amazon.co.uk/Dell-Optiplex-3-60Ghz-150Mbps-Adapter/dp/B0D9YW55PL/ref=zg_bs_g_430515031_d_sccl_88/522-4755054-8671242,2026-09-25 11:28:26.050661,No exact-ASIN Amazon marketplace listing found in current scored listings,0,,,,,
cpu,89,B0CQ2XT4RT,Intel Core i5 14500 Processor,https://www.amazon.co.uk/Intel%C2%AE-i5-14500-Desktop-Processor-P-cores/dp/B0CQ2XT4RT/ref=zg_bs_g_430515031_d_sccl_89/522-4755054-8671242,2026-09-25 11:28:26.050662,Exact ASIN listing has CPK in expected category,1,B0CQ2XT4RT,cpu,53049e190f15581c,Intel Core i5 14500 Processor,True
cpu,90,B09FSTZM2G,"Noctua NM-i17xx-MP78, Mounting Kit for Noctua Coolers on Intel LGA1851/1700 | For Coolers with 78mm Mounting Pitch, Supports",https://www.amazon.co.uk/Noctua-NM-i17xx-MP78-Mounting-Coolers-Platform/dp/B09FSTZM2G/ref=zg_bs_g_430515031_d_sccl_90/522-4755054-8671242,2026-09-25 11:28:26.050663,No exact-ASIN Amazon marketplace listing found in current scored listings,0,,,,,
cpu,91,B0D6NNDQ92,"AMD Ryzensets 7 5800 XT Processor (8 Cores/16 Threads, 105W DTP, AM4 Socket, 36MB Cache, Up to 4.8 GHz max boost frequency, W",https://www.amazon.co.uk/AMD-Ryzensets-Processor-Threads-frequency/dp/B0D6NNDQ92/ref=zg_bs_g_430515031_d_sccl_91/522-4755054-8671242,2026-09-25 11:28:26.050663,Exact ASIN listing CPK category mismatch,1,B0D6NNDQ92,gpu,e26a42826e9ed8c6,"AMD Ryzensets 7 5800 XT Processor (8 Cores/16 Threads, 105W DTP, AM4 Socket, 36MB Cache, Up to 4.8 GHz max boost frequency, Wraith Prism Cooler)",False
cpu,92,B08X6KQSZ1,Intel® Core™ i9-11900KF Desktop Processor 8 Cores up to 5.3 GHz Unlocked LGA1200 (Intel® 500 Series & select 400 Series chips,https://www.amazon.co.uk/Intel-i9-11900KF-Desktop-Processor-Unlocked/dp/B08X6KQSZ1/ref=zg_bs_g_430515031_d_sccl_92/522-4755054-8671242,2026-09-25 11:28:26.050664,Exact ASIN listing has CPK in expected category,1,B08X6KQSZ1,cpu,f8bae0db344e5f3b,Intel® Core™ i9-11900KF Desktop Processor 8 Cores up to 5.3 GHz Unlocked LGA1200 (Intel® 500 Series & select 400 Series chipset) 125W,True
cpu,94,B08X62BTJD,Intel® Core™ i5-11600KF Desktop Processor 6 Cores up to 4.9 GHz Unlocked LGA1200 (Intel 500 Series & Select 400 Series Chipse,https://www.amazon.co.uk/Intel-i5-11600KF-Desktop-Processor-Unlocked/dp/B08X62BTJD/ref=zg_bs_g_430515031_d_sccl_94/522-4755054-8671242,2026-09-25 11:28:26.050666,Exact ASIN listing has CPK in expected category,1,B08X62BTJD,cpu,e6845a71783075d2,Intel® Core™ i5-11600KF Desktop Processor 6 Cores up to 4.9 GHz Unlocked LGA1200 (Intel 500 Series & Select 400 Series Chipset) 125W,True
cpu,95,B082ZTBFY7,Dell Optiplex 3070 SFF Office PC i5 9500 9th Gen 3.0Ghz 16GB RAM 512GB SSD HD Graphics USB 3.1 DFF7J (Renewed),https://www.amazon.co.uk/Dell-Optiplex-Office-Graphics-Renewed/dp/B082ZTBFY7/ref=zg_bs_g_430515031_d_sccl_95/522-4755054-8671242,2026-09-25 11:28:26.050666,No exact-ASIN Amazon marketplace listing found in current scored listings,0,,,,,
cpu,97,B0FQ3C6C81,"Computek Gaming PC Bundle, AMD Ryzen 5 4500, GTX 3050 6GB Graphics, 16GB RAM, 256GB SSD + 1TB HDD, 500W 80+ PSU, WiFi, Window",https://www.amazon.co.uk/Computek-Graphics-Windows-Monitor-Performance/dp/B0FQ3C6C81/ref=zg_bs_g_430515031_d_sccl_97/522-4755054-8671242,2026-09-25 11:28:26.050668,No exact-ASIN Amazon marketplace listing found in current scored listings,0,,,,,
cpu,98,B07B428M7F,"AMD YD270XBGAFBOX Ryzen 7 2700X Processor with Wraith Prism RGB LED Cooler,Black",https://www.amazon.co.uk/AMD-Ryzen-Processor-Wraith-Cooler/dp/B07B428M7F/ref=zg_bs_g_430515031_d_sccl_98/522-4755054-8671242,2026-09-25 11:28:26.050668,Exact ASIN listing has CPK in expected category,1,B07B428M7F,cpu,009f3a1b709fd278,"AMD YD270XBGAFBOX Ryzen 7 2700X Processor with Wraith Prism RGB LED Cooler,Black",True
cpu,99,B08TX37JPC,Intel® Core™ i9-11900KF Desktop Processor 8 Cores up to 5.3 GHz Unlocked LGA1200 (Intel® 500 Series & select 400 Series chips,https://www.amazon.co.uk/Core-i9-11900KF-3-5-GHz-5-3/dp/B08TX37JPC/ref=zg_bs_g_430515031_d_sccl_99/522-4755054-8671242,2026-09-25 11:28:26.050669,No exact-ASIN Amazon marketplace listing found in current scored listings,0,,,,,
cpu,100,B0H9NT9LP1,VGOL 2Pcs CPU Socket Protective Cover Retention Cap H77975-005 Compatible with Intel LGA3647,https://www.amazon.co.uk/VGOL-Protective-Retention-H77975-005-Compatible/dp/B0H9NT9LP1/ref=zg_bs_g_430515031_d_sccl_100/522-4755054-8671242,2026-09-25 11:28:26.050670,No exact-ASIN Amazon marketplace listing found in current scored listings,0,,,,,
gpu,1,B0972BP9YR,"MSI GeForce RTX 5060 8G VENTUS 2X OC Graphics Card - RTX 5060 GPU, 8GB GDDR7 (28Gbps/128-bit), PCIe 5.0 - DUAL-Fan Thermal De",https://www.amazon.co.uk/MSI-GeForce-5060-VENTUS-Graphics/dp/B0972BP9YR/ref=zg_bs_g_430500031_d_sccl_1/522-4755054-8671242,2026-09-25 11:29:52.949204,Exact ASIN listing has CPK in expected category,1,B0972BP9YR,gpu,32521d59ee301844,"MSI GeForce RTX 5060 8G VENTUS 2X OC Graphics Card - RTX 5060 GPU, 8GB GDDR7 (28Gbps/128-bit), PCIe 5.0 - DUAL-Fan Thermal Design (2 x TORX FAN 5.0) - HDMI 2.1b, DisplayPort 2.1b",True
gpu,2,B0F9QM1M6R,Powercolor Radeon RX 9060 XT Reaper 16GB GDDR6 Graphics Card,https://www.amazon.co.uk/Powercolor-Radeon-Reaper-GDDR6-Graphics/dp/B0F9QM1M6R/ref=zg_bs_g_430500031_d_sccl_2/522-4755054-8671242,2026-09-25 11:29:52.949208,Exact ASIN listing has CPK in expected category,1,B0F9QM1M6R,gpu,8db487ecafb70aa4,Powercolor Radeon RX 9060 XT Reaper 16GB GDDR6 Graphics Card,True
gpu,3,B0F7HZ9QSZ,"ASUS Dual GeForce RTX 5060 8GB GDDR7 OC Edition (PCIe 5.0, 8GB GDDR7, DLSS 4, HDMI 2.1b, DisplayPort 2.1b, 2.5 slot design, A",https://www.amazon.co.uk/ASUS-GeForce-Axial-Tech-DisplayPort-DUAL-RTX5060-O8G/dp/B0F7HZ9QSZ/ref=zg_bs_g_430500031_d_sccl_3/522-4755054-8671242,2026-09-25 11:29:52.949209,Exact ASIN listing has CPK in expected category,1,B0F7HZ9QSZ,gpu,3354315bf306b3fa,"ASUS Dual GeForce RTX 5060 8GB GDDR7 OC Edition (PCIe 5.0, 8GB GDDR7, DLSS 4, HDMI 2.1b, DisplayPort 2.1b, 2.5 slot design, Axial tech fan design, 0dB technology, and more)",True
gpu,5,B0DT7B79K9,"Gigabyte Radeon RX 9070 XT GAMING OC 16G Graphics Card - 16GB GDDR6, 256bit, PCI-E 5.0, 3060 MHz Core Clock, 2 x DisplayPort,",https://www.amazon.co.uk/Gigabyte-Radeon-9070-GAMING-Graphics/dp/B0DT7B79K9/ref=zg_bs_g_430500031_d_sccl_5/522-4755054-8671242,2026-09-25 11:29:52.949210,Exact ASIN listing has CPK in expected category,1,B0DT7B79K9,gpu,1490671ec918cc90,"Gigabyte Radeon RX 9070 XT GAMING OC 16G Graphics Card - 16GB GDDR6, 256bit, PCI-E 5.0, 3060 MHz Core Clock, 2 x DisplayPort, 2 x HDMI, GV-R9070XTGAMING OC-16GD",True
gpu,6,B0DSQ1RCZV,"Gigabyte GeForce RTX 5080 GAMING OC 16G Graphics Card - 16GB GDDR7, 256bit, PCI-E 5.0, 2730MHz Core Clock, 3 x DisplayPort, 1",https://www.amazon.co.uk/Gigabyte-GeForce-5080-GAMING-Graphics/dp/B0DSQ1RCZV/ref=zg_bs_g_430500031_d_sccl_6/522-4755054-8671242,2026-09-25 11:29:52.949211,Exact ASIN listing has CPK in expected category,1,B0DSQ1RCZV,gpu,fa9cb25bd3a3c296,"Gigabyte GeForce RTX 5080 GAMING OC 16G Graphics Card - 16GB GDDR7, 256bit, PCI-E 5.0, 2730MHz Core Clock, 3 x DisplayPort, 1 x HDMI, GV-N5080GAMING OC-16GD",True
gpu,7,B0F8C5T1B2,"Sapphire technology Pure AMD Radeon RX 9060 XT Gaming OC, 16GB Dual HDMI-DP",https://www.amazon.co.uk/sapphire-technology-Radeon-Gaming-HDMI-DP/dp/B0F8C5T1B2/ref=zg_bs_g_430500031_d_sccl_7/522-4755054-8671242,2026-09-25 11:29:52.949212,Exact ASIN listing has CPK in expected category,2,B0F8C5T1B2,gpu,280c0b305f47f4e5,"Sapphire technology Pure AMD Radeon RX 9060 XT Gaming OC, 16GB Dual HDMI-DP",True
gpu,7,B0F8C5T1B2,"Sapphire technology Pure AMD Radeon RX 9060 XT Gaming OC, 16GB Dual HDMI-DP",https://www.amazon.co.uk/sapphire-technology-Radeon-Gaming-HDMI-DP/dp/B0F8C5T1B2/ref=zg_bs_g_430500031_d_sccl_7/522-4755054-8671242,2026-09-25 11:29:52.949212,Exact ASIN listing has no CPK,2,google-shopping:https%3A%2F%2Fwww.amazon.co.uk%2Fsapphire-technology-Radeon-Gaming-HDMI-DP%2Fdp%2FB0F8C5T1B2%3Fsource%3Dps-sl-shoppingads-lpcontext%26ref_%3Dfplfs%26psc%3D1%26smid%3DA3P5ROKL:6d8353204e6314b20f5b707f7b48c1be535217dd064b0d07103b05dec48bb3e8,,,"Sapphire technology Pure AMD Radeon RX 9060 XT Gaming OC, 16GB Dual HDMI-DP",False
gpu,8,B0DSG52H7D,"ASUS PRIME RX9070 XT OC, PCIe5, 16GB DDR6, HDMI, 3 DP, 3030MHz Clock, Overclocked, Compact SFF-Ready",https://www.amazon.co.uk/ASUS-3030MHz-Overclocked-Compact-SFF-Ready/dp/B0DSG52H7D/ref=zg_bs_g_430500031_d_sccl_8/522-4755054-8671242,2026-09-25 11:29:52.949212,Exact ASIN listing has CPK in expected category,1,B0DSG52H7D,gpu,0f350846345fd176,"ASUS PRIME RX9070 XT OC, PCIe5, 16GB DDR6, HDMI, 3 DP, 3030MHz Clock, Overclocked, Compact SFF-Ready",True
gpu,9,B0DX7GSX7B,"MSI GeForce RTX 5070 12G GAMING TRIO OC Graphics Card - RTX 5070 GPU, 12GB GDDR7 (28Gbps/192-bit), PCIe 5.0 -TRI FROZR 4 (3 x",https://www.amazon.co.uk/MSI-GeForce-5070-GAMING-Graphics/dp/B0DX7GSX7B/ref=zg_bs_g_430500031_d_sccl_9/522-4755054-8671242,2026-09-25 11:29:52.949213,Exact ASIN listing has CPK in expected category,1,B0DX7GSX7B,gpu,5dec2136d7d139ff,"MSI GeForce RTX 5070 12G GAMING TRIO OC Graphics Card - RTX 5070 GPU, 12GB GDDR7 (28Gbps/192-bit), PCIe 5.0 -TRI FROZR 4 (3 x STORMFORCE FAN) - RGB - HDMI 2.1b, DisplayPort 2.1b",True
gpu,11,B0BYZFH47F,"ASUS Dual Radeon RX 9060 XT 16GB GDDR6 Graphics Card (PCIe 5.0, HDMI 2.1b, DisplayPort 2.1a, 2.5-slot design, Axial-tech fan",https://www.amazon.co.uk/ASUS-Graphics-DisplayPort-Axial-tech-technology/dp/B0BYZFH47F/ref=zg_bs_g_430500031_d_sccl_11/522-4755054-8671242,2026-09-25 11:29:52.949214,Exact ASIN listing has CPK in expected category,1,B0BYZFH47F,gpu,19d7cf4e7377d9ae,"ASUS Dual Radeon RX 9060 XT 16GB GDDR6 Graphics Card (PCIe 5.0, HDMI 2.1b, DisplayPort 2.1a, 2.5-slot design, Axial-tech fan design, 0dB technology, and more)",True
gpu,14,B0F4DWKRBQ,"ASUS Dual GeForce RTX 5060 Ti 8GB GDDR7 OC Edition (PCIe 5.0, 8GB GDDR7, DLSS 4, HDMI 2.1b, DisplayPort 2.1b, 2.5-slot design",https://www.amazon.co.uk/ASUS-DisplayPort-2-5-slot-Axial-tech-technology/dp/B0F4DWKRBQ/ref=zg_bs_g_430500031_d_sccl_14/522-4755054-8671242,2026-09-25 11:29:52.949216,Exact ASIN listing has CPK in expected category,1,B0F4DWKRBQ,gpu,d497e2565d893722,"ASUS Dual GeForce RTX 5060 Ti 8GB GDDR7 OC Edition (PCIe 5.0, 8GB GDDR7, DLSS 4, HDMI 2.1b, DisplayPort 2.1b, 2.5-slot design, Axial-tech fan design, 0dB technology, and more)",True
gpu,15,B0DTGPC5KR,"Gigabyte GeForce RTX 5070 Ti GAMING OC 16G Graphics Card - 16GB GDDR7, 256bit, PCI-E 5.0, 2588 MHz Core Clock, 3 x DP 2.1a, 1",https://www.amazon.co.uk/Gigabyte-GeForce-5070-GAMING-Graphics/dp/B0DTGPC5KR/ref=zg_bs_g_430500031_d_sccl_15/522-4755054-8671242,2026-09-25 11:29:52.949217,Exact ASIN listing has CPK in expected category,1,B0DTGPC5KR,gpu,62986e9294a84c41,"Gigabyte GeForce RTX 5070 Ti GAMING OC 16G Graphics Card - 16GB GDDR7, 256bit, PCI-E 5.0, 2588 MHz Core Clock, 3 x DP 2.1a, 1 x HDMI 2.1b, NVIDIA DLSS 4, GV-N507TGAMING OC-16GD",True
gpu,16,B0F7HTR8DQ,"Gigabyte Radeon RX 9060 XT GAMING OC 16G Graphics Card - 16GB GDDR6, 128bit, PCI-E 5.0, 3320 MHz Core Clock, 2 x DisplayPort,",https://www.amazon.co.uk/Gigabyte-Radeon-9060-GAMING-Graphics/dp/B0F7HTR8DQ/ref=zg_bs_g_430500031_d_sccl_16/522-4755054-8671242,2026-09-25 11:29:52.949218,Exact ASIN listing has CPK in expected category,1,B0F7HTR8DQ,gpu,9779347dd7b4b43d,"Gigabyte Radeon RX 9060 XT GAMING OC 16G Graphics Card - 16GB GDDR6, 128bit, PCI-E 5.0, 3320 MHz Core Clock, 2 x DisplayPort, 1 x HDMI, GV-R9060XTGAMING OC-16GD",True
gpu,18,B01HA642SW,"Nooelec RTL-SDR v5 SDR - NESDR SMArt HF/VHF/UHF (100kHz-1.75GHz) Software Defined Radio. Premium RTLSDR w/ 0.5PPM TCXO, SMA I",https://www.amazon.co.uk/Nooelec-NESDR-SMArt-SDR-R820T2-Based/dp/B01HA642SW/ref=zg_bs_g_430500031_d_sccl_18/522-4755054-8671242,2026-09-25 11:29:52.949219,No exact-ASIN Amazon marketplace listing found in current scored listings,0,,,,,
gpu,19,B0F4ZGWSPJ,"Gigabyte GeForce RTX 5060 Ti AERO OC 8G Graphics Card - 8GB GDDR7, 128bit, PCI-E 5.0, 2647MHz Core Clock, 3 x DisplayPort, 1",https://www.amazon.co.uk/Gigabyte-GeForce-5060-AERO-Graphics/dp/B0F4ZGWSPJ/ref=zg_bs_g_430500031_d_sccl_19/522-4755054-8671242,2026-09-25 11:29:52.949220,Exact ASIN listing has CPK in expected category,1,B0F4ZGWSPJ,gpu,f57b6882171707f8,"Gigabyte GeForce RTX 5060 Ti AERO OC 8G Graphics Card - 8GB GDDR7, 128bit, PCI-E 5.0, 2647MHz Core Clock, 3 x DisplayPort, 1 x HDMI, GV-N506TAERO OC-8GD",True
gpu,20,B0BX6LGM2X,"MSI GeForce RTX 5080 16G GAMING TRIO OC Graphics Card - RTX 5080 GPU, 16GB GDDR7 (30Gbps/256-bit), PCIe 5.0 - TRI FROZR 4 (3",https://www.amazon.co.uk/MSI-GeForce-5080-GAMING-Graphics/dp/B0BX6LGM2X/ref=zg_bs_g_430500031_d_sccl_20/522-4755054-8671242,2026-09-25 11:29:52.949221,Exact ASIN listing has CPK in expected category,1,B0BX6LGM2X,gpu,6d507727bb83ca58,"MSI GeForce RTX 5080 16G GAMING TRIO OC Graphics Card - RTX 5080 GPU, 16GB GDDR7 (30Gbps/256-bit), PCIe 5.0 - TRI FROZR 4 (3 x STORMFORCE Fan), Gaming & Silent mode, RGB - HDMI 2.1b, DisplayPort 2.1b",True
gpu,22,B0BSN1QFXX,"MSI GeForce RTX 3050 VENTUS 2X E 6G OC Gaming Graphics Card - 6GB GDDR6, 1492 MHz, PCI Express Gen 4, 96-bit, 1x DP (v1.4a),",https://www.amazon.co.uk/MSI-GeForce-VENTUS-Gaming-Graphics/dp/B0BSN1QFXX/ref=zg_bs_g_430500031_d_sccl_22/522-4755054-8671242,2026-09-25 11:29:52.949222,Exact ASIN listing has CPK in expected category,1,B0BSN1QFXX,gpu,500a499a34328ef0,"MSI GeForce RTX 3050 VENTUS 2X E 6G OC Gaming Graphics Card - 6GB GDDR6, 1492 MHz, PCI Express Gen 4, 96-bit, 1x DP (v1.4a), 2x HDMI 2.1 (Supports 4K)",True
gpu,24,B0F8BR2H6Z,"MSI GeForce RTX 5060 Ti 16G SHADOW 2X OC PLUS Graphics Card - RTX 5060 Ti GPU, 16GB GDDR7 (28Gbps/128-bit), PCIe 5.0 - Dual-F",https://www.amazon.co.uk/MSI-GeForce-5060-SHADOW-Graphics/dp/B0F8BR2H6Z/ref=zg_bs_g_430500031_d_sccl_24/522-4755054-8671242,2026-09-25 11:29:52.949224,Exact ASIN listing has CPK in expected category,1,B0F8BR2H6Z,gpu,31ae703e4b57fc9e,"MSI GeForce RTX 5060 Ti 16G SHADOW 2X OC PLUS Graphics Card - RTX 5060 Ti GPU, 16GB GDDR7 (28Gbps/128-bit), PCIe 5.0 - Dual-Fan Thermal Design (2 x STORMFORCE FAN) - HDMI 2.1b, DisplayPort 2.1b",True
gpu,25,B0DS643QRW,"ASUS ROG Astral GeForce RTX 5080 OC Edition Gaming Graphics Card (PCIe 5.0, 16GB GDDR7, HDMI/DP 2.1, 3.8 slot, 4 fan design,",https://www.amazon.co.uk/ASUS-Graphics-3xDisplayPort-Patented-Resolution/dp/B0DS643QRW/ref=zg_bs_g_430500031_d_sccl_25/522-4755054-8671242,2026-09-25 11:29:52.949224,Exact ASIN listing has CPK in expected category,1,B0DS643QRW,gpu,430e49d8eaea99aa,"ASUS ROG Astral GeForce RTX 5080 OC Edition Gaming Graphics Card (PCIe 5.0, 16GB GDDR7, HDMI/DP 2.1, 3.8 slot, 4 fan design, Axial tech fans, patented vapor chamber, Phase change GPU thermal pad)",True
gpu,26,B0CXSPTFJP,"upHere Gaming GPU Support Bracket, Adjustable Height Graphics Card Support with Magnet and Non-Slip Sheet, GPU Sag Bracket fo",https://www.amazon.co.uk/upHere-gaming-Adjustable-Graphics-Universal/dp/B0CXSPTFJP/ref=zg_bs_g_430500031_d_sccl_26/522-4755054-8671242,2026-09-25 11:29:52.949225,No exact-ASIN Amazon marketplace listing found in current scored listings,0,,,,,
gpu,28,B0DSWJL78F,"ASUS TUF GAMING RX9070 XT OC, PCIe5, 16GB DDR6, HDMI, 3 DP, 3080MHz Clock, RGB Lighting, Overclocked",https://www.amazon.co.uk/ASUS-GAMING-3080MHz-Lighting-Overclocked/dp/B0DSWJL78F/ref=zg_bs_g_430500031_d_sccl_28/522-4755054-8671242,2026-09-25 11:29:52.949227,Exact ASIN listing has CPK in expected category,1,B0DSWJL78F,gpu,2cc448cfa5c945b4,"ASUS TUF GAMING RX9070 XT OC, PCIe5, 16GB DDR6, HDMI, 3 DP, 3080MHz Clock, RGB Lighting, Overclocked",True
gpu,30,B0CVVLV5TV,Powercolor AMD Radeon RX 9070 XT HELLHOUND 16GB GDDR6 Graphics Card,https://www.amazon.co.uk/Powercolor-Radeon-HELLHOUND-GDDR6-Graphics/dp/B0CVVLV5TV/ref=zg_bs_g_430500031_d_sccl_30/522-4755054-8671242,2026-09-25 11:29:52.949228,Exact ASIN listing has CPK in expected category,1,B0CVVLV5TV,gpu,ac9219f8c261b1c7,Powercolor AMD Radeon RX 9070 XT HELLHOUND 16GB GDDR6 Graphics Card,True
gpu,31,B0F4DVKSZ4,"ASUS NVIDIA GeForce RTX 5060 Ti DUAL OC 16GB Blackwell Graphics Card | PCIe 5.0, HDMI 2.1b, DisplayPort 2.1b, 2.5 slots, Axia",https://www.amazon.co.uk/ASUS-NVIDIA-GeForce-Blackwell-Graphics/dp/B0F4DVKSZ4/ref=zg_bs_g_430500031_d_sccl_31/522-4755054-8671242,2026-09-25 11:29:52.949229,Exact ASIN listing has CPK in expected category,1,B0F4DVKSZ4,gpu,247892c4a1c1b716,ASUS NVIDIA GeForce RTX 5060 Ti DUAL OC 16GB Blackwell Graphics Card,True
gpu,32,B0D58PZ1V6,ASUS GF GT710 2GB GDDR5 D-Sub DVI HDMI,https://www.amazon.co.uk/ASUS-GT710-2Go-D-Sub-HDMI/dp/B0D58PZ1V6/ref=zg_bs_g_430500031_d_sccl_32/522-4755054-8671242,2026-09-25 11:29:52.949229,Exact ASIN listing has CPK in expected category,1,B0D58PZ1V6,gpu,1308b559f1db58b2,ASUS GF GT710 2GB GDDR5 D-Sub DVI HDMI,True
gpu,33,B0F1NJF1K4,"MSI GeForce RTX 5070 Ti 16G GAMING TRIO OC Graphics Card - RTX 5070 Ti GPU, 16GB GDDR7 (28Gbps/256-bit), PCIe 5.0 - TRI FROZR",https://www.amazon.co.uk/MSI-GeForce-5070-GAMING-Graphics/dp/B0F1NJF1K4/ref=zg_bs_g_430500031_d_sccl_33/522-4755054-8671242,2026-09-25 11:29:52.949230,Exact ASIN listing has CPK in expected category,1,B0F1NJF1K4,gpu,ddcc5b858d6ff573,"MSI GeForce RTX 5070 Ti 16G GAMING TRIO OC Graphics Card - RTX 5070 Ti GPU, 16GB GDDR7 (28Gbps/256-bit), PCIe 5.0 - TRI FROZR 4 (3 x STORMFORCE FAN) - Dual BIOS, RGB - HDMI 2.1b, DisplayPort 2.1b",True
gpu,35,B0F8C4XHGB,"Sapphire technology Pulse AMD Radeon RX 9060 XT Gaming OC, 8GB Dual HDMI-DP",https://www.amazon.co.uk/Sapphire-Tarjeta-Gr%C3%A1fica-Radeon-Cooling/dp/B0F8C4XHGB/ref=zg_bs_g_430500031_d_sccl_35/522-4755054-8671242,2026-09-25 11:29:52.949232,Exact ASIN listing has CPK in expected category,2,B0F8C4XHGB,gpu,5253860a07733a56,"Sapphire technology Pulse AMD Radeon RX 9060 XT Gaming OC, 8GB Dual HDMI-DP",True
gpu,35,B0F8C4XHGB,"Sapphire technology Pulse AMD Radeon RX 9060 XT Gaming OC, 8GB Dual HDMI-DP",https://www.amazon.co.uk/Sapphire-Tarjeta-Gr%C3%A1fica-Radeon-Cooling/dp/B0F8C4XHGB/ref=zg_bs_g_430500031_d_sccl_35/522-4755054-8671242,2026-09-25 11:29:52.949232,Exact ASIN listing has no CPK,2,google-shopping:https%3A%2F%2Fwww.amazon.co.uk%2FSapphire-Tarjeta-Gr%25C3%25A1fica-Radeon-Cooling%2Fdp%2FB0F8C4XHGB%3Fsource%3Dps-sl-shoppingads-lpcontext%26ref_%3Dfplfs%26psc%3D1%26smid%3DA:875189194e27f3de3e9c3cf91074f19c4561eac4d704a2bd41c33a3bdd4fe2ce,,,"Sapphire technology Pulse AMD Radeon RX 9060 XT Gaming OC, 8GB Dual HDMI-DP",False
gpu,39,B0DTGNTQ3C,"Gigabyte GeForce RTX 5070 GAMING OC 12G Graphics Card - 12GB GDDR7, 192bit, PCI-E 5.0, 2625 MHz Core Clock, 3 x DP 2.1a, 1 x",https://www.amazon.co.uk/Gigabyte-GeForce-5070-GAMING-Graphics/dp/B0DTGNTQ3C/ref=zg_bs_g_430500031_d_sccl_39/522-4755054-8671242,2026-09-25 11:29:52.949235,Exact ASIN listing has CPK in expected category,1,B0DTGNTQ3C,gpu,f594120e7ae7a1ce,"Gigabyte GeForce RTX 5070 GAMING OC 12G Graphics Card - 12GB GDDR7, 192bit, PCI-E 5.0, 2625 MHz Core Clock, 3 x DP 2.1a, 1 x HDMI 2.1b, NVIDIA DLSS 4, GV-N5070GAMING OC-12GD",True
gpu,40,B09KRPN6D8,"upHere ARGB Graphics Card GPU Support Bracket,Adjustable Single Slot,Support Video Card Holder Bracket with 5V 3PIN ARGB LED,",https://www.amazon.co.uk/upHere-Graphics-Support-Adjustable-GH03ARGB/dp/B09KRPN6D8/ref=zg_bs_g_430500031_d_sccl_40/522-4755054-8671242,2026-09-25 11:29:52.949235,No exact-ASIN Amazon marketplace listing found in current scored listings,0,,,,,
gpu,41,B0DRPQPQQC,Sapphire NITRO+ AMD RADEON™ RX 9070 GAMING OC 16GB DUAL HDMI/DUAL DP,https://www.amazon.co.uk/Sapphire-NITRO-RADEONTM-9070-GAMING/dp/B0DRPQPQQC/ref=zg_bs_g_430500031_d_sccl_41/522-4755054-8671242,2026-09-25 11:29:52.949236,No exact-ASIN Amazon marketplace listing found in current scored listings,0,,,,,
gpu,42,B09CMFK441,"ASUS Prime GeForce RTX 5050 8GB GDDR6 OC Edition Graphics Card (PCIe 5.0, 8GB GDDR6, HDMI/DP 2.1, 2.5-slot, Axial-tech fans,",https://www.amazon.co.uk/ASUS-GeForce-Graphics-2-5-slot-Axial-tech/dp/B09CMFK441/ref=zg_bs_g_430500031_d_sccl_42/522-4755054-8671242,2026-09-25 11:29:52.949237,Exact ASIN listing has CPK in expected category,1,B09CMFK441,gpu,1d6585d09b5c1396,"ASUS Prime GeForce RTX 5050 8GB GDDR6 OC Edition Graphics Card (PCIe 5.0, 8GB GDDR6, HDMI/DP 2.1, 2.5-slot, Axial-tech fans, Dual BIOS)",True
gpu,45,B0DSG8LXX9,"ASUS PRIME RX9070 OC, PCIe5, 16GB DDR6, HDMI, 3 DP, 2610MHz Clock, Overclocked, Compact SFF-Ready",https://www.amazon.co.uk/ASUS-2610MHz-Overclocked-Compact-SFF-Ready/dp/B0DSG8LXX9/ref=zg_bs_g_430500031_d_sccl_45/522-4755054-8671242,2026-09-25 11:29:52.949239,No exact-ASIN Amazon marketplace listing found in current scored listings,0,,,,,
gpu,51,B009LEKGGE,"Noctua NF-A6x25 FLX, High-Performance Quiet Fan 60mm | High Airflow, Low Noise, 25mm Thick, for PC and Electronics Cooling, 3",https://www.amazon.co.uk/Noctua-NF-A6x25-FLX-Premium-Quiet/dp/B009LEKGGE/ref=zg_bs_g_430500031_d_sccl_1/522-4755054-8671242,2026-09-25 11:29:52.949240,No exact-ASIN Amazon marketplace listing found in current scored listings,0,,,,,
gpu,52,B0G1X5THFL,"Xynsviu RX560 4GB GDDR5 4 HDMI Multi Monitor Graphics Card | 4 HDMI video card for office multi-screen, stock trading, suppor",https://www.amazon.co.uk/Xynsviu-Graphics-DirectX-Express-Monitor/dp/B0G1X5THFL/ref=zg_bs_g_430500031_d_sccl_2/522-4755054-8671242,2026-09-25 11:29:52.949241,Exact ASIN listing has CPK in expected category,1,B0G1X5THFL,gpu,0b60add3e3c7441e,RX560 4GB GDDR5 4 HDMI Multi Monitor Graphics Card,True
gpu,53,B0F32NJG9T,"MSI GeForce RTX 5060 Ti 16G VENTUS 2X OC PLUS Graphics Card - RTX 5060 Ti GPU, 16GB GDDR7 (28Gbps/128-bit), PCIe 5.0 - DUAL-F",https://www.amazon.co.uk/MSI-GeForce-5060-VENTUS-Graphics/dp/B0F32NJG9T/ref=zg_bs_g_430500031_d_sccl_3/522-4755054-8671242,2026-09-25 11:29:52.949242,Exact ASIN listing has CPK in expected category,1,B0F32NJG9T,gpu,4a1adb8cc1849141,"MSI GeForce RTX 5060 Ti 16G VENTUS 2X OC PLUS Graphics Card - RTX 5060 Ti GPU, 16GB GDDR7 (28Gbps/128-bit), PCIe 5.0 - DUAL-Fan Thermal Design (2 x STORMFORCE FAN) - HDMI 2.1b, DisplayPort 2.1b",True
gpu,55,B00G0LVSTA,"StarTech 2-Port PCIe Network Card, Dual Gigabit NIC Card (ST2000SPEXI) | RJ45 Port, Intel i350 Chipset, Ethernet Server / Des",https://www.amazon.co.uk/StarTech-com-Express-Gigabit-Ethernet-Adapter/dp/B00G0LVSTA/ref=zg_bs_g_430500031_d_sccl_5/522-4755054-8671242,2026-09-25 11:29:52.949243,No exact-ASIN Amazon marketplace listing found in current scored listings,0,,,,,
gpu,57,B0FDQXHYFW,"Gigabyte GeForce RTX 5060 Ti WINDFORCE MAX OC 16G Graphics Card - 16GB GDDR7, 128bit, PCI-E 5.0, 2587MHz Core Clock, 3 x DP,",https://www.amazon.co.uk/Gigabyte-GeForce-5060-WINDFORCE-Graphics/dp/B0FDQXHYFW/ref=zg_bs_g_430500031_d_sccl_7/522-4755054-8671242,2026-09-25 11:29:52.949245,Exact ASIN listing has CPK in expected category,1,B0FDQXHYFW,gpu,4816fd7d4d0c52ae,"Gigabyte GeForce RTX 5060 Ti WINDFORCE MAX OC 16G Graphics Card - 16GB GDDR7, 128bit, PCI-E 5.0, 2587MHz Core Clock, 3 x DP, 1 x HDMI, NVIDIA DLSS 4, GV-N506TWF2MAX OC-16GD",True
gpu,58,B0FMS51B6M,"ASUS Dual GeForce RTX 5060 8GB GDDR7 White OC Edition (PCIe 5.0, 8GB GDDR7, DLSS 4, HDMI 2.1b, DisplayPort 2.1b, 2.5-slot des",https://www.amazon.co.uk/ASUS-DisplayPort-2-5-slot-Axial-tech-technology/dp/B0FMS51B6M/ref=zg_bs_g_430500031_d_sccl_8/522-4755054-8671242,2026-09-25 11:29:52.949245,Exact ASIN listing has CPK in expected category,1,B0FMS51B6M,gpu,88a8d8eba8962189,"ASUS Dual GeForce RTX 5060 8GB GDDR7 White OC Edition (PCIe 5.0, 8GB GDDR7, DLSS 4, HDMI 2.1b, DisplayPort 2.1b, 2.5-slot design, Axial-tech fan design, 0dB technology) White",True
gpu,59,B0D83F4M8S,"GPU Support Bracket, 2 pcs Graphics Card Support, Aluminum Alloy GPU Sag Holder, Black Gpu Stand Bracket Adjustable 74-120MM",https://www.amazon.co.uk/Support-Graphics-Aluminum-Adjustable-74-120MM/dp/B0D83F4M8S/ref=zg_bs_g_430500031_d_sccl_9/522-4755054-8671242,2026-09-25 11:29:52.949246,No exact-ASIN Amazon marketplace listing found in current scored listings,0,,,,,
gpu,62,B0H2NCCDQG,"Sapphire PULSE AMD RADEON RX 9070 GRE GAMING OC Carte Graphique 12GB | Dual HDMI, Dual DP",https://www.amazon.co.uk/Sapphire-PULSE-RADEON-GAMING-Graphique/dp/B0H2NCCDQG/ref=zg_bs_g_430500031_d_sccl_12/522-4755054-8671242,2026-09-25 11:29:52.949248,No exact-ASIN Amazon marketplace listing found in current scored listings,0,,,,,
gpu,64,B0DTYTNC5H,"ASHATA Graphics Card GPU Brace Support, Video Card Adjustable Anti Sag Holder Bracket, Aluminum Alloy GPU Stand Support 9cm 1",https://www.amazon.co.uk/Graphics-Support-Adjustable-Bracket-Aluminum/dp/B0DTYTNC5H/ref=zg_bs_g_430500031_d_sccl_14/522-4755054-8671242,2026-09-25 11:29:52.949250,No exact-ASIN Amazon marketplace listing found in current scored listings,0,,,,,
gpu,65,B00ITJ7X9K,"StarTech.com PEXUSB3S24 2 Port PCI Express (PCIe) SuperSpeed USB 3.0 Card Adapter with UASP, SATA Power, Dual Port USB 3 PCIe",https://www.amazon.co.uk/StarTech-com-Port-Express-SuperSpeed-Adapter-Green-Metallic/dp/B00ITJ7X9K/ref=zg_bs_g_430500031_d_sccl_15/522-4755054-8671242,2026-09-25 11:29:52.949250,No exact-ASIN Amazon marketplace listing found in current scored listings,0,,,,,
gpu,66,B0C5DXY2VX,ZOTAC VGA RTX4060TI 8GB Twin Edge OC,https://www.amazon.co.uk/ZOTAC-VGA-RTX4060TI-Twin-Edge/dp/B0C5DXY2VX/ref=zg_bs_g_430500031_d_sccl_16/522-4755054-8671242,2026-09-25 11:29:52.949251,No exact-ASIN Amazon marketplace listing found in current scored listings,0,,,,,
gpu,67,B0024CV3SA,StarTech PCI Express to PCI Adapter Card (PEX1PCI1) | PCIe to PCI Converter Adapter with Low Profile / Half-Height Bracket,https://www.amazon.co.uk/StarTech-com-PCI-Express-Adapter-Card/dp/B0024CV3SA/ref=zg_bs_g_430500031_d_sccl_17/522-4755054-8671242,2026-09-25 11:29:52.949252,No exact-ASIN Amazon marketplace listing found in current scored listings,0,,,,,
gpu,68,B09SL2HV5L,"PNY NVIDIA T1000 8 GB Professional Graphic Card 8GB GDDR6 PCI Express 3.0 x16, Single Slot, 4x Mini-DisplayPort, 8K Support,",https://www.amazon.co.uk/PNY-Professional-Mini-DisplayPort-Ultra-quiet-VCNT1000-8GB-PB/dp/B09SL2HV5L/ref=zg_bs_g_430500031_d_sccl_18/522-4755054-8671242,2026-09-25 11:29:52.949252,Exact ASIN listing has CPK in expected category,1,B09SL2HV5L,gpu,7cec19c5065510f0,"PNY NVIDIA T1000 8 GB Professional Graphic Card 8GB GDDR6 PCI Express 3.0 x16, Single Slot, 4x Mini-DisplayPort, 8K Support, Ultra-quiet active fan (VCNT1000-8GB-PB)",True
gpu,69,B0DNMH4KQM,Sparkle Intel Arc B580 Titan OC 12GB GDDR6,https://www.amazon.co.uk/Sparkle-Intel-B580-Titan-GDDR6/dp/B0DNMH4KQM/ref=zg_bs_g_430500031_d_sccl_19/522-4755054-8671242,2026-09-25 11:29:52.949253,Exact ASIN listing has CPK in expected category,2,B0DNMH4KQM,gpu,110d582008617d28,Sparkle Intel Arc B580 Titan OC 12GB GDDR6,True
gpu,69,B0DNMH4KQM,Sparkle Intel Arc B580 Titan OC 12GB GDDR6,https://www.amazon.co.uk/Sparkle-Intel-B580-Titan-GDDR6/dp/B0DNMH4KQM/ref=zg_bs_g_430500031_d_sccl_19/522-4755054-8671242,2026-09-25 11:29:52.949253,Exact ASIN listing has CPK in expected category,2,google-shopping:https%3A%2F%2Fwww.amazon.co.uk%2FSparkle-Intel-B580-Titan-GDDR6%2Fdp%2FB0DNMH4KQM%3Fsource%3Dps-sl-shoppingads-lpcontext%26ref_%3Dfplfs%26psc%3D1%26smid%3DA2KVF7QXNCLV8H:Sparkle%20Intel%20Arc%20B580%20Titan%20OC%2012GB%20GDDR6,gpu,376667bc46c648f5,Sparkle Intel Arc B580 Titan OC 12GB GDDR6,True
gpu,71,B0FCFB6Q6P,"SOYO GeForce GT 740 4GB DDR3 Low Profile Graphics Card, 128-Bit 384SP HDMI/VGA/DVI-D Port Triple Output, SFF Half-Height Vide",https://www.amazon.co.uk/SOYO-Geforce-Profile-Graphics-Computer/dp/B0FCFB6Q6P/ref=zg_bs_g_430500031_d_sccl_21/522-4755054-8671242,2026-09-25 11:29:52.949254,Exact ASIN listing has no CPK,1,B0FCFB6Q6P,,,"SOYO GeForce GT 740 4GB DDR3 Low Profile Graphics Card, 128-Bit 384SP HDMI/VGA/DVI-D Port Triple Output, SFF Half-Height Video Card for Slim Desktop PCs, Supports Windows 11/10/8/7",False
gpu,73,B09RPYGVBW,"ASUS ROG Herculx Graphics Card Holder (Tool-free design, Included spirit level, Solid zinc alloy, 72-128mm, Aura Sync)",https://www.amazon.co.uk/ASUS-Graphics-Tool-free-Included-72-128mm/dp/B09RPYGVBW/ref=zg_bs_g_430500031_d_sccl_23/522-4755054-8671242,2026-09-25 11:29:52.949256,Exact ASIN listing CPK category mismatch,1,B09RPYGVBW,case,c1a338177cba996d,"ASUS ROG Herculx Graphics Card Holder (Tool-free design, Included spirit level, Solid zinc alloy, 72-128mm, Aura Sync)",False
gpu,75,B096Y5JNZC,"MSI GeForce RTX 5050 8G GAMING OC Graphics Card - RTX 5050 GPU, 8GB GDDR6 (20Gbps/128-bit), PCIe 5.0 - TWIN FROZR 10 (2 x STO",https://www.amazon.co.uk/MSI-GeForce-5050-GAMING-Graphics/dp/B096Y5JNZC/ref=zg_bs_g_430500031_d_sccl_25/522-4755054-8671242,2026-09-25 11:29:52.949257,Exact ASIN listing has CPK in expected category,1,B096Y5JNZC,gpu,9582325d327266f7,"MSI GeForce RTX 5050 8G GAMING OC Graphics Card - RTX 5050 GPU, 8GB GDDR6 (20Gbps/128-bit), PCIe 5.0 - TWIN FROZR 10 (2 x STORMFORCE FAN) - HDMI 2.1b, DisplayPort 2.1b",True
gpu,77,B08SC1S7CF,EZDIY-FAB [30cm PCIE 3.0 16x Extreme High Speed Riser Cable PCI Express Port GPU Extension Card-Right Angle Connector,https://www.amazon.co.uk/EZDIY-FAB-Extreme-Extension-Card-Right-Connector/dp/B08SC1S7CF/ref=zg_bs_g_430500031_d_sccl_27/522-4755054-8671242,2026-09-25 11:29:52.949259,No exact-ASIN Amazon marketplace listing found in current scored listings,0,,,,,
gpu,79,B0DTTKCTRD,"ASROCK VGA RX9070 CL 16G, AMD, RX9070, 16GB, GDDR6, 256BIT, 2HDMI + 2DP (3 Fans)",https://www.amazon.co.uk/ASROCK-RX9070-GDDR6-256BIT-2HDMI/dp/B0DTTKCTRD/ref=zg_bs_g_430500031_d_sccl_29/522-4755054-8671242,2026-09-25 11:29:52.949261,Exact ASIN listing has CPK in expected category,1,B0DTTKCTRD,gpu,9b060e43c7561eca,"ASROCK VGA RX9070 CL 16G, AMD, RX9070, 16GB, GDDR6, 256BIT, 2HDMI + 2DP (3 Fans)",True
gpu,82,B0F24C86GS,"YIMATEECO PCIE X16 Protector PCI Express X16 Male Anti Dust, Graphics Card Protector Dust Cap with Antistatic Bag, Sticker fo",https://www.amazon.co.uk/YIMATEECO-Protector-Graphics-Antistatic-Transportation/dp/B0F24C86GS/ref=zg_bs_g_430500031_d_sccl_82/522-4755054-8671242,2026-09-25 11:29:52.949263,No exact-ASIN Amazon marketplace listing found in current scored listings,0,,,,,
gpu,83,B00OUSU2P6,"StarTech Dual Port PCIe Network Card, Dual Port Gigabit NIC (ST1000SPEXD4) | RJ45 Port, Realtek RTL8111H Chipset, Low Profile",https://www.amazon.co.uk/StarTech-com-Gigabit-Express-Network-Ethernet-Multi-Colour/dp/B00OUSU2P6/ref=zg_bs_g_430500031_d_sccl_83/522-4755054-8671242,2026-09-25 11:29:52.949264,No exact-ASIN Amazon marketplace listing found in current scored listings,0,,,,,
gpu,84,B0FRPFG6NW,PNY GeForce RTX™ 5050 8GB Dual Fan Graphics Card DLSS 4,https://www.amazon.co.uk/PNY-GEFORCE-RTXTM-5050-Dual/dp/B0FRPFG6NW/ref=zg_bs_g_430500031_d_sccl_84/522-4755054-8671242,2026-09-25 11:29:52.949265,Exact ASIN listing has CPK in expected category,1,B0FRPFG6NW,gpu,1d6585d09b5c1396,PNY GeForce RTX™ 5050 8GB Dual Fan Graphics Card DLSS 4,True
gpu,85,B0BPCVS2NM,"Nvidia Quadro P400 2GB GDDR5 Single-Slot Graphics Card – 256 CUDA Cores, 64bit, 32GB/s, 3 Mini DisplayPort 1.4 Ports, 30W, PC",https://www.amazon.co.uk/Nvidia-Quadro-GDDR5-Single-Slot-Graphics/dp/B0BPCVS2NM/ref=zg_bs_g_430500031_d_sccl_85/522-4755054-8671242,2026-09-25 11:29:52.949265,No exact-ASIN Amazon marketplace listing found in current scored listings,0,,,,,
gpu,86,B0FQCR9QQZ,"ASUS ProArt NVIDIA GeForce RTX 5070 Ti OC Edition, 16GB GDDR7, 256 Bit, PCIe 5.0, 2.5 Slot, 1 HDMI 2.1, 3 DisplayPort 2.1, US",https://www.amazon.co.uk/ASUS-ProArt-GeForce-DisplayPort-PROART-RTX5070TI-O16G/dp/B0FQCR9QQZ/ref=zg_bs_g_430500031_d_sccl_86/522-4755054-8671242,2026-09-25 11:29:52.949266,Exact ASIN listing has CPK in expected category,1,B0FQCR9QQZ,gpu,7bd9c8cdf2837c93,"ASUS ProArt NVIDIA GeForce RTX 5070 Ti OC Edition, 16GB GDDR7, 256 Bit, PCIe 5.0, 2.5 Slot, 1 HDMI 2.1, 3 DisplayPort 2.1, USB-C, GPU Tweak III, Black, PROART-RTX5070TI-O16G",True
gpu,87,B0FW46JDWZ,VGA PowerColor Radeon Hellhound Reva OC RX 9070 XT 16GB GDDR6,https://www.amazon.co.uk/PowerColor-Radeon-Hellhound-OC-GDDR6/dp/B0FW46JDWZ/ref=zg_bs_g_430500031_d_sccl_87/522-4755054-8671242,2026-09-25 11:29:52.949267,Exact ASIN listing has no CPK,1,B0FW46JDWZ,,,VGA PowerColor Radeon Hellhound Reva OC RX 9070 XT 16GB GDDR6,False
gpu,88,B0FCLYF2KY,"EZDIY-FAB PCIe 5.0 Riser Cable, Gen5 GPU Extender, Straight, 30cm, Black",https://www.amazon.co.uk/EZDIY-FAB-Bandwidth-Extension-Compatible-Straight-30cm/dp/B0FCLYF2KY/ref=zg_bs_g_430500031_d_sccl_88/522-4755054-8671242,2026-09-25 11:29:52.949268,No exact-ASIN Amazon marketplace listing found in current scored listings,0,,,,,
gpu,89,B0FN85QDCD,"Gigabyte GeForce RTX 5060 EAGLE MAX OC 8G Graphics Card - 8GB GDDR7, 128bit, PCI-E 5.0, 2550 MHz Core Clock, 3 x DisplayPort,",https://www.amazon.co.uk/Gigabyte-GeForce-5060-EAGLE-Graphics/dp/B0FN85QDCD/ref=zg_bs_g_430500031_d_sccl_89/522-4755054-8671242,2026-09-25 11:29:52.949268,Exact ASIN listing has CPK in expected category,1,B0FN85QDCD,gpu,d02929ac0359cd4a,"Gigabyte GeForce RTX 5060 EAGLE MAX OC 8G Graphics Card - 8GB GDDR7, 128bit, PCI-E 5.0, 2550 MHz Core Clock, 3 x DisplayPort, 1 x HDMI, NVIDIA DLSS 4, GV-N5060EAGLEMAX OC-8GD 1.0",True
gpu,90,B0FCLX5G45,"EZDIY-FAB PCIe 5.0 Riser Cable, Gen5 GPU Extender, Right Angle, 20cm, White | Vertical GPU Mount, 128GB/s Bandwidth, RTX 5090",https://www.amazon.co.uk/EZDIY-FAB-Bandwidth-Extension-Compatible-Angle-20cm/dp/B0FCLX5G45/ref=zg_bs_g_430500031_d_sccl_90/522-4755054-8671242,2026-09-25 11:29:52.949269,No exact-ASIN Amazon marketplace listing found in current scored listings,0,,,,,
gpu,91,B0FPDRFYT7,"GIGABYTE AORUS RTX 5090 AI BOX Graphics Card - 32GB GDDR7, 512bit, PCI-E 5.0, 2407MHz Core Clock, 3 x DP 2.1, 1 x HDMI 2.1, G",https://www.amazon.co.uk/GIGABYTE-AORUS-5090-Graphics-GV-N5090IXEB-32GD-Black/dp/B0FPDRFYT7/ref=zg_bs_g_430500031_d_sccl_91/522-4755054-8671242,2026-09-25 11:29:52.949270,Exact ASIN listing has CPK in expected category,1,B0FPDRFYT7,gpu,447ace3c185f923a,"GIGABYTE AORUS RTX 5090 AI BOX Graphics Card - 32GB GDDR7, 512bit, PCI-E 5.0, 2407MHz Core Clock, 3 x DP 2.1, 1 x HDMI 2.1, GV-N5090IXEB-32GD 1.0",True
gpu,92,B0DBQ4PSD7,"EZDIY-FAB Shield Series 8-Pin PCIe GPU Power Adapter,90-Degree Angled Connector, Aluminum Design for Graphics Cards – Reverse",https://www.amazon.co.uk/EZDIY-FAB-90-Degree-Connector-Aluminum-Graphics/dp/B0DBQ4PSD7/ref=zg_bs_g_430500031_d_sccl_92/522-4755054-8671242,2026-09-25 11:29:52.949271,No exact-ASIN Amazon marketplace listing found in current scored listings,0,,,,,
gpu,93,B0F7HBKSF7,"upHere GH80K GPU Support Bracket, Adjustable Height Graphics Card Support, GPU Stand with Magnet & Non-Slip Sheet, GPU Anti S",https://www.amazon.co.uk/upHere-GH80K-Adjustable-Graphics-Universal/dp/B0F7HBKSF7/ref=zg_bs_g_430500031_d_sccl_93/522-4755054-8671242,2026-09-25 11:29:52.949271,No exact-ASIN Amazon marketplace listing found in current scored listings,0,,,,,
gpu,95,B06XB7NY29,"PNY Quadro P4000 Professional Graphic Card 8GB GDDR5 PCI Express 3.0 x16, Dual Slot, 4x DisplayPort, 5K Support, Ultra-quiet",https://www.amazon.co.uk/PNY-NVIDIA-Express-Professional-Graphic/dp/B06XB7NY29/ref=zg_bs_g_430500031_d_sccl_95/522-4755054-8671242,2026-09-25 11:29:52.949273,Exact ASIN listing has CPK in expected category,1,B06XB7NY29,gpu,fb0b8e46ad4c9f03,"PNY Quadro P4000 Professional Graphic Card 8GB GDDR5 PCI Express 3.0 x16, Dual Slot, 4x DisplayPort, 5K Support, Ultra-quiet active fan",True
gpu,96,B0FG33PH79,"MSI GeForce RTX 5050 8G SHADOW 2X OC Graphics Card - RTX 5050 GPU, 8GB GDDR6 (20Gbps/128-bit), PCIe 5.0 - DUAL-Fan Thermal De",https://www.amazon.co.uk/MSI-GeForce-5050-SHADOW-Graphics/dp/B0FG33PH79/ref=zg_bs_g_430500031_d_sccl_96/522-4755054-8671242,2026-09-25 11:29:52.949273,Exact ASIN listing has CPK in expected category,1,B0FG33PH79,gpu,63a795a9feeb2457,"MSI GeForce RTX 5050 8G SHADOW 2X OC Graphics Card - RTX 5050 GPU, 8GB GDDR6 (20Gbps/128-bit), PCIe 5.0 - DUAL-Fan Thermal Design (2 x TORX FAN 5.0) - HDMI 2.1b, DisplayPort 2.1b",True
gpu,99,B0DZCYPFVT,"MSI GeForce RTX 5070 12G SHADOW 2X OC Graphics Card - RTX 5070 GPU, 12GB GDDR7 (28Gbps/192-bit), PCIe 5.0 - Dual Fan Thermal",https://www.amazon.co.uk/MSI-GeForce-5070-SHADOW-Graphics/dp/B0DZCYPFVT/ref=zg_bs_g_430500031_d_sccl_99/522-4755054-8671242,2026-09-25 11:29:52.949276,Exact ASIN listing has CPK in expected category,1,B0DZCYPFVT,gpu,5335d7e1a572ba38,"MSI GeForce RTX 5070 12G SHADOW 2X OC Graphics Card - RTX 5070 GPU, 12GB GDDR7 (28Gbps/192-bit), PCIe 5.0 - Dual Fan Thermal Design (2 x TORX FAN 5.0) - HDMI 2.1b, DisplayPort 2.1b",True
motherboard,2,B0DQM8GPR7,"Gigabyte B850 AORUS ELITE WIFI7 Motherboard - AMD Ryzen 9000 Series CPUs, 14+2+2 Phases Digital VRM, up to 8200MHz DDR5 (OC),",https://www.amazon.co.uk/GIGABYTE-B850-AORUS-ELITE-Motherboard/dp/B0DQM8GPR7/ref=zg_bs_g_430512031_d_sccl_2/524-3698123-6031407,2026-09-25 11:37:31.845477,Exact ASIN listing has CPK in expected category,1,B0DQM8GPR7,motherboard,923b890b993c0ace,"Gigabyte B850 AORUS ELITE WIFI7 Motherboard - AMD Ryzen 9000 Series CPUs, 14+2+2 Phases Digital VRM, up to 8200MHz DDR5 (OC), 1xPCIe 5.0 + 2xPCIe 4.0 M.2, 2.5 LAN, WIFI 7, USB 3.2 Gen 2x2",True
motherboard,3,B096Y1H9VR,"MSI B850 GAMING PLUS WIFI6E Motherboard, ATX - Supports AMD Ryzen 9000/8000 / 7000 Processors, AM5 - DDR5 Memory Boost 8200+",https://www.amazon.co.uk/MSI-B850-GAMING-WIFI6E-Motherboard/dp/B096Y1H9VR/ref=zg_bs_g_430512031_d_sccl_3/524-3698123-6031407,2026-09-25 11:37:31.845478,Exact ASIN listing has CPK in expected category,1,B096Y1H9VR,motherboard,5e265341061552ff,"MSI B850 GAMING PLUS WIFI6E Motherboard, ATX - Supports AMD Ryzen 9000/8000 / 7000 Processors, AM5 - DDR5 Memory Boost 8200+ MT/s (OC), PCIe 4.0 x16, M.2 Gen5, Wi-Fi 6E, 2.5G LAN",True
motherboard,6,B08NCK1MBQ,"MSI B550M PRO-VDH Motherboard M-ATX - Supports AMD Ryzen 3rd Gen Processors, AM4, DDR4 Boost (4400MHz/OC), 1 x PCIe 4.0/3.0 x",https://www.amazon.co.uk/MSI-PRO-VDH-Motherboard-Ryzen-Type-C/dp/B08NCK1MBQ/ref=zg_bs_g_430512031_d_sccl_6/524-3698123-6031407,2026-09-25 11:37:31.845480,Exact ASIN listing has CPK in expected category,1,B08NCK1MBQ,motherboard,c008ca83e09292c3,"MSI B550M PRO-VDH Motherboard M-ATX - Supports AMD Ryzen 3rd Gen Processors, AM4, DDR4 Boost (4400MHz/OC), 1 x PCIe 4.0/3.0 x16, 1 x M.2 Gen4 x4, 1 x M.2 Gen3 x4, Gigabit LAN",True
motherboard,7,B0GPD5XHFW,MAG B850 TOMAHAWK MAX WIFI II,https://www.amazon.co.uk/MAG-B850-TOMAHAWK-MAX-WIFI/dp/B0GPD5XHFW/ref=zg_bs_g_430512031_d_sccl_7/524-3698123-6031407,2026-09-25 11:37:31.845481,No exact-ASIN Amazon marketplace listing found in current scored listings,0,,,,,
motherboard,8,B09LVQXHBG,"ASUS PRIME B550M-A WIFI II, AMD B550, AM4, Micro ATX, 4 DDR4, VGA, DVI, HDMI, Wi-Fi, PCIe4, 2x M.2",https://www.amazon.co.uk/ASUS-PRIME-B550M-Micro-Wi-Fi/dp/B09LVQXHBG/ref=zg_bs_g_430512031_d_sccl_8/524-3698123-6031407,2026-09-25 11:37:31.845481,Exact ASIN listing has CPK in expected category,1,B09LVQXHBG,motherboard,e0e590bbf46f947d,"ASUS PRIME B550M-A WIFI II, AMD B550, AM4, Micro ATX, 4 DDR4, VGA, DVI, HDMI, Wi-Fi, PCIe4, 2x M.2",True
motherboard,9,B0BJW1G7VN,"MSI PRO B760-P WIFI DDR4 Motherboard, ATX - Supports Intel 14th, 13th & 12th Gen Core Processors, LGA 1700 - DDR4 Memory Boos",https://www.amazon.co.uk/MSI-PRO-B760-P-WIFI-DDR4/dp/B0BJW1G7VN/ref=zg_bs_g_430512031_d_sccl_9/524-3698123-6031407,2026-09-25 11:37:31.845482,Exact ASIN listing has CPK in expected category,1,B0BJW1G7VN,motherboard,8e6b70b966f2e732,"MSI PRO B760-P WIFI DDR4 Motherboard, ATX - Supports Intel 14th, 13th & 12th Gen Core Processors, LGA 1700 - DDR4 Memory Boost 5333+MHz/OC, PCIe 4.0 x16 Slots, M.2 Gen4 Slots, 2.5G LAN, Wi-Fi 6E",True
motherboard,11,B0DP5DQPRC,"ASUS TUF GAMING B850-PLUS WIFI AMD ATX motherboard, 14+2+1 80A DrMOS power stages, DDR5, PCIe 5.0 Ready, 3xM.2 slots, Wi-Fi 7",https://www.amazon.co.uk/ASUS-B850-PLUS-motherboard-Ethernet-DisplayPort/dp/B0DP5DQPRC/ref=zg_bs_g_430512031_d_sccl_11/524-3698123-6031407,2026-09-25 11:37:31.845484,Exact ASIN listing has CPK in expected category,1,B0DP5DQPRC,motherboard,2e31f3c1a1e3d0a6,"ASUS TUF GAMING B850-PLUS WIFI AMD ATX motherboard, 14+2+1 80A DrMOS power stages, DDR5, PCIe 5.0 Ready, 3xM.2 slots, Wi-Fi 7, Realtek 2.5Gb Ethernet, DisplayPort, HDMI, USB 20Gbps Type-C, Aura Sync",True
motherboard,13,B0DP5FBV4P,"ASUS ROG Strix B850-A Gaming WiFi AMD ATX motherboard, 14+2+2 power stages, DDR5 slots, four M.2 slots, PCIe 5.0, WiFi 7, USB",https://www.amazon.co.uk/ASUS-Gaming-motherboard-stages-20Gbps/dp/B0DP5FBV4P/ref=zg_bs_g_430512031_d_sccl_13/524-3698123-6031407,2026-09-25 11:37:31.845485,Exact ASIN listing has CPK in expected category,1,B0DP5FBV4P,motherboard,621f3ab432f8a463,"ASUS ROG Strix B850-A Gaming WiFi AMD ATX motherboard, 14+2+2 power stages, DDR5 slots, four M.2 slots, PCIe 5.0, WiFi 7, USB 20Gbps Type-C and Aura Sync RGB",True
motherboard,15,B08B4V6H3N,"MSI MPG B550 GAMING PLUS Motherboard ATX - Ryzen 3rd Gen, AM4, DDR4, PCIe4",https://www.amazon.co.uk/MSI-GAMING-Motherboard-DisplayPort-Generation/dp/B08B4V6H3N/ref=zg_bs_g_430512031_d_sccl_15/524-3698123-6031407,2026-09-25 11:37:31.845487,Exact ASIN listing has CPK in expected category,1,B08B4V6H3N,motherboard,b3201ac32c885a9e,"MSI MPG B550 GAMING PLUS Motherboard ATX - Ryzen 3rd Gen, AM4, DDR4, PCIe4",True
motherboard,16,B06XKHN62M,"ELEGOO MEGA 2560 R3 Board with USB Cable Compatible with Arduino Blue | 54 Digital I/O, 16 Analog Inputs, 256 KB Flash, RoHS",https://www.amazon.co.uk/ELEGOO-Controller-ATmega2560-ATMEGA16U2-Compatible/dp/B06XKHN62M/ref=zg_bs_g_430512031_d_sccl_16/524-3698123-6031407,2026-09-25 11:37:31.845487,No exact-ASIN Amazon marketplace listing found in current scored listings,0,,,,,
motherboard,17,B0CK2FCG1K,Raspberry Pi 5 (8GB),https://www.amazon.co.uk/Raspberry-Pi-SC1112-5-8GB/dp/B0CK2FCG1K/ref=zg_bs_g_430512031_d_sccl_17/524-3698123-6031407,2026-09-25 11:37:31.845488,No exact-ASIN Amazon marketplace listing found in current scored listings,0,,,,,
motherboard,18,B0BNQGQF43,"ASUS PRIME B760M-A WiFi D4 Intel LGA 1700, 4 x DIMM DDR4, 1 x Display Port, 2 x HDMI Ports",https://www.amazon.co.uk/ASUS-PRIME-B760M-Intel-Display/dp/B0BNQGQF43/ref=zg_bs_g_430512031_d_sccl_18/524-3698123-6031407,2026-09-25 11:37:31.845489,Exact ASIN listing has CPK in expected category,1,B0BNQGQF43,motherboard,fcdeb50a8310b078,"ASUS PRIME B760M-A WiFi D4 Intel LGA 1700, 4 x DIMM DDR4, 1 x Display Port, 2 x HDMI Ports",True
motherboard,20,B0CFY88TFH,"MSI Z790 GAMING PLUS WIFI Motherboard, ATX - Supports Intel 14th, 13th & 12th Gen Core Processors, LGA 1700 - DDR5 Memory Boo",https://www.amazon.co.uk/MSI-Z790-GAMING-PLUS-Motherboard/dp/B0CFY88TFH/ref=zg_bs_g_430512031_d_sccl_20/524-3698123-6031407,2026-09-25 11:37:31.845490,Exact ASIN listing has CPK in expected category,1,B0CFY88TFH,motherboard,03cc537f2d01d176,"MSI Z790 GAMING PLUS WIFI Motherboard, ATX - Supports Intel 14th, 13th & 12th Gen Core Processors, LGA 1700 - DDR5 Memory Boost 7200+MHz/OC, 1 x PCIe 5.0 x16, 4 x M.2 Gen4, 2.5G LAN, Wi-Fi 6E",True
motherboard,22,B08KBSRYGF,"ASUS ROG Strix B550-A Gaming AMD AM4 ATX Gaming Motherboard | PCIe® 4.0, 12+1 power stages, DDR4, 2.5Gb LAN, Dual M.2, BIOS F",https://www.amazon.co.uk/ASUS-WAVE-STRIX-B550-GAMING/dp/B08KBSRYGF/ref=zg_bs_g_430512031_d_sccl_22/524-3698123-6031407,2026-09-25 11:37:31.845492,Exact ASIN listing has CPK in expected category,1,B08KBSRYGF,motherboard,34dd03d5117963cf,ASUS ROG Strix B550-A Gaming AMD AM4 ATX Gaming Motherboard,True
motherboard,23,B071GZ8DYY,Raspberry Pi 3 Model B CPU 1.2GHz/1GB/USB2.0/HDMI/Bluetooth/WiFi RASPBERRYPI3-MODB-1G,https://www.amazon.co.uk/Raspberry-Pi-1-2GHz-Bluetooth-RASPBERRYPI3-MODB-1G/dp/B071GZ8DYY/ref=zg_bs_g_430512031_d_sccl_23/524-3698123-6031407,2026-09-25 11:37:31.845493,No exact-ASIN Amazon marketplace listing found in current scored listings,0,,,,,
motherboard,24,B008GRTSV6,"Arduino Uno REV3 [A000066] - ATmega328P Microcontroller, 16MHz, 14 Digital I/O Pins, 6 Analog Inputs, 32KB Flash, USB Connect",https://www.amazon.co.uk/Arduino-A000066-ARDUINO-UNO-REV3/dp/B008GRTSV6/ref=zg_bs_g_430512031_d_sccl_24/524-3698123-6031407,2026-09-25 11:37:31.845493,No exact-ASIN Amazon marketplace listing found in current scored listings,0,,,,,
motherboard,25,B0CSKFTP5V,"Gigabyte H610M H V3 DDR4 Motherboard - Supports Intel Core 14th CPUs, 4+1+1 Hybrid Phases Digital VRM, up to 3200MHz DDR4, 1x",https://www.amazon.co.uk/Gigabyte-H610M-V3-DDR4-Motherboard/dp/B0CSKFTP5V/ref=zg_bs_g_430512031_d_sccl_25/524-3698123-6031407,2026-09-25 11:37:31.845494,Exact ASIN listing has CPK in expected category,1,B0CSKFTP5V,motherboard,8c3dce0071b3d1e5,"Gigabyte H610M H V3 DDR4 Motherboard - Supports Intel Core 14th CPUs, 4+1+1 Hybrid Phases Digital VRM, up to 3200MHz DDR4, 1xPCIe 3.0 M.2, GbE LAN, USB 3.2 Gen 1",True
motherboard,26,B0FBMKP34R,"GIGABYTE X870 AORUS STEALTH ICE Motherboard - Supports AMD Ryzen 9000 CPUs, 16+2+2 Phases Digital VRM, up to 8200Hz DDR5 (OC)",https://www.amazon.co.uk/GIGABYTE-X870-STEALTH-ICE-Motherboard/dp/B0FBMKP34R/ref=zg_bs_g_430512031_d_sccl_26/524-3698123-6031407,2026-09-25 11:37:31.845495,Exact ASIN listing has CPK in expected category,1,B0FBMKP34R,motherboard,34edc1079661931e,"GIGABYTE X870 AORUS STEALTH ICE Motherboard - Supports AMD Ryzen 9000 CPUs, 16+2+2 Phases Digital VRM, up to 8200Hz DDR5 (OC), 2xPCIe 5.0 + 2xPCIe 4.0, Wi-Fi 7, 5 GbE LAN, USB 4",True
motherboard,27,B0BSLJCK6F,"MSI PRO B650-A WIFI Motherboard, ATX - Supports AMD Ryzen 9000/8000 / 7000 Series Processors, AM5 - DDR5 Memory Boost 7600+MH",https://www.amazon.co.uk/MSI-PRO-B650-WIFI-Motherboard/dp/B0BSLJCK6F/ref=zg_bs_g_430512031_d_sccl_27/524-3698123-6031407,2026-09-25 11:37:31.845496,Exact ASIN listing has CPK in expected category,1,B0BSLJCK6F,motherboard,c679f91f2769a77e,"MSI PRO B650-A WIFI Motherboard, ATX - Supports AMD Ryzen 9000/8000 / 7000 Series Processors, AM5 - DDR5 Memory Boost 7600+MHz/OC, 2 x PCIe 4.0 x16, 3 x M.2 Gen4, Wi-Fi 6E",True
motherboard,28,B01CD5VC92,Raspberry Pi 3 Model B Quad Core CPU 1.2 GHz 1 GB RAM Motherboard,https://www.amazon.co.uk/Raspberry-Pi-Model-Quad-Motherboard/dp/B01CD5VC92/ref=zg_bs_g_430512031_d_sccl_28/524-3698123-6031407,2026-09-25 11:37:31.845496,No exact-ASIN Amazon marketplace listing found in current scored listings,0,,,,,
motherboard,29,B0DGQ9C2TH,"ASUS TUF GAMING X870-PLUS WIFI AMD ATX motherboard, 16+2+1(80A) power stages, DDR5, PCIe 5.0 w/ full support for next-gen GPU",https://www.amazon.co.uk/ASUS-X870-PLUS-motherboard-support-next-gen/dp/B0DGQ9C2TH/ref=zg_bs_g_430512031_d_sccl_29/524-3698123-6031407,2026-09-25 11:37:31.845497,Exact ASIN listing has CPK in expected category,1,B0DGQ9C2TH,motherboard,fdf3b68ee225fba5,"ASUS TUF GAMING X870-PLUS WIFI AMD ATX motherboard, 16+2+1(80A) power stages, DDR5, PCIe 5.0 w/ full support for next-gen GPUs, 4 x M.2 slots, WiFi 7, USB4, front USB 20Gbps w/ PD Fast Charge",True
motherboard,30,B0D868ST5C,"Logic Analyzer 8CH Binghe Logic Analyzer USB 24MHz 8CH, USB Logic Analyzer, UART, SPI, IIC Logic Analyzer with USB Cable Comp",https://www.amazon.co.uk/Logic-Analyzer-Binghe-Compatible-Arduino/dp/B0D868ST5C/ref=zg_bs_g_430512031_d_sccl_30/524-3698123-6031407,2026-09-25 11:37:31.845498,No exact-ASIN Amazon marketplace listing found in current scored listings,0,,,,,
motherboard,31,B07KKBCXLY,Raspberry Pi 3 A+,https://www.amazon.co.uk/Raspberry-Pi-RP-3A-3-A/dp/B07KKBCXLY/ref=zg_bs_g_430512031_d_sccl_31/524-3698123-6031407,2026-09-25 11:37:31.845499,No exact-ASIN Amazon marketplace listing found in current scored listings,0,,,,,
motherboard,32,B0D8F6NNVK,"diymore 1 Pieces for ESP32 CAM Development Board,for ESP32 USB-C with 2640 Camera Module WiFi Bluetooth,for ESP32 DC 5V dual-",https://www.amazon.co.uk/diymore-ESP32-Development-Camera-ModuleWiFi/dp/B0D8F6NNVK/ref=zg_bs_g_430512031_d_sccl_32/524-3698123-6031407,2026-09-25 11:37:31.845499,No exact-ASIN Amazon marketplace listing found in current scored listings,0,,,,,
motherboard,33,B0DFWDFQG7,"Cooler Master MWE Gold 1050 V2 ATX 3.1 Fully Modular PSU (UK Plug) - ATX 3.1 Support, 80 PLUS Gold 1050W Power Supply, PCIe 5",https://www.amazon.co.uk/Cooler-Master-Gold-Fully-Modular/dp/B0DFWDFQG7/ref=zg_bs_g_430512031_d_sccl_33/524-3698123-6031407,2026-09-25 11:37:31.845500,Exact ASIN listing CPK category mismatch,1,B0DFWDFQG7,psu,da3191b008efde06,"Cooler Master MWE Gold 1050 V2 ATX 3.1 Fully Modular PSU (UK Plug) - ATX 3.1 Support, 80 PLUS Gold 1050W Power Supply, PCIe 5.1 Cabling, 140mm FDB Fan, High-Temperature Threshold, 10 Year Warranty",False
motherboard,34,B09CD4WSR6,"ASUS ROG Strix X870E-H Gaming WiFi7 AMD AM5 ATX Gaming Motherboard | PCIe® 5.0 x16, 16+2+1 power stages, DDR5, WiFi 7, 4X M.2",https://www.amazon.co.uk/ASUS-X870E-H-Gaming-Motherboard-Q-Release/dp/B09CD4WSR6/ref=zg_bs_g_430512031_d_sccl_34/524-3698123-6031407,2026-09-25 11:37:31.845501,Exact ASIN listing has CPK in expected category,1,B09CD4WSR6,motherboard,ad7b77694ef1698b,ASUS ROG Strix X870E-H Gaming WiFi7 AMD AM5 ATX Gaming Motherboard,True
motherboard,35,B0DGQ91QLK,"ASUS ROG Strix X870-F Gaming WiFi, AMD ATX motherboard, 16+2+2 power stages, DDR5 slots, four M.2 slots, PCIe 5.0 with full s",https://www.amazon.co.uk/ASUS-X870-F-motherboard-support-next-gen/dp/B0DGQ91QLK/ref=zg_bs_g_430512031_d_sccl_35/524-3698123-6031407,2026-09-25 11:37:31.845502,Exact ASIN listing has CPK in expected category,1,B0DGQ91QLK,motherboard,ca31ed2801417634,"ASUS ROG Strix X870-F Gaming WiFi, AMD ATX motherboard, 16+2+2 power stages, DDR5 slots, four M.2 slots, PCIe 5.0 with full support for next-gen GPUs, WiFi 7, USB 10G w/ PD 3.0 up to 30W",True
motherboard,37,B0G4MDGG4Z,"2pcs Motherboard USB 2.0 to Dual 9 Pin Extension Cable, Y-Shaped Braided USB 9 Pin Header Splitter PC Cable for Internal Comp",https://www.amazon.co.uk/Motherboard-Extension-Y-Shaped-Splitter-Internal/dp/B0G4MDGG4Z/ref=zg_bs_g_430512031_d_sccl_37/524-3698123-6031407,2026-09-25 11:37:31.845503,No exact-ASIN Amazon marketplace listing found in current scored listings,0,,,,,
motherboard,38,B0DG9WTMKK,ASRock AMD X870 Pro RS AM5 DDR5 PCIe 5.0 ATX Motherboard,https://www.amazon.co.uk/ASRock-X870-RS-DDR5-Motherboard/dp/B0DG9WTMKK/ref=zg_bs_g_430512031_d_sccl_38/524-3698123-6031407,2026-09-25 11:37:31.845504,Exact ASIN listing has CPK in expected category,1,B0DG9WTMKK,motherboard,a3595384272f6cda,ASRock AMD X870 Pro RS AM5 DDR5 PCIe 5.0 ATX Motherboard,True
motherboard,39,B0BVKYWPFT,"Asus TUF GAMING B760-PLUS WIFI, Intel B760, 1700, ATX, 4 DDR5, HDMI, DP, Wi-Fi 6, 2.5G LAN, PCIe5, 3x M.2, RGB",https://www.amazon.co.uk/ASUS-GAMING-B760-PLUS-WIFI-B760/dp/B0BVKYWPFT/ref=zg_bs_g_430512031_d_sccl_39/524-3698123-6031407,2026-09-25 11:37:31.845504,Exact ASIN listing has CPK in expected category,1,B0BVKYWPFT,motherboard,250f97dea204dd8e,"Asus TUF GAMING B760-PLUS WIFI, Intel B760, 1700, ATX, 4 DDR5, HDMI, DP, Wi-Fi 6, 2.5G LAN, PCIe5, 3x M.2, RGB",True
motherboard,41,B0CSPFLY9N,"Asus TUF GAMING B650-E WIFI, AMD B650, AM5, ATX, 4 DDR5, HDMI, DP, Wi-Fi 6E, 2.5G LAN, PCIe4, 3x M.2",https://www.amazon.co.uk/Asus-GAMING-B650-Wi-Fi-PCIe4/dp/B0CSPFLY9N/ref=zg_bs_g_430512031_d_sccl_41/524-3698123-6031407,2026-09-25 11:37:31.845506,Exact ASIN listing has CPK in expected category,1,B0CSPFLY9N,motherboard,4e849490b7ea588b,"Asus TUF GAMING B650-E WIFI, AMD B650, AM5, ATX, 4 DDR5, HDMI, DP, Wi-Fi 6E, 2.5G LAN, PCIe4, 3x M.2",True
motherboard,42,B0G2BN7W7S,"MSI PRO A620AM-B EVO Motherboard, Micro-ATX - Supports AMD Ryzen 9000/8000 / 7000 Processors, AM5 - DDR5 Memory Boost (6800+",https://www.amazon.co.uk/MSI-PRO-A620AM-B-Motherboard-Micro-ATX/dp/B0G2BN7W7S/ref=zg_bs_g_430512031_d_sccl_42/524-3698123-6031407,2026-09-25 11:37:31.845507,Exact ASIN listing has CPK in expected category,1,B0G2BN7W7S,motherboard,c2bcd463594be3d2,"MSI PRO A620AM-B EVO Motherboard, Micro-ATX - Supports AMD Ryzen 9000/8000 / 7000 Processors, AM5 - DDR5 Memory Boost (6800+ MT/s OC), 1 x PCIe 4.0 x16, 1 x M.2 Gen4",True
motherboard,43,B0FHQL887B,ADMI CPU/Motherboard Bundle – AMD Ryzen 5 5500 + MSI A520M PRO-A (No RAM) – Pre-Assembled & Tested,https://www.amazon.co.uk/ADMI-Motherboard-Bundle-PRO-Pre-Assembled/dp/B0FHQL887B/ref=zg_bs_g_430512031_d_sccl_43/524-3698123-6031407,2026-09-25 11:37:31.845507,No exact-ASIN Amazon marketplace listing found in current scored listings,0,,,,,
motherboard,44,B0DJDF92JW,"ASUS Intel ROG Strix Z890-A Gaming WiFi ATX motherboard, 16+1+2+2 power stages, DDR5 slots, PCIe 5.0 w/ full support for next",https://www.amazon.co.uk/ASUS-motherboard-next-gen-Overclocking-Networking/dp/B0DJDF92JW/ref=zg_bs_g_430512031_d_sccl_44/524-3698123-6031407,2026-09-25 11:37:31.845508,Exact ASIN listing has CPK in expected category,1,B0DJDF92JW,motherboard,8ea3ea164e4a9939,"ASUS Intel ROG Strix Z890-A Gaming WiFi ATX motherboard, 16+1+2+2 power stages, DDR5 slots, PCIe 5.0 w/ full support for next-gen GPUs, five M.2 slots, WiFi 7, AI Overclocking, AI Networking II",True
motherboard,45,B0FG354VCN,"ESP32-S3 7inch Touch LCD Development Board, 1024×600 65K Color IPS Display, 32-bit LX7 Dual-core Processor, up to 240MHz Freq",https://www.amazon.co.uk/Development-Dual-core-Processor-Frequency-Adjustable/dp/B0FG354VCN/ref=zg_bs_g_430512031_d_sccl_45/524-3698123-6031407,2026-09-25 11:37:31.845509,No exact-ASIN Amazon marketplace listing found in current scored listings,0,,,,,
motherboard,46,B08HHMCCXV,"MSI A520M-A PRO Motherboard mATX - AMD Ryzen 3000, AM4, DDR4, PCIe3, M.2",https://www.amazon.co.uk/MSI-7C96-001R-CARTES-MERES-A520M-A/dp/B08HHMCCXV/ref=zg_bs_g_430512031_d_sccl_46/524-3698123-6031407,2026-09-25 11:37:31.845510,Exact ASIN listing has CPK in expected category,1,B08HHMCCXV,motherboard,a0d83c7683c89a81,"MSI A520M-A PRO Motherboard mATX - AMD Ryzen 3000, AM4, DDR4, PCIe3, M.2",True
motherboard,47,B0DLWVQVT6,MSI X870 GAMING PLUS WIFI Motherboard (Socket AM5/X870/DDR5/S-ATA 6Gb/s/ATX),https://www.amazon.co.uk/MSI-X870-GAMING-PLUS-Motherboard/dp/B0DLWVQVT6/ref=zg_bs_g_430512031_d_sccl_47/524-3698123-6031407,2026-09-25 11:37:31.845510,Exact ASIN listing has CPK in expected category,1,B0DLWVQVT6,motherboard,af40a9551b22733d,MSI X870 GAMING PLUS WIFI Motherboard (Socket AM5/X870/DDR5/S-ATA 6Gb/s/ATX),True
motherboard,48,B0F1Z5QHDL,"Asus B850 MAX GAMING WIFI W, AMD B850, AM5, ATX, 4 DDR5, HDMI, DP, Wi-Fi 6E, 2.5G LAN, 3x M.2, White",https://www.amazon.co.uk/Asus-B850-GAMING-Wi-Fi-White/dp/B0F1Z5QHDL/ref=zg_bs_g_430512031_d_sccl_48/524-3698123-6031407,2026-09-25 11:37:31.845511,Exact ASIN listing has CPK in expected category,1,B0F1Z5QHDL,motherboard,4c392bdfe4842cea,"Asus B850 MAX GAMING WIFI W, AMD B850, AM5, ATX, 4 DDR5, HDMI, DP, Wi-Fi 6E, 2.5G LAN, 3x M.2, White",True
motherboard,49,B0D86FQH3N,Rasp-Pi Micro 40-pin Socket GPIO Terminal Block Breakout Board Module Binghe Mini Terminal Expansion Card Raspberry Pi Expans,https://www.amazon.co.uk/Rasp-Pi-Micro-Binghe-Expansion-Raspberry/dp/B0D86FQH3N/ref=zg_bs_g_430512031_d_sccl_49/524-3698123-6031407,2026-09-25 11:37:31.845512,No exact-ASIN Amazon marketplace listing found in current scored listings,0,,,,,
motherboard,51,B0CT31PH8S,"Waveshare Slamtec RPLIDAR C1 Laser Ranging Sensor, 360° Omnidirectional Lidar, Millimeter-Level High Definition, Anti-Interfe",https://www.amazon.co.uk/Waveshare-Omnidirectional-Millimeter-Level-Anti-Interference-Anti-Adhesion/dp/B0CT31PH8S/ref=zg_bs_g_430512031_d_sccl_1/524-3698123-6031407,2026-09-25 11:37:31.845513,No exact-ASIN Amazon marketplace listing found in current scored listings,0,,,,,
motherboard,53,B096Y3Z7GG,"MSI B850 GAMING PRO WIFI6E Motherboard, ATX - Supports AMD Ryzen 9000/8000 / 7000 Processors, AM5 - DDR5 Memory Boost 8200+ M",https://www.amazon.co.uk/MSI-B850-GAMING-WIFI6E-Motherboard/dp/B096Y3Z7GG/ref=zg_bs_g_430512031_d_sccl_3/524-3698123-6031407,2026-09-25 11:37:31.845515,Exact ASIN listing has CPK in expected category,1,B096Y3Z7GG,motherboard,a29369e482a86676,"MSI B850 GAMING PRO WIFI6E Motherboard, ATX - Supports AMD Ryzen 9000/8000 / 7000 Processors, AM5 - DDR5 Memory Boost 8200+ MT/s (OC), PCIe 4.0 x16, M.2 Gen5, Wi-Fi 6E, 2.5G LAN",True
motherboard,54,B0BPMFVXDG,"Gigabyte B760 DS3H DDR4 Motherboard - Supports Intel Core 14th CPUs, 18+2+1 Phases Digital VRM, up to 5333MHz DDR4 (OC), 2xPC",https://www.amazon.co.uk/GBT-Intel-1700-B760M-DDR4/dp/B0BPMFVXDG/ref=zg_bs_g_430512031_d_sccl_4/524-3698123-6031407,2026-09-25 11:37:31.845515,Exact ASIN listing has CPK in expected category,1,B0BPMFVXDG,motherboard,785a71275961eaee,"Gigabyte B760 DS3H DDR4 Motherboard - Supports Intel Core 14th CPUs, 18+2+1 Phases Digital VRM, up to 5333MHz DDR4 (OC), 2xPCIe 4.0 M.2, GbE LAN, USB 3.2 Gen 2",True
motherboard,55,B0778M8RTQ,"Ryzen 5 5500 3.6Ghz (Turbo 4.2Ghz) Six Core Twelve Thread CPU, TUF Gaming A520M-PLUS II Motherboard & 16GB 3000Mhz DDR4 RAM P",https://www.amazon.co.uk/TUF-Gaming-A520M-PLUS-II-Motherboard/dp/B0778M8RTQ/ref=zg_bs_g_430512031_d_sccl_5/524-3698123-6031407,2026-09-25 11:37:31.845516,No exact-ASIN Amazon marketplace listing found in current scored listings,0,,,,,
motherboard,56,B0CC9G49JQ,"MSI PRO H610M-E Motherboard, Micro-ATX - Supports Intel 12th & 13th Gen Core Processors, LGA 1700 - DDR5 Memory Boost 5600MHz",https://www.amazon.co.uk/MSI-PRO-H610M-E-H610-null-Version/dp/B0CC9G49JQ/ref=zg_bs_g_430512031_d_sccl_6/524-3698123-6031407,2026-09-25 11:37:31.845517,Exact ASIN listing has CPK in expected category,1,B0CC9G49JQ,motherboard,caab063107826d6e,"MSI PRO H610M-E Motherboard, Micro-ATX - Supports Intel 12th & 13th Gen Core Processors, LGA 1700 - DDR5 Memory Boost 5600MHz/MAX, PCIe 4.0 x16 Slot, M.2 Gen3 Slot",True
motherboard,57,B0DFCKDW95,25KG Servo Motor Binghe 25KG Digital Servo Motor RC Servo ServoMotor Metal Gears with 25T Dual Lock Metal Servo RC Servo 180°,https://www.amazon.co.uk/Binghe-ServoMotor-Helicopter-Airplane-Compatible/dp/B0DFCKDW95/ref=zg_bs_g_430512031_d_sccl_7/524-3698123-6031407,2026-09-25 11:37:31.845518,No exact-ASIN Amazon marketplace listing found in current scored listings,0,,,,,
motherboard,58,B0GL6H39LJ,"GL.iNet GL-ATX, works with Comet series KVM, Remote PC Power Control Board | Power on PCs remotely, crash recovery, OS indepe",https://www.amazon.co.uk/GL-iNet-GL-ATX-works-Remote-Control/dp/B0GL6H39LJ/ref=zg_bs_g_430512031_d_sccl_8/524-3698123-6031407,2026-09-25 11:37:31.845518,No exact-ASIN Amazon marketplace listing found in current scored listings,0,,,,,
motherboard,59,B0B4DF96RF,zalati Buzzer Beeper Computer Motherboard Desktop PC Generic BIOS Interanal Loudspeaker,https://www.amazon.co.uk/zalati-Computer-Motherboard-Interanal-Loudspeaker/dp/B0B4DF96RF/ref=zg_bs_g_430512031_d_sccl_9/524-3698123-6031407,2026-09-25 11:37:31.845519,No exact-ASIN Amazon marketplace listing found in current scored listings,0,,,,,
motherboard,60,B0BHHVLN34,"ASUS TUF GAMING B650M-PLUS WIFI AMD Ryzen AM5 Micro-ATX motherboard, 14 power stages, PCIe 5.0 M.2 support, DDR5 memory, WiFi",https://www.amazon.co.uk/ASUS-B650M-PLUS-Micro-ATX-motherboard-Ethernet/dp/B0BHHVLN34/ref=zg_bs_g_430512031_d_sccl_10/524-3698123-6031407,2026-09-25 11:37:31.845520,Exact ASIN listing has CPK in expected category,1,B0BHHVLN34,motherboard,dcbcc08b82b0c644,"ASUS TUF GAMING B650M-PLUS WIFI AMD Ryzen AM5 Micro-ATX motherboard, 14 power stages, PCIe 5.0 M.2 support, DDR5 memory, WiFi 6 and 2.5 Gb Ethernet, USB4 support and Aura Sync",True
motherboard,61,B08WZFLCBW,Multibao USB 3.0 Motherboard Male Header 20 pin to 9 pin Female USB 2.0 Cable Adapter,https://www.amazon.co.uk/Multibao-Motherboard-Header-Female-Adapter/dp/B08WZFLCBW/ref=zg_bs_g_430512031_d_sccl_11/524-3698123-6031407,2026-09-25 11:37:31.845520,No exact-ASIN Amazon marketplace listing found in current scored listings,0,,,,,
motherboard,62,B0DRTWM32Q,MB ASRock AMD AM5 B850M Pro RS WiFi,https://www.amazon.co.uk/ASRock-B850M-Pro-RS-WiFi/dp/B0DRTWM32Q/ref=zg_bs_g_430512031_d_sccl_12/524-3698123-6031407,2026-09-25 11:37:31.845521,Exact ASIN listing has CPK in expected category,1,B0DRTWM32Q,motherboard,b0fd3637be4d1732,MB ASRock AMD AM5 B850M Pro RS WiFi,True
motherboard,63,B0C5XJV83K,Sipeed Tang Nano 20K GW2AR-18 QN88 FPGA Development Board with 64Mbits SDRAM 828K Block SRAM Linux RISCV Single Board Compute,https://www.amazon.co.uk/GW2AR-18-Development-64Mbits-Computer-Console-GW2A-LV18QN88C8I7/dp/B0C5XJV83K/ref=zg_bs_g_430512031_d_sccl_13/524-3698123-6031407,2026-09-25 11:37:31.845522,No exact-ASIN Amazon marketplace listing found in current scored listings,0,,,,,
motherboard,64,B0BSMYVD88,"MSI MPG Z890 EDGE TI WIFI Motherboard, ATX - Supports Intel Core Ultra Processors (Series 2), LGA 1851-90A SPS VRM, DDR5 Memo",https://www.amazon.co.uk/MSI-MPG-Z890-EDGE-WIFI/dp/B0BSMYVD88/ref=zg_bs_g_430512031_d_sccl_14/524-3698123-6031407,2026-09-25 11:37:31.845523,Exact ASIN listing has CPK in expected category,1,B0BSMYVD88,motherboard,2ed417e1e7ac9090,"MSI MPG Z890 EDGE TI WIFI Motherboard, ATX - Supports Intel Core Ultra Processors (Series 2), LGA 1851-90A SPS VRM, DDR5 Memory Boost (9066+ MT/s OC), PCIe 5.0 x16 & 4.0 x16, M.2 Gen5, Wi-Fi 7, 5G L",True
motherboard,65,B0DK7JG668,"GIGABYTE Z890 GAMING X WIFI7 Motherboard - Supports Intel Core Ultra (Series 2) CPUs, 16+1+2 phases VRM, up to 8800MHz DDR5 (",https://www.amazon.co.uk/GIGABYTE-Z890-GAMING-WIFI7-Motherboard/dp/B0DK7JG668/ref=zg_bs_g_430512031_d_sccl_15/524-3698123-6031407,2026-09-25 11:37:31.845523,Exact ASIN listing CPK category mismatch,1,B0DK7JG668,ram,32cf9a82b961ab98,"GIGABYTE Z890 GAMING X WIFI7 Motherboard - Supports Intel Core Ultra (Series 2) CPUs, 16+1+2 phases VRM, up to 8800MHz DDR5 (OC), 1xPCIe 5.0 + 3xPCIe 4.0, Wi-Fi 7, 2.5GbE LAN, Thunderbolt 4",False
motherboard,66,B0DKJD4NVF,"Waveshare ESP32-S3 ETH Development Board, 10/100Mbps RJ45 Ethernet Port, Wi-Fi & BT Support, 240MHz Dual Core Processor, Onbo",https://www.amazon.co.uk/Waveshare-ESP32-S3-Development-Ethernet-Processor/dp/B0DKJD4NVF/ref=zg_bs_g_430512031_d_sccl_16/524-3698123-6031407,2026-09-25 11:37:31.845524,No exact-ASIN Amazon marketplace listing found in current scored listings,0,,,,,
motherboard,67,B0GWYSQJ58,"Waveshare Portable Handheld Linux Terminal with 3.5inch Touch Display, 640 × 480, Optical Bonding, Compatible with Pi 4B/5 Po",https://www.amazon.co.uk/Waveshare-Compatible-Development-Debugging-PocketTerm35/dp/B0GWYSQJ58/ref=zg_bs_g_430512031_d_sccl_17/524-3698123-6031407,2026-09-25 11:37:31.845525,No exact-ASIN Amazon marketplace listing found in current scored listings,0,,,,,
motherboard,68,B0F82XK3JC,"Waveshare SX1262 LoRa Node Module For Raspberry Pi Pico Support LoRaWAN Protocol EU868 Band Support Meshtastic Project, witho",https://www.amazon.co.uk/Waveshare-Raspberry-Support-Protocol-Meshtastic/dp/B0F82XK3JC/ref=zg_bs_g_430512031_d_sccl_18/524-3698123-6031407,2026-09-25 11:37:31.845526,No exact-ASIN Amazon marketplace listing found in current scored listings,0,,,,,
motherboard,69,B0CWR6BXT7,AOICRIE 2PCS ESP32 Breakout Board GPIO 1 into 2 Compatible with 30 Pins ESP32S ESP32 Development Board 2.4 GHz Dual Core WLAN,https://www.amazon.co.uk/AOICRIE-Compatible-Development-Microcontroller-ESP-WROOM-32/dp/B0CWR6BXT7/ref=zg_bs_g_430512031_d_sccl_19/524-3698123-6031407,2026-09-25 11:37:31.845526,No exact-ASIN Amazon marketplace listing found in current scored listings,0,,,,,
motherboard,70,B0BX8Q2MJP,LILYGO T-Display-S3 ESP32-S3 1.9 inch ST7789 LCD Display TTGO Development Board,https://www.amazon.co.uk/LILYGO-T-Display-S3-ESP32-S3-Display-Development/dp/B0BX8Q2MJP/ref=zg_bs_g_430512031_d_sccl_20/524-3698123-6031407,2026-09-25 11:37:31.845527,No exact-ASIN Amazon marketplace listing found in current scored listings,0,,,,,
motherboard,71,B0CGLRHDRD,"Waveshare USB To UART/I2C/SPI/JTAG Converter Compatible with Linux (Raspberry Pi), Win7/8/8.1/10/11, 3.3V and 5V Multiple Pro",https://www.amazon.co.uk/Waveshare-USB-UART-I2C-JTAG/dp/B0CGLRHDRD/ref=zg_bs_g_430512031_d_sccl_21/524-3698123-6031407,2026-09-25 11:37:31.845528,No exact-ASIN Amazon marketplace listing found in current scored listings,0,,,,,
motherboard,72,B0D3GD458Z,"Waveshare 2-Channel Isolated CAN Bus Expansion HAT+ For Raspberry Pi Motherboards, Support 7-36V Wide Input Voltage, Dual Chi",https://www.amazon.co.uk/Waveshare-2-Channel-Expansion-Raspberry-Motherboards/dp/B0D3GD458Z/ref=zg_bs_g_430512031_d_sccl_22/524-3698123-6031407,2026-09-25 11:37:31.845528,No exact-ASIN Amazon marketplace listing found in current scored listings,0,,,,,
motherboard,73,B0CXHPP7DM,ESP32 Touchscreen 2.8 Inch TFT LCD Display ILI9341 Resistive Touch Module 240 x 320 ESP32-2432S028R Bluetooth WiFi Dual Core,https://www.amazon.co.uk/Touchscreen-ESP-WROOM-32-Resistive-ESP32-2432S028R-Development/dp/B0CXHPP7DM/ref=zg_bs_g_430512031_d_sccl_23/524-3698123-6031407,2026-09-25 11:37:31.845529,No exact-ASIN Amazon marketplace listing found in current scored listings,0,,,,,
motherboard,74,B0CNXR8D51,For TPM 2.0 Module Strong Encryption 14 Pin LPC Interface Ecurity Board for Motherboard Compatibility with Green LPC TPM Tech,https://www.amazon.co.uk/Encryption-Motherboard-Compatibility-Technology-Protection/dp/B0CNXR8D51/ref=zg_bs_g_430512031_d_sccl_24/524-3698123-6031407,2026-09-25 11:37:31.845530,No exact-ASIN Amazon marketplace listing found in current scored listings,0,,,,,
motherboard,75,B0D86Q5DBL,"Nano Expansion Board Binghe 3pcs Nano Shield, Nano Bracket, Nano IO Shield V1.O Simple Expansion Board with Screw Terminal Co",https://www.amazon.co.uk/Nano-Binghe-Shield-IO-Compatible/dp/B0D86Q5DBL/ref=zg_bs_g_430512031_d_sccl_25/524-3698123-6031407,2026-09-25 11:37:31.845531,No exact-ASIN Amazon marketplace listing found in current scored listings,0,,,,,
motherboard,76,B0FKBLR2KF,"diymore 2 Set ESP32-S3 DevKitC-1 N16R8 Module, with Expansion Board for ESP32 S3 1-N16R8 Development Board with WiFi, Bluetoo",https://www.amazon.co.uk/diymore-DevKitC-1-Expansion-Development-Connectable-2PCS-ESP32-S3-Board/dp/B0FKBLR2KF/ref=zg_bs_g_430512031_d_sccl_26/524-3698123-6031407,2026-09-25 11:37:31.845531,No exact-ASIN Amazon marketplace listing found in current scored listings,0,,,,,
motherboard,78,B0BHZ8H6LM,"KEYESTUDIO ESP32 WROOM Development Board, Support WiFi and Bluetooth, Compatible with Arduino",https://www.amazon.co.uk/KEYESTUDIO-Development-Support-Bluetooth-Compatible/dp/B0BHZ8H6LM/ref=zg_bs_g_430512031_d_sccl_28/524-3698123-6031407,2026-09-25 11:37:31.845533,No exact-ASIN Amazon marketplace listing found in current scored listings,0,,,,,
motherboard,79,B0BCKCYPPM,"DAOKAI 21Pcs Heatsink Kit Aluminum + Copper Cooler Cooling Set Protect The Motherboard, for Raspberry Pi 4, Raspberry Pi 3 B+",https://www.amazon.co.uk/DAOKAI-Heatsink-Motherboard-Raspberry-Conductive/dp/B0BCKCYPPM/ref=zg_bs_g_430512031_d_sccl_29/524-3698123-6031407,2026-09-25 11:37:31.845534,No exact-ASIN Amazon marketplace listing found in current scored listings,0,,,,,
motherboard,81,B08DQB2GDN,Asustek computer PRIME A520M-K,https://www.amazon.co.uk/Asustek-computer-90MB1500-M0EAY0-PRIME-A520M-K/dp/B08DQB2GDN/ref=zg_bs_g_430512031_d_sccl_81/524-3698123-6031407,2026-09-25 11:37:31.845535,No exact-ASIN Amazon marketplace listing found in current scored listings,0,,,,,
motherboard,82,B0CT8JTMJM,"Waveshare Human Micro-Motion Detection MmWave Sensor, 24GHz MmWave Radar, Based On SXKMXXX0, Adopts Frequency Modulated Conti",https://www.amazon.co.uk/Waveshare-Micro-Motion-Continuous-Technology-Integration/dp/B0CT8JTMJM/ref=zg_bs_g_430512031_d_sccl_82/524-3698123-6031407,2026-09-25 11:37:31.845536,No exact-ASIN Amazon marketplace listing found in current scored listings,0,,,,,
motherboard,83,B0FX4YQTG9,"V2 Bitcoin Miner, 1060 KH/s Miner V2 Intelligent Display with ESP32 and Table Clock Bitcoin Miner BTC Solo Lottery Bitcoin Cr",https://www.amazon.co.uk/Nerdminer-Bitcoin-Intelligent-Display-Compatible/dp/B0FX4YQTG9/ref=zg_bs_g_430512031_d_sccl_83/524-3698123-6031407,2026-09-25 11:37:31.845537,No exact-ASIN Amazon marketplace listing found in current scored listings,0,,,,,
motherboard,85,B0DHCQ1MPZ,"ASUS ROG Strix B850-I Gaming WiFi AMD AM5 B850 Mini-ITX mITX motherboard 10+2+1 phase, DDR5, 2.5G LAN, WiFi 7, 2X M.2, PCIe®",https://www.amazon.co.uk/ASUS-ROG-B850-I-Motherboard-Overclocking/dp/B0DHCQ1MPZ/ref=zg_bs_g_430512031_d_sccl_85/524-3698123-6031407,2026-09-25 11:37:31.845538,No exact-ASIN Amazon marketplace listing found in current scored listings,0,,,,,
motherboard,86,B0D7LTD6RM,"Colexy Motherboard USB 2.0 9pin Header 1 to 2 Extension Hub Splitter Adapter, 2 PCS USB 2.0 9 Pin Splitter, USB Cable Splitte",https://www.amazon.co.uk/Splitter-Motherboard-Extension-Computer-Accessories/dp/B0D7LTD6RM/ref=zg_bs_g_430512031_d_sccl_86/524-3698123-6031407,2026-09-25 11:37:31.845539,No exact-ASIN Amazon marketplace listing found in current scored listings,0,,,,,
motherboard,87,B0FFSTQLTL,"LUCKFOX Lyra Zero W Micro Linux Development Board - RK3506B Chip, Triple-Core ARM Cortex-A7 & M0, WiFi 6, BT5.2",https://www.amazon.co.uk/LUCKFOX-Micro-Linux-Development-Board/dp/B0FFSTQLTL/ref=zg_bs_g_430512031_d_sccl_87/524-3698123-6031407,2026-09-25 11:37:31.845540,No exact-ASIN Amazon marketplace listing found in current scored listings,0,,,,,
motherboard,88,B0D86CPN5J,Binghe PN532 NFC RFID V3 Module - 2Pcs NXP PN532 NFC Module with S50 White Card Key Card - I2C/SPI/HSU Interface - Compatible,https://www.amazon.co.uk/Binghe-Interface-Compatible-Arduino-Raspberry/dp/B0D86CPN5J/ref=zg_bs_g_430512031_d_sccl_88/524-3698123-6031407,2026-09-25 11:37:31.845540,No exact-ASIN Amazon marketplace listing found in current scored listings,0,,,,,
motherboard,89,B09P45FMWW,"MSI PRO H610M-G DDR4 Motherboard, Micro-ATX - Supports Intel 12th Gen Core Processors, LGA 1700 - 2 x DIMMs (3200MHz), 1x PCI",https://www.amazon.co.uk/MSI-PRO-H610M-G-DDR4-Motherboard/dp/B09P45FMWW/ref=zg_bs_g_430512031_d_sccl_89/524-3698123-6031407,2026-09-25 11:37:31.845541,Exact ASIN listing has CPK in expected category,1,B09P45FMWW,motherboard,0929d3e77cd742c1,"MSI PRO H610M-G DDR4 Motherboard, Micro-ATX - Supports Intel 12th Gen Core Processors, LGA 1700 - 2 x DIMMs (3200MHz), 1x PCIe 4.0 x16 slot, 1 x M.2 Gen3, USB 3.2 Gen1, 1G LAN, HDMI 2.1 & DP 1.4",True
motherboard,90,B0DLWGVXCS,"Waveshare ESP32-S3 Wi-Fi Development Board with ESP32-S3-WROOM-1 Series Module, 240MHz Dual Core Processor, 512KB SRAM, 8MB P",https://www.amazon.co.uk/Waveshare-Development-ESP32-S3-WROOM-1-Processor-Connector/dp/B0DLWGVXCS/ref=zg_bs_g_430512031_d_sccl_90/524-3698123-6031407,2026-09-25 11:37:31.845542,No exact-ASIN Amazon marketplace listing found in current scored listings,0,,,,,
motherboard,91,B0F3JMPF86,"Asus TUF GAMING B850-BTF WIFI W, AMD B850, AM5, ATX, 4 DDR5, HDMI, DP, Wi-Fi 7, 2.5G LAN, 3x M.2 *Requires a BTF Compatible C",https://www.amazon.co.uk/GAMING-B850-BTF-Requires-Compatible-Chassis/dp/B0F3JMPF86/ref=zg_bs_g_430512031_d_sccl_91/524-3698123-6031407,2026-09-25 11:37:31.845543,Exact ASIN listing has CPK in expected category,1,B0F3JMPF86,motherboard,47e080a65c070496,"Asus TUF GAMING B850-BTF WIFI W, AMD B850, AM5, ATX, 4 DDR5, HDMI, DP, Wi-Fi 7, 2.5G LAN, 3x M.2 *Requires a BTF Compatible Chassis*",True
motherboard,92,B0CXT1Z2WD,DollaTek ESP32-S3-DevKitC-1 Development Board with ESP32-S3-WROOM-1-N16R8 Module (Soldering) 6M External Flash Expansion 8M P,https://www.amazon.co.uk/DollaTek-ESP32-S3-DevKitC-1-Development-ESP32-S3-WROOM-1-N16R8-Compatible/dp/B0CXT1Z2WD/ref=zg_bs_g_430512031_d_sccl_92/524-3698123-6031407,2026-09-25 11:37:31.845543,No exact-ASIN Amazon marketplace listing found in current scored listings,0,,,,,
motherboard,93,B0FH4LPLGQ,"GIGABYTE H810M K Motherboard - Intel Core Ultra (Series 2) CPUs, 3+1+2 Phases VRM, up to 6400MHz DDR5, 1xPCIe 4.0 M.2, 1GbE L",https://www.amazon.co.uk/GIGABYTE-H810M-Motherboard-Phases-6400MHz/dp/B0FH4LPLGQ/ref=zg_bs_g_430512031_d_sccl_93/524-3698123-6031407,2026-09-25 11:37:31.845544,Exact ASIN listing has CPK in expected category,1,B0FH4LPLGQ,motherboard,bc8dfe1aadf96792,"GIGABYTE H810M K Motherboard - Intel Core Ultra (Series 2) CPUs, 3+1+2 Phases VRM, up to 6400MHz DDR5, 1xPCIe 4.0 M.2, 1GbE LAN, USB 3.2 Gen 1",True
motherboard,94,B01M1KIEYB,MMOBIEL Molybdenum Cutting Wire Gold 0.08mm 100m/329ft Great for LCD front Glass Seperation,https://www.amazon.co.uk/MMOBIEL-Molybdenum-Professional-LCD-Seperation-Dissection/dp/B01M1KIEYB/ref=zg_bs_g_430512031_d_sccl_94/524-3698123-6031407,2026-09-25 11:37:31.845545,No exact-ASIN Amazon marketplace listing found in current scored listings,0,,,,,
motherboard,95,B0GL6V276Z,"GL.iNet Fingerbot Remote Power Control for Comet series KVM | Remote power control from full shutdown, no on-site access need",https://www.amazon.co.uk/GL-iNet-Fingerbot-Remote-Power-Control/dp/B0GL6V276Z/ref=zg_bs_g_430512031_d_sccl_95/524-3698123-6031407,2026-09-25 11:37:31.845546,No exact-ASIN Amazon marketplace listing found in current scored listings,0,,,,,
motherboard,96,B0GV4GJBS4,"Waveshare ESP32-C6 2.16inch AMOLED Display Touch Screen Development Board, 480 x 480 Resolution, 16.7M Color, Supports Dual M",https://www.amazon.co.uk/Waveshare-ESP32-C6-Development-Resolution-Microphones/dp/B0GV4GJBS4/ref=zg_bs_g_430512031_d_sccl_96/524-3698123-6031407,2026-09-25 11:37:31.845546,No exact-ASIN Amazon marketplace listing found in current scored listings,0,,,,,
motherboard,97,B0DD7BYCG4,"4 in 1 Protective Case Set for Flipper Zero Device and Wi-Fi Dev Board V1 ESP32-S2, Cover Set Accessories for Flipper Zero Wi",https://www.amazon.co.uk/Protective-Flipper-Device-ESP32-S2-Accessories/dp/B0DD7BYCG4/ref=zg_bs_g_430512031_d_sccl_97/524-3698123-6031407,2026-09-25 11:37:31.845547,No exact-ASIN Amazon marketplace listing found in current scored listings,0,,,,,
motherboard,98,B0DPMRBJVC,"ASUS ROG Strix B860-I Gaming WiFi, Mini-iTX Motherboard, Advanced AI Ready, 10+1+2+1 Power Stages, DDR5, PCIe 5.0, Two M.2 Sl",https://www.amazon.co.uk/ASUS-Mini-iTX-Motherboard-Advanced-Networking/dp/B0DPMRBJVC/ref=zg_bs_g_430512031_d_sccl_98/524-3698123-6031407,2026-09-25 11:37:31.845548,No exact-ASIN Amazon marketplace listing found in current scored listings,0,,,,,
motherboard,100,B0DSQS643T,ASRock B860M Pro RS DDR5 PCIe 5.0 Micro-ATX Motherboard,https://www.amazon.co.uk/ASRock-B860M-DDR5-Micro-ATX-Motherboard/dp/B0DSQS643T/ref=zg_bs_g_430512031_d_sccl_100/524-3698123-6031407,2026-09-25 11:37:31.845549,No exact-ASIN Amazon marketplace listing found in current scored listings,0,,,,,
psu,2,B0DMTL43VR,"CORSAIR RM850e (2025) Fully Modular Low-Noise ATX Power Supply with 12V-2x6 Cable – ATX 3.1 & PCIe 5.1 Compliant, Cybenetics",https://www.amazon.co.uk/CORSAIR-RM850e-Modular-Low-Noise-12V-2x6/dp/B0DMTL43VR/ref=zg_bs_g_430514031_d_sccl_2/524-3698123-6031407,2026-09-25 11:37:58.141191,Exact ASIN listing has CPK in expected category,2,B0DMTL43VR,psu,28f25953bb2f8d28,"CORSAIR RM850e (2025) Fully Modular Low-Noise ATX Power Supply with 12V-2x6 Cable – ATX 3.1 & PCIe 5.1 Compliant, Cybenetics Gold Efficiency, 105°C-Rated Capacitors, Modern Standby Mode – Black",True
psu,2,B0DMTL43VR,"CORSAIR RM850e (2025) Fully Modular Low-Noise ATX Power Supply with 12V-2x6 Cable – ATX 3.1 & PCIe 5.1 Compliant, Cybenetics",https://www.amazon.co.uk/CORSAIR-RM850e-Modular-Low-Noise-12V-2x6/dp/B0DMTL43VR/ref=zg_bs_g_430514031_d_sccl_2/524-3698123-6031407,2026-09-25 11:37:58.141191,Exact ASIN listing has no CPK,2,google-shopping:https%3A%2F%2Fwww.amazon.co.uk%2FCORSAIR-RM850e-Modular-Low-Noise-12V-2x6%2Fdp%2FB0DMTL43VR%3Fsource%3Dps-sl-shoppingads-lpcontext%26ref_%3Dfplfs%26psc%3D1%26smid%3DA3P5ROKL5:97af9665fdc9815354ecb64434afa4470b0a30a03489de6427e66c4bfa1afede,,,"CORSAIR RM850e (2025) Fully Modular Low-Noise ATX Power Supply with 12V-2x6 Cable – ATX 3.1 & PCIe 5.1 Compliant, Cybenetics Gold Efficiency, 105°",False
psu,3,B0D9C16979,CORSAIR RM850x Fully Modular Low-Noise ATX Power Supply – ATX 3.1 Compliant – PCIe 5.1 Support – Cybenetics Gold Efficiency –,https://www.amazon.co.uk/CORSAIR-RM850x-Modular-Low-Noise-Supply/dp/B0D9C16979/ref=zg_bs_g_430514031_d_sccl_3/524-3698123-6031407,2026-09-25 11:37:58.141192,Exact ASIN listing has CPK in expected category,1,B0D9C16979,psu,e7ab83a5630ffff6,CORSAIR RM850x Fully Modular Low-Noise ATX Power Supply – ATX 3.1 Compliant – PCIe 5.1 Support – Cybenetics Gold Efficiency – Native 12V-2x6 Connector – Black,True
psu,4,B0CJRXNXZT,CORSAIR CX750 80 PLUS Bronze Non Modular Low-Noise ATX 750 Watt Power Supply - UK - Black,https://www.amazon.co.uk/CORSAIR-Bronze-Modular-Low-Noise-Supply/dp/B0CJRXNXZT/ref=zg_bs_g_430514031_d_sccl_4/524-3698123-6031407,2026-09-25 11:37:58.141193,Exact ASIN listing has CPK in expected category,2,B0CJRXNXZT,psu,0128d3890016ee8f,CORSAIR CX750 80 PLUS Bronze Non Modular Low-Noise ATX 750 Watt Power Supply - UK - Black,True
psu,4,B0CJRXNXZT,CORSAIR CX750 80 PLUS Bronze Non Modular Low-Noise ATX 750 Watt Power Supply - UK - Black,https://www.amazon.co.uk/CORSAIR-Bronze-Modular-Low-Noise-Supply/dp/B0CJRXNXZT/ref=zg_bs_g_430514031_d_sccl_4/524-3698123-6031407,2026-09-25 11:37:58.141193,Exact ASIN listing has CPK in expected category,2,google-shopping:https%3A%2F%2Fwww.amazon.co.uk%2FCORSAIR-Bronze-Modular-Low-Noise-Supply%2Fdp%2FB0CJRXNXZT%3Fsource%3Dps-sl-shoppingads-lpcontext%26ref_%3Dfplfs%26psc%3D1%26smid%3DA3P5ROKL5A:6df97fa95e9231c03f7be037e2356f236891a28f2696c91949b72472d3df1c3b,psu,8155fb32585d0cdb,CORSAIR CX750 80 PLUS Bronze Non Modular Low-Noise ATX 750 Watt Power Supply - UK - Black,True
psu,5,B0FDKWQZVX,Binamao 12V 1.25A 15W Power Supply Charger Compatible with Echo Dot (3rd/4th/5th Gen) Echo Dot with 3/4 Gen Echo Dot Kids Edi,https://www.amazon.co.uk/Binamao-1-25A-Supply-Charger-Compatible-White/dp/B0FDKWQZVX/ref=zg_bs_g_430514031_d_sccl_5/524-3698123-6031407,2026-09-25 11:37:58.141194,No exact-ASIN Amazon marketplace listing found in current scored listings,0,,,,,
psu,6,B0BSLLFNHN,"MSI MAG A850GLS PCIE5 Power Supply Unit, 850W, 80 PLUS Gold, ATX 3.1, PCIe 5.1 GPU Support, Native 12V-2x6, Dual-color 12V-2x",https://www.amazon.co.uk/MSI-A850GLS-Dual-color-connector-Embossed/dp/B0BSLLFNHN/ref=zg_bs_g_430514031_d_sccl_6/524-3698123-6031407,2026-09-25 11:37:58.141195,Exact ASIN listing has CPK in expected category,1,B0BSLLFNHN,psu,5541e4451ac3dab1,"MSI MAG A850GLS PCIE5 Power Supply Unit, 850W, 80 PLUS Gold, ATX 3.1, PCIe 5.1 GPU Support, Native 12V-2x6, Dual-color 12V-2x6 connector, ATX PSU, Embossed Jacket Cables",True
psu,8,B0FDQXH693,"Gigabyte UD850GM PG5 ICE 80 Plus Gold Fully Modular 850w PCIe 5.0 White Power Supply Unit, ATX 3.1, 12VHPWR GPU Connector, Fl",https://www.amazon.co.uk/GIGABYTE-PG5-ICE-compatible-UK-White/dp/B0FDQXH693/ref=zg_bs_g_430514031_d_sccl_8/524-3698123-6031407,2026-09-25 11:37:58.141196,Exact ASIN listing has CPK in expected category,1,B0FDQXH693,psu,2acc8c863d4ba34e,"Gigabyte UD850GM PG5 ICE 80 Plus Gold Fully Modular 850w PCIe 5.0 White Power Supply Unit, ATX 3.1, 12VHPWR GPU Connector, Flat Cables, 10 Year Warranty",True
psu,9,B0FV7Z8T8V,15W Power Supply Charger 12V 1.25A for Alexa Echo Dot 3rd 4th 5th Gen 2M | 2M 4.0*1.7mm Cable Adapter Replacement for Kids Ed,https://www.amazon.co.uk/Supply-Charger-Adapter-Replacement-Charging-white/dp/B0FV7Z8T8V/ref=zg_bs_g_430514031_d_sccl_9/524-3698123-6031407,2026-09-25 11:37:58.141197,No exact-ASIN Amazon marketplace listing found in current scored listings,0,,,,,
psu,10,B0D5HTTCSB,Corsair SF750 (2024) Fully Modular SFX Low Noise 80 Plus Platinum Power Supply – ATX 3.1 Compliant – PCIe 5.1 Ready – Small F,https://www.amazon.co.uk/CORSAIR-SF750-Modular-Platinum-Supply/dp/B0D5HTTCSB/ref=zg_bs_g_430514031_d_sccl_10/524-3698123-6031407,2026-09-25 11:37:58.141198,Exact ASIN listing has CPK in expected category,1,B0D5HTTCSB,psu,572f5d9455f30bf4,Corsair SF750 (2024) Fully Modular SFX Low Noise 80 Plus Platinum Power Supply – ATX 3.1 Compliant – PCIe 5.1 Ready – Small Form Factor – SFX-to-ATX Bracket Included – Black,True
psu,11,B0CZS68JBS,"JUSTOP Black 650W PSU, ATX Switching Power Supply, Computer Desktop PC, With 120mm Fan, 8-Pin 12V, 6+2 Pin PCI-E, 6x SATA (65",https://www.amazon.co.uk/JUSTOP-Switching-Supply-Computer-Desktop/dp/B0CZS68JBS/ref=zg_bs_g_430514031_d_sccl_11/524-3698123-6031407,2026-09-25 11:37:58.141198,No exact-ASIN Amazon marketplace listing found in current scored listings,0,,,,,
psu,12,B0G2YBB3ML,"15W Power Supply Charger for Echo Dot 3rd 4th 5th Gen, 12V 1.25A Power Adapter Replacement Cable 2M, Compatible with Echo Sho",https://www.amazon.co.uk/Supply-Charger-Adapter-Replacement-Compatible/dp/B0G2YBB3ML/ref=zg_bs_g_430514031_d_sccl_12/524-3698123-6031407,2026-09-25 11:37:58.141199,No exact-ASIN Amazon marketplace listing found in current scored listings,0,,,,,
psu,13,B0BQJPPNTM,"MSI MPG A850G PCIE5 Power Supply Unit, UK Plug - 850W, 80 Plus Gold Certified, Fully Modular ATX 3.0, PCIe 5.0 GPU Support, J",https://www.amazon.co.uk/MSI-MPG-A850G-PCIE5-Supply/dp/B0BQJPPNTM/ref=zg_bs_g_430514031_d_sccl_13/524-3698123-6031407,2026-09-25 11:37:58.141200,Exact ASIN listing has CPK in expected category,1,B0BQJPPNTM,psu,73b2bac1930f3a7e,"MSI MPG A850G PCIE5 Power Supply Unit, UK Plug - 850W, 80 Plus Gold Certified, Fully Modular ATX 3.0, PCIe 5.0 GPU Support, Japanese 105°C Capacitors, 0% RPM Mode, Flat Cables - 10 Year Warranty",True
psu,14,B07XBF3P15,"GeeekPi USB-C Power Supply UK Plug for Raspberry Pi 4 With On/Off Switch,5V 3.6A Type C PSU with Micro USB Adapter for Raspbe",https://www.amazon.co.uk/GeeekPi-Raspberry-Supply-Charger-Adapter/dp/B07XBF3P15/ref=zg_bs_g_430514031_d_sccl_14/524-3698123-6031407,2026-09-25 11:37:58.141200,No exact-ASIN Amazon marketplace listing found in current scored listings,0,,,,,
psu,15,B0F3DNMZRG,"CORSAIR RM1000e (2025) Fully Modular Low-Noise ATX Power Supply with 12V-2x6 Cable – ATX 3.1 & PCIe 5.1 Compliant, Cybenetics",https://www.amazon.co.uk/CORSAIR-RM1000e-Modular-Low-Noise-12V-2x6/dp/B0F3DNMZRG/ref=zg_bs_g_430514031_d_sccl_15/524-3698123-6031407,2026-09-25 11:37:58.141201,Exact ASIN listing has CPK in expected category,1,B0F3DNMZRG,psu,17520d6d2e41ede4,"CORSAIR RM1000e (2025) Fully Modular Low-Noise ATX Power Supply with 12V-2x6 Cable – ATX 3.1 & PCIe 5.1 Compliant, Cybenetics Gold Efficiency, 105°C-Rated Capacitors, Modern Standby Mode – White",True
psu,18,B0CQ1Q18HX,"GeeekPi USB-C Power Supply UK Plug for Raspberry Pi 5, 27W 5V 5A Type C PSU, PD 27W Power Adapter for Raspberry Pi 5 4GB/8GB/",https://www.amazon.co.uk/GeeekPi-Raspberry-5A-PSU-Adapter/dp/B0CQ1Q18HX/ref=zg_bs_g_430514031_d_sccl_18/524-3698123-6031407,2026-09-25 11:37:58.141203,No exact-ASIN Amazon marketplace listing found in current scored listings,0,,,,,
psu,19,B0FMYJ24Z8,"CORSAIR RM1000x SHIFT (2025) Fully Modular ATX Power Supply – Modular Side Interface, Native 12V-2x6 Cable, ATX 3.1 & PCIe 5.",https://www.amazon.co.uk/CORSAIR-RM1000x-SHIFT-Modular-Supply/dp/B0FMYJ24Z8/ref=zg_bs_g_430514031_d_sccl_19/524-3698123-6031407,2026-09-25 11:37:58.141204,Exact ASIN listing has CPK in expected category,1,B0FMYJ24Z8,psu,743e3e71688b6b97,"CORSAIR RM1000x SHIFT (2025) Fully Modular ATX Power Supply – Modular Side Interface, Native 12V-2x6 Cable, ATX 3.1 & PCIe 5.1, Fan-Speed Control, 105°C-Rated Capacitors, Cybenetics Gold – Black",True
psu,21,B0F3JJYXDP,"CORSAIR HX1200i (2025) Fully Modular Ultra-Low Noise ATX Power Supply with 12V-2x6 Cable – ATX 3.1 & PCIe 5.1 Compliant, Cybe",https://www.amazon.co.uk/CORSAIR-HX1200i-Modular-Ultra-Low-12V-2x6/dp/B0F3JJYXDP/ref=zg_bs_g_430514031_d_sccl_21/524-3698123-6031407,2026-09-25 11:37:58.141205,Exact ASIN listing has CPK in expected category,1,B0F3JJYXDP,psu,2a037b20c684c2ac,"CORSAIR HX1200i (2025) Fully Modular Ultra-Low Noise ATX Power Supply with 12V-2x6 Cable – ATX 3.1 & PCIe 5.1 Compliant, Cybenetics Platinum Efficiency, Fluid Dynamic Bearing Fan – Black",True
psu,22,B0BK55S2T5,ASUS TUF Gaming 1000W Gold Power Supply,https://www.amazon.co.uk/ASUS-Gaming-1000W-Power-Supply/dp/B0BK55S2T5/ref=zg_bs_g_430514031_d_sccl_22/524-3698123-6031407,2026-09-25 11:37:58.141206,Exact ASIN listing has CPK in expected category,1,B0BK55S2T5,psu,de42b77d57a2d485,ASUS TUF Gaming 1000W Gold Power Supply,True
psu,23,B0H1CT9MCN,USB-C Power Supply for Raspberry Pi 4 Charger With On Off Switch 5V 3.6A | 18W Type C PSU with Micro USB Adapter UK Plug Comp,https://www.amazon.co.uk/Power-Supply-Raspberry-Charger-Switch-Black/dp/B0H1CT9MCN/ref=zg_bs_g_430514031_d_sccl_23/524-3698123-6031407,2026-09-25 11:37:58.141207,No exact-ASIN Amazon marketplace listing found in current scored listings,0,,,,,
psu,24,B0D12H1N4L,iRasptek 27W 5.1V/5A USB-C PD Power Adapter for Raspberry Pi 5 （White）,https://www.amazon.co.uk/iRasptek-Raspberry-Supply-Adapter-%EF%BC%88White%EF%BC%89-White/dp/B0D12H1N4L/ref=zg_bs_g_430514031_d_sccl_24/524-3698123-6031407,2026-09-25 11:37:58.141208,No exact-ASIN Amazon marketplace listing found in current scored listings,0,,,,,
psu,25,B09T9P4MSL,"ASUS ROG Strix 1200W Platinum Power Supply | 80 PLUS & Cybenetics Platinum, Fully modular, ATX 3.1, PCIe 5.1, GaN MOSFET, GPU",https://www.amazon.co.uk/ASUS-Strix-1200W-Platinum-Supply/dp/B09T9P4MSL/ref=zg_bs_g_430514031_d_sccl_25/524-3698123-6031407,2026-09-25 11:37:58.141208,Exact ASIN listing has CPK in expected category,1,B09T9P4MSL,psu,ee6e2dc2c93e2033,ASUS ROG Strix 1200W Platinum Power Supply,True
psu,26,B0F3DRP6B3,"CORSAIR RM850e (2025) Fully Modular Low-Noise ATX Power Supply with 12V-2x6 Cable – ATX 3.1 & PCIe 5.1 Compliant, Cybenetics",https://www.amazon.co.uk/CORSAIR-RM850e-Modular-Low-Noise-12V-2x6/dp/B0F3DRP6B3/ref=zg_bs_g_430514031_d_sccl_26/524-3698123-6031407,2026-09-25 11:37:58.141209,Exact ASIN listing has CPK in expected category,2,B0F3DRP6B3,psu,28f25953bb2f8d28,"CORSAIR RM850e (2025) Fully Modular Low-Noise ATX Power Supply with 12V-2x6 Cable – ATX 3.1 & PCIe 5.1 Compliant, Cybenetics Gold Efficiency, 105°C-Rated Capacitors, Modern Standby Mode – White",True
psu,26,B0F3DRP6B3,"CORSAIR RM850e (2025) Fully Modular Low-Noise ATX Power Supply with 12V-2x6 Cable – ATX 3.1 & PCIe 5.1 Compliant, Cybenetics",https://www.amazon.co.uk/CORSAIR-RM850e-Modular-Low-Noise-12V-2x6/dp/B0F3DRP6B3/ref=zg_bs_g_430514031_d_sccl_26/524-3698123-6031407,2026-09-25 11:37:58.141209,Exact ASIN listing has no CPK,2,google-shopping:https%3A%2F%2Fwww.amazon.co.uk%2FCORSAIR-RM850e-Modular-Low-Noise-12V-2x6%2Fdp%2FB0F3DRP6B3%3Fsource%3Dps-sl-shoppingads-lpcontext%26ref_%3Dfplfs%26psc%3D1%26smid%3DA3P5ROKL5:4f95846d63abdedb4f30a7d6f743e015164857b8c393b261f13d1daa1d198cb9,,,"CORSAIR RM850e (2025) Fully Modular Low-Noise ATX Power Supply with 12V-2x6 Cable – ATX 3.1 & PCIe 5.1 Compliant, Cybenetics Gold Efficiency, 105°",False
psu,27,B0FLF3PWPR,Replacement Power Supply Compatible with Virgin Media Hub 5 & Hub 5X Router - 12V 3A 36W AC Adapter Charger - UK Plug,https://www.amazon.co.uk/Replacement-Power-Supply-Virgin-Router-Black/dp/B0FLF3PWPR/ref=zg_bs_g_430514031_d_sccl_27/524-3698123-6031407,2026-09-25 11:37:58.141210,No exact-ASIN Amazon marketplace listing found in current scored listings,0,,,,,
psu,28,B0DFW7D3P5,"Hafiuege 27W PD USB-C Power Supply Compatible with Raspberry Pi 5 | 27W 5V 5.1A Type C PSU, USB C Charger Uk Plug for Raspber",https://www.amazon.co.uk/Hafiuege-Raspberry-Supply%EF%BC%8C27W-Compatible-Electronic/dp/B0DFW7D3P5/ref=zg_bs_g_430514031_d_sccl_28/524-3698123-6031407,2026-09-25 11:37:58.141211,No exact-ASIN Amazon marketplace listing found in current scored listings,0,,,,,
psu,29,B0DZPBLX3N,"Lian Li EDGE Gold 1200W PC Power Supply White, 1200 Watt ATX PSU, PCIe 5.1, ATX 3.1 PSU | 80 PLUS Gold, modular, Sleeved Cabl",https://www.amazon.co.uk/Lian-Li-White-modular-Sleeved/dp/B0DZPBLX3N/ref=zg_bs_g_430514031_d_sccl_29/524-3698123-6031407,2026-09-25 11:37:58.141211,Exact ASIN listing has CPK in expected category,1,B0DZPBLX3N,psu,cdad86650ef01c93,"Lian Li EDGE Gold 1200W PC Power Supply White, 1200 Watt ATX PSU, PCIe 5.1, ATX 3.1 PSU | 80 PLUS Gold, modular, Sleeved Cable Kit, 12VHPWR for NVIDIA RTX, quiet fan, USB hub & fan hub",True
psu,30,B0FR57BFK7,"CORSAIR HX1500i SHIFT Fully Modular ATX Power Supply – Built-in iCUE LINK System Hub, Dual Native 12V-2x6 Cable, ATX 3.1 & PC",https://www.amazon.co.uk/CORSAIR-HX1500i-Modular-Supply-Built/dp/B0FR57BFK7/ref=zg_bs_g_430514031_d_sccl_30/524-3698123-6031407,2026-09-25 11:37:58.141212,Exact ASIN listing has CPK in expected category,1,B0FR57BFK7,psu,29a5cc04844cd298,"CORSAIR HX1500i SHIFT Fully Modular ATX Power Supply – Built-in iCUE LINK System Hub, Dual Native 12V-2x6 Cable, ATX 3.1 & PCIe 5.1, Side-Mounted Connectors, Cybenetics Platinum – Black",True
psu,31,B0BZPCQQTW,"Security-01 DC 9V 1.5A Power Supply, Plug 5.5mm x 2.1mm, Center Positive, for Exercise Bike",https://www.amazon.co.uk/Security-01-Positive-Arduino-Schwinn-Elliptical/dp/B0BZPCQQTW/ref=zg_bs_g_430514031_d_sccl_31/524-3698123-6031407,2026-09-25 11:37:58.141213,Exact ASIN listing has no CPK,1,B0BZPCQQTW,,,"DC 9V 1.5A Power Supply, Plug 5.5mm x 2.1mm, Center Positive, for Exercise Bike",False
psu,32,B07TWRNYK7,Raspberry Pi 4 USB-C Power Supply UK Plug (White),https://www.amazon.co.uk/Raspberry-Official-USB-C-Power-Supply/dp/B07TWRNYK7/ref=zg_bs_g_430514031_d_sccl_32/524-3698123-6031407,2026-09-25 11:37:58.141213,No exact-ASIN Amazon marketplace listing found in current scored listings,0,,,,,
psu,33,B0GGZ8QM13,12V 1.25A 15W Power Supply Charger 4.0 * 1.7mm Power Cable White | Compatible with E-cho Dot (3rd/5rd/4th/1st Gen) 3/4 Gen E-,https://www.amazon.co.uk/1-25A-Power-Supply-Charger-Compatible/dp/B0GGZ8QM13/ref=zg_bs_g_430514031_d_sccl_33/524-3698123-6031407,2026-09-25 11:37:58.141214,No exact-ASIN Amazon marketplace listing found in current scored listings,0,,,,,
psu,34,B0DGG7M9ZR,"Etssembo 12V 15W Charger Compatible with Echo Dot 3rd 4th 5th Gen Pop UK | Compatible with Amazon Echo Dot 3rd 4th 5th Gen, E",https://www.amazon.co.uk/15W-Supply-Charger-Echo-Adapter/dp/B0DGG7M9ZR/ref=zg_bs_g_430514031_d_sccl_34/524-3698123-6031407,2026-09-25 11:37:58.141215,No exact-ASIN Amazon marketplace listing found in current scored listings,0,,,,,
psu,36,B07V834KRB,VUOHOEG 19V Power Supply Compatible with Acer Monitor Series Power Adapter | S202HL S271HL SB220Q R240HY S220HQL S230HL S231H,https://www.amazon.co.uk/VUOHOEG-19V-Power-Compatible-Monitor-Black/dp/B07V834KRB/ref=zg_bs_g_430514031_d_sccl_36/524-3698123-6031407,2026-09-25 11:37:58.141216,No exact-ASIN Amazon marketplace listing found in current scored listings,0,,,,,
psu,37,B0D31CWN3X,"SunFounder BreadVolt Breadboard Power Supply Module Built-in Power Module Compatible with Arduino, Raspberry Pi, Pico W, ESP3",https://www.amazon.co.uk/SunFounder-Breadboard-Rechargeble-Battery-Compatible/dp/B0D31CWN3X/ref=zg_bs_g_430514031_d_sccl_37/524-3698123-6031407,2026-09-25 11:37:58.141217,No exact-ASIN Amazon marketplace listing found in current scored listings,0,,,,,
psu,38,B0D11PS3R4,"JUSTOP Black 750W PSU, Switching Power Supply, Computer Desktop PC ATX, 120mm Fan, 8-Pin 12V, 6+2 Pin PCI-E, 6x SATA",https://www.amazon.co.uk/JUSTOP-Switching-Supply-Computer-Desktop/dp/B0D11PS3R4/ref=zg_bs_g_430514031_d_sccl_38/524-3698123-6031407,2026-09-25 11:37:58.141218,No exact-ASIN Amazon marketplace listing found in current scored listings,0,,,,,
psu,40,B0FG32RBKC,KFD 54V AC/DC Adapter Power Supply for Ubiquiti Networks Lite 8 PoE USW-LITE-8-POE UniFi Cloud Gateway Fiber UCG-Fiber Ubiqui,https://www.amazon.co.uk/KFD-Ubiquiti-USW-LITE-8-POE-UCG-Fiber-USW-Ultra/dp/B0FG32RBKC/ref=zg_bs_g_430514031_d_sccl_40/524-3698123-6031407,2026-09-25 11:37:58.141219,No exact-ASIN Amazon marketplace listing found in current scored listings,0,,,,,
psu,42,B0CZDQK86C,"19V 6.32A 120W Power Supply for Intel NUC 12, 11, 13 NUC12WSHi7, MINISFORUM UM870, UM760, UM890 Mini PC, BOSGAME P3, P2 pro,",https://www.amazon.co.uk/KFD-NUC12WSHi7-NUC11PAHi5-NUC12WSHi5-NUC11TNKv5/dp/B0CZDQK86C/ref=zg_bs_g_430514031_d_sccl_42/524-3698123-6031407,2026-09-25 11:37:58.141221,No exact-ASIN Amazon marketplace listing found in current scored listings,0,,,,,
psu,43,B0D4M2CS9J,"12V 2A Power Supply Cord for TP-Link Deco Mesh WIFI System | Compatible with TP-Link Deco Mesh WiFi System Models S4, M3, M4,",https://www.amazon.co.uk/Power-Supply-TP-Link-System-Models/dp/B0D4M2CS9J/ref=zg_bs_g_430514031_d_sccl_43/524-3698123-6031407,2026-09-25 11:37:58.141222,No exact-ASIN Amazon marketplace listing found in current scored listings,0,,,,,
psu,45,B00X8F8DS0,kenable PDU 6 Way UK Sockets Horizontal Power Distribution Unit with C14 IEC Plug 13A 1.8m Cable Without Surge Protection Bla,https://www.amazon.co.uk/kenable-Power-Distribution-Surged-Horizontal-Black/dp/B00X8F8DS0/ref=zg_bs_g_430514031_d_sccl_45/524-3698123-6031407,2026-09-25 11:37:58.141223,No exact-ASIN Amazon marketplace listing found in current scored listings,0,,,,,
psu,51,B0FPMCVYH4,GEU 48V 0.5A POE Injector UK Plug Ethernet Power Supply POE Adapter | Powerline Adapter with PoE Port + LAN Port 48V POE Inje,https://www.amazon.co.uk/Injector-Ethernet-Adapters-Security-Wireless/dp/B0FPMCVYH4/ref=zg_bs_g_430514031_d_sccl_1/524-3698123-6031407,2026-09-25 11:37:58.141224,No exact-ASIN Amazon marketplace listing found in current scored listings,0,,,,,
psu,53,B0FL1W8QNC,HKY 54V Power Supply AC/DC Adapter for Ubiquiti Network Ultra 60W USW-Ultra-60W Compact 8-Port Layer 2 GbE PoE Switch NY-PW0L,https://www.amazon.co.uk/HKY-Adapter-Ubiquiti-Network-USW-Ultra-60W/dp/B0FL1W8QNC/ref=zg_bs_g_430514031_d_sccl_3/524-3698123-6031407,2026-09-25 11:37:58.141226,No exact-ASIN Amazon marketplace listing found in current scored listings,0,,,,,
psu,55,B09YTVTZ1V,"Lenink AA Battery Eliminator, Replace 4 AA Batteries Power Supply with USB to DC Cable,Replacement AA Rechargeable Batteries",https://www.amazon.co.uk/Lenink-USB-AA-Battery-Eliminator/dp/B09YTVTZ1V/ref=zg_bs_g_430514031_d_sccl_5/524-3698123-6031407,2026-09-25 11:37:58.141228,No exact-ASIN Amazon marketplace listing found in current scored listings,0,,,,,
psu,56,B0DLNF1798,"27W Power Supply Compatible with Raspberry Pi 5, USB C PD Adapter | Raspberry Pi 5, USB C PD Adapter Power Adapter for Raspbe",https://www.amazon.co.uk/Raspberry-USB-C-Power-Supply-Adapter/dp/B0DLNF1798/ref=zg_bs_g_430514031_d_sccl_6/524-3698123-6031407,2026-09-25 11:37:58.141228,No exact-ASIN Amazon marketplace listing found in current scored listings,0,,,,,
psu,57,B0F5WJL4KG,"PC Power Button, PC Power Switch Cable with LED Light, External Extension Switch for Power on Key for Home Desktop, E-Sports",https://www.amazon.co.uk/External-Extension-Desktop-Computers-Internet/dp/B0F5WJL4KG/ref=zg_bs_g_430514031_d_sccl_7/524-3698123-6031407,2026-09-25 11:37:58.141229,No exact-ASIN Amazon marketplace listing found in current scored listings,0,,,,,
psu,58,B0CPHRN9S4,"Etssembo 24V 3A Power Adapter Compatible with Munbyn, Rollo Label Printer | Compatible with Munbyn ITPP941, Rollo, Phomemo PM",https://www.amazon.co.uk/Logitech-Driving-fi-6130-Adapter-5-5x2-5mm-24V-Power-Supply/dp/B0CPHRN9S4/ref=zg_bs_g_430514031_d_sccl_8/524-3698123-6031407,2026-09-25 11:37:58.141230,No exact-ASIN Amazon marketplace listing found in current scored listings,0,,,,,
psu,59,B0F7HGLFHS,Ubiquiti AC Adapter 210W,https://www.amazon.co.uk/Ubiquiti-Poe-adp-210w-AC-Adapter-210W/dp/B0F7HGLFHS/ref=zg_bs_g_430514031_d_sccl_9/524-3698123-6031407,2026-09-25 11:37:58.141230,No exact-ASIN Amazon marketplace listing found in current scored listings,0,,,,,
psu,60,B0DZXDXL18,KFD 19V Power Supply Adapter for AOC 24G15N 27G15N Gaming Monitor AOC V2 Series 24B1H 24B2XH 22V2H 27B1H 27B2H 27B31H 22-27'',https://www.amazon.co.uk/KFD-Adapter-Monitor-ADPC1925EX-ADS-40SG-19-3/dp/B0DZXDXL18/ref=zg_bs_g_430514031_d_sccl_10/524-3698123-6031407,2026-09-25 11:37:58.141231,No exact-ASIN Amazon marketplace listing found in current scored listings,0,,,,,
psu,62,B0FF8XK679,"2Pcs 24v/12v to 5v Converter, 5A Power Buck Converter, 12V to 5V DC-DC Power Down Module, High Efficiency Voltage Regulator f",https://www.amazon.co.uk/12V-DC-DC-Down-Module-Efficient-Power-Blue/dp/B0FF8XK679/ref=zg_bs_g_430514031_d_sccl_12/524-3698123-6031407,2026-09-25 11:37:58.141233,No exact-ASIN Amazon marketplace listing found in current scored listings,0,,,,,
psu,63,B0GGYTMGLR,12V 1.25A 15W Power Supply Charger 4.0*1.7mm Power Cable 1.5M for E-cho Dot | Compatible with E-cho Dot (3rd/5rd/4th/1st Gen),https://www.amazon.co.uk/1-25A-Power-Supply-Charger-Compatible/dp/B0GGYTMGLR/ref=zg_bs_g_430514031_d_sccl_13/524-3698123-6031407,2026-09-25 11:37:58.141234,No exact-ASIN Amazon marketplace listing found in current scored listings,0,,,,,
psu,66,B0H39K28H3,"USB-C Power Supply for Raspberry Pi 4,5V 3A Charger | with On/Off Switch Type C Power Adapter for Raspberry Pi 4B 3B Orange P",https://www.amazon.co.uk/USB-C-Power-Supply-Raspberry-Charger/dp/B0H39K28H3/ref=zg_bs_g_430514031_d_sccl_16/524-3698123-6031407,2026-09-25 11:37:58.141236,No exact-ASIN Amazon marketplace listing found in current scored listings,0,,,,,
psu,67,B01N6O0LOH,"12V 10A Power Supply, 120W DC Universal Regulated Switching Adapter Transformers for LED Strip Light,Probe Signal Lamp",https://www.amazon.co.uk/Velain-Universal-Regulated-Transformers-Surveillance/dp/B01N6O0LOH/ref=zg_bs_g_430514031_d_sccl_17/524-3698123-6031407,2026-09-25 11:37:58.141237,No exact-ASIN Amazon marketplace listing found in current scored listings,0,,,,,
psu,68,B01NBC8BHI,"OriGlam USB Wired Wii Sensor Bar, Replacement Infrared IR Ray Motion Sensor Bar, Replacement USB Wired Infrared Ray Sensor Ba",https://www.amazon.co.uk/%E3%80%90Best-Deals%E3%80%91OriGlam-Wii-Sensor-Replacement/dp/B01NBC8BHI/ref=zg_bs_g_430514031_d_sccl_18/524-3698123-6031407,2026-09-25 11:37:58.141237,No exact-ASIN Amazon marketplace listing found in current scored listings,0,,,,,
psu,70,B0DM8FKSV2,"Replacement 24V 4A Power Supply, 96W UK Mains Adaptor, 5.5mm | Replacement 24V 4A Adaptor for COB LED Strips, Fosi Audio Amp,",https://www.amazon.co.uk/Replacement-Power-Supply-Mains-Adaptor-Black/dp/B0DM8FKSV2/ref=zg_bs_g_430514031_d_sccl_20/524-3698123-6031407,2026-09-25 11:37:58.141239,Exact ASIN listing has CPK in expected category,1,B0DM8FKSV2,psu,7a5e8d986b2264ba,"Replacement 24V 4A Power Supply, 96W UK Mains Adaptor, 5.5mm",True
psu,71,B0FLCN23D2,"29V 2A Universal Recliner Power Supply, AC/DC Switching Transformer | Recliner Lift Chair Cable and Charger Adapter for OKIN",https://www.amazon.co.uk/Yuio-2A-Recliner-Transformer-Recliners/dp/B0FLCN23D2/ref=zg_bs_g_430514031_d_sccl_21/524-3698123-6031407,2026-09-25 11:37:58.141240,No exact-ASIN Amazon marketplace listing found in current scored listings,0,,,,,
psu,72,B0HDSZNWJG,"12V 2A DC Power Supply Adapter with 5.5x2.1mm Plug, AC 100-240V | for LED, CCTV, Router, 1M Cable Length, AC to DC Converter,",https://www.amazon.co.uk/Power-Supply-Adapter-5-5x2-1mm-100-240V-Black/dp/B0HDSZNWJG/ref=zg_bs_g_430514031_d_sccl_22/524-3698123-6031407,2026-09-25 11:37:58.141240,No exact-ASIN Amazon marketplace listing found in current scored listings,0,,,,,
psu,73,B0G3V7CHXX,12V 1.25A 15W Power Supply Charger 4.0*1.7mm Power Cable 1.5M for E-cho Dot | Compatible with E-cho Dot (3rd/5rd/4th/1st Gen),https://www.amazon.co.uk/1-25A-Power-Supply-Charger-Compatible-BLACK/dp/B0G3V7CHXX/ref=zg_bs_g_430514031_d_sccl_23/524-3698123-6031407,2026-09-25 11:37:58.141241,No exact-ASIN Amazon marketplace listing found in current scored listings,0,,,,,
psu,74,B01H37XQP8,DSLRKIT Active PoE Splitter 48V to 5V 2.4A Micro USB for RPi B B+ 2 3,https://www.amazon.co.uk/DSLRKIT-Active-Splitter-Ethernet-Raspberry/dp/B01H37XQP8/ref=zg_bs_g_430514031_d_sccl_24/524-3698123-6031407,2026-09-25 11:37:58.141242,No exact-ASIN Amazon marketplace listing found in current scored listings,0,,,,,
psu,76,B0D2HT1TFM,SinLoon PC Power on Button Desktop Computer Power Switch External Remote Start 5.9 FT Computer Motherboard PC Power Switch Ex,https://www.amazon.co.uk/SinLoon-Computer-External-Motherboard-Extension/dp/B0D2HT1TFM/ref=zg_bs_g_430514031_d_sccl_26/524-3698123-6031407,2026-09-25 11:37:58.141243,No exact-ASIN Amazon marketplace listing found in current scored listings,0,,,,,
psu,77,B0FV34PB3K,"USB C Power Supply for Raspberry Pi 5 27W 5V 5A PD Adapter UK Plug Black | Fast Charging Type C Charger, Supports PD 3.0. Com",https://www.amazon.co.uk/Raspberry-Adapter-Charging-Compatible-Supports/dp/B0FV34PB3K/ref=zg_bs_g_430514031_d_sccl_27/524-3698123-6031407,2026-09-25 11:37:58.141244,No exact-ASIN Amazon marketplace listing found in current scored listings,0,,,,,
psu,78,B0F1CXP21R,"12V 1A Power Supply Adapter, AC/DC Adapter 100-240V 50/60Hz for Keyboard | 12W Switching Adapter for LED Strip Light CCTV Rou",https://www.amazon.co.uk/Adapter-100-240V-Switching-Universal-External-1A-12W/dp/B0F1CXP21R/ref=zg_bs_g_430514031_d_sccl_28/524-3698123-6031407,2026-09-25 11:37:58.141245,No exact-ASIN Amazon marketplace listing found in current scored listings,0,,,,,
psu,80,B0GYX7TJSM,iRasptek 15W 5V/3A USB-C Power Adapter for Raspberry Pi 4 （black）,https://www.amazon.co.uk/iRasptek-USB-C-Adapter-Raspberry-%EF%BC%88black%EF%BC%89/dp/B0GYX7TJSM/ref=zg_bs_g_430514031_d_sccl_30/524-3698123-6031407,2026-09-25 11:37:58.141246,No exact-ASIN Amazon marketplace listing found in current scored listings,0,,,,,
psu,81,B0DZX8W7PR,Universal 12V Power Supply Adapter for Gaming Monitors MINIFIR MFG27C1 Acer Nitro KG241Y MSI PRO MP223 PEAQ S240/Cello 12 Vol,https://www.amazon.co.uk/Universal-Adapter-Monitors-MINIFIR-Controller-Black/dp/B0DZX8W7PR/ref=zg_bs_g_430514031_d_sccl_81/524-3698123-6031407,2026-09-25 11:37:58.141247,No exact-ASIN Amazon marketplace listing found in current scored listings,0,,,,,
psu,82,B0D94DWXJR,"Desktop Computer Power Switch, PC Power Button, External PC Switch Black with LED Light, 1.8 M Extension Cable, Replacement o",https://www.amazon.co.uk/Switch-Desktop-Computer-External-Extension/dp/B0D94DWXJR/ref=zg_bs_g_430514031_d_sccl_82/524-3698123-6031407,2026-09-25 11:37:58.141248,No exact-ASIN Amazon marketplace listing found in current scored listings,0,,,,,
psu,83,B0GV3ZJS8B,"15W Power Supply Charger for Echo Dot 3rd 4th 5th Gen,12V 1.25A Replacement Power Cable Adapter for Echo Show 5 1st/2nd Gen E",https://www.amazon.co.uk/Power-Supply-Charger-Replacement-Adapter-Black/dp/B0GV3ZJS8B/ref=zg_bs_g_430514031_d_sccl_83/524-3698123-6031407,2026-09-25 11:37:58.141249,No exact-ASIN Amazon marketplace listing found in current scored listings,0,,,,,
psu,85,B0BGC3F6QS,Waveshare 5V/4A Power Supply for Jetson Nano and Other Electronics,https://www.amazon.co.uk/Waveshare-Power-Supply-Jetson-Electronics/dp/B0BGC3F6QS/ref=zg_bs_g_430514031_d_sccl_85/524-3698123-6031407,2026-09-25 11:37:58.141250,No exact-ASIN Amazon marketplace listing found in current scored listings,0,,,,,
psu,86,B0BPMXQRDY,Corsair RM850x SHIFT Fully Modular ATX Power Supply - 80 PLUS Gold - ATX 3.1 - PCIe 5.1 - Zero RPM - Modular Side Interface -,https://www.amazon.co.uk/Corsair-RM850x-SHIFT-Modular-Supply/dp/B0BPMXQRDY/ref=zg_bs_g_430514031_d_sccl_86/524-3698123-6031407,2026-09-25 11:37:58.141251,Exact ASIN listing has CPK in expected category,2,B0BPMXQRDY,psu,fe457f60c8131aa7,Corsair RM850x SHIFT Fully Modular ATX Power Supply - 80 PLUS Gold - ATX 3.1 - PCIe 5.1 - Zero RPM - Modular Side Interface - Black,True
psu,86,B0BPMXQRDY,Corsair RM850x SHIFT Fully Modular ATX Power Supply - 80 PLUS Gold - ATX 3.1 - PCIe 5.1 - Zero RPM - Modular Side Interface -,https://www.amazon.co.uk/Corsair-RM850x-SHIFT-Modular-Supply/dp/B0BPMXQRDY/ref=zg_bs_g_430514031_d_sccl_86/524-3698123-6031407,2026-09-25 11:37:58.141251,Exact ASIN listing has no CPK,2,google-shopping:https%3A%2F%2Fwww.amazon.co.uk%2FCorsair-RM850x-SHIFT-Modular-Supply%2Fdp%2FB0BPMXQRDY%3Fsource%3Dps-sl-shoppingads-lpcontext%26ref_%3Dfplfs%26psc%3D1%26smid%3DA3PAMYOSDE3HBP:0d928d49a3079b13a1af3e08434c56900cb4cab3db92cb4023eaad662469fa71,,,Corsair RM850x SHIFT Fully Modular ATX Power Supply - 80 PLUS Gold - ATX 3.1 - PCIe 5.1 - Zero RPM - Modular Side Interface - Black,False
psu,87,B00GK8SYCW,"StarTech 12in SATA to LP4 Power Adapter Cable (LP4SATAFM12) | SATA power (F) to LP4 power (M), Female to Male",https://www.amazon.co.uk/StarTech-com-Molex-Power-Cable-Adapter/dp/B00GK8SYCW/ref=zg_bs_g_430514031_d_sccl_87/524-3698123-6031407,2026-09-25 11:37:58.141252,No exact-ASIN Amazon marketplace listing found in current scored listings,0,,,,,
psu,88,B0FQ55R2Z4,"NZXT C1000 Gold Core - 1000W ATX 3.1 Power Supply, 80+ Gold | 1000W ATX 3.1 PSU, 80 PLUS Gold and Cybenetics Platinum, fully",https://www.amazon.co.uk/NZXT-C1000-Gold-Core-Cybenetics/dp/B0FQ55R2Z4/ref=zg_bs_g_430514031_d_sccl_88/524-3698123-6031407,2026-09-25 11:37:58.141252,Exact ASIN listing has CPK in expected category,1,B0FQ55R2Z4,psu,0af6b7b1910d5224,"NZXT C1000 Gold Core - 1000W ATX 3.1 Power Supply, 80+ Gold",True
psu,89,B0DD6SJ1N3,eMagTech 2pcs Graphics Card Power Cable 18AWG Tin-plated Copper CPU 8 Pin Male to Dual P-CIE 8 Pin Female Cable 030-0571-000,https://www.amazon.co.uk/eMagTech-Graphics-Tin-plated-030-0571-000-Compatible-Yellow/dp/B0DD6SJ1N3/ref=zg_bs_g_430514031_d_sccl_89/524-3698123-6031407,2026-09-25 11:37:58.141253,Exact ASIN listing CPK category mismatch,1,B0DD6SJ1N3,gpu,6fbce3126c707927,eMagTech 2pcs Graphics Card Power Cable 18AWG Tin-plated Copper CPU 8 Pin Male to Dual P-CIE 8 Pin Female Cable 030-0571-000 Compatible with Tesla K80 M40 M60,False
psu,90,B07WRR49XJ,"20/24 4/6/8 Pin Computer PC Power Supply Tester with LCD Display for ATX, ITX, BTX, PCI-E, SATA",https://www.amazon.co.uk/Computer-Power-Supply-Tester-Display-default/dp/B07WRR49XJ/ref=zg_bs_g_430514031_d_sccl_90/524-3698123-6031407,2026-09-25 11:37:58.141254,No exact-ASIN Amazon marketplace listing found in current scored listings,0,,,,,
psu,91,B0D1KMR6ZS,"JUSTOP Black ATX 500W PSU, Switching Power Supply, Computer Desktop PC, 120mm Fan, 4+4-Pin 12V, 6x SATA",https://www.amazon.co.uk/JUSTOP-Switching-Supply-Computer-Desktop/dp/B0D1KMR6ZS/ref=zg_bs_g_430514031_d_sccl_91/524-3698123-6031407,2026-09-25 11:37:58.141255,No exact-ASIN Amazon marketplace listing found in current scored listings,0,,,,,
psu,93,B098F6PYSY,"CiT FX Pro 800W PSU Bronze, ATX Power Supply 80 Plus, Non Modular PSU 800W | All black 800W power supply unit that puts more",https://www.amazon.co.uk/CiT-FX-Pro-800W-Efficiency/dp/B098F6PYSY/ref=zg_bs_g_430514031_d_sccl_93/524-3698123-6031407,2026-09-25 11:37:58.141256,No exact-ASIN Amazon marketplace listing found in current scored listings,0,,,,,
psu,94,B0H65T2XHT,"JUSTOP X-Core Plus 550W Power Supply, 80 Plus Bronze Certified, ATX PSU For Desktop PCs, 120mm Quiet HDB Fan, Dual PCI-E, 6x",https://www.amazon.co.uk/JUSTOP-X-Core-Supply-Certified-Desktop/dp/B0H65T2XHT/ref=zg_bs_g_430514031_d_sccl_94/524-3698123-6031407,2026-09-25 11:37:58.141257,Exact ASIN listing has CPK in expected category,1,B0H65T2XHT,psu,1b6e8bd793c5043d,"JUSTOP X-Core Plus 550W Power Supply, 80 Plus Bronze Certified, ATX PSU For Desktop PCs, 120mm Quiet HDB Fan, Dual PCI-E, 6x SATA, Active PFC",True
psu,97,B09QS12N1W,PiSugar 3 Portable 1200 mAh UPS Lithium Battery Pwnagotchi Power Module for Raspberry Pi-Zero W/WH Model Accessories handhold,https://www.amazon.co.uk/Portable-Pwnagotchi-Raspberry-Accessories-handhold/dp/B09QS12N1W/ref=zg_bs_g_430514031_d_sccl_97/524-3698123-6031407,2026-09-25 11:37:58.141259,No exact-ASIN Amazon marketplace listing found in current scored listings,0,,,,,
psu,98,B0CNCHYXGZ,48V 3A Power Supply Adapter - COLM AC 100-240V DC 48 Volt 3 Amp Output 144W Power Adapter Interface 5.5 x 2.5mm Plug for PoE,https://www.amazon.co.uk/48V-3A-Power-Supply-Adapter/dp/B0CNCHYXGZ/ref=zg_bs_g_430514031_d_sccl_98/524-3698123-6031407,2026-09-25 11:37:58.141260,No exact-ASIN Amazon marketplace listing found in current scored listings,0,,,,,
psu,99,B0D9Y2JM1L,SinLoon Desktop Computer External PC Power Button PC Power Switch Multifunctional Desktop Button for Easy Start and Reset Con,https://www.amazon.co.uk/SinLoon-Computer-External-Multifunctional-Light-2M/dp/B0D9Y2JM1L/ref=zg_bs_g_430514031_d_sccl_99/524-3698123-6031407,2026-09-25 11:37:58.141260,No exact-ASIN Amazon marketplace listing found in current scored listings,0,,,,,
ram,1,B07RW6Z692,CORSAIR VENGEANCE LPX DDR4 RAM 32GB (2x16GB) Up to 3200MHz CL16-20-20-38 1.35V Intel XMP AMD EXPO Computer Memory – Black (CM,https://www.amazon.co.uk/Corsair-VENGEANCE-2x16GB-3200MHz-Computer/dp/B07RW6Z692/ref=zg_bs_g_430511031_d_sccl_1/522-4755054-8671242,2026-09-25 11:30:43.726273,Exact ASIN listing has CPK in expected category,3,B07RW6Z692,ram,16881be5473c90f8,CORSAIR VENGEANCE LPX DDR4 RAM 32GB (2x16GB) Up to 3200MHz CL16-20-20-38 1.35V Intel XMP AMD EXPO Computer Memory – Black (CMK32GX4M2E3200C16),True
ram,1,B07RW6Z692,CORSAIR VENGEANCE LPX DDR4 RAM 32GB (2x16GB) Up to 3200MHz CL16-20-20-38 1.35V Intel XMP AMD EXPO Computer Memory – Black (CM,https://www.amazon.co.uk/Corsair-VENGEANCE-2x16GB-3200MHz-Computer/dp/B07RW6Z692/ref=zg_bs_g_430511031_d_sccl_1/522-4755054-8671242,2026-09-25 11:30:43.726273,Exact ASIN listing has no CPK,3,google-shopping:https%3A%2F%2Fwww.amazon.co.uk%2FCorsair-VENGEANCE-2x16GB-3200MHz-Computer%2Fdp%2FB07RW6Z692%3Fsource%3Dps-sl-shoppingads-lpcontext%26ref_%3Dfplfs%26psc%3D1%26smid%3DA2KVF7QX:a34990b1854766bd8fc1c2cbb32590c34824dd04f57be4c524e47aa6951a69a5,,,CORSAIR VENGEANCE LPX DDR4 RAM 32GB (2x16GB) Up to 3200MHz CL16-20-20-38 1.35V Intel XMP AMD EXPO Computer Memory – Black (CMK32GX4M2E3200C16),False
ram,1,B07RW6Z692,CORSAIR VENGEANCE LPX DDR4 RAM 32GB (2x16GB) Up to 3200MHz CL16-20-20-38 1.35V Intel XMP AMD EXPO Computer Memory – Black (CM,https://www.amazon.co.uk/Corsair-VENGEANCE-2x16GB-3200MHz-Computer/dp/B07RW6Z692/ref=zg_bs_g_430511031_d_sccl_1/522-4755054-8671242,2026-09-25 11:30:43.726273,Exact ASIN listing has no CPK,3,google-shopping:https%3A%2F%2Fwww.amazon.co.uk%2FCorsair-VENGEANCE-2x16GB-3200MHz-Computer%2Fdp%2FB07RW6Z692%3Fsource%3Dps-sl-shoppingads-lpcontext%26ref_%3Dfplfs%26psc%3D1%26smid%3DA3P5ROKL:2e77749f91b938d4448cf2ecb65ab21a31c1c7df28af4d53acf2bac70a580a09,,,CORSAIR VENGEANCE LPX DDR4 RAM 32GB (2x16GB) Up to 3200MHz CL16-20-20-38 1.35V Intel XMP AMD EXPO Computer Memory – Black (CMK32GX4M2E3200C16),False
ram,2,B0BLFMP6YS,"Integral 8GB DDR4 RAM 3200MHz PC4-25600 SODIMM Laptop/Notebook/MacBook Memory Module, Black",https://www.amazon.co.uk/Integral-3200MT-2933MT-Notebook-MacBook/dp/B0BLFMP6YS/ref=zg_bs_g_430511031_d_sccl_2/522-4755054-8671242,2026-09-25 11:30:43.726276,No exact-ASIN Amazon marketplace listing found in current scored listings,0,,,,,
ram,5,B08C56GZGK,"Crucial DDR4 RAM 16GB 3200MHz CL22, Desktop Computer Memory (or 2933MHz, 2666MHz) - CT16G4DFRA32A",https://www.amazon.co.uk/Crucial-CT16G4DFRA32A-Desktop-Memory-Green/dp/B08C56GZGK/ref=zg_bs_g_430511031_d_sccl_5/522-4755054-8671242,2026-09-25 11:30:43.726280,Exact ASIN listing has CPK in expected category,1,B08C56GZGK,ram,cd4a86d1637d3d53,"Crucial DDR4 RAM 16GB 3200MHz CL22, Desktop Computer Memory (or 2933MHz, 2666MHz) - CT16G4DFRA32A",True
ram,6,B0BPTKD797,CORSAIR VENGEANCE RGB DDR5 32GB (2x16GB) DDR5 Up to 6000MHz CL30 AMD EXPO Intel XMP iCUE Compatible Computer Memory – Grey (C,https://www.amazon.co.uk/CORSAIR-VENGEANCE-6000MHz-Compatible-Computer/dp/B0BPTKD797/ref=zg_bs_g_430511031_d_sccl_6/522-4755054-8671242,2026-09-25 11:30:43.726281,Exact ASIN listing has CPK in expected category,1,B0BPTKD797,ram,6a38e91385a85b78,CORSAIR VENGEANCE RGB DDR5 32GB (2x16GB) DDR5 Up to 6000MHz CL30 AMD EXPO Intel XMP iCUE Compatible Computer Memory – Grey (CMH32GX5M2B6000Z30K),True
ram,7,B0CTHXMYL8,"Crucial Pro DDR5 RAM 32GB Kit (2x16GB) 6000MHz CL36, Overclocking Gaming, Intel XMP 3.0 / AMD EXPO, Computer Memory (PC), Bla",https://www.amazon.co.uk/Crucial-2x16GB-6000MHz-Overclocking-Computer/dp/B0CTHXMYL8/ref=zg_bs_g_430511031_d_sccl_7/522-4755054-8671242,2026-09-25 11:30:43.726282,Exact ASIN listing has CPK in expected category,1,B0CTHXMYL8,ram,34961fd1f10d9a1c,"Crucial Pro DDR5 RAM 32GB Kit (2x16GB) 6000MHz CL36, Overclocking Gaming, Intel XMP 3.0 / AMD EXPO, Computer Memory (PC), Black - CP2K16G60C36U5B",True
ram,9,B0GQCJ2D3D,"CORSAIR VENGEANCE RGB RS DDR5 16GB (2 x 8GB) Up To 5200MHz AMD INTEL RAM | Desktop Gaming Memory, AMD EXPO & Intel XMP 3.0 Co",https://www.amazon.co.uk/CORSAIR-VENGEANCE-DDR5-5200MHz-INTEL/dp/B0GQCJ2D3D/ref=zg_bs_g_430511031_d_sccl_9/522-4755054-8671242,2026-09-25 11:30:43.726284,Exact ASIN listing has CPK in expected category,2,B0GQCJ2D3D,ram,11476f3d7c388ad0,CORSAIR VENGEANCE RGB RS DDR5 16GB (2 x 8GB) Up To 5200MHz AMD INTEL RAM,True
ram,9,B0GQCJ2D3D,"CORSAIR VENGEANCE RGB RS DDR5 16GB (2 x 8GB) Up To 5200MHz AMD INTEL RAM | Desktop Gaming Memory, AMD EXPO & Intel XMP 3.0 Co",https://www.amazon.co.uk/CORSAIR-VENGEANCE-DDR5-5200MHz-INTEL/dp/B0GQCJ2D3D/ref=zg_bs_g_430511031_d_sccl_9/522-4755054-8671242,2026-09-25 11:30:43.726284,Exact ASIN listing has CPK in expected category,2,google-shopping:https%3A%2F%2Fwww.amazon.co.uk%2FCORSAIR-VENGEANCE-DDR5-5200MHz-INTEL%2Fdp%2FB0GQCJ2D3D%3Fsource%3Dps-sl-shoppingads-lpcontext%26ref_%3Dfplfs%26psc%3D1%26smid%3DA3P5ROKL5A1OL:30f3fd517627f6e37aafbbc84b2a0b1d3a21bb0cb4504387c6089fbdef7d05df,ram,11476f3d7c388ad0,"CORSAIR VENGEANCE RGB RS DDR5 16GB (2 x 8GB) Up To 5200MHz AMD INTEL RAM | Desktop Gaming Memory, AMD EXPO & Intel XMP 3.0 Compatible, CL40, Grey,",True
ram,10,B01NAXBSIY,Timetec 16GB Kit (2x8GB) DDR3L/ DDR3 1600MHz PC3-12800 Unbuffered Non-ECC 1.35V CL11 2Rx8 Dual Rank 204 Pin SODIMM Laptop Not,https://www.amazon.co.uk/Timetec-PC3-12800-Unbuffered-Notebook-Computer/dp/B01NAXBSIY/ref=zg_bs_g_430511031_d_sccl_10/522-4755054-8671242,2026-09-25 11:30:43.726285,No exact-ASIN Amazon marketplace listing found in current scored listings,0,,,,,
ram,11,B0BZHTVHN5,CORSAIR VENGEANCE RGB DDR5 RAM 32GB (2x16GB) Up to 6000MHz CL36 Intel XMP iCUE Compatible Computer Memory - Black (CMH32GX5M2,https://www.amazon.co.uk/CORSAIR-VENGEANCE-6000MHz-Compatible-Computer/dp/B0BZHTVHN5/ref=zg_bs_g_430511031_d_sccl_11/522-4755054-8671242,2026-09-25 11:30:43.726287,Exact ASIN listing has CPK in expected category,1,B0BZHTVHN5,ram,17bde5a9b0e16515,CORSAIR VENGEANCE RGB DDR5 RAM 32GB (2x16GB) Up to 6000MHz CL36 Intel XMP iCUE Compatible Computer Memory - Black (CMH32GX5M2E6000C36),True
ram,12,B08C4Z69LN,"Crucial DDR4 RAM 8GB 3200MHz SODIMM CL22, Laptop Computer Memory, Mini PC (or 2933MHz, 2666MHz) - CT8G4SFRA32A",https://www.amazon.co.uk/Crucial-3200MHz-Computer-2933MHz-2666MHz/dp/B08C4Z69LN/ref=zg_bs_g_430511031_d_sccl_12/522-4755054-8671242,2026-09-25 11:30:43.726288,No exact-ASIN Amazon marketplace listing found in current scored listings,0,,,,,
ram,13,B0G3PDY8HD,Timetec Premium 8GB DDR4 3200MHz (PC4-3200AA) PC4-25600 SODIMM Laptop RAM – 260-Pin 1.2V CL22 Non-ECC Unbuffered Memory Modul,https://www.amazon.co.uk/Timetec-Premium-3200MHz-PC4-3200AA-PC4-25600-Single-Rank/dp/B0G3PDY8HD/ref=zg_bs_g_430511031_d_sccl_13/522-4755054-8671242,2026-09-25 11:30:43.726289,No exact-ASIN Amazon marketplace listing found in current scored listings,0,,,,,
ram,14,B0C3RYHZJQ,CORSAIR VENGEANCE DDR5 RAM 32GB (2x16GB) Up to 6000MHz CL30 Intel XMP iCUE Compatible Computer Memory - Black (CMK32GX5M2B600,https://www.amazon.co.uk/CORSAIR-VENGEANCE-6000MHz-Compatible-Computer/dp/B0C3RYHZJQ/ref=zg_bs_g_430511031_d_sccl_14/522-4755054-8671242,2026-09-25 11:30:43.726290,Exact ASIN listing has CPK in expected category,1,B0C3RYHZJQ,ram,8210b653fc7c1651,CORSAIR VENGEANCE DDR5 RAM 32GB (2x16GB) Up to 6000MHz CL30 Intel XMP iCUE Compatible Computer Memory - Black (CMK32GX5M2B6000C30),True
ram,18,B01N7WGQBX,Timetec 16GB KIT(2x8GB) DDR3L / DDR3 1600MHz (DDR3L-1600) PC3L-12800 / PC3-12800 Non-ECC Unbuffered 1.35V/1.5V CL11 2Rx8 Dual,https://www.amazon.co.uk/Timetec-PC3-12800-Unbuffered-Desktop-Computer/dp/B01N7WGQBX/ref=zg_bs_g_430511031_d_sccl_18/522-4755054-8671242,2026-09-25 11:30:43.726295,Exact ASIN listing has no CPK,1,B01N7WGQBX,,,Timetec 16GB KIT(2x8GB) DDR3L / DDR3 1600MHz (DDR3L-1600) PC3L-12800 / PC3-12800 Non-ECC Unbuffered 1.35V/1.5V CL11 2Rx8 Dual Rank 240 Pin UDIMM Desktop PC Computer Memory RAM(SDRAM) Module Upgrade,False
ram,20,B08C4X9VR5,"Crucial DDR4 RAM 32GB Kit (2x16GB) 3200MHz SODIMM CL22, Laptop Computer Memory, Mini PC (or 2933MHz, 2666MHz) - CT2K16G4SFRA3",https://www.amazon.co.uk/Crucial-3200MHz-Computer-2933MHz-2666MHz/dp/B08C4X9VR5/ref=zg_bs_g_430511031_d_sccl_20/522-4755054-8671242,2026-09-25 11:30:43.726297,No exact-ASIN Amazon marketplace listing found in current scored listings,0,,,,,
ram,23,B07HFJLYTM,Timetec 8GB DDR4 2666MHz (PC4-2666V) PC4-21300 UDIMM Desktop RAM – 288-Pin 1.2V CL19 Non-ECC Unbuffered DIMM Memory Module Up,https://www.amazon.co.uk/Timetec-2666MHz-PC4-21300-Unbuffered-Non-ECC/dp/B07HFJLYTM/ref=zg_bs_g_430511031_d_sccl_23/522-4755054-8671242,2026-09-25 11:30:43.726301,Exact ASIN listing has CPK in expected category,1,B07HFJLYTM,ram,972cb5b8641c27b9,Timetec 8GB DDR4 2666MHz (PC4-2666V) PC4-21300 UDIMM Desktop RAM – 288-Pin 1.2V CL19 Non-ECC Unbuffered DIMM Memory Module Upgrade,True
ram,24,B0GJSRRGKT,"Netac DDR4 RAM 16GB Kit (2x8GB) 3200 MHz,DRAM 288-Pin UDIMM Desktop Memory,CL16 1.35V Intel XMP 2.0 Computer Memory-Black",https://www.amazon.co.uk/Netac-288-Pin-Desktop-Computer-Memory-Black-D4III/dp/B0GJSRRGKT/ref=zg_bs_g_430511031_d_sccl_24/522-4755054-8671242,2026-09-25 11:30:43.726302,Exact ASIN listing has CPK in expected category,1,B0GJSRRGKT,ram,493eb43830fa855f,"Netac DDR4 RAM 16GB Kit (2x8GB) 3200 MHz,DRAM 288-Pin UDIMM Desktop Memory,CL16 1.35V Intel XMP 2.0 Computer Memory-Black",True
ram,25,B0G193YHMB,Timetec Premium 8GB DDR4 2400MHz (PC4-2400T) PC4-19200 SODIMM Laptop RAM – 260-Pin 1.2V CL17 Non-ECC Unbuffered Memory Module,https://www.amazon.co.uk/Timetec-Premium-2400MHz-PC4-2400T-PC4-19200/dp/B0G193YHMB/ref=zg_bs_g_430511031_d_sccl_25/522-4755054-8671242,2026-09-25 11:30:43.726303,No exact-ASIN Amazon marketplace listing found in current scored listings,0,,,,,
ram,27,B08F7M219D,Rasalas DDR3 16GB Kit (2x8GB) DDR3 1600MHz PC3L-12800S Non ECC Unbuffered 1.35V CL11 2Rx8 Dual Rank SODIMM Laptop Memory Ram,https://www.amazon.co.uk/Rasalas-1600MHz-PC3L-12800S-Unbuffered-SODIMM/dp/B08F7M219D/ref=zg_bs_g_430511031_d_sccl_27/522-4755054-8671242,2026-09-25 11:30:43.726305,No exact-ASIN Amazon marketplace listing found in current scored listings,0,,,,,
ram,28,B0CK88P7VF,"CORSAIR VENGEANCE DDR5 SODIMM 32GB (2x16GB) DDR5 Up to 5600MHz C48 (Compatible with Nearly Any Intel and AMD System, Easy Ins",https://www.amazon.co.uk/CORSAIR-VENGEANCE-Compatible-Installation-Compatibility/dp/B0CK88P7VF/ref=zg_bs_g_430511031_d_sccl_28/522-4755054-8671242,2026-09-25 11:30:43.726307,No exact-ASIN Amazon marketplace listing found in current scored listings,0,,,,,
ram,29,B0DM594XBJ,Biwin Black Opal DW100 DDR5 RGB RAM 32GB (16GBx2) Up to 6000MHz CL30 Computer Memory Intel XMP 3.0 AMD EXPO Compatible-Black,https://www.amazon.co.uk/16GBx2-6000MHz-Computer-Memory-Compatible-Black-Black/dp/B0DM594XBJ/ref=zg_bs_g_430511031_d_sccl_29/522-4755054-8671242,2026-09-25 11:30:43.726308,Exact ASIN listing has CPK in expected category,1,B0DM594XBJ,ram,8d2926a4011dee4d,Biwin Black Opal DW100 DDR5 RGB RAM 32GB (16GBx2) Up to 6000MHz CL30 Computer Memory Intel XMP 3.0 AMD EXPO Compatible-Black,True
ram,30,B0GGNTRNGZ,"Lexar SODIMM 24GB DDR5 RAM 5600 MHz CL46, 262-Pin DDR5 SODIMM Laptop RAM, High-Performance Gaming DRAM SO-DIMM for Laptop Mem",https://www.amazon.co.uk/Lexar-262-Pin-High-Performance-SO-DIMM-CL46-45-45-90/dp/B0GGNTRNGZ/ref=zg_bs_g_430511031_d_sccl_30/522-4755054-8671242,2026-09-25 11:30:43.726309,No exact-ASIN Amazon marketplace listing found in current scored listings,0,,,,,
ram,31,B0G12QXD5H,Timetec Premium 16GB DDR4 3200MHz (PC4-3200AA) PC4-25600 SODIMM Laptop RAM – 260-Pin 1.2V CL22 Non-ECC Unbuffered Memory Modu,https://www.amazon.co.uk/Timetec-Premium-3200MHz-PC4-3200AA-PC4-25600/dp/B0G12QXD5H/ref=zg_bs_g_430511031_d_sccl_31/522-4755054-8671242,2026-09-25 11:30:43.726310,No exact-ASIN Amazon marketplace listing found in current scored listings,0,,,,,
ram,32,B071GS8TTK,Timetec 16GB DDR4 2400MHz (PC4-2400T) PC4-19200 UDIMM Desktop RAM – 288-Pin 1.2V CL17 Non-ECC Unbuffered DIMM Memory Module U,https://www.amazon.co.uk/Timetec-2400MHz-PC4-19200-Unbuffered-Computer/dp/B071GS8TTK/ref=zg_bs_g_430511031_d_sccl_32/522-4755054-8671242,2026-09-25 11:30:43.726311,Exact ASIN listing has CPK in expected category,1,B071GS8TTK,ram,1b8af13e53393706,Timetec 16GB DDR4 2400MHz (PC4-2400T) PC4-19200 UDIMM Desktop RAM – 288-Pin 1.2V CL17 Non-ECC Unbuffered DIMM Memory Module Upgrade,True
ram,33,B082NQ4144,16GB Kit (2X8GB) DDR3 12800 1600 PC3L-12800U 8GB DDR3L Dimm 2Rx8 1.35V/1.5V CL11 Desktop RAM Memory for Desktop Computer,https://www.amazon.co.uk/ROYEMAI-PC3L-12800U-Notebook-Desktop-Computer/dp/B082NQ4144/ref=zg_bs_g_430511031_d_sccl_33/522-4755054-8671242,2026-09-25 11:30:43.726312,Exact ASIN listing has no CPK,1,B082NQ4144,ram,,16GB Kit (2X8GB) DDR3 12800 1600 PC3L-12800U 8GB DDR3L Dimm 2Rx8 1.35V/1.5V CL11 Desktop RAM Memory for Desktop Computer,True
ram,34,B0BZHXGYWS,Corsair Vengeance DDR5 RAM 16GB (2x8GB) Up to 5200MHz CL40 Intel XMP iCUE Compatible Computer Memory - Black,https://www.amazon.co.uk/Corsair-VENGEANCE-5200MHz-Compatible-Computer/dp/B0BZHXGYWS/ref=zg_bs_g_430511031_d_sccl_34/522-4755054-8671242,2026-09-25 11:30:43.726314,Exact ASIN listing has CPK in expected category,3,B0BZHXGYWS,ram,48ad3c84213f1960,Corsair Vengeance DDR5 RAM 16GB (2x8GB) Up to 5200MHz CL40 Intel XMP iCUE Compatible Computer Memory - Black,True
ram,34,B0BZHXGYWS,Corsair Vengeance DDR5 RAM 16GB (2x8GB) Up to 5200MHz CL40 Intel XMP iCUE Compatible Computer Memory - Black,https://www.amazon.co.uk/Corsair-VENGEANCE-5200MHz-Compatible-Computer/dp/B0BZHXGYWS/ref=zg_bs_g_430511031_d_sccl_34/522-4755054-8671242,2026-09-25 11:30:43.726314,Exact ASIN listing has CPK in expected category,3,google-shopping:https%3A%2F%2Fwww.amazon.co.uk%2FCorsair-VENGEANCE-5200MHz-Compatible-Computer%2Fdp%2FB0BZHXGYWS%3Fsource%3Dps-sl-shoppingads-lpcontext%26ref_%3Dfplfs%26psc%3D1%26smid%3DA3P5:b751b2d8e42a51fd7daebfd55d5928ac269a3c4c3f7f58b13464f352d923fe72,ram,0b50c7570bdbbcb5,CORSAIR Vengeance DDR5 RAM 16GB (2x8GB) Up to 5200MHz CL40 Intel XMP iCUE Compatible Computer Memory - Black,True
ram,34,B0BZHXGYWS,Corsair Vengeance DDR5 RAM 16GB (2x8GB) Up to 5200MHz CL40 Intel XMP iCUE Compatible Computer Memory - Black,https://www.amazon.co.uk/Corsair-VENGEANCE-5200MHz-Compatible-Computer/dp/B0BZHXGYWS/ref=zg_bs_g_430511031_d_sccl_34/522-4755054-8671242,2026-09-25 11:30:43.726314,Exact ASIN listing has CPK in expected category,3,google-shopping:https%3A%2F%2Fwww.amazon.co.uk%2FCorsair-VENGEANCE-5200MHz-Compatible-Computer%2Fdp%2FB0BZHXGYWS%3Fsource%3Dps-sl-shoppingads-lpcontext%26ref_%3Dfplfs%26psc%3D1%26smid%3DA3P5:c6bfa7aea8bdae6c2f05e5b2607a0c1e9f73042a59e74c805b5180d016418c9f,ram,48ad3c84213f1960,Corsair Vengeance DDR5 RAM 16GB (2x8GB) Up to 5200MHz CL40 Intel XMP iCUE Compatible Computer Memory - Black,True
ram,35,B08C511GQH,"Crucial DDR4 RAM 16GB 3200MHz SODIMM CL22, Laptop Computer Memory, Mini PC (or 2933MHz, 2666MHz) - CT16G4SFRA32A",https://www.amazon.co.uk/Crucial-3200MHz-Computer-2933MHz-2666MHz/dp/B08C511GQH/ref=zg_bs_g_430511031_d_sccl_35/522-4755054-8671242,2026-09-25 11:30:43.726315,No exact-ASIN Amazon marketplace listing found in current scored listings,0,,,,,
ram,36,B0C5M7J967,CORSAIR VENGEANCE DDR5 64GB (2x32GB) DDR5 Up to 6000MHz CL30 AMD EXPO Intel XMP iCUE Compatible Computer Memory – Grey (CMK64,https://www.amazon.co.uk/CORSAIR-VENGEANCE-6000MHz-Compatible-Computer/dp/B0C5M7J967/ref=zg_bs_g_430511031_d_sccl_36/522-4755054-8671242,2026-09-25 11:30:43.726316,Exact ASIN listing has CPK in expected category,1,B0C5M7J967,ram,bce1b90495374339,CORSAIR VENGEANCE DDR5 64GB (2x32GB) DDR5 Up to 6000MHz CL30 AMD EXPO Intel XMP iCUE Compatible Computer Memory – Grey (CMK64GX5M2B6000Z30),True
ram,37,B08J3NGCMH,Motoeagle DDR3L-1600 SODIMM 16GB Kit (2x8GB) PC3L-12800S 8GB 2Rx8 PC3 12800S DDR3 1600MHz RAM 1.35V/1.5V CL11 204-Pin Non-ECC,https://www.amazon.co.uk/motoeagle-DDR3L-1600-PC3L-12800S-1600MHz-Unbuffered/dp/B08J3NGCMH/ref=zg_bs_g_430511031_d_sccl_37/522-4755054-8671242,2026-09-25 11:30:43.726317,No exact-ASIN Amazon marketplace listing found in current scored listings,0,,,,,
ram,40,B0CD7PJ4DV,DDR4 2666MHz 32GB Kit (16GBx2) Desktop RAM PC4-21300 UDIMM Non-ECC Unbuffered 1.2V 288-Pin CL19 PC Computer Memory Upgrade Mo,https://www.amazon.co.uk/2666MHz-Desktop-PC4-21300-Unbuffered-Computer-Black/dp/B0CD7PJ4DV/ref=zg_bs_g_430511031_d_sccl_40/522-4755054-8671242,2026-09-25 11:30:43.726321,Exact ASIN listing has CPK in expected category,1,B0CD7PJ4DV,ram,cdcfc32ef80879c1,DDR4 2666MHz 32GB Kit (16GBx2) Desktop RAM PC4-21300 UDIMM Non-ECC Unbuffered 1.2V 288-Pin CL19 PC Computer Memory Upgrade Module Kit (Black),True
ram,41,B09477S96W,"【DDR4 RAM Laptop Only】GIGASTONE 32GB Kit (2x16GB) DDR4 3200MHz (2933MHz or 2666MHz) PC4-25600 (PC4-23400, 21300) CL22 1.2V SO",https://www.amazon.co.uk/RAM%E3%80%91Gigastone-DDR4-3200MHz-PC4-25600-Unbuffered-Notebook-3200MHz-16GB-2-Pack/dp/B09477S96W/ref=zg_bs_g_430511031_d_sccl_41/522-4755054-8671242,2026-09-25 11:30:43.726322,No exact-ASIN Amazon marketplace listing found in current scored listings,0,,,,,
ram,45,B07D1XCKWW,CORSAIR VENGEANCE RGB PRO DDR4 RAM 16GB (2x8GB) Up to 3200MHz CL16-18-18-36 1.35V Intel AMD Desktop Computer Memory - Black (,https://www.amazon.co.uk/CORSAIR-VENGEANCE-3200MHz-CL16-18-18-36-Computer/dp/B07D1XCKWW/ref=zg_bs_g_430511031_d_sccl_45/522-4755054-8671242,2026-09-25 11:30:43.726326,Exact ASIN listing has CPK in expected category,6,B07D1XCKWW,ram,06b628778428eb0c,CORSAIR VENGEANCE RGB PRO DDR4 RAM 16GB (2x8GB) Up to 3200MHz CL16-18-18-36 1.35V Intel AMD Desktop Computer Memory - Black (CMW16GX4M2C3200C16),True
ram,45,B07D1XCKWW,CORSAIR VENGEANCE RGB PRO DDR4 RAM 16GB (2x8GB) Up to 3200MHz CL16-18-18-36 1.35V Intel AMD Desktop Computer Memory - Black (,https://www.amazon.co.uk/CORSAIR-VENGEANCE-3200MHz-CL16-18-18-36-Computer/dp/B07D1XCKWW/ref=zg_bs_g_430511031_d_sccl_45/522-4755054-8671242,2026-09-25 11:30:43.726326,Exact ASIN listing has CPK in expected category,6,google-shopping:https%3A%2F%2Fwww.amazon.co.uk%2FCORSAIR-VENGEANCE-3200MHz-CL16-18-18-36-Computer%2Fdp%2FB07D1XCKWW%3Fsource%3Dps-sl-shoppingads-lpcontext%26ref_%3Dfplfs%26psc%3D1%26smid%3DA:26b7f7236b7e525d24122d1ea4e2666f4f080bed5b3eb61a7873d5e0b8e6d66b,ram,03ca5f1d5f5b7ef9,CORSAIR VENGEANCE RGB PRO DDR4 RAM 16GB (2x8GB) Up to 3200MHz CL16-18-18-36 1.35V Intel AMD Desktop Computer Memory - Black (CMW16GX4M2C3200C16),True
ram,45,B07D1XCKWW,CORSAIR VENGEANCE RGB PRO DDR4 RAM 16GB (2x8GB) Up to 3200MHz CL16-18-18-36 1.35V Intel AMD Desktop Computer Memory - Black (,https://www.amazon.co.uk/CORSAIR-VENGEANCE-3200MHz-CL16-18-18-36-Computer/dp/B07D1XCKWW/ref=zg_bs_g_430511031_d_sccl_45/522-4755054-8671242,2026-09-25 11:30:43.726326,Exact ASIN listing has CPK in expected category,6,google-shopping:https%3A%2F%2Fwww.amazon.co.uk%2FCORSAIR-VENGEANCE-3200MHz-CL16-18-18-36-Computer%2Fdp%2FB07D1XCKWW%3Fsource%3Dps-sl-shoppingads-lpcontext%26ref_%3Dfplfs%26psc%3D1%26smid%3DA:5004704ec064658e95e164fe1fcd1dbab77d8fb05fdd51b53ec4ec57ee9fe80f,ram,03ca5f1d5f5b7ef9,CORSAIR VENGEANCE RGB PRO DDR4 RAM 16GB (2x8GB) Up to 3200MHz CL16-18-18-36 1.35V Intel AMD Desktop Computer Memory - Black (CMW16GX4M2C3200C16),True
ram,45,B07D1XCKWW,CORSAIR VENGEANCE RGB PRO DDR4 RAM 16GB (2x8GB) Up to 3200MHz CL16-18-18-36 1.35V Intel AMD Desktop Computer Memory - Black (,https://www.amazon.co.uk/CORSAIR-VENGEANCE-3200MHz-CL16-18-18-36-Computer/dp/B07D1XCKWW/ref=zg_bs_g_430511031_d_sccl_45/522-4755054-8671242,2026-09-25 11:30:43.726326,Exact ASIN listing has no CPK,6,google-shopping:https%3A%2F%2Fwww.amazon.co.uk%2FCORSAIR-VENGEANCE-3200MHz-CL16-18-18-36-Computer%2Fdp%2FB07D1XCKWW%3Fsource%3Dps-sl-shoppingads-lpcontext%26ref_%3Dfplfs%26psc%3D1%26smid%3DA:a7d573599cc68c8fa02a75742654ce5c719e46cfc3b40b48d03b55e6723abd8c,,,CORSAIR VENGEANCE RGB PRO DDR4 RAM 16GB (2x8GB) Up to 3200MHz CL16-18-18-36 1.35V Intel AMD Desktop Computer Memory - Black (CMW16GX4M2C3200C16),False
ram,45,B07D1XCKWW,CORSAIR VENGEANCE RGB PRO DDR4 RAM 16GB (2x8GB) Up to 3200MHz CL16-18-18-36 1.35V Intel AMD Desktop Computer Memory - Black (,https://www.amazon.co.uk/CORSAIR-VENGEANCE-3200MHz-CL16-18-18-36-Computer/dp/B07D1XCKWW/ref=zg_bs_g_430511031_d_sccl_45/522-4755054-8671242,2026-09-25 11:30:43.726326,Exact ASIN listing has CPK in expected category,6,google-shopping:https%3A%2F%2Fwww.amazon.co.uk%2FCORSAIR-VENGEANCE-3200MHz-CL16-18-18-36-Computer%2Fdp%2FB07D1XCKWW%3Fsource%3Dps-sl-shoppingads-lpcontext%26ref_%3Dfplfs%26psc%3D1%26smid%3DA:b47c8543d05ff5a93c99605136b247e7d9e127174205b29745b51c8b9236a5b3,ram,03ca5f1d5f5b7ef9,CORSAIR VENGEANCE RGB PRO DDR4 RAM 16GB (2x8GB) Up to 3200MHz CL16-18-18-36 1.35V Intel AMD Desktop Computer Memory - Black (CMW16GX4M2C3200C16),True
ram,45,B07D1XCKWW,CORSAIR VENGEANCE RGB PRO DDR4 RAM 16GB (2x8GB) Up to 3200MHz CL16-18-18-36 1.35V Intel AMD Desktop Computer Memory - Black (,https://www.amazon.co.uk/CORSAIR-VENGEANCE-3200MHz-CL16-18-18-36-Computer/dp/B07D1XCKWW/ref=zg_bs_g_430511031_d_sccl_45/522-4755054-8671242,2026-09-25 11:30:43.726326,Exact ASIN listing has no CPK,6,google-shopping:https%3A%2F%2Fwww.amazon.co.uk%2FCORSAIR-VENGEANCE-3200MHz-CL16-18-18-36-Computer%2Fdp%2FB07D1XCKWW%3Fsource%3Dps-sl-shoppingads-lpcontext%26ref_%3Dfplfs%26psc%3D1%26smid%3DA:f1965816781bda171d175d5fc04fcb4fecc153b9616a636d81b65a4c875b2a99,,,CORSAIR VENGEANCE RGB PRO DDR4 RAM 16GB (2x8GB) Up to 3200MHz CL16-18-18-36 1.35V Intel AMD Desktop Computer Memory - Black (CMW16GX4M2C3200C16),False
ram,52,B07KZDGNW3,Timetec 8GB DDR4 2666MHz (PC4-2666V) PC4-21300 SODIMM Laptop RAM – 260-Pin 1.2V CL19 Non-ECC Unbuffered Memory Module for Lap,https://www.amazon.co.uk/Timetec-PC4-21300-Unbuffered-Notebook-Computer/dp/B07KZDGNW3/ref=zg_bs_g_430511031_d_sccl_2/522-4755054-8671242,2026-09-25 11:30:43.726330,No exact-ASIN Amazon marketplace listing found in current scored listings,0,,,,,
ram,55,B08GSTF5NJ,CORSAIR VENGEANCE SODIMM DDR4 RAM 32GB (2x16GB) Up to 3200MHz CL22-22-22-53 1.2V Intel AMD Laptop Notebook Memory - Black (CM,https://www.amazon.co.uk/CORSAIR-VENGEANCE-3200MHz-CL22-22-22-53-Notebook/dp/B08GSTF5NJ/ref=zg_bs_g_430511031_d_sccl_5/522-4755054-8671242,2026-09-25 11:30:43.726333,No exact-ASIN Amazon marketplace listing found in current scored listings,0,,,,,
ram,56,B08S9BLC36,"Corsair VENGEANCE RGB PRO 32GB 2 x 16GB, CMW32GX4M2E3200C16W DDR4 Up to 3200MHz(PC4-25600) C16 Desktop memory – White",https://www.amazon.co.uk/Corsair-VENGEANCE-CMW32GX4M2E3200C16W-3200MHz-PC4-25600/dp/B08S9BLC36/ref=zg_bs_g_430511031_d_sccl_6/522-4755054-8671242,2026-09-25 11:30:43.726335,Exact ASIN listing has CPK in expected category,2,B08S9BLC36,ram,084f2e38b273c4b7,"Corsair VENGEANCE RGB PRO 32GB 2 x 16GB, CMW32GX4M2E3200C16W DDR4 Up to 3200MHz(PC4-25600) C16 Desktop memory – White",True
ram,56,B08S9BLC36,"Corsair VENGEANCE RGB PRO 32GB 2 x 16GB, CMW32GX4M2E3200C16W DDR4 Up to 3200MHz(PC4-25600) C16 Desktop memory – White",https://www.amazon.co.uk/Corsair-VENGEANCE-CMW32GX4M2E3200C16W-3200MHz-PC4-25600/dp/B08S9BLC36/ref=zg_bs_g_430511031_d_sccl_6/522-4755054-8671242,2026-09-25 11:30:43.726335,Exact ASIN listing has CPK in expected category,2,google-shopping:https%3A%2F%2Fwww.amazon.co.uk%2FCorsair-VENGEANCE-CMW32GX4M2E3200C16W-3200MHz-PC4-25600%2Fdp%2FB08S9BLC36%3Fsource%3Dps-sl-shoppingads-lpcontext%26ref_%3Dfplfs%26psc%3D1%26s:7974b6d41a64fc39889a1451c17312ee6e628a943884fe38a3aca3298cee167d,ram,03ca5f1d5f5b7ef9,"Corsair VENGEANCE RGB PRO 32GB 2 x 16GB, CMW32GX4M2E3200C16W DDR4 Up to 3200MHz(PC4-25600) C16 Desktop memory – White",True
ram,57,B07ZLC7VNH,"Crucial DDR4 RAM 32GB 3200MHz SODIMM CL22, Laptop Computer Memory, Mini PC (or 2933MHz, 2666MHz) - CT32G4SFD832A",https://www.amazon.co.uk/Crucial-3200MHz-Computer-Performance-2933MHz/dp/B07ZLC7VNH/ref=zg_bs_g_430511031_d_sccl_7/522-4755054-8671242,2026-09-25 11:30:43.726336,No exact-ASIN Amazon marketplace listing found in current scored listings,0,,,,,
ram,58,B071KP8CGJ,Crucial RAM CT16G4SFD8266 16GB DDR4 2666MHz Laptop Memory,https://www.amazon.co.uk/Crucial-CT16G4SFD8266-PC4-21300-SODIMM-260-Pin/dp/B071KP8CGJ/ref=zg_bs_g_430511031_d_sccl_8/522-4755054-8671242,2026-09-25 11:30:43.726337,No exact-ASIN Amazon marketplace listing found in current scored listings,0,,,,,
ram,59,B00453R90W,Patriot 16GB(2x8GB) Viper III DDR3 1866MHz (PC3 15000) CL10 Desktop Memory With Black Mamba Heatsink - PV316G186C0K,https://www.amazon.co.uk/Patriot-PV316G186C0K-1866MHz-Channel-Memory/dp/B00453R90W/ref=zg_bs_g_430511031_d_sccl_9/522-4755054-8671242,2026-09-25 11:30:43.726338,Exact ASIN listing has no CPK,1,B00453R90W,,,Patriot 16GB(2x8GB) Viper III DDR3 1866MHz (PC3 15000) CL10 Desktop Memory With Black Mamba Heatsink - PV316G186C0K,False
ram,60,B097QJ25NY,Kingston FURY Impact 32 GB (2 x 16 GB) 3200MHz DDR4 CL20 Laptop Memory Kit of 2 KF432S20IBK2/32,https://www.amazon.co.uk/Kingston-Impact-32-3200MHz-KF432S20IBK2/dp/B097QJ25NY/ref=zg_bs_g_430511031_d_sccl_10/522-4755054-8671242,2026-09-25 11:30:43.726340,No exact-ASIN Amazon marketplace listing found in current scored listings,0,,,,,
ram,61,B0D9PRVBRZ,CORSAIR VENGEANCE RGB DDR5 RAM 16GB (2x8GB) Up to 5200MHz CL40 Intel XMP iCUE Compatible Computer Memory - Black (CMH16GX5M2B,https://www.amazon.co.uk/CORSAIR-VENGEANCE-5200MHz-Compatible-Computer/dp/B0D9PRVBRZ/ref=zg_bs_g_430511031_d_sccl_11/522-4755054-8671242,2026-09-25 11:30:43.726341,Exact ASIN listing has CPK in expected category,4,B0D9PRVBRZ,ram,d36fc12b12cefc8e,CORSAIR VENGEANCE RGB DDR5 RAM 16GB (2x8GB) Up to 5200MHz CL40 Intel XMP iCUE Compatible Computer Memory - Black (CMH16GX5M2B5200C40),True
ram,61,B0D9PRVBRZ,CORSAIR VENGEANCE RGB DDR5 RAM 16GB (2x8GB) Up to 5200MHz CL40 Intel XMP iCUE Compatible Computer Memory - Black (CMH16GX5M2B,https://www.amazon.co.uk/CORSAIR-VENGEANCE-5200MHz-Compatible-Computer/dp/B0D9PRVBRZ/ref=zg_bs_g_430511031_d_sccl_11/522-4755054-8671242,2026-09-25 11:30:43.726341,Exact ASIN listing has CPK in expected category,4,google-shopping:https%3A%2F%2Fwww.amazon.co.uk%2FCORSAIR-VENGEANCE-5200MHz-Compatible-Computer%2Fdp%2FB0D9PRVBRZ%3Fsource%3Dps-sl-shoppingads-lpcontext%26ref_%3Dfplfs%26psc%3D1%26smid%3DA17A:b6e4c3d232bd5e4f7e9bd9194f59f66cab7c4f378d5ca20acf08e2795a1d4e2d,ram,d36fc12b12cefc8e,CORSAIR VENGEANCE RGB DDR5 RAM 16GB (2x8GB) Up to 5200MHz CL40 Intel XMP iCUE Compatible Computer Memory - Black (CMH16GX5M2B5200C40),True
ram,61,B0D9PRVBRZ,CORSAIR VENGEANCE RGB DDR5 RAM 16GB (2x8GB) Up to 5200MHz CL40 Intel XMP iCUE Compatible Computer Memory - Black (CMH16GX5M2B,https://www.amazon.co.uk/CORSAIR-VENGEANCE-5200MHz-Compatible-Computer/dp/B0D9PRVBRZ/ref=zg_bs_g_430511031_d_sccl_11/522-4755054-8671242,2026-09-25 11:30:43.726341,Exact ASIN listing has no CPK,4,google-shopping:https%3A%2F%2Fwww.amazon.co.uk%2FCORSAIR-VENGEANCE-5200MHz-Compatible-Computer%2Fdp%2FB0D9PRVBRZ%3Fsource%3Dps-sl-shoppingads-lpcontext%26ref_%3Dfplfs%26psc%3D1%26smid%3DA289:e571f384fe6fd34c10b747cd72f8a81b01672da663d6e1ddcb60bb87d1e72f21,,,CORSAIR VENGEANCE RGB DDR5 RAM 16GB (2x8GB) Up to 5200MHz CL40 Intel XMP iCUE Compatible Computer Memory - Black (CMH16GX5M2B5200C40),False
ram,61,B0D9PRVBRZ,CORSAIR VENGEANCE RGB DDR5 RAM 16GB (2x8GB) Up to 5200MHz CL40 Intel XMP iCUE Compatible Computer Memory - Black (CMH16GX5M2B,https://www.amazon.co.uk/CORSAIR-VENGEANCE-5200MHz-Compatible-Computer/dp/B0D9PRVBRZ/ref=zg_bs_g_430511031_d_sccl_11/522-4755054-8671242,2026-09-25 11:30:43.726341,Exact ASIN listing has CPK in expected category,4,google-shopping:https%3A%2F%2Fwww.amazon.co.uk%2FCORSAIR-VENGEANCE-5200MHz-Compatible-Computer%2Fdp%2FB0D9PRVBRZ%3Fsource%3Dps-sl-shoppingads-lpcontext%26ref_%3Dfplfs%26psc%3D1%26smid%3DA3P5:94ee6855306ed71bb874587ba4115a42e2f362f180a44246fc4e929b75e0820f,ram,d36fc12b12cefc8e,CORSAIR VENGEANCE RGB DDR5 RAM 16GB (2x8GB) Up to 5200MHz CL40 Intel XMP iCUE Compatible Computer Memory - Black (CMH16GX5M2B5200C40),True
ram,62,B07KY3VV42,Timetec 16GB KIT (2x8GB) DDR4 2133MHz (PC4-2133P) PC4-17000 UDIMM Desktop RAM – 288-Pin 1.2V CL15 Non-ECC Unbuffered DIMM Mem,https://www.amazon.co.uk/Timetec-2133MHz-PC4-17000-Unbuffered-Non-ECC/dp/B07KY3VV42/ref=zg_bs_g_430511031_d_sccl_12/522-4755054-8671242,2026-09-25 11:30:43.726342,Exact ASIN listing has CPK in expected category,1,B07KY3VV42,ram,2f7d081bec042fd0,Timetec 16GB KIT (2x8GB) DDR4 2133MHz (PC4-2133P) PC4-17000 UDIMM Desktop RAM – 288-Pin 1.2V CL15 Non-ECC Unbuffered DIMM Memory Module Upgrade,True
ram,63,B0H38PWP63,"PUSKILL 32GB Kit (2x16GB) DDR4 RAM 3200MHz PC4-25600 Desktop Memory with Aluminum Heatsink, Non-ECC Unbuffered UDIMM 1.35V CL",https://www.amazon.co.uk/PUSKILL-PC4-25600-Aluminum-Unbuffered-Performance/dp/B0H38PWP63/ref=zg_bs_g_430511031_d_sccl_13/522-4755054-8671242,2026-09-25 11:30:43.726343,Exact ASIN listing has CPK in expected category,1,B0H38PWP63,ram,660288fabe3c8590,"PUSKILL 32GB Kit (2x16GB) DDR4 RAM 3200MHz PC4-25600 Desktop Memory with Aluminum Heatsink, Non-ECC Unbuffered UDIMM 1.35V CL16 288-Pin, High Performance Gaming PC Upgrade for Intel & AMD",True
ram,64,B0GVFBCJ1N,Nexarelle 2Pcs DIMM Desktop DDR3/DDR4/DDR5 Memory RAM Module Package Tray with Cover - Plastic Clamshell Antistatic Tray Tran,https://www.amazon.co.uk/Nexarelle-Desktop-Memory-Module-Package/dp/B0GVFBCJ1N/ref=zg_bs_g_430511031_d_sccl_14/522-4755054-8671242,2026-09-25 11:30:43.726344,No exact-ASIN Amazon marketplace listing found in current scored listings,0,,,,,
ram,65,B0CD7WZRHF,CORSAIR VENGEANCE RGB DDR5 RAM 32GB (2x16GB) Up to 6000MHz CL30 Intel XMP iCUE Compatible Computer Memory - White (CMH32GX5M2,https://www.amazon.co.uk/CORSAIR-VENGEANCE-6000MHz-Compatible-Computer/dp/B0CD7WZRHF/ref=zg_bs_g_430511031_d_sccl_15/522-4755054-8671242,2026-09-25 11:30:43.726346,Exact ASIN listing has CPK in expected category,1,B0CD7WZRHF,ram,d36fc12b12cefc8e,CORSAIR VENGEANCE RGB DDR5 RAM 32GB (2x16GB) Up to 6000MHz CL30 Intel XMP iCUE Compatible Computer Memory - White (CMH32GX5M2B6000C30W),True
ram,66,B0D5QCW37D,【DDR4 RAM Laptop Only】GIGASTONE 16GB Kit (2x8GB) DDR4 3200MHz (2933MHz or 2666MHz) PC4-25600 (PC4-23400/21300) CL22 1.2V SODI,https://www.amazon.co.uk/RAM%E3%80%91GIGASTONE-PC4-25600-PC4-23400-Unbuffered-Performance-DDR4-3200MHz/dp/B0D5QCW37D/ref=zg_bs_g_430511031_d_sccl_16/522-4755054-8671242,2026-09-25 11:30:43.726347,No exact-ASIN Amazon marketplace listing found in current scored listings,0,,,,,
ram,67,B0DCFMYRGJ,fanxiang DDR4 RAM 32GB kit (2x16GB) 3200 MHz Computer Memory XMP 2.0 | High Performance Overclocking for Intel and AMD,https://www.amazon.co.uk/fanxiang-2x16GB-Computer-Performance-Overclocking-White/dp/B0DCFMYRGJ/ref=zg_bs_g_430511031_d_sccl_17/522-4755054-8671242,2026-09-25 11:30:43.726348,Exact ASIN listing has CPK in expected category,1,B0DCFMYRGJ,ram,2e633785b0012305,fanxiang DDR4 RAM 32GB kit (2x16GB) 3200 MHz Computer Memory XMP 2.0,True
ram,68,B0GXG25Q2D,8GB DDR4 2666MHz DIGIERA DU260 UDIMM Desktop RAM–288-Pin 1.2V CL19 Non-ECC Memory Module,https://www.amazon.co.uk/2666MHz-DIGIERA-Desktop-RAM-288-Pin-Non-ECC/dp/B0GXG25Q2D/ref=zg_bs_g_430511031_d_sccl_18/522-4755054-8671242,2026-09-25 11:30:43.726349,No exact-ASIN Amazon marketplace listing found in current scored listings,0,,,,,
ram,69,B0CJ8ZHMVF,CORSAIR VENGEANCE DDR5 32GB (2x16GB) DDR5 Up to 6000MHz CL36 AMD EXPO Intel XMP iCUE Compatible Computer Memory – Grey (CMK32,https://www.amazon.co.uk/CORSAIR-Vengeance-6000MHz-Compatible-Computer/dp/B0CJ8ZHMVF/ref=zg_bs_g_430511031_d_sccl_19/522-4755054-8671242,2026-09-25 11:30:43.726350,Exact ASIN listing has CPK in expected category,1,B0CJ8ZHMVF,ram,3f571e7956f47738,CORSAIR VENGEANCE DDR5 32GB (2x16GB) DDR5 Up to 6000MHz CL36 AMD EXPO Intel XMP iCUE Compatible Computer Memory – Grey (CMK32GX5M2E6000Z36),True
ram,70,B07433WQYS,Timetec Hynix IC Apple 32GB Kit (4x8GB) DDR3L 1866MHz PC3-14900 SODIMM Memory Upgrade For selected Apple devices (32GB Kit (4,https://www.amazon.co.uk/Timetec-1866MHz-PC3-14900-Upgrade-selected/dp/B07433WQYS/ref=zg_bs_g_430511031_d_sccl_20/522-4755054-8671242,2026-09-25 11:30:43.726351,No exact-ASIN Amazon marketplace listing found in current scored listings,0,,,,,
ram,72,B01N7WA5XB,"Timetec 16GB KIT(2x8GB) Compatible for Apple DDR3 1333MHz PC3-10600 CL9 for Mac Book Pro (Early/Late 2011 13/15/17 inch), iMa",https://www.amazon.co.uk/Timetec-compatible-1333MHz-PC3-10600-selected/dp/B01N7WA5XB/ref=zg_bs_g_430511031_d_sccl_22/522-4755054-8671242,2026-09-25 11:30:43.726354,No exact-ASIN Amazon marketplace listing found in current scored listings,0,,,,,
ram,73,B08B5TY58R,"Rasalas 8GB Kit (2X4GB) PC3-10600 DDR3 1333mhz Sodimm RAM for AMD Intel Laptop, MacBook Pro 13/15/17 inch Early Late 2011, iM",https://www.amazon.co.uk/Rasalas-PC3-10600-1333mhz-Sodimm-MacBook/dp/B08B5TY58R/ref=zg_bs_g_430511031_d_sccl_23/522-4755054-8671242,2026-09-25 11:30:43.726355,No exact-ASIN Amazon marketplace listing found in current scored listings,0,,,,,
ram,74,B0G6X8HZ6P,SEAFRONT 4 in 1 RAM Memory Tester Card Diagnostic Analyzer for DDR3 DDR4 DDR5 UDIMM RDIMM Desktop Computer Server Memory Test,https://www.amazon.co.uk/SEAFRONT-Diagnostic-Analyzer-Computer-Indicators/dp/B0G6X8HZ6P/ref=zg_bs_g_430511031_d_sccl_24/522-4755054-8671242,2026-09-25 11:30:43.726356,No exact-ASIN Amazon marketplace listing found in current scored listings,0,,,,,
ram,76,B01NAXC8AQ,Timetec 16GB KIT(2x8GB) DDR3 / DDR3L 1333MHz PC3-10600 Non-ECC Unbuffered 1.5V / 1.35V CL9 2Rx8 Dual Rank 240 Pin UDIMM PC De,https://www.amazon.co.uk/Timetec-PC3-10600-1333MHz-Unbuffered-Computer/dp/B01NAXC8AQ/ref=zg_bs_g_430511031_d_sccl_26/522-4755054-8671242,2026-09-25 11:30:43.726358,No exact-ASIN Amazon marketplace listing found in current scored listings,0,,,,,
ram,77,B07431W7V3,"Timetec 16GB KIT(2x8GB) Compatible for Apple DDR3L 1600MHz for Early/Mid/Late Mac Book Pro(2011-2012), iMac(2011-2015), Mac M",https://www.amazon.co.uk/Timetec-16GB-Kit-2x8GB-Pro13-inch/dp/B07431W7V3/ref=zg_bs_g_430511031_d_sccl_27/522-4755054-8671242,2026-09-25 11:30:43.726360,No exact-ASIN Amazon marketplace listing found in current scored listings,0,,,,,
ram,78,B0BXB88KNK,Kingston Branded Memory 16GB DDR5 5600MT/s SODIMM KCP556SS8-16 Notebook Memory,https://www.amazon.co.uk/Kingston-Branded-Memory-KCP556SS8-16-Notebook/dp/B0BXB88KNK/ref=zg_bs_g_430511031_d_sccl_28/522-4755054-8671242,2026-09-25 11:30:43.726361,No exact-ASIN Amazon marketplace listing found in current scored listings,0,,,,,
ram,79,B0FDWYZ2WN,CORSAIR VENGEANCE DDR5 RAM 32GB (2x16GB) Up to 6000MHz CL30-36-36-76 1.40V AMD EXPO Intel XMP 3.0 Desktop Computer Memory – G,https://www.amazon.co.uk/CORSAIR-VENGEANCE-6000MHz-CL30-36-36-76-Computer/dp/B0FDWYZ2WN/ref=zg_bs_g_430511031_d_sccl_29/522-4755054-8671242,2026-09-25 11:30:43.726362,No exact-ASIN Amazon marketplace listing found in current scored listings,0,,,,,
ram,80,B0CHSGDFN4,CORSAIR DOMINATOR TITANIUM RGB DDR5 64GB (2x32GB) DDR5 Up to 6000MHz CL30 AMD EXPO Intel XMP iCUE Compatible Computer Memory,https://www.amazon.co.uk/CORSAIR-DOMINATOR-TITANIUM-Compatible-Computer/dp/B0CHSGDFN4/ref=zg_bs_g_430511031_d_sccl_30/522-4755054-8671242,2026-09-25 11:30:43.726363,Exact ASIN listing has CPK in expected category,1,B0CHSGDFN4,ram,d4cdb064a1b29b12,CORSAIR DOMINATOR TITANIUM RGB DDR5 64GB (2x32GB) DDR5 Up to 6000MHz CL30 AMD EXPO Intel XMP iCUE Compatible Computer Memory – Grey (CMP64GX5M2B6000Z30),True
ram,83,B0F7RY9V4N,CORSAIR VENGEANCE DDR5 RAM 96GB (2x48GB) Up to 6000MHz CL36-44-44-96 1.4V AMD EXPO Intel XMP 3.0 Desktop Computer Memory – Gr,https://www.amazon.co.uk/CORSAIR-VENGEANCE-6000MHz-CL36-44-44-96-Computer/dp/B0F7RY9V4N/ref=zg_bs_g_430511031_d_sccl_83/522-4755054-8671242,2026-09-25 11:30:43.726367,Exact ASIN listing has CPK in expected category,1,B0F7RY9V4N,ram,a5a66b968c48821a,CORSAIR VENGEANCE DDR5 RAM 96GB (2x48GB) Up to 6000MHz CL36-44-44-96 1.4V AMD EXPO Intel XMP 3.0 Desktop Computer Memory – Grey (CMK96GX5M2E6000Z36),True
ram,85,B0DWK3XRTJ,"Biwin DDR5 RAM 16GB Up to 5600MHz, SODIMM 262-pin CL46, Laptop Computer Memory, Mini PC, 1.1V / Independent PMIC/On-die ECC,",https://www.amazon.co.uk/5600MHz-262-pin-Computer-Independent-Performance/dp/B0DWK3XRTJ/ref=zg_bs_g_430511031_d_sccl_85/522-4755054-8671242,2026-09-25 11:30:43.726369,No exact-ASIN Amazon marketplace listing found in current scored listings,0,,,,,
ram,86,B076Q59DNN,Kingston 4GB 2400MHz DDR4 Non-ECC SO-DIMM Laptop Memory,https://www.amazon.co.uk/Kingston-KVR24S17S6-2400MHz-Non-ECC-SODIMM/dp/B076Q59DNN/ref=zg_bs_g_430511031_d_sccl_86/522-4755054-8671242,2026-09-25 11:30:43.726370,No exact-ASIN Amazon marketplace listing found in current scored listings,0,,,,,
ram,87,B09GVT1GTQ,"SJZBIN 10Pcs DDR Memory RAM Module Case Plastic Box Packaging Container Clamshell Antistatic Tray for DDR2, DDR3 and DDR4 Lon",https://www.amazon.co.uk/SJZBIN-Packaging-Container-Clamshell-Antistatic/dp/B09GVT1GTQ/ref=zg_bs_g_430511031_d_sccl_87/522-4755054-8671242,2026-09-25 11:30:43.726371,No exact-ASIN Amazon marketplace listing found in current scored listings,0,,,,,
ram,90,B08F4JMP1L,Kingston Branded Memory 8GB DDR4 3200MT/s SODIMM KCP432SS8/8 Notebook Memory,https://www.amazon.co.uk/Kingston-Branded-Memory-KCP432SS8-Notebook/dp/B08F4JMP1L/ref=zg_bs_g_430511031_d_sccl_90/522-4755054-8671242,2026-09-25 11:30:43.726375,No exact-ASIN Amazon marketplace listing found in current scored listings,0,,,,,
ram,91,B0CHSGCFQT,CORSAIR DOMINATOR TITANIUM RGB DDR5 RAM 32GB (2x16GB) DDR5 Up to 6000MHz CL30 Intel XMP iCUE Compatible Computer Memory - Whi,https://www.amazon.co.uk/CORSAIR-DOMINATOR-TITANIUM-Compatible-Computer/dp/B0CHSGCFQT/ref=zg_bs_g_430511031_d_sccl_91/522-4755054-8671242,2026-09-25 11:30:43.726376,Exact ASIN listing has CPK in expected category,1,B0CHSGCFQT,ram,5e30fe2cef7b67e3,CORSAIR DOMINATOR TITANIUM RGB DDR5 RAM 32GB (2x16GB) DDR5 Up to 6000MHz CL30 Intel XMP iCUE Compatible Computer Memory - White (CMP32GX5M2B6000C30W),True
ram,93,B0CB2VGYFW,【RGB DDR4 RAM】GIGASTONE Game TURBO 32GB Kit (2x16GB) DDR4 3200MHz PC4-25600 CL16-18-18-40 Intel XMP 2.0 AMD Ryzen 1.35V UDIMM,https://www.amazon.co.uk/Gigastone-Desktop-DDR4-3200MHz-PC4-25600-Unbuffered-DDR4-3200MHz-RGB-Game-Turbo-Udimm/dp/B0CB2VGYFW/ref=zg_bs_g_430511031_d_sccl_93/522-4755054-8671242,2026-09-25 11:30:43.726378,Exact ASIN listing has CPK in expected category,1,B0CB2VGYFW,ram,2e3e70c090141850,【RGB DDR4 RAM】GIGASTONE Game TURBO 32GB Kit (2x16GB) DDR4 3200MHz PC4-25600 CL16-18-18-40 Intel XMP 2.0 AMD Ryzen 1.35V UDIMM 288 Pin Unbuffered Non ECC High Performance Gaming Desktop Memory - Black,True
ram,94,B0CCF65QG4,OWC 32GB (2X16GB) DDR4 RAM Compatible With Synology DiskStation DS723+ and DS923+ NAS System 2666MHz PC4-21300 CL19 ECC SODIM,https://www.amazon.co.uk/OWC-Compatible-Synology-DiskStation-PC4-21300/dp/B0CCF65QG4/ref=zg_bs_g_430511031_d_sccl_94/522-4755054-8671242,2026-09-25 11:30:43.726380,No exact-ASIN Amazon marketplace listing found in current scored listings,0,,,,,
ram,96,B0BQX98VK7,Samsung 8GB DDR5 4800 MHz PC5-38400 SODIMM Laptop Memory RAM (M425R1GB4BB0) OEM,https://www.amazon.co.uk/Samsung-PC5-38400-SODIMM-Laptop-M425R1GB4BB0/dp/B0BQX98VK7/ref=zg_bs_g_430511031_d_sccl_96/522-4755054-8671242,2026-09-25 11:30:43.726382,No exact-ASIN Amazon marketplace listing found in current scored listings,0,,,,,
storage,2,B0DC8RVRBZ,"Crucial P310 2TB SSD M.2 2280 NVMe PCIe Gen4, Up to 7,100MB/s, Laptop & Desktop (PC) Compatible, Internal Solid State Drive -",https://www.amazon.co.uk/Crucial-Internal-Gaming-Desktop-Compatible/dp/B0DC8RVRBZ/ref=zg_bs_g_430505031_d_sccl_2/524-3698123-6031407,2026-09-25 11:36:22.600617,Exact ASIN listing has CPK in expected category,1,B0DC8RVRBZ,ssd,bd9ededc175e7a8b,"Crucial P310 2TB SSD M.2 2280 NVMe PCIe Gen4, Up to 7,100MB/s, Laptop & Desktop (PC) Compatible, Internal Solid State Drive - CT2000P310SSD801",True
storage,3,B0B2K51BHH,"KingSpec 1TB 2.5"" SATA III 6Gb/s SSD, Read Speed up to 550MB/s, 3D NAND Flash Internal Solid State Drive for Desktop & Laptop",https://www.amazon.co.uk/KingSpec-Internal-Computer-White-Collar-Game-Player/dp/B0B2K51BHH/ref=zg_bs_g_430505031_d_sccl_3/524-3698123-6031407,2026-09-25 11:36:22.600619,Exact ASIN listing has CPK in expected category,1,B0B2K51BHH,ssd,9462fac28c07ea59,"KingSpec 1TB 2.5"" SATA III 6Gb/s SSD, Read Speed up to 550MB/s, 3D NAND Flash Internal Solid State Drive for Desktop & Laptop",True
storage,4,B0CW9S8B24,"Integral V Series S 240GB 2.5"" SATA 3 Internal Solid State Drive SSD - Up to 520MB/s Read and 450MB/s Write Speeds. For Lapto",https://www.amazon.co.uk/Integral-240GB-Internal-Solid-State/dp/B0CW9S8B24/ref=zg_bs_g_430505031_d_sccl_4/524-3698123-6031407,2026-09-25 11:36:22.600620,Exact ASIN listing has no CPK,1,B0CW9S8B24,,,"Integral V Series S 240GB 2.5"" SATA 3 Internal Solid State Drive SSD - Up to 520MB/s Read and 450MB/s Write Speeds. For Laptop, Desktop Computer/PC",False
storage,5,B0DBR3DZWG,Kingston NV3 NVMe PCIe 4.0 Internal SSD 1TB M.2 2280-SNV3S/1000G,https://www.amazon.co.uk/Kingston-NVMe-Internal-2280-SNV3S-1000G/dp/B0DBR3DZWG/ref=zg_bs_g_430505031_d_sccl_5/524-3698123-6031407,2026-09-25 11:36:22.600622,Exact ASIN listing has CPK in expected category,1,B0DBR3DZWG,ssd,171817f97851df4f,Kingston NV3 NVMe PCIe 4.0 Internal SSD 1TB M.2 2280-SNV3S/1000G,True
storage,6,B0CCN9NHTC,"Crucial BX500 SATA SSD 1TB, 2.5"", Up to 540MB/s, Laptop and Desktop (PC) Compatible, 3D NAND, Dynamic Write Acceleration, Int",https://www.amazon.co.uk/Crucial-BX500-NAND-Internal-CT1000BX500SSD101/dp/B0CCN9NHTC/ref=zg_bs_g_430505031_d_sccl_6/524-3698123-6031407,2026-09-25 11:36:22.600623,Exact ASIN listing has CPK in expected category,1,B0CCN9NHTC,ssd,6c0a64153cfe27d2,"Crucial BX500 SATA SSD 1TB, 2.5"", Up to 540MB/s, Laptop and Desktop (PC) Compatible, 3D NAND, Dynamic Write Acceleration, Internal Solid State Drive - CT1000BX500SSD101",True
storage,8,B0C3ZJ8T6F,"Acer Predator GM7 1TB SSD, M.2 2280 PCIe Gen 4 x4 NVMe 2.0, Read Speed Up to 7200 MB/s, Internal PC Solid State Drive for Lap",https://www.amazon.co.uk/Acer-Predator-GM7000-512GB-2280/dp/B0C3ZJ8T6F/ref=zg_bs_g_430505031_d_sccl_8/524-3698123-6031407,2026-09-25 11:36:22.600625,Exact ASIN listing has CPK in expected category,1,B0C3ZJ8T6F,ssd,1dad46520c94ce0c,"Acer Predator GM7 1TB SSD, M.2 2280 PCIe Gen 4 x4 NVMe 2.0, Read Speed Up to 7200 MB/s, Internal PC Solid State Drive for Laptop, Desktop and PS5 - BL.9BWWR.118",True
storage,9,B0B7CKVCCV,"WD_BLACK SN850X NVMe SSD 1TB (up to 7,300MB/s read speed, up to 6,300MB/s write speed, M.2 2280, PCIe Gen4, Gaming Expansion",https://www.amazon.co.uk/WD_BLACK-SN850X-2280-Gaming-speed/dp/B0B7CKVCCV/ref=zg_bs_g_430505031_d_sccl_9/524-3698123-6031407,2026-09-25 11:36:22.600627,Exact ASIN listing has CPK in expected category,1,B0B7CKVCCV,ssd,718f5949e2eb46d2,"WD_BLACK SN850X NVMe SSD 1TB (up to 7,300MB/s read speed, up to 6,300MB/s write speed, M.2 2280, PCIe Gen4, Gaming Expansion storage, High Performance Internal solid state drive) POWERED BY SANDISK",True
storage,11,B0DZ5ZK225,"Crucial P510 1TB SSD NVMe M.2 PCIe 5.0 x4 Gen5, Read/Write Speeds up to 11,000/9,500 MB/s, Laptop & Desktop (PC) Compatible,",https://www.amazon.co.uk/Crucial-Internal-Desktop-Compatible-Backwards/dp/B0DZ5ZK225/ref=zg_bs_g_430505031_d_sccl_11/524-3698123-6031407,2026-09-25 11:36:22.600630,Exact ASIN listing has no CPK,1,B0DZ5ZK225,,,"Crucial P510 1TB SSD NVMe M.2 PCIe 5.0 x4 Gen5, Read/Write Speeds up to 11,000/9,500 MB/s, Laptop & Desktop (PC) Compatible, Solid State Drive - CT1000P510SSD8-01",False
storage,13,B0C47ZX1WB,"WD BLACK SN850P 2TB PS5 SSD (Officially Licensed for PlayStation 5, Read Speeds Up to 7300 MB/s, M.2 2280 PCIe NVMe, Exclusiv",https://www.amazon.co.uk/Officially-Licensed-PlayStation-Exclusive-Heatsink/dp/B0C47ZX1WB/ref=zg_bs_g_430505031_d_sccl_13/524-3698123-6031407,2026-09-25 11:36:22.600632,Exact ASIN listing has CPK in expected category,1,B0C47ZX1WB,ssd,47e82138629d4913,"WD BLACK SN850P 2TB PS5 SSD (Officially Licensed for PlayStation 5, Read Speeds Up to 7300 MB/s, M.2 2280 PCIe NVMe, Exclusive Heatsink Design, Internal Gaming SSD)",True
storage,15,B0CNSV1M47,"fanxiang 512GB NVMe M.2 2280 SSD, Up to 3000MB/s, PCIe Gen3 x4 | Graphite Cooling Sticker, Internal Solid State Drives, Deskt",https://www.amazon.co.uk/fanxiang-Graphene-Cooling-Sticker-Internal/dp/B0CNSV1M47/ref=zg_bs_g_430505031_d_sccl_15/524-3698123-6031407,2026-09-25 11:36:22.600635,Exact ASIN listing has CPK in expected category,1,B0CNSV1M47,ssd,157a2906a591f3e2,"fanxiang 512GB NVMe M.2 2280 SSD, Up to 3000MB/s, PCIe Gen3 x4",True
storage,17,B0FGP7W3NJ,"SIX NVME M.2 SSD PCIe 4.0-1TB m.2 2280 ssd, Read UP to 7350MB/s 1TB for Gaming PS5 Memory Storage Expansion with Heatsink, In",https://www.amazon.co.uk/SIX-SSD-Expansion-Heatsink-Internal/dp/B0FGP7W3NJ/ref=zg_bs_g_430505031_d_sccl_17/524-3698123-6031407,2026-09-25 11:36:22.600638,Exact ASIN listing has CPK in expected category,1,B0FGP7W3NJ,ssd,dd64c39bd70f0d5d,"SIX NVME M.2 SSD PCIe 4.0-1TB m.2 2280 ssd, Read UP to 7350MB/s 1TB for Gaming PS5 Memory Storage Expansion with Heatsink, Internal Solid State Hard Drive PCIe gen 4x4 Nvme for Laptop Desktop pc",True
storage,19,B0GFVHHYLY,"Lexar ARES 512GB SSD, M.2 2280 PCIe Gen4 NVMe SSD | Up to 7,200MB/s Read, Internal Solid State Drive for PS5, PC, Laptop, Gam",https://www.amazon.co.uk/Lexar-Gen4x4-Internal-Creators-Professionals/dp/B0GFVHHYLY/ref=zg_bs_g_430505031_d_sccl_19/524-3698123-6031407,2026-09-25 11:36:22.600640,Exact ASIN listing has CPK in expected category,1,B0GFVHHYLY,ssd,97795da34c81a74f,"Lexar ARES 512GB SSD, M.2 2280 PCIe Gen4 NVMe SSD",True
storage,24,B0CX8P2N9S,"Fikwot FX815 256GB SSD, 2.5"" SATA III SSD, Internal Solid State Drive, Up to 560MB/s, 3D NAND SLC Cashe, Compatible with Lapt",https://www.amazon.co.uk/Fikwot-Internal-Compatible-Desktop-FX815/dp/B0CX8P2N9S/ref=zg_bs_g_430505031_d_sccl_24/524-3698123-6031407,2026-09-25 11:36:22.600647,Exact ASIN listing has CPK in expected category,1,B0CX8P2N9S,ssd,55603d32cf5f4608,"Fikwot FX815 256GB SSD, 2.5"" SATA III SSD, Internal Solid State Drive, Up to 560MB/s, 3D NAND SLC Cashe, Compatible with Laptop & PC Desktop",True
storage,27,B0DHVRH6NJ,"Netac SSD 120GB Internal Solid State Drive Hard Drive SATA SSD 2.5 Inch SATAIII 6Gb/s Easy to Install, Notebook Tablet Deskto",https://www.amazon.co.uk/Netac-Internal-SATAIII-Notebook-N530S/dp/B0DHVRH6NJ/ref=zg_bs_g_430505031_d_sccl_27/524-3698123-6031407,2026-09-25 11:36:22.600651,No exact-ASIN Amazon marketplace listing found in current scored listings,0,,,,,
storage,28,B0BZMLXNLS,"SanDisk SSD Ultra 3D 2.5"" SATA 4TB, Internal SSD, Read speeds up to 560 MB/s, 3D NAND Technology, SATA III 6GB/s, nCache Tech",https://www.amazon.co.uk/SanDisk-4TB-Ultra-SSD-SATA/dp/B0BZMLXNLS/ref=zg_bs_g_430505031_d_sccl_28/524-3698123-6031407,2026-09-25 11:36:22.600652,Exact ASIN listing has no CPK,1,B0BZMLXNLS,,,"SanDisk SSD Ultra 3D 2.5"" SATA 4TB, Internal SSD, Read speeds up to 560 MB/s, 3D NAND Technology, SATA III 6GB/s, nCache Technology",False
storage,29,B0GDWMGZFN,"fanxiang 128GB M.2 NVMe SSD, PCIe Gen3x4 Internal SSD, Up to 1130MB/s-S501 | NVMe PCIe Gen3x4, M.2 2280, with Graphite Coolin",https://www.amazon.co.uk/fanxiang-Graphite-Cooling-Sticker-Internal/dp/B0GDWMGZFN/ref=zg_bs_g_430505031_d_sccl_29/524-3698123-6031407,2026-09-25 11:36:22.600653,No exact-ASIN Amazon marketplace listing found in current scored listings,0,,,,,
storage,32,B0GK1FMZWB,"SanDisk Optimus GX 7100 NVMe SSD 500GB, Up to 7,250MB/s Read Speeds | Up to 6,900MB/s Write Speeds, PCIe Gen 4.0, M.2 2280, B",https://www.amazon.co.uk/SanDisk-OPTIMUS-500GB-speeds-DASHBOARD/dp/B0GK1FMZWB/ref=zg_bs_g_430505031_d_sccl_32/524-3698123-6031407,2026-09-25 11:36:22.600657,Exact ASIN listing has CPK in expected category,1,B0GK1FMZWB,ssd,8c567b4de817f575,"SanDisk Optimus GX 7100 NVMe SSD 500GB, Up to 7,250MB/s Read Speeds",True
storage,33,B0D1R5VQRG,KingSpec 512GB NVMe SSD Up to 2400MB/s PCIe Gen3 x4 M.2 2280 Internal Solid State Drive for Laptop and Desktop PC,https://www.amazon.co.uk/KingSpec-512GB-NVMe-Gen3x4-2280/dp/B0D1R5VQRG/ref=zg_bs_g_430505031_d_sccl_33/524-3698123-6031407,2026-09-25 11:36:22.600658,Exact ASIN listing has CPK in expected category,1,B0D1R5VQRG,ssd,8de3fa89f47e95d7,KingSpec 512GB NVMe SSD Up to 2400MB/s PCIe Gen3 x4 M.2 2280 Internal Solid State Drive for Laptop and Desktop PC,True
storage,34,B0G4RLC8ZM,"Ediloca EN605 128GB M.2 SSD, NVMe1.3 PCIe Gen3 x4 SSD Internal Hard Drive, M.2 2280 - Read/Write Speed up to 1130/400 MB/s -",https://www.amazon.co.uk/Ediloca-EN605-128GB-NVMe1-3-Internal/dp/B0G4RLC8ZM/ref=zg_bs_g_430505031_d_sccl_34/524-3698123-6031407,2026-09-25 11:36:22.600660,No exact-ASIN Amazon marketplace listing found in current scored listings,0,,,,,
storage,35,B0DQ9K7S1Q,"Crucial P310 1TB PS5 SSD M.2 NVMe PCIe Gen4 with Heatsink, Up to 7100MB/s, Compatible with PlayStation 5, Desktop PC, Interna",https://www.amazon.co.uk/Crucial-Internal-Heatsink-Compatible-PlayStation/dp/B0DQ9K7S1Q/ref=zg_bs_g_430505031_d_sccl_35/524-3698123-6031407,2026-09-25 11:36:22.600661,Exact ASIN listing has CPK in expected category,1,B0DQ9K7S1Q,ssd,a9f17edcb83da75f,"Crucial P310 1TB PS5 SSD M.2 NVMe PCIe Gen4 with Heatsink, Up to 7100MB/s, Compatible with PlayStation 5, Desktop PC, Internal Solid State Drive - CT1000P310SSD5-01",True
storage,36,B0D4RCRNHG,Patriot P320 512GB Internal SSD - NVMe PCIe Gen 3x4 - M.2 2280 - Solid State Drive - P320P512GM28,https://www.amazon.co.uk/Patriot-P320-512GB-Internal-SSD/dp/B0D4RCRNHG/ref=zg_bs_g_430505031_d_sccl_36/524-3698123-6031407,2026-09-25 11:36:22.600662,No exact-ASIN Amazon marketplace listing found in current scored listings,0,,,,,
storage,39,B079XC5PVV,"Kingston A400 SSD Internal Solid State Drive 2.5"" SATA Rev 3.0, 960GB - SA400S37/960G",https://www.amazon.co.uk/Kingston-A400-Solid-State-Drive/dp/B079XC5PVV/ref=zg_bs_g_430505031_d_sccl_39/524-3698123-6031407,2026-09-25 11:36:22.600666,No exact-ASIN Amazon marketplace listing found in current scored listings,0,,,,,
storage,40,B09HSQQWCL,SABRENT M.2 NVMe Heatsink for PS5 with Thermal Silicone Pad | Aluminium SSD Cooler Compatible with PlayStation 5 Console – Ea,https://www.amazon.co.uk/SABRENT-Heatsink-Aluminium-Compatible-PlayStation/dp/B09HSQQWCL/ref=zg_bs_g_430505031_d_sccl_40/524-3698123-6031407,2026-09-25 11:36:22.600667,No exact-ASIN Amazon marketplace listing found in current scored listings,0,,,,,
storage,41,B0BWN71PT3,"KingSpec 512GB M.2 2242 NVMe SSD - Read Speed up to 3500 MB/s, M.2 PCIe 3.0 SSD 3D NAND Flash, Compatible with PC/Desktop/Lap",https://www.amazon.co.uk/KingSpec-512GB-M-2-2242-NVMe/dp/B0BWN71PT3/ref=zg_bs_g_430505031_d_sccl_41/524-3698123-6031407,2026-09-25 11:36:22.600669,Exact ASIN listing has no CPK,1,B0BWN71PT3,,,"KingSpec 512GB M.2 2242 NVMe SSD - Read Speed up to 3500 MB/s, M.2 PCIe 3.0 SSD 3D NAND Flash, Compatible with PC/Desktop/Laptop (512GB)",False
storage,42,B0DM1R7KHZ,"BIWIN Black Opal NV7400 1TB SSD, up to 7450MB/s Read Speed Gen4x4 NVMe M.2 2280, Internal PCIe 4.0 Solid State Drive for Gami",https://www.amazon.co.uk/BIWIN-NV7400-Gen4x4-Internal-Desktop/dp/B0DM1R7KHZ/ref=zg_bs_g_430505031_d_sccl_42/524-3698123-6031407,2026-09-25 11:36:22.600670,Exact ASIN listing has CPK in expected category,1,B0DM1R7KHZ,ssd,2ac62f335bb15f6e,"BIWIN Black Opal NV7400 1TB SSD, up to 7450MB/s Read Speed Gen4x4 NVMe M.2 2280, Internal PCIe 4.0 Solid State Drive for Gaming, PS5 Ready, Laptop and Desktop",True
storage,43,B0D61Z8R1W,"Crucial P310 SSD 1TB M.2 2230 NVMe PCIe Gen4, Up to 7,100 MB/s, Compatible with Steam Deck, ASUS ROG Ally, MSI Claw & Microso",https://www.amazon.co.uk/Crucial-Internal-Compatible-Microsoft-Surface/dp/B0D61Z8R1W/ref=zg_bs_g_430505031_d_sccl_43/524-3698123-6031407,2026-09-25 11:36:22.600671,No exact-ASIN Amazon marketplace listing found in current scored listings,0,,,,,
storage,44,B08LKMQ9T4,"Patriot Burst Elite SATA 3 120GB SSD 2.5"" Solid State Drive",https://www.amazon.co.uk/Patriot-Burst-Elite-120GB-Solid/dp/B08LKMQ9T4/ref=zg_bs_g_430505031_d_sccl_44/524-3698123-6031407,2026-09-25 11:36:22.600674,No exact-ASIN Amazon marketplace listing found in current scored listings,0,,,,,
storage,45,B0GQT88DVW,"Silicon Power 1TB SSD 3D NAND A5X SLC Cache Performance Boost SATA III 2.5"" 7mm (0.28"") Internal Solid State Drive (SP001TBSS",https://www.amazon.co.uk/Silicon-Power-Performance-Internal-SP001TBSS3A55S25AY/dp/B0GQT88DVW/ref=zg_bs_g_430505031_d_sccl_45/524-3698123-6031407,2026-09-25 11:36:22.600675,No exact-ASIN Amazon marketplace listing found in current scored listings,0,,,,,
storage,49,B0DN6ZQ3PD,"WD_BLACK SN7100 2TB NVMe SSD, M.2 2280, Read speeds up to 7250 MB/s, Write Speed up to 6,900 MB/s, Next Gen TLC 3D NAND, WD_B",https://www.amazon.co.uk/WD_BLACK-DASHBOARD-Laptops-handheld-devices/dp/B0DN6ZQ3PD/ref=zg_bs_g_430505031_d_sccl_49/524-3698123-6031407,2026-09-25 11:36:22.600680,Exact ASIN listing has CPK in expected category,1,B0DN6ZQ3PD,ssd,e1defba5b6072639,"WD_BLACK SN7100 2TB NVMe SSD, M.2 2280, Read speeds up to 7250 MB/s, Write Speed up to 6,900 MB/s, Next Gen TLC 3D NAND, WD_BLACK DASHBOARD, Up to 1,200TBW, For Laptops, handheld gaming devices",True
storage,50,B0822Y6N1C,Patriot P300 M.2 PCIe Gen 3 x4 128GB Low-Power Consumption SSD - P300P128GM28,https://www.amazon.co.uk/Patriot-P300-128GB-Low-Power-Consumption/dp/B0822Y6N1C/ref=zg_bs_g_430505031_d_sccl_50/524-3698123-6031407,2026-09-25 11:36:22.600681,No exact-ASIN Amazon marketplace listing found in current scored listings,0,,,,,
storage,52,B0B51GGFPV,"Ediloca 128GB SSD, Internal Solid State Drives, 2.5"" SATA SSD 128GB, Up to 500MB/s, 3D NAND TLC, Compatible with Laptop & PC",https://www.amazon.co.uk/EDILOCA-Internal-Read%EF%BC%8CUpgrade-Laptop-Storage/dp/B0B51GGFPV/ref=zg_bs_g_430505031_d_sccl_2/524-3698123-6031407,2026-09-25 11:36:22.600684,No exact-ASIN Amazon marketplace listing found in current scored listings,0,,,,,
storage,53,B08BFY3FJV,HP 3J122AAABB MPP 2.0 Tilt Pen Digital Stylus Pen USB C Rechargeable LED Battery Indicator Replaceable Tips Magnetic Barrel B,https://www.amazon.co.uk/HP-Tilt-MPP2-0-Rechargeable-stylus/dp/B08BFY3FJV/ref=zg_bs_g_430505031_d_sccl_3/524-3698123-6031407,2026-09-25 11:36:22.600685,No exact-ASIN Amazon marketplace listing found in current scored listings,0,,,,,
storage,55,B0G4RNZXS1,"Ediloca EN206 128GB 3D NAND TLC M.2 SSD, M.2 2280 SATA III 6Gb/s SSD Internal Hard Drive, Read/Write Speed up to 550/460 MB/s",https://www.amazon.co.uk/Ediloca-Internal-Compatible-Ultrabooks-Computers/dp/B0G4RNZXS1/ref=zg_bs_g_430505031_d_sccl_5/524-3698123-6031407,2026-09-25 11:36:22.600688,No exact-ASIN Amazon marketplace listing found in current scored listings,0,,,,,
storage,56,B0FJ8MFWSY,"Lexar Thor Pro 1TB SSD, M.2 2280 PCIe Gen4 NVMe SSD | Up to 6,000MB/s, High-Performance Storage SSD, Compatible with PS5, Lap",https://www.amazon.co.uk/Lexar-Thor-2280-PCIe-Gen4/dp/B0FJ8MFWSY/ref=zg_bs_g_430505031_d_sccl_6/524-3698123-6031407,2026-09-25 11:36:22.600689,Exact ASIN listing has CPK in expected category,1,B0FJ8MFWSY,ssd,1b93aacfa6805808,"Lexar Thor Pro 1TB SSD, M.2 2280 PCIe Gen4 NVMe SSD",True
storage,58,B0D7DK2CN8,"PHIXERO P500 512GB SATA SSD, 2.5"" Internal Solid State Drive, Up to 550MB/s Read and 480MB/s Write Speeds, 3D NAND, for Lapto",https://www.amazon.co.uk/PHIXERO-P500-SSD/dp/B0D7DK2CN8/ref=zg_bs_g_430505031_d_sccl_8/524-3698123-6031407,2026-09-25 11:36:22.600692,No exact-ASIN Amazon marketplace listing found in current scored listings,0,,,,,
storage,59,B0B217LZBG,"Silicon Power 1TB UD90 NVMe 4.0 Gen4 PCIe M.2 SSD R/W up to 5,000/4,800 MB/s (SP01KGBP44UD9005)",https://www.amazon.co.uk/Silicon-Power-NVMe-Gen4-SP01KGBP44UD9005/dp/B0B217LZBG/ref=zg_bs_g_430505031_d_sccl_9/524-3698123-6031407,2026-09-25 11:36:22.600693,Exact ASIN listing has CPK in expected category,1,B0B217LZBG,ssd,a37806f9b8a36fea,"Silicon Power 1TB UD90 NVMe 4.0 Gen4 PCIe M.2 SSD R/W up to 5,000/4,800 MB/s (SP01KGBP44UD9005)",True
storage,60,B0GLGJZMPW,"Ediloca 128GB NVMe M.2 SSD PCIe Gen 3x4, Up to 1130MB/s Read, M.2 2280 Internal Solid State Drive, Dynamic SLC Cache, Compati",https://www.amazon.co.uk/Ediloca-Internal-Dynamic-Compatible-EN680E/dp/B0GLGJZMPW/ref=zg_bs_g_430505031_d_sccl_10/524-3698123-6031407,2026-09-25 11:36:22.600694,No exact-ASIN Amazon marketplace listing found in current scored listings,0,,,,,
storage,61,B0BKNX1XVL,MSI SPATIUM S270 SATA 2.5 480GB,https://www.amazon.co.uk/SPATIUM-S270-SATA-2-5-480GB/dp/B0BKNX1XVL/ref=zg_bs_g_430505031_d_sccl_11/524-3698123-6031407,2026-09-25 11:36:22.600695,No exact-ASIN Amazon marketplace listing found in current scored listings,0,,,,,
storage,62,B0GHN3NM5Z,"fanxiang 128GB M.2 SATA III Internal SSD, Up to 550MB/s-S201 | M.2 SATA Only, B&M Key, 2280 Form Factor, Easy Upgrade for Des",https://www.amazon.co.uk/fanxiang-Internal-Drives-Desktop-Laptop/dp/B0GHN3NM5Z/ref=zg_bs_g_430505031_d_sccl_12/524-3698123-6031407,2026-09-25 11:36:22.600697,Exact ASIN listing has CPK in expected category,1,B0GHN3NM5Z,ssd,bdbb7bb68ffec36a,"fanxiang 128GB M.2 SATA III Internal SSD, Up to 550MB/s-S201",True
storage,63,B0BYWB6237,"Crucial P3 Plus SSD 1TB M.2 NVMe PCIe Gen4 Internal SSD, Up to 5000MB/s, Laptop & Desktop (PC) Compatible, Solid State Drive",https://www.amazon.co.uk/Crucial-Plus-PCIe-Gen4-Internal/dp/B0BYWB6237/ref=zg_bs_g_430505031_d_sccl_13/524-3698123-6031407,2026-09-25 11:36:22.600698,No exact-ASIN Amazon marketplace listing found in current scored listings,0,,,,,
storage,64,B0F3BMBQ75,"WD_BLACK SN8100 PCIe Gen 5 NVMe SSD 1TB (Up to 14,900MB/s read, 11,000MB/s write speeds, M.2 2280, Next Gen TLC 3D NAND, Best",https://www.amazon.co.uk/WD_BLACK-Applications-Editing-POWERED-SANDISK/dp/B0F3BMBQ75/ref=zg_bs_g_430505031_d_sccl_14/524-3698123-6031407,2026-09-25 11:36:22.600699,No exact-ASIN Amazon marketplace listing found in current scored listings,0,,,,,
storage,65,B06XC538RK,Integral V Series 2 120GB SATA III 2.5-Inch Internal Solid State Drive (SSD) – Up to 460MB/s Read and 300MB/s Write,https://www.amazon.co.uk/Integral-120-Solid-State-Drive/dp/B06XC538RK/ref=zg_bs_g_430505031_d_sccl_15/524-3698123-6031407,2026-09-25 11:36:22.600701,No exact-ASIN Amazon marketplace listing found in current scored listings,0,,,,,
storage,67,B0DXDRZ2QN,"fanxiang NVMe SSD 1TB M.2 Heatsink PCIe Gen4, Up to 7100MB/s | M.2 SSD with heatsink compatible with PS5, desktop PCs and lap",https://www.amazon.co.uk/fanxiang-Heatsink-Internal-Professionals-Desktop/dp/B0DXDRZ2QN/ref=zg_bs_g_430505031_d_sccl_17/524-3698123-6031407,2026-09-25 11:36:22.600703,Exact ASIN listing has CPK in expected category,1,B0DXDRZ2QN,ssd,07e16b413d570bc8,"fanxiang NVMe SSD 1TB M.2 Heatsink PCIe Gen4, Up to 7100MB/s",True
storage,68,B0H3C6XHGK,"Samsung 990 1TB M.2 2280 NVMe PCIe 4.0 SSD | Data Storage, NVMe 2.0, Up to 7,150/6,450 MB/s Read/Write Speed, For Work, Gamin",https://www.amazon.co.uk/Samsung-990-2280-NVMe-PCIe/dp/B0H3C6XHGK/ref=zg_bs_g_430505031_d_sccl_18/524-3698123-6031407,2026-09-25 11:36:22.600705,Exact ASIN listing has CPK in expected category,1,B0H3C6XHGK,ssd,11ed847c0eb65f25,Samsung 990 1TB M.2 2280 NVMe PCIe 4.0 SSD,True
storage,71,B0GGYKRN2Q,"KEXIN 2.5"" SATA III Internal SSD 64GB - Up to 280MB/s Read and 250MB/s Write Speed, High Speed SSD for Laptop and Desktop PC",https://www.amazon.co.uk/KEXIN-2-5-SATA-Internal-64GB/dp/B0GGYKRN2Q/ref=zg_bs_g_430505031_d_sccl_21/524-3698123-6031407,2026-09-25 11:36:22.600853,No exact-ASIN Amazon marketplace listing found in current scored listings,0,,,,,
storage,72,B0CK39YR9V,"Crucial T500 1TB SSD PCIe Gen4 NVMe M.2, Up to 7300MB/s, TLC NAND, Laptop and Desktop Compatible, Microsoft DirectStorage, So",https://www.amazon.co.uk/Crucial-Internal-Compatible-Microsoft-DirectStorage/dp/B0CK39YR9V/ref=zg_bs_g_430505031_d_sccl_22/524-3698123-6031407,2026-09-25 11:36:22.600855,No exact-ASIN Amazon marketplace listing found in current scored listings,0,,,,,
storage,73,B0C4H4YH8V,"Lexar NM790 2TB SSD, M.2 2280 PCIe Gen4x4 NVMe 1.4 Internal SSD, Up to 7400MB/s Read, Up to 6500MB/s Write, Internal Solid St",https://www.amazon.co.uk/Lexar-Gen4x4-Internal-Professionals-LNM790X002T-RNNNG/dp/B0C4H4YH8V/ref=zg_bs_g_430505031_d_sccl_23/524-3698123-6031407,2026-09-25 11:36:22.600856,No exact-ASIN Amazon marketplace listing found in current scored listings,0,,,,,
storage,74,B0FWRGXH6G,"Netac SSD 480GB Internal Solid State Drive Hard Drive SATA SSD 2.5 Inch SATAIII 6Gb/s,3D NAND Solid State Drive Internal,for",https://www.amazon.co.uk/Netac-Internal-SATAIII-Desktop-N530S/dp/B0FWRGXH6G/ref=zg_bs_g_430505031_d_sccl_24/524-3698123-6031407,2026-09-25 11:36:22.600857,No exact-ASIN Amazon marketplace listing found in current scored listings,0,,,,,
storage,75,B0DN7CYYSD,"WD_BLACK SN7100 1TB NVMe SSD, M.2 2280, Read speeds up to 7250 MB/s, Write Speed up to 6,900 MB/s, Next Gen TLC 3D NAND, WD_B",https://www.amazon.co.uk/WD_BLACK-DASHBOARD-Laptops-handheld-devices/dp/B0DN7CYYSD/ref=zg_bs_g_430505031_d_sccl_25/524-3698123-6031407,2026-09-25 11:36:22.600859,Exact ASIN listing has CPK in expected category,1,B0DN7CYYSD,ssd,dedcc110d5a59ecb,"WD_BLACK SN7100 1TB NVMe SSD, M.2 2280, Read speeds up to 7250 MB/s, Write Speed up to 6,900 MB/s, Next Gen TLC 3D NAND, WD_BLACK DASHBOARD, For Laptops, handheld gaming devices",True
storage,79,B0B9BL9T4H,"Crucial BX500 3D NAND SATA 2.5-inch SSD Drive, 500 GB Black",https://www.amazon.co.uk/Crucial-BX500-2-5-inch-Drive-Black/dp/B0B9BL9T4H/ref=zg_bs_g_430505031_d_sccl_29/524-3698123-6031407,2026-09-25 11:36:22.600867,No exact-ASIN Amazon marketplace listing found in current scored listings,0,,,,,
storage,81,B0CQZ6SYD1,"SABRENT M.2 NVMe to PCIe x16 Adapter for Gen5 SSDs PCIe 5.0, Tool-Free Add-on Card with Aluminium Heatsink (EC-TFPE)",https://www.amazon.co.uk/SABRENT-Tool-Free-Compatible-Generations-EC-TFPE-Black/dp/B0CQZ6SYD1/ref=zg_bs_g_430505031_d_sccl_81/524-3698123-6031407,2026-09-25 11:36:22.600870,No exact-ASIN Amazon marketplace listing found in current scored listings,0,,,,,
storage,82,B09K7DRMSC,Kingston KC3000 PCIe 4.0 NVMe M.2 SSD - High-performance storage for desktop and laptop PCs -SKC3000D/2048G,https://www.amazon.co.uk/Kingston-KC3000-PCIe-NVMe-High-performance/dp/B09K7DRMSC/ref=zg_bs_g_430505031_d_sccl_82/524-3698123-6031407,2026-09-25 11:36:22.600871,No exact-ASIN Amazon marketplace listing found in current scored listings,0,,,,,
storage,83,B0FDG5K21M,"KingSpec OneBoom 1TB SSD 2.5 Inch SATA III 6Gb/s Internal Solid State Drive, Read Speed Up to 550MB/s, For PC/Laptop/PS4",https://www.amazon.co.uk/KingSpec-OneBoom-Internal-Solid-Laptop/dp/B0FDG5K21M/ref=zg_bs_g_430505031_d_sccl_83/524-3698123-6031407,2026-09-25 11:36:22.600872,Exact ASIN listing has no CPK,1,B0FDG5K21M,,,"KingSpec OneBoom 1TB SSD 2.5 Inch SATA III 6Gb/s Internal Solid State Drive, Read Speed Up to 550MB/s, For PC/Laptop/PS4",False
storage,84,B0BJVPS4SB,"KingSpec 2TB SATA III SSD 6Gb/s, 2.5"" SATA SSD with 3D NAND Flash, Internal Solid State Hard Drives, for Laptop and PC Deskto",https://www.amazon.co.uk/KingSpec-Internal-Drives-Compatible-Desktop/dp/B0BJVPS4SB/ref=zg_bs_g_430505031_d_sccl_84/524-3698123-6031407,2026-09-25 11:36:22.600874,No exact-ASIN Amazon marketplace listing found in current scored listings,0,,,,,
storage,85,B07L3NWHL6,"Crucial BX500 2.5 inch 240GB Serial ATA III QLC 3D NAND SSD - Solid State Drives (240GB, 2.5"", 540MB/s, 6Gbps)",https://www.amazon.co.uk/Crucial-BX500-inch-240GB-Serial/dp/B07L3NWHL6/ref=zg_bs_g_430505031_d_sccl_85/524-3698123-6031407,2026-09-25 11:36:22.600875,No exact-ASIN Amazon marketplace listing found in current scored listings,0,,,,,
storage,86,B0BBWH7DBT,Kingston NV2 NVMe PCIe 4.0 Internal SSD 250GB M.2 2280 - SNV2S/250G,https://www.amazon.co.uk/Kingston-NVMe-PCIe-250G-2280/dp/B0BBWH7DBT/ref=zg_bs_g_430505031_d_sccl_86/524-3698123-6031407,2026-09-25 11:36:22.600876,No exact-ASIN Amazon marketplace listing found in current scored listings,0,,,,,
storage,87,B07XZLW68F,"PNY CS900 250GB Internal SSD SATA III 2.5""",https://www.amazon.co.uk/PNY-CS900-250GB-Internal-Solid/dp/B07XZLW68F/ref=zg_bs_g_430505031_d_sccl_87/524-3698123-6031407,2026-09-25 11:36:22.600878,Exact ASIN listing has no CPK,1,B07XZLW68F,,,"PNY CS900 250GB Internal SSD SATA III 2.5""",False
storage,88,B0DPG1DM38,"fanxiang NVMe M.2 SSD 1TB with Heatsink, Up to 7300MB/s, PCIe Gen4,PS5 SSD | PCIe Gen4x4, M.2 2280,3D TLC NAND,Internal SSD C",https://www.amazon.co.uk/fanxiang-Heatsink-7300MB-Gen4x4-Internal/dp/B0DPG1DM38/ref=zg_bs_g_430505031_d_sccl_88/524-3698123-6031407,2026-09-25 11:36:22.600879,Exact ASIN listing has CPK in expected category,1,B0DPG1DM38,ssd,0c02de0356311510,"fanxiang NVMe M.2 SSD 1TB with Heatsink, Up to 7300MB/s, PCIe Gen4,PS5 SSD",True
storage,90,B0H3NYNKFW,"Fikwot FX520 128GB M.2 2280 NVMe SSD, PCIe Gen3 x4, Up to 1100MB/s | Graphite Cooling Sticker • 3D NAND • Laptop & Desktop Co",https://www.amazon.co.uk/Fikwot-FX520-128GB-2280-1100MB/dp/B0H3NYNKFW/ref=zg_bs_g_430505031_d_sccl_90/524-3698123-6031407,2026-09-25 11:36:22.600881,No exact-ASIN Amazon marketplace listing found in current scored listings,0,,,,,
storage,91,B0CTRVZKG7,"Crucial T705 2TB SSD PCIe Gen5 NVMe M.2, Up to 14,500MB/s, Microsoft DirectStorage, PCIe 4.0 Backwards Compatible, Internal S",https://www.amazon.co.uk/Crucial-Microsoft-DirectStorage-Backwards-Compatible/dp/B0CTRVZKG7/ref=zg_bs_g_430505031_d_sccl_91/524-3698123-6031407,2026-09-25 11:36:22.600883,No exact-ASIN Amazon marketplace listing found in current scored listings,0,,,,,
storage,92,B09H1D7Y93,WD RED 2TB SN700 NAS NVMe M.2 2280 SSD,https://www.amazon.co.uk/RED-2TB-SN700-NVMe-2280/dp/B09H1D7Y93/ref=zg_bs_g_430505031_d_sccl_92/524-3698123-6031407,2026-09-25 11:36:22.600884,No exact-ASIN Amazon marketplace listing found in current scored listings,0,,,,,
storage,94,B0C5R9RKYL,"Netac NV7000-t 2TB NVMe 1.4 Internal Solid State Hard Drive M.2 SSD PCIe 4.0 High Speeds Up to 7300MB/S for PC, Laptops,Compu",https://www.amazon.co.uk/Netac-NV7000-t-Internal-Laptops-Computer/dp/B0C5R9RKYL/ref=zg_bs_g_430505031_d_sccl_94/524-3698123-6031407,2026-09-25 11:36:22.600887,No exact-ASIN Amazon marketplace listing found in current scored listings,0,,,,,
storage,95,B0G3X58MMS,"Ediloca 120GB SSD Internal Solid State Drive, 2.5"" SATA III 6Gb/s, Up to 400MB/s Read Speed, 3D NAND Flash, Shock Drop-Proof",https://www.amazon.co.uk/Ediloca-Internal-Drop-Proof-Desktop-Compatible/dp/B0G3X58MMS/ref=zg_bs_g_430505031_d_sccl_95/524-3698123-6031407,2026-09-25 11:36:22.600888,No exact-ASIN Amazon marketplace listing found in current scored listings,0,,,,,
storage,96,B09F5P2JT8,"Acer Predator GM7000 1TB SSD, PCIe Gen4x4 NVMe M.2 SSD with DRAM Cache, Up to 7400 MB/s, PCIe 4.0 Internal Gaming Solid State",https://www.amazon.co.uk/Acer-Predator-Internal-Cooling-GM7000-1TB/dp/B09F5P2JT8/ref=zg_bs_g_430505031_d_sccl_96/524-3698123-6031407,2026-09-25 11:36:22.600889,Exact ASIN listing has CPK in expected category,1,B09F5P2JT8,ssd,522edba2d887771b,"Acer Predator GM7000 1TB SSD, PCIe Gen4x4 NVMe M.2 SSD with DRAM Cache, Up to 7400 MB/s, PCIe 4.0 Internal Gaming Solid State Drive for PS5 Storage Expansion",True
storage,97,B0BS9WKNXV,Patriot P220 SATA 3 256GB Internal Solid State Drive 2.5” - P220S256G25,https://www.amazon.co.uk/Patriot-P220-256GB-Internal-Solid/dp/B0BS9WKNXV/ref=zg_bs_g_430505031_d_sccl_97/524-3698123-6031407,2026-09-25 11:36:22.600890,No exact-ASIN Amazon marketplace listing found in current scored listings,0,,,,,
