category,list_name,asin,title,url,image_url,rank,cpk,rating,review_count,price,rrp,sales_velocity,captured_at
case,Computer Cases,B0D2MK6NML,"NZXT H5 Flow - Compact ATX Mid-Tower PC Case - Black | Compact mid-tower with 2 included 120mm fans, 360mm front radiator sup",https://www.amazon.co.uk/NZXT-H5-Flow-Mid-Tower-Management/dp/B0D2MK6NML/ref=zg_bs_g_430498031_d_sccl_1/524-3698123-6031407,"https://images-eu.ssl-images-amazon.com/images/I/51wAv5q4adL._AC_UL600_SR600,400_.jpg",1,,4.6,1197,49.99,,,2026-09-25 11:38:55.208048
case,Computer Cases,B0CZVDHZFD,CORSAIR iCUE LINK 3500X RGB Mid-Tower ATX PC Case – Panoramic Tempered Glass – Reverse Connection Motherboard Compatible – 3x,https://www.amazon.co.uk/CORSAIR-iCUE-LINK-3500X-Mid-Tower/dp/B0CZVDHZFD/ref=zg_bs_g_430498031_d_sccl_2/524-3698123-6031407,"https://images-eu.ssl-images-amazon.com/images/I/815nH-NoRfL._AC_UL600_SR600,400_.jpg",2,,4.7,664,81.38,,,2026-09-25 11:38:55.208051
case,Computer Cases,B0C89FCDFP,NZXT H6 Flow | CC-H61FB-01 | Compact Dual-Chamber Mid-Tower Airflow Case | Panoramic Glass Panels | High-Performance Airflow,https://www.amazon.co.uk/NZXT-CC-H61FB-01-Dual-Chamber-High-Performance-Management/dp/B0C89FCDFP/ref=zg_bs_g_430498031_d_sccl_3/524-3698123-6031407,"https://images-eu.ssl-images-amazon.com/images/I/71x+i8yRgrL._AC_UL600_SR600,400_.jpg",3,,4.8,3070,59.99,,,2026-09-25 11:38:55.208052
case,Computer Cases,B0FWCHZCTV,"PCZZOI ARGB Panoramic Mid-Tower PC Case – 7x Pre-Installed Fans, Mid Tower Computer Case with Full-View Dual Tempered Glass,",https://www.amazon.co.uk/PCZZOI-Pre-Installed-Computer-Full-View-P4-Black-7-Infinity-Mirror-PWM-ARGB-CASE-Fans/dp/B0FWCHZCTV/ref=zg_bs_g_430498031_d_sccl_4/524-3698123-6031407,"https://images-eu.ssl-images-amazon.com/images/I/816qXYJr42L._AC_UL600_SR600,400_.jpg",4,5b188734e3dbfc3d,4.4,117,50.99,,,2026-09-25 11:38:55.208053
case,Computer Cases,B0FJ2ZBK8J,"CORSAIR 3500X RS-R ARGB Panoramic Mid-Tower PC Case – 3x Pre-Installed RS120-R ARGB Fans, GPU Anti-Sag Arm, Fits up to 10x 12",https://www.amazon.co.uk/CORSAIR-3500X-RS-R-ARGB-Mid-Tower/dp/B0FJ2ZBK8J/ref=zg_bs_g_430498031_d_sccl_5/524-3698123-6031407,"https://images-eu.ssl-images-amazon.com/images/I/617cgWIs-mL._AC_UL600_SR600,400_.jpg",5,4f85c1bc3d81cba5,4.6,578,74.99,,,2026-09-25 11:38:55.208053
case,Computer Cases,B0CJCJ3ZZB,Fractal Design North XL Charcoal Black TG- three 140mm Aspect PWM fans included- Type C USB- EATX airflow full tower PC gamin,https://www.amazon.co.uk/Fractal-Design-North-Charcoal-Black/dp/B0CJCJ3ZZB/ref=zg_bs_g_430498031_d_sccl_6/524-3698123-6031407,"https://images-eu.ssl-images-amazon.com/images/I/71IyDaBF8RL._AC_UL600_SR600,400_.jpg",6,,4.8,972,148.99,,,2026-09-25 11:38:55.208054
case,Computer Cases,B0DFHNV7TK,"CORSAIR FRAME 4000D RS ARGB Modular Mid-Tower ATX PC Case – High Airflow, 3x Pre-Installed RS ARGB Fans, InfiniRail™ Fan Moun",https://www.amazon.co.uk/CORSAIR-FRAME-4000D-Modular-Mid-Tower/dp/B0DFHNV7TK/ref=zg_bs_g_430498031_d_sccl_7/524-3698123-6031407,"https://images-eu.ssl-images-amazon.com/images/I/61-u3G8Bg9L._AC_UL600_SR600,400_.jpg",7,,4.7,1902,87.99,,,2026-09-25 11:38:55.208055
case,Computer Cases,B0DQPMJ6MJ,"NZXT H3 Flow - Micro-ATX Airflow PC Case - Black | Space-efficient Micro-ATX case with optimized airflow, full-size GPU suppo",https://www.amazon.co.uk/NZXT-Flow-Full-Sized-Back-Connect-Motherboard/dp/B0DQPMJ6MJ/ref=zg_bs_g_430498031_d_sccl_8/524-3698123-6031407,"https://images-eu.ssl-images-amazon.com/images/I/61+360v8grL._AC_UL600_SR600,400_.jpg",8,db30f7e0c1556a85,4.6,702,39.98,,,2026-09-25 11:38:55.208056
case,Computer Cases,B0CXQ664BW,"MSI MAG FORGE 321R AIRFLOW Mid-Tower PC Case - ATX Capacity, RTX 40 GPU Support, ARGB Fans, Magnetic Dust Filters, Tempered G",https://www.amazon.co.uk/MSI-FORGE-321R-AIRFLOW-Mid-Tower/dp/B0CXQ664BW/ref=zg_bs_g_430498031_d_sccl_9/524-3698123-6031407,"https://images-eu.ssl-images-amazon.com/images/I/719vOY+xxjL._AC_UL600_SR600,400_.jpg",9,03058c6eafb9fdb3,4.6,169,69.99,,,2026-09-25 11:38:55.208056
case,Computer Cases,B0DFS88R2L,Lian Li A3 mATX PC Case – Black – Wood Front Panel – SFX/ATX PSU Support – 4 Slot GPU – High Airflow Compact Chassis,https://www.amazon.co.uk/Lian-Li-A3-mATX-Micro-ATX-Case-Black/dp/B0DFS88R2L/ref=zg_bs_g_430498031_d_sccl_10/524-3698123-6031407,"https://images-eu.ssl-images-amazon.com/images/I/712mtAGWfaL._AC_UL600_SR600,400_.jpg",10,db21718a708b957f,4.7,546,71.95,,,2026-09-25 11:38:55.208057
case,Computer Cases,B0CV4RYKLF,"NZXT H7 Flow - Mid-Tower ATX Airflow PC Case - White | Airflow-first ATX mid-tower. Bottom-mount fans for direct GPU cooling,",https://www.amazon.co.uk/NZXT-Mid-Tower-Supports-Radiator-Management/dp/B0CV4RYKLF/ref=zg_bs_g_430498031_d_sccl_11/524-3698123-6031407,"https://images-eu.ssl-images-amazon.com/images/I/81t+IADQUQL._AC_UL600_SR600,400_.jpg",11,,4.7,783,69.9,,,2026-09-25 11:38:55.208058
case,Computer Cases,B0GLFVFLKR,"ANSAITE ATX PC Case - Pre-Installed 8 PWM ARGB Fan, ATX Mid-Tower Gaming PC Case, 270° Panoramic Glass with Type-C,420mm&360m",https://www.amazon.co.uk/ANSAITE-ATX-Case-Pre-Installed-Mid-Tower-white-8-PWM-ARGB-Fans/dp/B0GLFVFLKR/ref=zg_bs_g_430498031_d_sccl_12/524-3698123-6031407,"https://images-eu.ssl-images-amazon.com/images/I/81qjEyxkQOL._AC_UL600_SR600,400_.jpg",12,5cce2d9cf6f38b85,4.6,69,84.55,,,2026-09-25 11:38:55.208058
case,Computer Cases,B0FX4KQLX8,"PCZZOI PC CASE ATX 6 PWM ARGB Case Fans Pre-Installed, Mid Tower Computer Case with Tempered Glass,High Airflow Mesh Front,Su",https://www.amazon.co.uk/PCZZOI-Pre-Installed-Computer-Tempered-H05-black-6-PWM-ARGB-CASE-Fans/dp/B0FX4KQLX8/ref=zg_bs_g_430498031_d_sccl_13/524-3698123-6031407,"https://images-eu.ssl-images-amazon.com/images/I/81umKBZTR-L._AC_UL600_SR600,400_.jpg",13,a2b049765c7d8092,4.0,153,49.99,,,2026-09-25 11:38:55.208059
case,Computer Cases,B0DQPQ5KN7,NZXT H9 Flow RGB+ - Dual-Chamber ATX PC Case - Black | Flagship dual-chamber case with 7 RGB fans and NZXT Control Hub pre-in,https://www.amazon.co.uk/NZXT-Flow-RGB-Dual-Chamber-Back-Connect/dp/B0DQPQ5KN7/ref=zg_bs_g_430498031_d_sccl_14/524-3698123-6031407,"https://images-eu.ssl-images-amazon.com/images/I/713NuIfbhZL._AC_UL600_SR600,400_.jpg",14,,4.7,345,149.99,,,2026-09-25 11:38:55.208060
case,Computer Cases,B0GXPRJ66H,"ANSAITE ATX Mid-Tower PC Gaming Case,High Airflow Computer Case,7 x 120mm Fans Included, 360mm Radiator Support,Cable Managem",https://www.amazon.co.uk/ANSAITE-Mid-Tower-Computer-Management-Tool-Free-H09-black/dp/B0GXPRJ66H/ref=zg_bs_g_430498031_d_sccl_15/524-3698123-6031407,"https://images-eu.ssl-images-amazon.com/images/I/81pvkRXkCML._AC_UL600_SR600,400_.jpg",15,f436fdb97779ed95,4.7,4,53.69,,,2026-09-25 11:38:55.208061
case,Computer Cases,B0FK5KH5MY,"Lian Li O11 Dynamic Mini V2 PC Case Black | Compact ATX Mid Tower with Dual-Chamber Design, Tempered Glass and Modular Layout",https://www.amazon.co.uk/Lian-Li-V2-Dual-Chamber-Tempered-black/dp/B0FK5KH5MY/ref=zg_bs_g_430498031_d_sccl_16/524-3698123-6031407,"https://images-eu.ssl-images-amazon.com/images/I/71w-BYp3P+L._AC_UL600_SR600,400_.jpg",16,d33933e9bbe26f5b,4.7,254,79.89,,,2026-09-25 11:38:55.208061
case,Computer Cases,B0FLDVV2MR,"HYXN H1 ATX PC Case-Pre-Installed 7 PWM ARGB Fans, Dual Chamber Mid-Tower Gaming PC Case, with Type-C, Simultaneous Installat",https://www.amazon.co.uk/HYXN-Case-Pre-Installed-Mid-Tower-Simultaneous-Installation-Pink/dp/B0FLDVV2MR/ref=zg_bs_g_430498031_d_sccl_17/524-3698123-6031407,"https://images-eu.ssl-images-amazon.com/images/I/81J+4zOVUNL._AC_UL600_SR600,400_.jpg",17,9bc00f3573dd170d,4.4,96,79.99,,,2026-09-25 11:38:55.208062
case,Computer Cases,B0FJ2PYLFB,"CORSAIR FRAME 4500X RS-R ARGB Panoramic Glass Mid-Tower PC Case – InfiniRail Mounting System, Fits Dual 360mm Radiators, GPU",https://www.amazon.co.uk/CORSAIR-FRAME-4500X-Panoramic-Mid-Tower/dp/B0FJ2PYLFB/ref=zg_bs_g_430498031_d_sccl_18/524-3698123-6031407,"https://images-eu.ssl-images-amazon.com/images/I/61EdC3+7tdL._AC_UL600_SR600,400_.jpg",18,cb82d5bd3a3c8ba5,4.7,301,74.99,,,2026-09-25 11:38:55.208063
case,Computer Cases,B09DKMQ5L1,Fractal Design Terra Graphite - Wood Walnut front panel - Small form factor - mITX gaming case – PCIe 4.0 riser cable – USB T,https://www.amazon.co.uk/Fractal-Design-Terra-Graphite/dp/B09DKMQ5L1/ref=zg_bs_g_430498031_d_sccl_19/524-3698123-6031407,"https://images-eu.ssl-images-amazon.com/images/I/61hg1sDKeiL._AC_UL600_SR600,400_.jpg",19,,4.6,704,169.99,,,2026-09-25 11:38:55.208063
case,Computer Cases,B0DFX1J2S5,"FOIFKIN F600 PC Case ATX with 7 PWM ARGB Fans, High Airflow Mid-Tower Computer Case, Gaming PC Case Big Tower, ATX Case Black",https://www.amazon.co.uk/FOIFKIN-Case-Pre-Installed-Mid-Tower-Type-C%EF%BC%8CF600-Black/dp/B0DFX1J2S5/ref=zg_bs_g_430498031_d_sccl_20/524-3698123-6031407,"https://images-eu.ssl-images-amazon.com/images/I/915L-ZFvLHL._AC_UL600_SR600,400_.jpg",20,,4.3,189,69.99,,,2026-09-25 11:38:55.208064
case,Computer Cases,B0GSBW9HZT,"Phanteks EX5 Plus ATX Chamber Case, 360 AIO Included - Black | Compartmentalised ATX case with integrated 360mm AIO, hidden t",https://www.amazon.co.uk/Phanteks-Plus-Chamber-Case-Included/dp/B0GSBW9HZT/ref=zg_bs_g_430498031_d_sccl_21/524-3698123-6031407,"https://images-eu.ssl-images-amazon.com/images/I/81FAQe1BVrL._AC_UL600_SR600,400_.jpg",21,,,,114.95,,,2026-09-25 11:38:55.208065
case,Computer Cases,B0DBVSVWPC,"1st Player MIKU Mi2-A Micro ATX PC Gaming Case, Panoramic Tempered Glass + Mesh Hybrid Panel For Increased Airflow - Black",https://www.amazon.co.uk/Player-MIKU-Mi2-Micro-Black/dp/B0DBVSVWPC/ref=zg_bs_g_430498031_d_sccl_22/524-3698123-6031407,"https://images-eu.ssl-images-amazon.com/images/I/71h0bBuqaaL._AC_UL600_SR600,400_.jpg",22,,4.4,61,33.99,,,2026-09-25 11:38:55.208066
case,Computer Cases,B0G91PD5PS,"Lian Li VECTOR V100R MINI Micro-ATX Gaming PC Case – Black | Compact Tempered Glass Mini Tower with High Airflow, ATX PSU Sup",https://www.amazon.co.uk/Lian-Li-VECTOR-Micro-ATX-Gaming-Black/dp/B0G91PD5PS/ref=zg_bs_g_430498031_d_sccl_23/524-3698123-6031407,"https://images-eu.ssl-images-amazon.com/images/I/71OQeWLf2aL._AC_UL600_SR600,400_.jpg",23,a67cb6ce61780985,4.9,24,66.99,,,2026-09-25 11:38:55.208066
case,Computer Cases,B0DJT8SRD6,Lian Li O11 Vision Compact ATX Mid-Tower Gaming PC Case - Aluminium & Tempered Glass Black PC Case,https://www.amazon.co.uk/O11-Vision-Compact-Mid-Tower-Gaming-Black/dp/B0DJT8SRD6/ref=zg_bs_g_430498031_d_sccl_24/524-3698123-6031407,"https://images-eu.ssl-images-amazon.com/images/I/71nTbOJZ3rL._AC_UL600_SR600,400_.jpg",24,18198bd5ac65faef,4.7,486,,,,2026-09-25 11:38:55.208067
case,Computer Cases,B0C59W6JKD,"AL01 Open Frame Computer case DIY PC Test Bench for ATX M-Board,1Pc | Open Air Design for Heat Dissipation Supports ATX Power",https://www.amazon.co.uk/ALAMENGDA-Computer-Motherboards-Dissipation-Accessories-Black/dp/B0C59W6JKD/ref=zg_bs_g_430498031_d_sccl_25/524-3698123-6031407,"https://images-eu.ssl-images-amazon.com/images/I/71kHNAprOQL._AC_UL600_SR600,400_.jpg",25,,4.4,555,18.99,,,2026-09-25 11:38:55.208068
case,Computer Cases,B0H6PW5CPC,"Lian Li DAN Cases B4 Micro-ATX PC Case, Black | Black, 21.3L SFF chassis, 358mm 4-slot GPU support, ATX/SFX PSU, 360mm AIO wi",https://www.amazon.co.uk/Lian-Cases-Micro-ATX-Case-Black/dp/B0H6PW5CPC/ref=zg_bs_g_430498031_d_sccl_26/524-3698123-6031407,"https://images-eu.ssl-images-amazon.com/images/I/81F12mqfn2L._AC_UL600_SR600,400_.jpg",26,,4.0,2,59.9,,,2026-09-25 11:38:55.208068
case,Computer Cases,B0BM4W1MRW,iONZ Gaming PC Computer Mini Tower Case M/ATX Tempered Glass - Performance Series. (KZ27 Inc 4 RGB Fans),https://www.amazon.co.uk/iONZ-Gaming-Tower-Tempered-Glass-KZ27-Inc-3-FRGB-Fans/dp/B0BM4W1MRW/ref=zg_bs_g_430498031_d_sccl_27/524-3698123-6031407,"https://images-eu.ssl-images-amazon.com/images/I/613YsjxyOjL._AC_UL600_SR600,400_.jpg",27,,4.4,75,36.95,,,2026-09-25 11:38:55.208069
case,Computer Cases,B0GGQM3Q3D,"HYXN H3 ATX PC Case - Pre-Installed with 6 Infinity Mirror PWM ARGB Fans - Compact Dual Cavity Mid-Tower Gaming PC Case,360mm",https://www.amazon.co.uk/HYXN-ATX-Case-Pre-Installed-Mid-Tower-Black/dp/B0GGQM3Q3D/ref=zg_bs_g_430498031_d_sccl_28/524-3698123-6031407,"https://images-eu.ssl-images-amazon.com/images/I/91hvksHQRIL._AC_UL600_SR600,400_.jpg",28,9bc00f3573dd170d,4.4,29,69.99,,,2026-09-25 11:38:55.208070
case,Computer Cases,B093S1H4G2,"Montech AIR 100 ARGB, Micro-ATX, Tempered Glass - schwarz",https://www.amazon.co.uk/AIR-100-ARGB-Pre-Installed-Circulation/dp/B093S1H4G2/ref=zg_bs_g_430498031_d_sccl_29/524-3698123-6031407,"https://images-eu.ssl-images-amazon.com/images/I/71+vC54eAdS._AC_UL600_SR600,400_.jpg",29,,4.6,684,44.04,,,2026-09-25 11:38:55.208071
case,Computer Cases,B0BHJGSMC1,Veno Scorp Gaming PC Bundle i3 GTX 750 4GB 8GB RAM 500GB HDD NOVA | Built for smooth everyday gaming — GTX 750 4GB delivers r,https://www.amazon.co.uk/Veno-Scorp-Budget-Gaming-Bundle/dp/B0BHJGSMC1/ref=zg_bs_g_430498031_d_sccl_30/524-3698123-6031407,"https://images-eu.ssl-images-amazon.com/images/I/71LS7XLyw1L._AC_UL600_SR600,400_.jpg",30,,4.0,126,265.0,,,2026-09-25 11:38:55.208071
case,Computer Cases,B07BBFRLNJ,"GeeekPi ABS Case for Raspberry Pi 3B/3B+, with 30mm Fan 30X30X7mm and 3pcs Heatsinks for Raspberry Pi 3 Model B/B+ (Black)",https://www.amazon.co.uk/GeeekPi-Raspberry-Cooling-Heatsinks-Include/dp/B07BBFRLNJ/ref=zg_bs_g_430498031_d_sccl_31/524-3698123-6031407,"https://images-eu.ssl-images-amazon.com/images/I/618BvTs6KeL._AC_UL300_SR300,200_.jpg",31,,4.6,2011,10.69,,,2026-09-25 11:38:55.208072
case,Computer Cases,B074V35B6Y,"BONTEC Adjustable Under Desk PC Mount, Steel CPU Holder with 20 kg Capacity | Space-saving suspended design, secure straps fi",https://www.amazon.co.uk/BONTEC-Adjustable-Space-Saving-Computer-Installation-Black/dp/B074V35B6Y/ref=zg_bs_g_430498031_d_sccl_32/524-3698123-6031407,"https://images-eu.ssl-images-amazon.com/images/I/71JsnUJxC6L._AC_UL300_SR300,200_.jpg",32,,4.4,2062,14.43,,,2026-09-25 11:38:55.208073
case,Computer Cases,B0FJ8SWG15,"CORSAIR AIR 5400 RS-R ARGB Triple-Chamber Mid-Tower Panoramic PC Case – 3x Pre-Installed Reverse-Rotor RS120-R ARGB Fans, Low",https://www.amazon.co.uk/CORSAIR-5400-Triple-Chamber-Mid-Tower-Panoramic/dp/B0FJ8SWG15/ref=zg_bs_g_430498031_d_sccl_33/524-3698123-6031407,"https://images-eu.ssl-images-amazon.com/images/I/817JlNSBuYL._AC_UL300_SR300,200_.jpg",33,b90e0481a8188367,4.7,258,119.0,,,2026-09-25 11:38:55.208073
case,Computer Cases,B0C98SZCSG,"Montech AIR 903 MAX Midi-Tower, Tempered Glass - Weiß",https://www.amazon.co.uk/Montech-AIR-903-MAX-Midi-Tower/dp/B0C98SZCSG/ref=zg_bs_g_430498031_d_sccl_34/524-3698123-6031407,"https://images-eu.ssl-images-amazon.com/images/I/91LEAn+o+tL._AC_UL300_SR300,200_.jpg",34,,4.6,,,,,2026-09-25 11:38:55.208074
case,Computer Cases,B0D73VS65B,"be quiet! Light Base 600 DX Black PC Case, Fully Windowed Front and Side | Dual Chamber, Aquarium Mid Tower Gaming Computer C",https://www.amazon.co.uk/quiet-Stunning-Panoramic-Horizontal-Connector-Black/dp/B0D73VS65B/ref=zg_bs_g_430498031_d_sccl_35/524-3698123-6031407,"https://images-eu.ssl-images-amazon.com/images/I/615plPdh5vL._AC_UL300_SR300,200_.jpg",35,,4.7,217,124.6,,,2026-09-25 11:38:55.208075
case,Computer Cases,B0FJ2V6VVP,"CORSAIR 3500X LX-R RGB iCUE LINK Panoramic Mid-Tower PC Case – 3x Pre-Installed LX120-R RGB Fans, Includes iCUE LINK System H",https://www.amazon.co.uk/CORSAIR-3500X-LX-R-iCUE-Mid-Tower/dp/B0FJ2V6VVP/ref=zg_bs_g_430498031_d_sccl_36/524-3698123-6031407,"https://images-eu.ssl-images-amazon.com/images/I/71f+j2LAeCL._AC_UL300_SR300,200_.jpg",36,,4.8,136,79.0,,,2026-09-25 11:38:55.208076
case,Computer Cases,B0CT5V2XJK,"Phanteks XT Pro Ultra ATX Mid Tower Case, Tempered Glass, Black, DRGB Fans, Zero Clutter Cable Management",https://www.amazon.co.uk/Phanteks-Ultra-Tempered-Glass-Windows/dp/B0CT5V2XJK/ref=zg_bs_g_430498031_d_sccl_37/524-3698123-6031407,"https://images-eu.ssl-images-amazon.com/images/I/81Xt40ahUHL._AC_UL300_SR300,200_.jpg",37,8625ac5e62039172,4.7,935,76.99,,,2026-09-25 11:38:55.208076
case,Computer Cases,B0FJ2SRYHT,"CORSAIR FRAME 4500X LX-R RGB LINK Panoramic Glass Mid-Tower PC Case – InfiniRail Mounting System, Fits Dual 360mm Radiators,",https://www.amazon.co.uk/CORSAIR-FRAME-4500X-Panoramic-Mid-Tower/dp/B0FJ2SRYHT/ref=zg_bs_g_430498031_d_sccl_38/524-3698123-6031407,"https://images-eu.ssl-images-amazon.com/images/I/619H9fHmWOL._AC_UL300_SR300,200_.jpg",38,,4.7,147,89.0,,,2026-09-25 11:38:55.208077
case,Computer Cases,B0DG61TSZK,"FOIFKIN F300 PC Case ATX with 4 Non-RGB Fans, High Airflow Mid-Tower Computer Case, Gaming PC Case Big Tower, ATX Case Black,",https://www.amazon.co.uk/FOIFKIN-Case-Preinstalled-Mid-Tower-Panoramic-Black/dp/B0DG61TSZK/ref=zg_bs_g_430498031_d_sccl_39/524-3698123-6031407,"https://images-eu.ssl-images-amazon.com/images/I/91fbezN24XL._AC_UL300_SR300,200_.jpg",39,dd33f93f032a3753,4.6,142,54.99,,,2026-09-25 11:38:55.208078
case,Computer Cases,B0D54K6MTD,"MSI MAG FORGE M100R WHITE PC Case - Micro-ATX Capacity, GPU Support up to 300 mm , ARGB Fans, Magnetic Dust Filters, Tempered",https://www.amazon.co.uk/MSI-306-7G20W21-HH9-FORGE-M100R-WHITE/dp/B0D54K6MTD/ref=zg_bs_g_430498031_d_sccl_40/524-3698123-6031407,"https://images-eu.ssl-images-amazon.com/images/I/81RM-kmA20L._AC_UL300_SR300,200_.jpg",40,10351241c611d48a,4.6,115,49.99,,,2026-09-25 11:38:55.208078
case,Computer Cases,B09RGHK5CY,"MSI MAG FORGE 112R Mid-Tower PC Case - Tempered Glass, ATX, Micro-ATX & Mini-ITX Capacity, Front Mesh Panel, 4 x 120mm ARGB f",https://www.amazon.co.uk/MSI-FORGE-112R-Mid-Tower-Type-black/dp/B09RGHK5CY/ref=zg_bs_g_430498031_d_sccl_41/524-3698123-6031407,"https://images-eu.ssl-images-amazon.com/images/I/81qN5dSitfL._AC_UL300_SR300,200_.jpg",41,66220034682698bd,4.5,573,49.99,,,2026-09-25 11:38:55.208079
case,Computer Cases,B0F74LMG5R,"Lian Li Lancool 217 PC Case Black | ATX Mid Tower, Tempered Glass, 5 Fans, Walnut Wood Accents, Mesh Front, Back-Connect Comp",https://www.amazon.co.uk/Lian-Li-217-Back-Connect-Compatible-Black/dp/B0F74LMG5R/ref=zg_bs_g_430498031_d_sccl_42/524-3698123-6031407,"https://images-eu.ssl-images-amazon.com/images/I/818HEY4WEuL._AC_UL300_SR300,200_.jpg",42,,4.7,212,109.99,,,2026-09-25 11:38:55.208080
case,Computer Cases,B07X9R8V96,"GeeekPi Raspberry Pi 4 ABS Case with PWM Fan, 4PCS Heatsinks and 5V 3.6A USB-C Power Supply UK Power Adapter for Raspberry Pi",https://www.amazon.co.uk/GeeekPi-Raspberry-Adapter-40X40X10mm-Heatsinks/dp/B07X9R8V96/ref=zg_bs_g_430498031_d_sccl_43/524-3698123-6031407,"https://images-eu.ssl-images-amazon.com/images/I/61fafzxitzL._AC_UL300_SR300,200_.jpg",43,,4.5,74,14.99,,,2026-09-25 11:38:55.208080
case,Computer Cases,B0FBS15ZJD,CiT S8-300 SFF Micro-ATX Office PC Case with 300W Power Supply – Micro-ATX & Mini-ITX Support – 80mm Fan Pre-Installed – Slim,https://www.amazon.co.uk/CiT-S8-300-Micro-ATX-Office-Supply/dp/B0FBS15ZJD/ref=zg_bs_g_430498031_d_sccl_44/524-3698123-6031407,"https://images-eu.ssl-images-amazon.com/images/I/61jfiwCOnwL._AC_UL300_SR300,200_.jpg",44,36e6ccabf3db8144,4.0,2,,,,2026-09-25 11:38:55.208081
case,Computer Cases,B0DXQG3MDK,"FOIFKIN M1 PC Case ATX with 4 PWM ARGB Fans, Front in Walnut Wood,Computer Case Mid-Tower,High Airflow,240mm Radiator Support",https://www.amazon.co.uk/FOIFKIN-M1-Case-Pre-Installed-Mid-Tower-Black/dp/B0DXQG3MDK/ref=zg_bs_g_430498031_d_sccl_45/524-3698123-6031407,"https://images-eu.ssl-images-amazon.com/images/I/819GzMSCT5L._AC_UL300_SR300,200_.jpg",45,4e97d528c498aa21,4.2,75,69.99,,,2026-09-25 11:38:55.208082
case,Computer Cases,B0FH2FYC3X,"IONZ APEX EMBER- PC Gaming Case, M/ATX Mid Tower, Dual Chamber - Front I/O Type C, Tempered Glass With Wood Panel and 6 ARGB",https://www.amazon.co.uk/IONZ-EMBER-Gaming-Tower-Chamber-Black/dp/B0FH2FYC3X/ref=zg_bs_g_430498031_d_sccl_46/524-3698123-6031407,"https://images-eu.ssl-images-amazon.com/images/I/816bz0bVZIL._AC_UL300_SR300,200_.jpg",46,07d8ac29adbeec82,3.9,9,49.95,,,2026-09-25 11:38:55.208083
case,Computer Cases,B00Q2Z11QE,Fractal Design Define R5 - Mid Tower Computer Case - ATX - Optimized For High Airflow And Silent - 2x Fractal Design Dynamic,https://www.amazon.co.uk/Fractal-Design-Define-Midtower-Computer/dp/B00Q2Z11QE/ref=zg_bs_g_430498031_d_sccl_47/524-3698123-6031407,"https://images-eu.ssl-images-amazon.com/images/I/71xzDoc-KuL._AC_UL300_SR300,200_.jpg",47,334cc1d9b20de2ee,4.6,1858,114.99,,,2026-09-25 11:38:55.208083
case,Computer Cases,B0CFYKNHW7,"MSI MAG FORGE 320R AIRFLOW Mid-Tower PC Case - ATX Capacity, up to 390mm RTX 40 GPU Support, 4 x 120mm ARGB Fans, Magnetic Du",https://www.amazon.co.uk/MSI-FORGE-AIRFLOW-Mid-Tower-Type/dp/B0CFYKNHW7/ref=zg_bs_g_430498031_d_sccl_48/524-3698123-6031407,"https://images-eu.ssl-images-amazon.com/images/I/71Cve98mhsL._AC_UL300_SR300,200_.jpg",48,e65219b168f19035,4.6,503,59.99,,,2026-09-25 11:38:55.208084
case,Computer Cases,B0HB93XJRK,"NZXT S5 RGB Compact ATX Mid-Tower PC Case - White | Panoramic Dual Tempered Glass, Pre-Installed 360 mm RGB Reverse Fan, Up t",https://www.amazon.co.uk/NZXT-RGB-Compact-Mid-Tower-Case-White/dp/B0HB93XJRK/ref=zg_bs_g_430498031_d_sccl_49/524-3698123-6031407,"https://images-eu.ssl-images-amazon.com/images/I/61j1BMs6XrL._AC_UL300_SR300,200_.jpg",49,,,,,,,2026-09-25 11:38:55.208085
case,Computer Cases,B0DYM1C6LB,"be quiet! Pure Base 501 DX Black PC Case, High Airflow Intake Front Panel And Top Cover, Maximum Performance, 3 Preinstalled",https://www.amazon.co.uk/quiet-Performance-Preinstalled-Extraordinary-Pressure-Black/dp/B0DYM1C6LB/ref=zg_bs_g_430498031_d_sccl_50/524-3698123-6031407,"https://images-eu.ssl-images-amazon.com/images/I/71TXxZJy-rL._AC_UL300_SR300,200_.jpg",50,ba0c00d8999872a0,4.5,60,90.81,,,2026-09-25 11:38:55.208086
case,Computer Cases,B08SRBTYGK,Fractal Design Pop Air Black – Solid – Honeycomb Mesh Front – Solid side panel - Three 120 mm Aspect 12 fans included – ATX H,https://www.amazon.co.uk/Fractal-Design-Pop-Black-Solid/dp/B08SRBTYGK/ref=zg_bs_g_430498031_d_sccl_1/524-3698123-6031407,"https://images-eu.ssl-images-amazon.com/images/I/71FcQTbX5XL._AC_UL600_SR600,400_.jpg",51,,4.5,103,79.99,,,2026-09-25 11:38:55.208086
case,Computer Cases,B0FQV6HM32,Hyte X50 Modern Performance ATX Mid-Tower PC Gaming Case - Taro Milk (Purple),https://www.amazon.co.uk/Hyte-Modern-Performance-Mid-Tower-Gaming-Purple/dp/B0FQV6HM32/ref=zg_bs_g_430498031_d_sccl_2/524-3698123-6031407,"https://images-eu.ssl-images-amazon.com/images/I/81ExNK+xLML._AC_UL600_SR600,400_.jpg",52,1c790238992e1770,4.7,44,99.0,,,2026-09-25 11:38:55.208087
case,Computer Cases,B0DG5R61P4,"darkFlash ATX Mid-Tower PC Case, Pre-Install 1 PWM Fan Computer Case, Full View Dual Tempered Glass Gaming PC Case, Type C Po",https://www.amazon.co.uk/darkFlash-DS900-without-Tempered-Supports-black/dp/B0DG5R61P4/ref=zg_bs_g_430498031_d_sccl_3/524-3698123-6031407,"https://images-eu.ssl-images-amazon.com/images/I/71-hFE5lOHL._AC_UL600_SR600,400_.jpg",53,,4.4,85,42.99,,,2026-09-25 11:38:55.208088
case,Computer Cases,B08HX4PZ4Y,"280x140mm Magnetic PC Fan Dust Filter Cover Mesh, Black (2 Pack) | Ultra-fine PVC mesh computer case grill cover with magneti",https://www.amazon.co.uk/280mm-Computer-Filter-Grills-Magnetic/dp/B08HX4PZ4Y/ref=zg_bs_g_430498031_d_sccl_4/524-3698123-6031407,"https://images-eu.ssl-images-amazon.com/images/I/81jUFTCHPoL._AC_UL600_SR600,400_.jpg",54,,4.5,1352,6.99,,,2026-09-25 11:38:55.208088
case,Computer Cases,B0CV365B3B,"Phanteks XT Pro ATX Mid-Tower PC Case – Black, Tempered Glass Side Panel, High Airflow Mesh Front, E-ATX Support",https://www.amazon.co.uk/Phanteks-Case-Tempered-Glass-Window-Black/dp/B0CV365B3B/ref=zg_bs_g_430498031_d_sccl_5/524-3698123-6031407,"https://images-eu.ssl-images-amazon.com/images/I/71V0Oa8G2tL._AC_UL600_SR600,400_.jpg",55,a3f8f161d4a516dc,4.6,263,59.99,,,2026-09-25 11:38:55.208089
case,Computer Cases,B0C6PBY5H3,RLSOCO Mini PC Desktop Case for NiPoGi/BOSGAME/GEEKOM/Beelink (Case Only) | Hard Travel Case for Most Mini PC Computer Deskto,https://www.amazon.co.uk/RLSOCO-Desktop-Computer-Beelink-MINI-S12/dp/B0C6PBY5H3/ref=zg_bs_g_430498031_d_sccl_6/524-3698123-6031407,"https://images-eu.ssl-images-amazon.com/images/I/81ZzjKXIANL._AC_UL600_SR600,400_.jpg",56,,4.8,200,23.99,,,2026-09-25 11:38:55.208090
case,Computer Cases,B0GF9NW38F,"CORSAIR FRAME 4000D WOOD RS Modular Mid-Tower ATX PC Case – Black/Walnut | Wood Front Panel, 4x RS120 PWM Fans Included, Infi",https://www.amazon.co.uk/CORSAIR-FRAME-4000D-Modular-Mid-Tower/dp/B0GF9NW38F/ref=zg_bs_g_430498031_d_sccl_7/524-3698123-6031407,"https://images-eu.ssl-images-amazon.com/images/I/61fAj+O0PYL._AC_UL600_SR600,400_.jpg",57,abb4849b56980189,4.4,92,109.99,,,2026-09-25 11:38:55.208091
case,Computer Cases,B0CK8BTZ1Z,"IONZ KZ-V Mini Aether PC Gaming Case, Mini Tower Micro ATX Tempered Glass includes 3 x 120mm ARGB Fans - Black",https://www.amazon.co.uk/Aether-Gaming-Tower-Micro-Tempered-Mini-Black-Fans/dp/B0CK8BTZ1Z/ref=zg_bs_g_430498031_d_sccl_8/524-3698123-6031407,"https://images-eu.ssl-images-amazon.com/images/I/81hAxHQLJnL._AC_UL600_SR600,400_.jpg",58,,3.9,22,,,,2026-09-25 11:38:55.208091
case,Computer Cases,B0CMZCG8P7,"GeeekPi Raspberry Pi 5 Aluminum Case with Official Active Cooler, Support PCIe M.2 NVMe SSD Shield Top X1001 / X1003 / X1000",https://www.amazon.co.uk/GeeekPi-Raspberry-Aluminum-Official-Support/dp/B0CMZCG8P7/ref=zg_bs_g_430498031_d_sccl_9/524-3698123-6031407,"https://images-eu.ssl-images-amazon.com/images/I/61BpbcZY9+L._AC_UL600_SR600,400_.jpg",59,,4.5,366,18.99,,,2026-09-25 11:38:55.208092
case,Computer Cases,B0BHJHVKR6,Veno Scorp Gaming PC Bundle i5 GT 710 2GB 8GB RAM 500GB HDD NOVA | Built for smooth everyday gaming — GT 710 2GB delivers rel,https://www.amazon.co.uk/Veno-Scorp-Budget-Gaming-Bundle/dp/B0BHJHVKR6/ref=zg_bs_g_430498031_d_sccl_10/524-3698123-6031407,"https://images-eu.ssl-images-amazon.com/images/I/71rRFVXjoIL._AC_UL600_SR600,400_.jpg",60,,4.0,25,239.95,,,2026-09-25 11:38:55.208093
case,Computer Cases,B0DTHMBTQB,"ANSAITE ATX PC Case Pre-Installed 6 × 120mm PWM ARGB Fan, ATX Mid Tower PC Gaming Case, Computer case with Panoramic View Tem",https://www.amazon.co.uk/ANSAITE-Pre-Installed-Computer-Panoramic-Tempered-white/dp/B0DTHMBTQB/ref=zg_bs_g_430498031_d_sccl_11/524-3698123-6031407,"https://images-eu.ssl-images-amazon.com/images/I/81fck2X7TZL._AC_UL600_SR600,400_.jpg",61,,4.2,119,64.24,,,2026-09-25 11:38:55.208093
case,Computer Cases,B07WQ5G6YY,Raspberry Pi 4 case (Black/Grey),https://www.amazon.co.uk/Raspberry-Pi-Original-box-black/dp/B07WQ5G6YY/ref=zg_bs_g_430498031_d_sccl_12/524-3698123-6031407,"https://images-eu.ssl-images-amazon.com/images/I/41TVeUuMtqL._AC_UL600_SR600,400_.jpg",62,,4.3,913,4.16,,,2026-09-25 11:38:55.208094
case,Computer Cases,B0H5F8GYQF,"MONTECH TG3 Panoramic ATX PC Case, Back-Connect Ready & 4 ARGB Fans, Black | Tiered showcase, 430mm GPU & 180mm cooler cleara",https://www.amazon.co.uk/MONTECH-Panoramic-Back-Connect-Ready-Black/dp/B0H5F8GYQF/ref=zg_bs_g_430498031_d_sccl_13/524-3698123-6031407,"https://images-eu.ssl-images-amazon.com/images/I/81LxEMmNaQL._AC_UL600_SR600,400_.jpg",63,90e264716e557d49,4.7,48,58.38,,,2026-09-25 11:38:55.208095
case,Computer Cases,B0HB92RCHS,"NZXT S5 RGB Deluxe Compact ATX Mid-Tower PC Case - Black | 5 Pre-Installed RGB Fans, Panoramic Dual Tempered Glass, Up to 10",https://www.amazon.co.uk/NZXT-Deluxe-Compact-Mid-Tower-Case-Black/dp/B0HB92RCHS/ref=zg_bs_g_430498031_d_sccl_14/524-3698123-6031407,"https://images-eu.ssl-images-amazon.com/images/I/61NA3oxeOXL._AC_UL600_SR600,400_.jpg",64,,,,,,,2026-09-25 11:38:55.208096
case,Computer Cases,B0FR5XTKVZ,"HAVN BF 360 FLOW High Airflow ATX Mid Tower PC Case, Semi-Open SGCC Steel Frame, SimpliCable Cable Management, 2x 180mm Fan,",https://www.amazon.co.uk/HAVN-Semi-Open-SimpliCable-Management-Radiator-Black/dp/B0FR5XTKVZ/ref=zg_bs_g_430498031_d_sccl_15/524-3698123-6031407,"https://images-eu.ssl-images-amazon.com/images/I/71dK1v4uvuL._AC_UL600_SR600,400_.jpg",65,,4.7,144,169.99,,,2026-09-25 11:38:55.208096
case,Computer Cases,B0FQBLKFMT,"darkFlash LAND451 ATX PC Case, Vertical Graphics Card, Support BTF Motherboard, Full-View Mid Tower Gaming Case, Type-C Port,",https://www.amazon.co.uk/darkFlash-LAND451-Vertical-Motherboard-Full-View-White/dp/B0FQBLKFMT/ref=zg_bs_g_430498031_d_sccl_16/524-3698123-6031407,"https://images-eu.ssl-images-amazon.com/images/I/71E31Jqj1NL._AC_UL600_SR600,400_.jpg",66,9bc00f3573dd170d,4.5,24,44.99,,,2026-09-25 11:38:55.208097
case,Computer Cases,B0F3XNXCMV,"CORSAIR FRAME 5000D RS Modular High Airflow Mid-Tower PC Case – 4x Pre-Installed RS Fans, InfiniRail™ Fan Mounting System, GP",https://www.amazon.co.uk/CORSAIR-FRAME-Modular-Airflow-Mid-Tower/dp/B0F3XNXCMV/ref=zg_bs_g_430498031_d_sccl_17/524-3698123-6031407,"https://images-eu.ssl-images-amazon.com/images/I/61GophOiBJL._AC_UL600_SR600,400_.jpg",67,,4.6,207,114.99,,,2026-09-25 11:38:55.208098
case,Computer Cases,B08G56SF52,"CiT Work Office PC Case Micro ATX, Compact Matx Computer Case, Mini Tower | Compact matx computer case with room for optical",https://www.amazon.co.uk/CiT-Work-Compact-Office-Case/dp/B08G56SF52/ref=zg_bs_g_430498031_d_sccl_18/524-3698123-6031407,"https://images-eu.ssl-images-amazon.com/images/I/51F6mrriUdL._AC_UL600_SR600,400_.jpg",68,996cd24ad4e87d5c,3.9,46,22.72,,,2026-09-25 11:38:55.208098
case,Computer Cases,B0FD3Z46GN,"CiT F3 Gaming PC Case Micro ATX, Mesh MATX Computer Case with 3 ARGB Fans | Small footprint micro atx pc case with fans inclu",https://www.amazon.co.uk/CiT-Black-Gaming-Case-Micro-ATX/dp/B0FD3Z46GN/ref=zg_bs_g_430498031_d_sccl_19/524-3698123-6031407,"https://images-eu.ssl-images-amazon.com/images/I/7172pl8u2hL._AC_UL600_SR600,400_.jpg",69,8148a6a8dbe995cd,3.9,21,39.45,,,2026-09-25 11:38:55.208099
case,Computer Cases,B01BV8JU96,"CiT Jet Stream Office PC Case ATX Mid Tower, Computer Case with 500W PSU | Ready-to-build atx mid tower with pre-installed 50",https://www.amazon.co.uk/CiT-Stream-Silver-Stripe-Supply/dp/B01BV8JU96/ref=zg_bs_g_430498031_d_sccl_20/524-3698123-6031407,"https://images-eu.ssl-images-amazon.com/images/I/5138rVUIhsL._AC_UL600_SR600,400_.jpg",70,ab7fa9db55f914d2,4.2,216,40.45,,,2026-09-25 11:38:55.208100
case,Computer Cases,B0DJDM7V1R,Lian Li Lancool 207 Mid-Tower Case | Premium ATX/mATX Gaming PC Case | Tempered Glass | Optimal Airflow Black Case,https://www.amazon.co.uk/Lancool-207-Mid-Tower-Premium-Tempered-Black/dp/B0DJDM7V1R/ref=zg_bs_g_430498031_d_sccl_21/524-3698123-6031407,"https://images-eu.ssl-images-amazon.com/images/I/81fsHUNN-SL._AC_UL600_SR600,400_.jpg",71,48884ff52c12e319,4.7,185,74.99,,,2026-09-25 11:38:55.208101
case,Computer Cases,B06ZY1DQ7Z,Lenovo ThinkCentre Tiny VESA Mount II (4XF0N03161) | VESA Mount II with 4 Screws for ThinkCentre Tiny Desktops and VESA Compa,https://www.amazon.co.uk/Lenovo-ThinkCentre-Tiny-Mount-4XF0N03161/dp/B06ZY1DQ7Z/ref=zg_bs_g_430498031_d_sccl_22/524-3698123-6031407,"https://images-eu.ssl-images-amazon.com/images/I/51HTKsbrwxL._AC_UL600_SR600,400_.jpg",72,,4.7,377,25.89,,,2026-09-25 11:38:55.208101
case,Computer Cases,B0F3XMTVLV,"CORSAIR FRAME 5000D RS ARGB Modular High Airflow Mid-Tower PC Case – 4x Pre-Installed RS ARGB Fans, InfiniRail™ Fan Mounting",https://www.amazon.co.uk/CORSAIR-FRAME-Modular-Airflow-Mid-Tower/dp/B0F3XMTVLV/ref=zg_bs_g_430498031_d_sccl_23/524-3698123-6031407,"https://images-eu.ssl-images-amazon.com/images/I/614NTatjVUL._AC_UL600_SR600,400_.jpg",73,d9172ef92754be67,4.6,224,91.33,,,2026-09-25 11:38:55.208102
case,Computer Cases,B08146YTWY,Fractal Design Define 7 Compact Black Brushed Aluminum/Steel ATX Compact Silent Mid Tower Computer Case,https://www.amazon.co.uk/Fractal-Design-FD-C-DEF7C-01-101/dp/B08146YTWY/ref=zg_bs_g_430498031_d_sccl_24/524-3698123-6031407,"https://images-eu.ssl-images-amazon.com/images/I/71JWcEJ2kQL._AC_UL600_SR600,400_.jpg",74,,4.6,171,104.99,,,2026-09-25 11:38:55.208103
case,Computer Cases,B0160WQYJ2,Antec VSK-4000B-U3/U2 ATX Computer Case - Black,https://www.amazon.co.uk/Antec-VSK-4000B-U3-ATX-Computer-Case/dp/B0160WQYJ2/ref=zg_bs_g_430498031_d_sccl_25/524-3698123-6031407,"https://images-eu.ssl-images-amazon.com/images/I/61QKQN4WokL._AC_UL600_SR600,400_.jpg",75,3f9618b36fd0d80f,4.2,101,46.4,,,2026-09-25 11:38:55.208104
case,Computer Cases,B0FBX6QC6B,"CiT DS240 Gaming PC Case Micro ATX Dual Chamber, Black MATX Case, 3 Fans | Dual chamber matx pc case with 3 Pro Storm ARGB PW",https://www.amazon.co.uk/CiT-Panoramic-Three-Sided-Tempered-Micro-ATX/dp/B0FBX6QC6B/ref=zg_bs_g_430498031_d_sccl_26/524-3698123-6031407,"https://images-eu.ssl-images-amazon.com/images/I/61MX36-eepL._AC_UL600_SR600,400_.jpg",76,,,,59.95,,,2026-09-25 11:38:55.208104
case,Computer Cases,B0D54QH2GV,"MSI MAG PANO 100R PZ WHITE ATX PC Case - ATX Capacity, Verical GPU Installation Bracket, GPU Holder, Dust Filters, Swinging S",https://www.amazon.co.uk/MSI-PANO-100R-WHITE-Case/dp/B0D54QH2GV/ref=zg_bs_g_430498031_d_sccl_27/524-3698123-6031407,"https://images-eu.ssl-images-amazon.com/images/I/71HgakjjcaL._AC_UL600_SR600,400_.jpg",77,,4.8,316,89.99,,,2026-09-25 11:38:55.208105
case,Computer Cases,B0CS3T22P8,Fractal Design Meshify 3 Black Solid - High Airflow PC Gaming Case - Mesh Front Panel - Three Momentum 14 Fans Included - Cle,https://www.amazon.co.uk/Fractal-Design-Meshify-Black-Solid/dp/B0CS3T22P8/ref=zg_bs_g_430498031_d_sccl_28/524-3698123-6031407,"https://images-eu.ssl-images-amazon.com/images/I/713s2WHa1xL._AC_UL600_SR600,400_.jpg",78,,4.7,35,,,,2026-09-25 11:38:55.208106
case,Computer Cases,B0DGV3HT1K,"FOIFKIN F1 ATX PC Case - Pre-installed 6 PWM ARGB Fans, Mid-Tower Computer Case, Gaming PC Case full tower, 270° Panorama Tem",https://www.amazon.co.uk/FOIFKIN-PC-Case-Pre-Installed-Mid-Tower-Black/dp/B0DGV3HT1K/ref=zg_bs_g_430498031_d_sccl_29/524-3698123-6031407,"https://images-eu.ssl-images-amazon.com/images/I/81L6Kyh9i1L._AC_UL600_SR600,400_.jpg",79,08b0b2f1746a8100,4.3,153,59.99,,,2026-09-25 11:38:55.208107
case,Computer Cases,B06VW5GL6T,CHILDMORY 10Pcs Clear Box Case Sleeve CIB Protector for SNES N64 Games Cartridge Box,https://www.amazon.co.uk/Childhood-10Pcs-Sleeve-Protector-Cartridge/dp/B06VW5GL6T/ref=zg_bs_g_430498031_d_sccl_30/524-3698123-6031407,"https://images-eu.ssl-images-amazon.com/images/I/61K8VaOUKCL._AC_UL600_SR600,400_.jpg",80,,4.3,,12.09,,,2026-09-25 11:38:55.208107
case,Computer Cases,B0B7F8C35R,"Prime AP201 - Mesh | Supports Radiators up to 360mm & Graphics Cards up to 338mm Long, 33-liter, Quasi-Filter Mesh Panels, To",https://www.amazon.co.uk/ASUS-Prime-AP201-Micro-ATX-Case/dp/B0B7F8C35R/ref=zg_bs_g_430498031_d_sccl_81/524-3698123-6031407,"https://images-eu.ssl-images-amazon.com/images/I/91FW0IOXncL._AC_UL300_SR300,200_.jpg",81,,4.7,579,69.98,,,2026-09-25 11:38:55.208108
case,Computer Cases,B00KG8K5CY,"Noctua NA-SYC1, 2-Way PC Fan Splitter 2-Pack | Y-Cables With 4-Pin PWM Headers, Compatible with 3-Pin Fans, Wear and Heat Res",https://www.amazon.co.uk/Noctua-NA-SYC1-4-pin-Y-Cables-Black/dp/B00KG8K5CY/ref=zg_bs_g_430498031_d_sccl_82/524-3698123-6031407,"https://images-eu.ssl-images-amazon.com/images/I/710bdrHF0uL._AC_UL300_SR300,200_.jpg",82,,4.8,4971,8.95,,,2026-09-25 11:38:55.208109
case,Computer Cases,B0DBL8S1NR,"darkFlash Micro ATX PC Case, Pre-Install 3 PWM ARGB Fans Computer Case, Full View Dual Tempered Glass MATX Gaming PC Case, Ty",https://www.amazon.co.uk/darkFlash-Pre-Install-Computer-Tempered-DB330M-White/dp/B0DBL8S1NR/ref=zg_bs_g_430498031_d_sccl_83/524-3698123-6031407,"https://images-eu.ssl-images-amazon.com/images/I/71cORaJpn9L._AC_UL300_SR300,200_.jpg",83,,4.3,243,56.99,,,2026-09-25 11:38:55.208110
case,Computer Cases,B0DJPY63XL,Lian Li O11Vision Compact White-Steel-Tempered Glass ATX Mid Tower Computer Case-Back Connect Support-O11VPW,https://www.amazon.co.uk/O11Vision-White-Steel-Tempered-Computer-Case-Back-Support-O11VPW-White/dp/B0DJPY63XL/ref=zg_bs_g_430498031_d_sccl_84/524-3698123-6031407,"https://images-eu.ssl-images-amazon.com/images/I/61GGKCt2tKL._AC_UL300_SR300,200_.jpg",84,3bc98fd59966e19d,4.7,355,192.73,,,2026-09-25 11:38:55.208110
case,Computer Cases,B0785GRMPG,"Cooler Master MasterBox Q300L Computer Case 'Magnetic Patterned Dust Filters, mini tower, Alloy Steel, Modular I/O Panel, Win",https://www.amazon.co.uk/Cooler-Master-MasterBox-Patterned-MCB-Q300L-KANN-S00/dp/B0785GRMPG/ref=zg_bs_g_430498031_d_sccl_85/524-3698123-6031407,"https://images-eu.ssl-images-amazon.com/images/I/91UOdM9izhL._AC_UL300_SR300,200_.jpg",85,,4.5,13680,,,,2026-09-25 11:38:55.208111
case,Computer Cases,B0DKJKGPYZ,HYTE Y70 Touch Infinite Dual Chamber ATX Mid Tower Modern Aesthetic Case with Integrated 2.5K LCD Touchscreen - Pitch Black,https://www.amazon.co.uk/HYTE-Infinite-Aesthetic-Integrated-Touchscreen-Black/dp/B0DKJKGPYZ/ref=zg_bs_g_430498031_d_sccl_86/524-3698123-6031407,"https://images-eu.ssl-images-amazon.com/images/I/81wqrx-c-fL._AC_UL300_SR300,200_.jpg",86,8f03fb9afbfcfba8,4.6,211,358.99,,,2026-09-25 11:38:55.208112
case,Computer Cases,B0CC685W94,"CiT Level 1 Gaming PC Case, Micro ATX PC Case with 3 RGB Fans, Glass, Black | High airflow mesh computer case with 3 RGB rain",https://www.amazon.co.uk/CiT-Micro-ATX-Tempered-Rainbow-Included/dp/B0CC685W94/ref=zg_bs_g_430498031_d_sccl_87/524-3698123-6031407,"https://images-eu.ssl-images-amazon.com/images/I/61Mvn5RVH0L._AC_UL300_SR300,200_.jpg",87,,4.3,63,39.85,,,2026-09-25 11:38:55.208113
case,Computer Cases,B0F28MCKKG,"MONTECH XR Wood, Genuine Black Walnut Front, ATX PC Gaming Case, Glass Side Panel, 4 Pre-Installed GF120 ARGB PWM Fans, Black",https://www.amazon.co.uk/MONTECH-Genuine-Walnut-Gaming-Pre-Installed-Black/dp/B0F28MCKKG/ref=zg_bs_g_430498031_d_sccl_88/524-3698123-6031407,"https://images-eu.ssl-images-amazon.com/images/I/819FP1Z9XyL._AC_UL300_SR300,200_.jpg",88,,4.5,110,55.02,,,2026-09-25 11:38:55.208113
case,Computer Cases,B0DK3L3Z3B,Powercool Codegen 2U Rackmount Server PC Case – 405mm Depth – Micro-ATX/Mini-ITX Computer Case – 3×80mm PWM Fans Included – U,https://www.amazon.co.uk/Powercool-Codegen-Rackmount-Micro-ATX-Included/dp/B0DK3L3Z3B/ref=zg_bs_g_430498031_d_sccl_89/524-3698123-6031407,"https://images-eu.ssl-images-amazon.com/images/I/51HykQsJo6L._AC_UL300_SR300,200_.jpg",89,,,,97.25,,,2026-09-25 11:38:55.208114
case,Computer Cases,B0CRB3DT5M,Geekworm P579 Raspberry Pi 5 Case | Support Top PCIe M.2 NVMe SSD HAT Shield X1001 / X1004 / X1003 / X1012 / X1015 / X1000 &,https://www.amazon.co.uk/Geekworm-Raspberry-Support-Shield-Active-Black/dp/B0CRB3DT5M/ref=zg_bs_g_430498031_d_sccl_90/524-3698123-6031407,"https://images-eu.ssl-images-amazon.com/images/I/711WI09zxEL._AC_UL300_SR300,200_.jpg",90,,4.6,483,11.8,,,2026-09-25 11:38:55.208115
case,Computer Cases,B09L8QWPJP,Raspberry Pi Zero Case,https://www.amazon.co.uk/Raspberry-Pi-Zero-Case/dp/B09L8QWPJP/ref=zg_bs_g_430498031_d_sccl_91/524-3698123-6031407,"https://images-eu.ssl-images-amazon.com/images/I/51GmLM60QML._AC_UL300_SR300,200_.jpg",91,,4.6,104,7.9,,,2026-09-25 11:38:55.208115
case,Computer Cases,B0DX7JXXTK,"CiT Mentor Office PC Case Micro ATX, Compact USB-C Computer Case, Black | Compact professional micro atx case with front USB-",https://www.amazon.co.uk/CiT-Mentor-Micro-ATX-Business-Included/dp/B0DX7JXXTK/ref=zg_bs_g_430498031_d_sccl_92/524-3698123-6031407,"https://images-eu.ssl-images-amazon.com/images/I/613PQf5Q8UL._AC_UL300_SR300,200_.jpg",92,411a1c344ddd4b74,4.2,46,27.65,,,2026-09-25 11:38:55.208116
case,Computer Cases,B0FD3V9Q6P,CiT F3 Gaming PC Case – Micro-ATX Computer Case with Mesh Front & Tempered Glass Side Panels - 3 x 120mm ARGB Fans Included -,https://www.amazon.co.uk/CiT-F3-Gaming-Case-Micro-ATX/dp/B0FD3V9Q6P/ref=zg_bs_g_430498031_d_sccl_93/524-3698123-6031407,"https://images-eu.ssl-images-amazon.com/images/I/71ZK+pO5sML._AC_UL300_SR300,200_.jpg",93,8148a6a8dbe995cd,4.2,7,34.5,,,2026-09-25 11:38:55.208117
case,Computer Cases,B0G3Q1B5TY,"IONZ M/ATX PC ARGB Case Mid-Tower, Pre-Installed 6 ARGB PWM Fans, Full View Dual Tempered Glass - Aether Neo White",https://www.amazon.co.uk/IONZ-Mid-Tower-Pre-Installed-Tempered-Glass-White/dp/B0G3Q1B5TY/ref=zg_bs_g_430498031_d_sccl_94/524-3698123-6031407,"https://images-eu.ssl-images-amazon.com/images/I/81808S2a35L._AC_UL300_SR300,200_.jpg",94,9b30e7695748e1d2,3.9,7,,,,2026-09-25 11:38:55.208118
case,Computer Cases,B0FJD21RLV,NZXT H2 Flow - Mini-ITX 20.7L Airflow PC Case - Black | Compact 20.7L Mini-ITX case with 2 included 120mm top fans and PCIe 5,https://www.amazon.co.uk/NZXT-H2-Flow-Mini-ITX-Radiator/dp/B0FJD21RLV/ref=zg_bs_g_430498031_d_sccl_95/524-3698123-6031407,"https://images-eu.ssl-images-amazon.com/images/I/618VP+kZNVL._AC_UL300_SR300,200_.jpg",95,,4.7,122,119.99,,,2026-09-25 11:38:55.208118
case,Computer Cases,B0CW3PQGJZ,HYTE Y70 Snow White Mid-Tower Tempered Glass PC Gaming Case,https://www.amazon.co.uk/HYTE-Y70-Mid-Tower-Case/dp/B0CW3PQGJZ/ref=zg_bs_g_430498031_d_sccl_96/524-3698123-6031407,"https://images-eu.ssl-images-amazon.com/images/I/719cCfeeHNL._AC_UL300_SR300,200_.jpg",96,accc448a08924a5c,4.7,50,169.99,,,2026-09-25 11:38:55.208119
case,Computer Cases,B0GQTJYTDG,"4pcs Laptop Rubber Feet Strips Replacement for HP | Anti-Slip Laptop Bottom Bumper Foot Pads,for HP 15-DY 15T-DY 15-EF 15-ER",https://www.amazon.co.uk/Sinbana-Laptop-Rubber-Strips-Replacement/dp/B0GQTJYTDG/ref=zg_bs_g_430498031_d_sccl_97/524-3698123-6031407,"https://images-eu.ssl-images-amazon.com/images/I/515O6a1cFaL._AC_UL300_SR300,200_.jpg",97,,4.3,32,8.99,,,2026-09-25 11:38:55.208120
case,Computer Cases,B07ZP46RNR,"Noctua NF-A20 PWM chromax.black.swap, High-Performance Quiet Fan 200mm | High Airflow, Low Noise, 30mm Thick Fan, for PC and",https://www.amazon.co.uk/Noctua-NF-A20-chromax-black-swap-Premium-200x30mm/dp/B07ZP46RNR/ref=zg_bs_g_430498031_d_sccl_98/524-3698123-6031407,"https://images-eu.ssl-images-amazon.com/images/I/81D8XEN+egL._AC_UL300_SR300,200_.jpg",98,,4.7,627,34.95,,,2026-09-25 11:38:55.208121
case,Computer Cases,B0DWFR3SB8,"CiT Bolt Gaming PC Case, Micro ATX PC Case with 4 ARGB Fans, Glass, Black | Dual tempered glass computer case with 4 ARGB inf",https://www.amazon.co.uk/CiT-Micro-ATX-Computer-Motherboard-Compatibility/dp/B0DWFR3SB8/ref=zg_bs_g_430498031_d_sccl_99/524-3698123-6031407,"https://images-eu.ssl-images-amazon.com/images/I/61t3FXctcAL._AC_UL300_SR300,200_.jpg",99,332203557a3aa7e9,4.5,10,44.95,,,2026-09-25 11:38:55.208121
case,Computer Cases,B086YCCYZL,"Phanteks XT V3 Micro-ATX PC Case with Dual Tempered Glass Panels, Front PSU Mount, 360mm Radiator Support, Reverse Airflow Fa",https://www.amazon.co.uk/Phanteks-Micro-ATX-Tempered-Radiator-Clearance-White/dp/B086YCCYZL/ref=zg_bs_g_430498031_d_sccl_100/524-3698123-6031407,"https://images-eu.ssl-images-amazon.com/images/I/71L+w1oxShL._AC_UL300_SR300,200_.jpg",100,719638670c80b4e0,4.7,40,67.89,,,2026-09-25 11:38:55.208122
cooler,Fans & Cooling,B0FT2TYMR6,"ARCTIC MX-7 (4 g, incl. MX-Cleaner) - Ultimate Performance Thermal Paste | For CPU, consoles, processors, graphics cards, lap",https://www.amazon.co.uk/ARCTIC-MX-7-incl-MX-Cleaner-Non-Conductive/dp/B0FT2TYMR6/ref=zg_bs_g_430499031_d_sccl_1/524-3698123-6031407,"https://images-eu.ssl-images-amazon.com/images/I/71XgiY3t44L._AC_UL600_SR600,400_.jpg",1,,4.7,1299,8.49,,,2026-09-25 11:38:26.332878
cooler,Fans & Cooling,B07L9BDY3T,"ARCTIC MX-4 (4 g) - Premium Performance Thermal Paste for all processors (CPU, GPU - PC, PS4, XBOX), very high thermal conduc",https://www.amazon.co.uk/ARCTIC-MX-4-2019-Performance-Durability/dp/B07L9BDY3T/ref=zg_bs_g_430499031_d_sccl_2/524-3698123-6031407,"https://images-eu.ssl-images-amazon.com/images/I/51fVtU+cDIL._AC_UL600_SR600,400_.jpg",2,,4.7,105500,5.49,,,2026-09-25 11:38:26.332880
cooler,Fans & Cooling,B09NLXSP4S,BSFF Thermal Paste CPU 5.5g with Toolkit for CPU GPU IC and Heatsinks | Carbon Based High Performance; CPU/GPU Compatible; Ea,https://www.amazon.co.uk/BSFF-Compound-Heatsink-Processor-Performance/dp/B09NLXSP4S/ref=zg_bs_g_430499031_d_sccl_3/524-3698123-6031407,"https://images-eu.ssl-images-amazon.com/images/I/51CUKuRTgnL._AC_UL600_SR600,400_.jpg",3,,4.7,9331,4.99,,,2026-09-25 11:38:26.332881
cooler,Fans & Cooling,B09VDLH5M6,"ARCTIC MX-6 (8 g) - Ultimate Performance Thermal Paste for CPU, consoles, graphics cards, laptops, very high thermal conducti",https://www.amazon.co.uk/ARCTIC-MX-6-conductivity-non-conductive-non-capacitive/dp/B09VDLH5M6/ref=zg_bs_g_430499031_d_sccl_4/524-3698123-6031407,"https://images-eu.ssl-images-amazon.com/images/I/61+BskMlaqL._AC_UL600_SR600,400_.jpg",4,,4.7,7612,6.99,,,2026-09-25 11:38:26.332882
cooler,Fans & Cooling,B0B8Z19XNM,"Thermalright Peerless Assassin 120 SE CPU Air Cooler, 6 Heat Pipes CPU Cooler, Dual 12cm PWM Fan, Double Tower Double Fan Coo",https://www.amazon.co.uk/Thermalright-Peerless-Assassin-Aluminium-Technology/dp/B0B8Z19XNM/ref=zg_bs_g_430499031_d_sccl_5/524-3698123-6031407,"https://images-eu.ssl-images-amazon.com/images/I/71GLcUZubzL._AC_UL600_SR600,400_.jpg",5,d0a075dce9d7f074,4.8,221,26.9,,,2026-09-25 11:38:26.332882
cooler,Fans & Cooling,B0BPFYQ7JW,"Thermalright TL-C12C CPU Fan 120mm Case Cooler, 4pin PWM Silent Computer Cooling with S-FDB Bearing Included, up to 1550RPM c",https://www.amazon.co.uk/Thermalright-TL-C12C-Computer-Included-quantities%EF%BC%89/dp/B0BPFYQ7JW/ref=zg_bs_g_430499031_d_sccl_6/524-3698123-6031407,"https://images-eu.ssl-images-amazon.com/images/I/612RL8vAL9L._AC_UL600_SR600,400_.jpg",6,,4.6,91,11.59,,,2026-09-25 11:38:26.332883
cooler,Fans & Cooling,B0DF7C4YPQ,Corsair NAUTILUS 360 RS ARGB Liquid CPU Cooler – 360mm AIO – Low-Noise – Direct Motherboard Connection – Daisy-Chain – Intel,https://www.amazon.co.uk/Corsair-NAUTILUS-ARGB-Liquid-Cooler/dp/B0DF7C4YPQ/ref=zg_bs_g_430499031_d_sccl_7/524-3698123-6031407,"https://images-eu.ssl-images-amazon.com/images/I/61mEGrDNdqL._AC_UL600_SR600,400_.jpg",7,6a1baef812c0fd77,4.6,1199,79.99,,,2026-09-25 11:38:26.332884
cooler,Fans & Cooling,B07LF66ZSV,"ARCTIC MX-4 (8 g) - Premium Performance Thermal Paste for all processors (CPU, GPU - PC, PS4, XBOX), very high thermal conduc",https://www.amazon.co.uk/ARCTIC-MX-4-2019-Performance-Durability/dp/B07LF66ZSV/ref=zg_bs_g_430499031_d_sccl_8/524-3698123-6031407,"https://images-eu.ssl-images-amazon.com/images/I/518fSGnh2wL._AC_UL600_SR600,400_.jpg",8,,4.8,18015,6.49,,,2026-09-25 11:38:26.332885
cooler,Fans & Cooling,B0FGDJ3QP1,"Corsair NAUTILUS 360 RS LCD Liquid CPU Cooler – 2.1"" IPS LCD Screen, 360mm AIO, Low-Noise, Daisy-Chain, Intel LGA 1851/1700,",https://www.amazon.co.uk/Corsair-NAUTILUS-360-Liquid-Cooler/dp/B0FGDJ3QP1/ref=zg_bs_g_430499031_d_sccl_9/524-3698123-6031407,"https://images-eu.ssl-images-amazon.com/images/I/71XVdDyqthL._AC_UL600_SR600,400_.jpg",9,9602220857eec6a5,4.6,761,99.98,,,2026-09-25 11:38:26.332885
cooler,Fans & Cooling,B0DLWGG85P,"ARCTIC Liquid Freezer III Pro 360 - AIO CPU Cooler, 3 x 120 mm Water Cooling, 38 mm Radiator, PWM Pump, VRM Fan, AMD AM5/AM4,",https://www.amazon.co.uk/ARCTIC-Liquid-Freezer-III-Pro/dp/B0DLWGG85P/ref=zg_bs_g_430499031_d_sccl_10/524-3698123-6031407,"https://images-eu.ssl-images-amazon.com/images/I/61NTew7Du+L._AC_UL600_SR600,400_.jpg",10,,4.3,2398,67.49,,,2026-09-25 11:38:26.332886
cooler,Fans & Cooling,B09VDPWH6T,"ARCTIC MX-6 (2 g) - Ultimate Performance Thermal Paste for CPU, consoles, graphics cards, laptops, very high thermal conducti",https://www.amazon.co.uk/ARCTIC-MX-6-conductivity-non-conductive-non-capacitive/dp/B09VDPWH6T/ref=zg_bs_g_430499031_d_sccl_11/524-3698123-6031407,"https://images-eu.ssl-images-amazon.com/images/I/61vnK3PrH8L._AC_UL600_SR600,400_.jpg",11,,4.6,3375,4.89,,,2026-09-25 11:38:26.332887
cooler,Fans & Cooling,B0DWSN51B1,"TR-AssassinX120 SE ARGB WHITE CPU Air Cooler, 4 Heat Pipes, TL-C12CW-S PWM Quiet Fan CPU Cooler With S-FDB Bearing, For AMD A",https://www.amazon.co.uk/TR-AssassinX120-SE-WHITE-TL-C12CW-S-Bearing/dp/B0DWSN51B1/ref=zg_bs_g_430499031_d_sccl_12/524-3698123-6031407,"https://images-eu.ssl-images-amazon.com/images/I/71Pp4sKk6tL._AC_UL600_SR600,400_.jpg",12,,5.0,15,15.99,,,2026-09-25 11:38:26.332887
cooler,Fans & Cooling,B0DLWFCVSD,"ARCTIC Liquid Freezer III Pro 360 A-RGB - AIO CPU Cooler, 3 x 120 mm Water Cooling, 38 mm Radiator, PWM Pump, VRM Fan, AMD AM",https://www.amazon.co.uk/ARCTIC-Liquid-Freezer-III-RGB/dp/B0DLWFCVSD/ref=zg_bs_g_430499031_d_sccl_13/524-3698123-6031407,"https://images-eu.ssl-images-amazon.com/images/I/61lSHQayebL._AC_UL600_SR600,400_.jpg",13,,4.5,1940,74.99,,,2026-09-25 11:38:26.332888
cooler,Fans & Cooling,B0795DP124,"ARCTIC MX-4 (incl. Spatula, 4 g) - Premium Performance Thermal Paste for all processors (CPU, GPU - PC, PS4, XBOX), very high",https://www.amazon.co.uk/ARCTIC-MX-4-Compound-Performance-Interface/dp/B0795DP124/ref=zg_bs_g_430499031_d_sccl_14/524-3698123-6031407,"https://images-eu.ssl-images-amazon.com/images/I/610tethTHOL._AC_UL600_SR600,400_.jpg",14,,4.7,70457,5.99,,,2026-09-25 11:38:26.332889
cooler,Fans & Cooling,B0BPCMWDCH,"Thermalright Frozen Notte 240 Black ARGB V2 Water Cooling CPU Cooler, 240 Black CPU Cooler Specifications, 2 PWM Fans, S-FDB",https://www.amazon.co.uk/Thermalright-Cooling-Specifications-Bearings-Suitable/dp/B0BPCMWDCH/ref=zg_bs_g_430499031_d_sccl_15/524-3698123-6031407,"https://images-eu.ssl-images-amazon.com/images/I/61E6vTaCkJL._AC_UL600_SR600,400_.jpg",15,,4.2,261,45.9,,,2026-09-25 11:38:26.332889
cooler,Fans & Cooling,B087FY5CNT,ARCTIC Case Fan Hub - 10-fold PWM Fan Distributor with SATA Power - Black,https://www.amazon.co.uk/ARCTIC-Pro-Gen-Ultrawide-Adjustment/dp/B087FY5CNT/ref=zg_bs_g_430499031_d_sccl_16/524-3698123-6031407,"https://images-eu.ssl-images-amazon.com/images/I/41g45rTe3jL._AC_UL600_SR600,400_.jpg",16,,4.5,3164,7.84,,,2026-09-25 11:38:26.332890
cooler,Fans & Cooling,B0D49PNMBD,CORSAIR RS120 ARGB 120mm PWM Fans – Daisy-Chain Connection – Low-Noise – Magnetic Dome Bearing – Triple Pack – White,https://www.amazon.co.uk/Corsair-RS120-ARGB-120mm-Fans/dp/B0D49PNMBD/ref=zg_bs_g_430499031_d_sccl_17/524-3698123-6031407,"https://images-eu.ssl-images-amazon.com/images/I/71fwLas-07L._AC_UL600_SR600,400_.jpg",17,,4.6,2768,26.22,,,2026-09-25 11:38:26.332891
cooler,Fans & Cooling,B0DB84CQW6,"Thermal Grizzly PhaseSheet PTM 50x40 mm Phase-Change Thermal Pad CPU GPU | Phase-change thermal pad, PTM, CPU, GPU, consoles,",https://www.amazon.co.uk/Thermal-Grizzly-PhaseSheet-Performance-Non-Conductive/dp/B0DB84CQW6/ref=zg_bs_g_430499031_d_sccl_18/524-3698123-6031407,"https://images-eu.ssl-images-amazon.com/images/I/61Gc3girWqL._AC_UL600_SR600,400_.jpg",18,,4.4,1694,11.3,,,2026-09-25 11:38:26.332892
cooler,Fans & Cooling,B0DSTW6P8B,Thermal Grizzly Duronaut - 6 Gram - Enhanced Durability & High Performance Thermal Paste - for Maximum Thermal Conductivity W,https://www.amazon.co.uk/Thermal-Grizzly-Duronaut-Conductivity-Overclocking/dp/B0DSTW6P8B/ref=zg_bs_g_430499031_d_sccl_19/524-3698123-6031407,"https://images-eu.ssl-images-amazon.com/images/I/813qmj96qYL._AC_UL600_SR600,400_.jpg",19,,4.5,2493,14.44,,,2026-09-25 11:38:26.332892
cooler,Fans & Cooling,B0D942JKJW,"Thermalright Phantom Spirit 120 SE BLACK CPU Air Cooler,7 Heat pipes CPU Cooler,Dual 120mm PWM Fans, AGHP 4.0 Technology,for",https://www.amazon.co.uk/Thermalright-Phantom-Spirit-120-BLACK/dp/B0D942JKJW/ref=zg_bs_g_430499031_d_sccl_20/524-3698123-6031407,"https://images-eu.ssl-images-amazon.com/images/I/613FlbYrYxL._AC_UL600_SR600,400_.jpg",20,,4.6,152,33.9,,,2026-09-25 11:38:26.332893
cooler,Fans & Cooling,B08QS42H64,"ionz IZP8 Ultra High Performance Thermal compound, Heatsink Paste For All CPU/GPU Coolers - 2g",https://www.amazon.co.uk/ionz-Performance-Thermal-compound-Heatsink/dp/B08QS42H64/ref=zg_bs_g_430499031_d_sccl_21/524-3698123-6031407,"https://images-eu.ssl-images-amazon.com/images/I/51N6WS25rUL._AC_UL600_SR600,400_.jpg",21,,4.6,896,2.99,,,2026-09-25 11:38:26.332894
cooler,Fans & Cooling,B09VH14935,"ARCTIC Freezer 36 (Black)- Single-tower CPU cooler with push-pull, two pressure-optimised 120 mm P fans, fluid dynamic bearin",https://www.amazon.co.uk/ARCTIC-Single-tower-push-pull-pressure-optimised-heatpipes/dp/B09VH14935/ref=zg_bs_g_430499031_d_sccl_22/524-3698123-6031407,"https://images-eu.ssl-images-amazon.com/images/I/710Z5PcNlLL._AC_UL600_SR600,400_.jpg",22,,4.5,727,22.99,,,2026-09-25 11:38:26.332894
cooler,Fans & Cooling,B0C7C2HY6H,"Thermalright Assassin X 120R SE PLUS CPU Air Cooler, 4 Heat Pipes,148mm High, 120mm Double PWM Fans CPU Cooler, Heatsink Cool",https://www.amazon.co.uk/Thermalright-Assassin-Heatsink-LGA1700-LGA17XX/dp/B0C7C2HY6H/ref=zg_bs_g_430499031_d_sccl_23/524-3698123-6031407,"https://images-eu.ssl-images-amazon.com/images/I/71KgFuCFUmL._AC_UL600_SR600,400_.jpg",23,,4.6,78,18.9,,,2026-09-25 11:38:26.332895
cooler,Fans & Cooling,B0CSJRTFX8,"VooGenzek 15 PCS Assorted Thickness 0.5/1/1.5 mm Silicone Thermal Pad with 6.0 W/mk Thermal Conductivity, Reusable Thermal Co",https://www.amazon.co.uk/VooGenzek-Assorted-Thickness-Conductivity-Conductive/dp/B0CSJRTFX8/ref=zg_bs_g_430499031_d_sccl_24/524-3698123-6031407,"https://images-eu.ssl-images-amazon.com/images/I/61errJI16OL._AC_UL600_SR600,400_.jpg",24,,4.6,865,5.69,,,2026-09-25 11:38:26.332896
cooler,Fans & Cooling,B07BNDPKL5,SYY Thermal Paste 2g CPU Compound with Toolkit for CPU/GPU/All Coolers | Carbon Formula; Fast Heat Transfer; CPU/GPU Compatib,https://www.amazon.co.uk/SYY-Compound-Processor-Performance-Interface/dp/B07BNDPKL5/ref=zg_bs_g_430499031_d_sccl_25/524-3698123-6031407,"https://images-eu.ssl-images-amazon.com/images/I/5114EthElbL._AC_UL600_SR600,400_.jpg",25,,4.6,14980,4.55,,,2026-09-25 11:38:26.332897
cooler,Fans & Cooling,B011F7W3LU,"Thermal Grizzly Kryonaut (1g) – Thermal Paste for CPU, GPU and consoles – Non-Conductive Thermal Compound with High Thermal C",https://www.amazon.co.uk/Thermal-Grizzly-Kryonaut-thermal-grease/dp/B011F7W3LU/ref=zg_bs_g_430499031_d_sccl_26/524-3698123-6031407,"https://images-eu.ssl-images-amazon.com/images/I/51KN3x6y+fL._AC_UL600_SR600,400_.jpg",26,,4.7,62111,9.19,,,2026-09-25 11:38:26.332897
cooler,Fans & Cooling,B07NRG8KJK,MoneyQiu HY-510-25g Thermal Conductivity: >1.93W/m-k thermal heatsink paste grease Compound Carbon Based High Performance non,https://www.amazon.co.uk/HY-510-25g-Thermal-Paste-Heatsink-Conductivity-510-25g/dp/B07NRG8KJK/ref=zg_bs_g_430499031_d_sccl_27/524-3698123-6031407,"https://images-eu.ssl-images-amazon.com/images/I/511B+c+BN-L._AC_UL600_SR600,400_.jpg",27,,4.6,5374,5.99,,,2026-09-25 11:38:26.332898
cooler,Fans & Cooling,B0GY469KT3,"Thermalright AT7 Thermal Paste 4.5g, 12.9W/mK CPU Thermal Compound | Smooth Easy-to-Spread, Non-Conductive, for CPU Cooler In",https://www.amazon.co.uk/Thermalright-Thermal-Paste-12-9W-Compound/dp/B0GY469KT3/ref=zg_bs_g_430499031_d_sccl_28/524-3698123-6031407,"https://images-eu.ssl-images-amazon.com/images/I/719z+3vhPiL._AC_UL600_SR600,400_.jpg",28,,4.9,12,4.99,,,2026-09-25 11:38:26.332899
cooler,Fans & Cooling,B09MHT9ZQR,"JLJ Thermal Paste 3g Carbon Based Compound for CPU, GPU, IC and Heatsinks | Carbon Thermal Compound; Broad Compatibility; Eas",https://www.amazon.co.uk/JLJ-Compound-Processor-Performance-Interface/dp/B09MHT9ZQR/ref=zg_bs_g_430499031_d_sccl_29/524-3698123-6031407,"https://images-eu.ssl-images-amazon.com/images/I/51U-5xN-LUL._AC_UL600_SR600,400_.jpg",29,,4.6,4139,4.22,,,2026-09-25 11:38:26.332899
cooler,Fans & Cooling,B09VDKSMQL,"ARCTIC MX-6 (4 g, incl. 6 MX Cleaner) - Ultimate Performance Thermal Paste for CPU, consoles, graphics cards, laptops, very h",https://www.amazon.co.uk/ARCTIC-MX-6-incl-Cleaner-Performance/dp/B09VDKSMQL/ref=zg_bs_g_430499031_d_sccl_30/524-3698123-6031407,"https://images-eu.ssl-images-amazon.com/images/I/719PyUTU8IL._AC_UL600_SR600,400_.jpg",30,,4.7,11412,11.79,,,2026-09-25 11:38:26.332900
cooler,Fans & Cooling,B09XJVBPQ1,"Aairhut Thermal Pads 13W/mK, 85 x 45 x 1mm Silicone Cooling Heatsink Thermal Pad GPU Non Conductive Heat Resistance with Dual",https://www.amazon.co.uk/Aairhut-Silicone-Conductive-Resistance-Self-Adhesive/dp/B09XJVBPQ1/ref=zg_bs_g_430499031_d_sccl_31/524-3698123-6031407,"https://images-eu.ssl-images-amazon.com/images/I/71VHgOG4lWL._AC_UL300_SR300,200_.jpg",31,,4.4,1272,6.99,,,2026-09-25 11:38:26.332901
cooler,Fans & Cooling,B09V52NPBS,"ARCTIC TP-3: Premium Performance Thermal Pad, 100 x 100 x 1.5 mm, (stackable to 2.0 mm without performance loss), 1 Piece - H",https://www.amazon.co.uk/ARCTIC-TP-3-Performance-conduction-installation/dp/B09V52NPBS/ref=zg_bs_g_430499031_d_sccl_32/524-3698123-6031407,"https://images-eu.ssl-images-amazon.com/images/I/41827xoDNgL._AC_UL300_SR300,200_.jpg",32,,4.7,2700,8.99,,,2026-09-25 11:38:26.332901
cooler,Fans & Cooling,B0DWZ2JPTF,"be quiet! Pure Rock 3 Black Air Cooler, 4 High-Performance 6mm Heatpipes | With HDT Technology, Pure Wings 3 120mm PWM Fan, H",https://www.amazon.co.uk/quiet-High-Performance-Heatpipes-Technology-All-Black/dp/B0DWZ2JPTF/ref=zg_bs_g_430499031_d_sccl_33/524-3698123-6031407,"https://images-eu.ssl-images-amazon.com/images/I/61+p4QM0eqL._AC_UL300_SR300,200_.jpg",33,,4.6,464,27.99,,,2026-09-25 11:38:26.332902
cooler,Fans & Cooling,B0DJZHXGQ7,"Thermalright FW 360 Ultra ARGB White AIO CPU Liquid Cooler,IPS LCD Screen with 480x480 Resolution,for AM4/AM5/Intel LGA1851/1",https://www.amazon.co.uk/Thermalright-Ultra-ARGB-White-inchMagnet-Absorbent/dp/B0DJZHXGQ7/ref=zg_bs_g_430499031_d_sccl_34/524-3698123-6031407,"https://images-eu.ssl-images-amazon.com/images/I/61-xXNOWDZL._AC_UL300_SR300,200_.jpg",34,,4.9,10,77.9,,,2026-09-25 11:38:26.332903
cooler,Fans & Cooling,B07HC7P3HJ,"ARCTIC P12 (5 Pack) - PC Fan, 120mm Fan, PC Case Fan, Pressure-optimised, quiet motor, Computer, Fan Speed: 1800 rpm - Black",https://www.amazon.co.uk/Arctic-P12-Value-Pack-Pressure-optimised/dp/B07HC7P3HJ/ref=zg_bs_g_430499031_d_sccl_35/524-3698123-6031407,"https://images-eu.ssl-images-amazon.com/images/I/61i9iqYEEbL._AC_UL300_SR300,200_.jpg",35,,4.6,3317,21.49,,,2026-09-25 11:38:26.332904
cooler,Fans & Cooling,B0CCRYJ2TK,"Thermalright AQUA ELITE 240 V3 Liquid CPU Cooler, Double PWM ARGB Fans with S-FDB Bearings,Efficient PWM Controlled Pump,for",https://www.amazon.co.uk/Thermalright-Bearings-Efficient-Controlled-LGA1150/dp/B0CCRYJ2TK/ref=zg_bs_g_430499031_d_sccl_36/524-3698123-6031407,"https://images-eu.ssl-images-amazon.com/images/I/61YrR1-I+TL._AC_UL300_SR300,200_.jpg",36,,4.6,77,,,,2026-09-25 11:38:26.332904
cooler,Fans & Cooling,B0DWSP4VKS,"TR-Phantom Spirit 120 SE ARGB CPU Cooler,7×6mm Heat pipes CPU Air Cooler,Dual PWM Fan Computer Cooling,1500RPM Speed,For AMD",https://www.amazon.co.uk/TR-Phantom-ARGB-Computer-Cooling-1500RPM/dp/B0DWSP4VKS/ref=zg_bs_g_430499031_d_sccl_37/524-3698123-6031407,"https://images-eu.ssl-images-amazon.com/images/I/71ujGDwM-xL._AC_UL300_SR300,200_.jpg",37,c3ff4905fe4300df,4.5,23,31.59,,,2026-09-25 11:38:26.332905
cooler,Fans & Cooling,B097999ZCY,"MSI MAG COREFROZR AA13 WHITE CPU Air Cooler - Direct Touch Four 6mm copper heatpipes, ARGB, CycloBlade 7, Pre-Applied Thermal",https://www.amazon.co.uk/MSI-COREFROZR-AA13-WHITE-Cooler/dp/B097999ZCY/ref=zg_bs_g_430499031_d_sccl_38/524-3698123-6031407,"https://images-eu.ssl-images-amazon.com/images/I/71AUsI23W3L._AC_UL300_SR300,200_.jpg",38,,4.6,54,20.99,,,2026-09-25 11:38:26.332906
cooler,Fans & Cooling,B08YRSZPH8,"be quiet! MC1 M.2 SSD Cooler, Efficient Cooling for M.2 2280 SSDs, Supports Single- and Double-Sided Modules, PlayStation 5 C",https://www.amazon.co.uk/quiet-efficient-double-sided-PlayStation-compatible/dp/B08YRSZPH8/ref=zg_bs_g_430499031_d_sccl_39/524-3698123-6031407,"https://images-eu.ssl-images-amazon.com/images/I/61tKtM2EWIL._AC_UL300_SR300,200_.jpg",39,,4.8,2408,9.99,,,2026-09-25 11:38:26.332906
cooler,Fans & Cooling,B0CCP1T3W7,"Thermalright AQUA ELITE 240 V3 Liquid CPU Cooler, 240 Cooling Row Size, 2 x 120mm PWM Fans, S-FDB Bearings,for AMD/AM4/AM5, I",https://www.amazon.co.uk/Thermalright-Cooling-Bearings-LGA1150-Desktop/dp/B0CCP1T3W7/ref=zg_bs_g_430499031_d_sccl_40/524-3698123-6031407,"https://images-eu.ssl-images-amazon.com/images/I/611EbTikbpL._AC_UL300_SR300,200_.jpg",40,,4.5,234,35.9,,,2026-09-25 11:38:26.332907
cooler,Fans & Cooling,B09LGY38L4,"Thermalright Peerless Assassin 120 SE CPU Air Cooler, Dual Tower 6 Heat Pipe, Dual 120mm TL-C12C PWM CPU Fan, for AMD AM4/AM5",https://www.amazon.co.uk/Thermalright-Peerless-SE-Aluminium-Technology/dp/B09LGY38L4/ref=zg_bs_g_430499031_d_sccl_41/524-3698123-6031407,"https://images-eu.ssl-images-amazon.com/images/I/71j6VKsz-fL._AC_UL300_SR300,200_.jpg",41,,4.7,3141,29.99,,,2026-09-25 11:38:26.332908
cooler,Fans & Cooling,B0D6BFBLTK,"Corsair iCUE LINK TITAN 360 RX RGB Liquid CPU Cooler – 360mm AIO – 3x RX120 RGB Fans Included – Fits Intel LGA 1851/1700, AMD",https://www.amazon.co.uk/Corsair-iCUE-TITAN-Liquid-Cooler/dp/B0D6BFBLTK/ref=zg_bs_g_430499031_d_sccl_42/524-3698123-6031407,"https://images-eu.ssl-images-amazon.com/images/I/71ppn7ur0oL._AC_UL300_SR300,200_.jpg",42,,4.6,1495,139.99,,,2026-09-25 11:38:26.332910
cooler,Fans & Cooling,B0C64WLQSK,Corsair iCUE LINK QX120 RGB 120mm Magnetic Dome RGB Fans - Triple Fan Starter Kit with iCUE LINK System Hub - Black,https://www.amazon.co.uk/CORSAIR-iCUE-QX120-120mm-Magnetic/dp/B0C64WLQSK/ref=zg_bs_g_430499031_d_sccl_43/524-3698123-6031407,"https://images-eu.ssl-images-amazon.com/images/I/61LjVKMD2bL._AC_UL300_SR300,200_.jpg",43,,4.6,2314,64.99,,,2026-09-25 11:38:26.332911
cooler,Fans & Cooling,B0F3DHTPKJ,Thermal Grizzly - Duronaut - 2 Gram - Enhanced Durability & High Performance Thermal Paste - for Maximum Conductivity While O,https://www.amazon.co.uk/Thermal-Grizzly-Performance-Conductivity-Overclocking/dp/B0F3DHTPKJ/ref=zg_bs_g_430499031_d_sccl_44/524-3698123-6031407,"https://images-eu.ssl-images-amazon.com/images/I/71dDiMMVzTL._AC_UL300_SR300,200_.jpg",44,,4.6,200,10.99,,,2026-09-25 11:38:26.332913
cooler,Fans & Cooling,B07S8VK1NL,"One enjoy Liquid Metal Thermal Paste, 79 W/mK High Performance, Silver King Heatsink Paste, CPU for All Coolers, 1 Grams with",https://www.amazon.co.uk/One-enjoy-Performance-Heatsink-Cleanser/dp/B07S8VK1NL/ref=zg_bs_g_430499031_d_sccl_45/524-3698123-6031407,"https://images-eu.ssl-images-amazon.com/images/I/513fI85D9IL._AC_UL300_SR300,200_.jpg",45,,4.4,1260,14.99,,,2026-09-25 11:38:26.332914
cooler,Fans & Cooling,B09V52D1N1,"ARCTIC TP-3: Premium Performance Thermal Pad, 120 x 20 x 1.0 mm, (stackable to 2.0 mm without performance loss), 4 Pieces - H",https://www.amazon.co.uk/ARCTIC-TP-3-Performance-conduction-installation/dp/B09V52D1N1/ref=zg_bs_g_430499031_d_sccl_46/524-3698123-6031407,"https://images-eu.ssl-images-amazon.com/images/I/41mscgXo4WL._AC_UL300_SR300,200_.jpg",46,,4.7,2426,10.5,,,2026-09-25 11:38:26.332915
cooler,Fans & Cooling,B0DJDCHG3C,"ARCTIC P12 Pro A-RGB - Powerful Premium Fan, 120 mm PWM Fan with Y-Cable Splitter, 600-3000 rpm, 0 rpm <5% PWM, 5V Digital RG",https://www.amazon.co.uk/ARCTIC-P12-Pro-RGB-Powerful/dp/B0DJDCHG3C/ref=zg_bs_g_430499031_d_sccl_1/524-3698123-6031407,"https://images-eu.ssl-images-amazon.com/images/I/61rSMJh2FdL._AC_UL600_SR600,400_.jpg",51,,4.6,658,11.49,,,2026-09-25 11:38:26.332916
cooler,Fans & Cooling,B09VDL3CW6,"ARCTIC MX-6 (4 g) - Ultimate Performance Thermal Paste for CPU, consoles, graphics cards, laptops, very high thermal conducti",https://www.amazon.co.uk/Arctic-MX-6-conductivity-non-conductive-non-capacitive/dp/B09VDL3CW6/ref=zg_bs_g_430499031_d_sccl_2/524-3698123-6031407,"https://images-eu.ssl-images-amazon.com/images/I/6186Er1QElL._AC_UL600_SR600,400_.jpg",52,,4.6,16858,6.49,,,2026-09-25 11:38:26.332917
cooler,Fans & Cooling,B076YZMQR5,"GLOTRENDS M.2 Heatsink Kits with Thermal Pad for 2280 M.2 SSD, Fit for Desktop PC/PS5/PS5 Slim Installation, 22x70x3mm Alumin",https://www.amazon.co.uk/GLOTRENDS-Heatsink-installation-including-Thermal/dp/B076YZMQR5/ref=zg_bs_g_430499031_d_sccl_3/524-3698123-6031407,"https://images-eu.ssl-images-amazon.com/images/I/61-ANLVDGaL._AC_UL600_SR600,400_.jpg",53,,4.5,6915,4.27,,,2026-09-25 11:38:26.332918
cooler,Fans & Cooling,B079DQS77Q,"SYY Thermal Paste, 8g Upgrade Easy to Apply Thermal Compound Cpu Heatsink Paste for IC/Processor/CPU/All Coolers, Carbon Base",https://www.amazon.co.uk/SYY-Compound-Processor-Performance-Interface/dp/B079DQS77Q/ref=zg_bs_g_430499031_d_sccl_4/524-3698123-6031407,"https://images-eu.ssl-images-amazon.com/images/I/61zPb7bpEVL._AC_UL600_SR600,400_.jpg",54,,4.7,4268,5.88,,,2026-09-25 11:38:26.332919
cooler,Fans & Cooling,B0B4G8QKZP,"Thermalright Peerless Assassin 120 SE CPU Air Cooler,PA120 SE,6 Heat Pipes Cpu cooler,Dual 120mm TL-C12C PWM Fan,Aluminium He",https://www.amazon.co.uk/Thermalright-Peerless-Assassin-Aluminium-Technology/dp/B0B4G8QKZP/ref=zg_bs_g_430499031_d_sccl_5/524-3698123-6031407,"https://images-eu.ssl-images-amazon.com/images/I/71sEMx7F+TL._AC_UL600_SR600,400_.jpg",55,,4.8,416,29.9,,,2026-09-25 11:38:26.332920
cooler,Fans & Cooling,B0FZVBL8HK,"ARCTIC TP-4: Premium Performance Thermal Pad, 120 x 20 x 1.5 mm (4 Pack) | Stackable to 2.0 mm Without Performance Loss, High",https://www.amazon.co.uk/ARCTIC-TP-4-Thermal-Pad-Performance/dp/B0FZVBL8HK/ref=zg_bs_g_430499031_d_sccl_6/524-3698123-6031407,"https://images-eu.ssl-images-amazon.com/images/I/51HJPRTJybL._AC_UL600_SR600,400_.jpg",56,,4.9,60,11.99,,,2026-09-25 11:38:26.332921
cooler,Fans & Cooling,B071J8CZP9,"Noctua NF-A4x20 FLX, High-Performance Quiet Fan 40mm | High Airflow, Low Noise, 20mm Thick, for PC and Electronics Cooling, 3",https://www.amazon.co.uk/Noctua-NF-A4x20-FLX-Premium-40x20mm/dp/B071J8CZP9/ref=zg_bs_g_430499031_d_sccl_7/524-3698123-6031407,"https://images-eu.ssl-images-amazon.com/images/I/71lyRpVR4OL._AC_UL600_SR600,400_.jpg",57,,4.8,2619,12.79,,,2026-09-25 11:38:26.332922
cooler,Fans & Cooling,B0C1XD5RGK,Thermal Grizzly - Conductonaut extreme - 1 Gram - Ultra High Performance Liquid Metal Compound Thermal Paste - For Maximum Th,https://www.amazon.co.uk/Thermal-Grizzly-Conductonaut-EXTREME-Liquid-silver/dp/B0C1XD5RGK/ref=zg_bs_g_430499031_d_sccl_8/524-3698123-6031407,"https://images-eu.ssl-images-amazon.com/images/I/81L0o3EKLqL._AC_UL600_SR600,400_.jpg",58,,4.7,476,16.94,,,2026-09-25 11:38:26.332923
cooler,Fans & Cooling,B0DQD79C21,"Thermal Grizzly TG Putty Pro 30 g Thermal Putty VRAM VRM PCB | Thermal putty, high-end thermal conductivity, pad replacement,",https://www.amazon.co.uk/Thermal-Grizzly-Putty-High-Performance-Non-Conductive/dp/B0DQD79C21/ref=zg_bs_g_430499031_d_sccl_9/524-3698123-6031407,"https://images-eu.ssl-images-amazon.com/images/I/71q6ICuVo8L._AC_UL600_SR600,400_.jpg",59,,4.6,291,39.46,,,2026-09-25 11:38:26.332924
cooler,Fans & Cooling,B00NEMG62M,"Noctua NF-A8 PWM, High-Performance Quiet Fan 80mm | High Airflow, Low Noise, 25mm Thick Fan, for PC and Electronics Cooling,",https://www.amazon.co.uk/Noctua-NF-A8-PWM-Premium-Quiet/dp/B00NEMG62M/ref=zg_bs_g_430499031_d_sccl_10/524-3698123-6031407,"https://images-eu.ssl-images-amazon.com/images/I/81v+SOcSt2L._AC_UL600_SR600,400_.jpg",60,,4.8,371,16.95,,,2026-09-25 11:38:26.332925
cooler,Fans & Cooling,B0F48FLCRX,Thermal Grizzly Kryonaut - 1 Gram - Extremely High Performance Thermal Paste + 12 Cleaning Wipes 6 Wet & 6 Dry - for Demandin,https://www.amazon.co.uk/Thermal-Grizzly-Kryonaut-Applications-Overclocking/dp/B0F48FLCRX/ref=zg_bs_g_430499031_d_sccl_11/524-3698123-6031407,"https://images-eu.ssl-images-amazon.com/images/I/817algK+5hL._AC_UL600_SR600,400_.jpg",61,,4.6,670,9.99,,,2026-09-25 11:38:26.332926
cooler,Fans & Cooling,B07WWKF96F,"ARCTIC P8 PWM PST - PC Fan, 80mm Fan, PC Case Fan, PWM Sharing Technology (PST), Pressure-Optimised, Quite motor, Computer, F",https://www.amazon.co.uk/ARCTIC-P8-PWM-PST-Pressure-optimised/dp/B07WWKF96F/ref=zg_bs_g_430499031_d_sccl_12/524-3698123-6031407,"https://images-eu.ssl-images-amazon.com/images/I/512t5vEw-fL._AC_UL600_SR600,400_.jpg",62,,4.4,363,7.31,,,2026-09-25 11:38:26.332927
cooler,Fans & Cooling,B07MFMFL7R,AMD Wraith Stealth Socket AM4 4-Pin Connector CPU Cooler with Aluminum Heatsink & 3.93-Inch Fan (Slim),https://www.amazon.co.uk/Stealth-Connector-Aluminum-Heatsink-3-93-Inch/dp/B07MFMFL7R/ref=zg_bs_g_430499031_d_sccl_13/524-3698123-6031407,"https://images-eu.ssl-images-amazon.com/images/I/61MXXjImGQL._AC_UL600_SR600,400_.jpg",63,,4.5,2015,9.99,,,2026-09-25 11:38:26.332928
cooler,Fans & Cooling,B0C4JKVSZ7,"Thermalright Phantom Spirit 120 CPU Cooler,7×6mm Heat pipes CPU Air Cooler,Dual PWM Fans Computer Cooling,1500RPM Speed,for A",https://www.amazon.co.uk/Thermalright-Phantom-Computer-Cooling-1500RPM/dp/B0C4JKVSZ7/ref=zg_bs_g_430499031_d_sccl_14/524-3698123-6031407,"https://images-eu.ssl-images-amazon.com/images/I/71dEBPYOzcL._AC_UL600_SR600,400_.jpg",64,,4.8,69,31.9,,,2026-09-25 11:38:26.332929
cooler,Fans & Cooling,B0DPX4T9TK,"ARCTIC P14 Pro PST - Powerful Premium Fan, 140 mm PWM Fan with Y-Cable Splitter, 400-2500 rpm, 0 rpm <5% PWM, Fluid Dynamic B",https://www.amazon.co.uk/ARCTIC-P14-Pro-PST-Powerful/dp/B0DPX4T9TK/ref=zg_bs_g_430499031_d_sccl_15/524-3698123-6031407,"https://images-eu.ssl-images-amazon.com/images/I/71mea1vWCrL._AC_UL600_SR600,400_.jpg",65,,4.2,440,8.99,,,2026-09-25 11:38:26.332930
cooler,Fans & Cooling,B0DJD8MJ5S,"ARCTIC P12 Pro A-RGB - 3 Pack - Powerful Premium Fan, 120 mm PWM Fan with Y-Cable Splitter, 600-3000 rpm, 0 rpm <5% PWM, 5V D",https://www.amazon.co.uk/ARCTIC-P12-Pro-RGB-Pack/dp/B0DJD8MJ5S/ref=zg_bs_g_430499031_d_sccl_16/524-3698123-6031407,"https://images-eu.ssl-images-amazon.com/images/I/71ejvZlh8ZL._AC_UL600_SR600,400_.jpg",66,,4.5,567,24.99,,,2026-09-25 11:38:26.332931
cooler,Fans & Cooling,B0F6T6CBWN,"Thermalright TL-M12QW X3 120mm ARGB PWM Case Fans White, 3-Pack | Infinity mirror ARGB, daisy-chain cabling, 2000RPM PWM cont",https://www.amazon.co.uk/Thermalright-TL-M12QW-Daisy-Chain-Infinity-Lighting/dp/B0F6T6CBWN/ref=zg_bs_g_430499031_d_sccl_17/524-3698123-6031407,"https://images-eu.ssl-images-amazon.com/images/I/61fLXTTgIVL._AC_UL600_SR600,400_.jpg",67,,4.6,600,17.9,,,2026-09-25 11:38:26.332932
cooler,Fans & Cooling,B0DC9C8CMX,PTM7950 Thermal Pad 40x40x0.25mm CSGR – Phase Change Material 8.5 W/mK for CPU GPU Cooling – High Performance Thermal Pad for,https://www.amazon.co.uk/PTM7950-40x40x0-25mm-Phase-Change-Thermal/dp/B0DC9C8CMX/ref=zg_bs_g_430499031_d_sccl_18/524-3698123-6031407,"https://images-eu.ssl-images-amazon.com/images/I/7135GEKZ8BL._AC_UL600_SR600,400_.jpg",68,,4.3,97,12.37,,,2026-09-25 11:38:26.332934
cooler,Fans & Cooling,B0GWJ8TN5N,"Noctua NF-A12x25 G2 PWM Sx2-PP chromax.black, High-End Quiet Fans 2x120mm | High Airflow & Static Pressure, Low-Noise 25mm Th",https://www.amazon.co.uk/Noctua-NF-A12x25-PWM-Sx2-PP-chromax-black/dp/B0GWJ8TN5N/ref=zg_bs_g_430499031_d_sccl_19/524-3698123-6031407,"https://images-eu.ssl-images-amazon.com/images/I/81nGOvuzVeL._AC_UL600_SR600,400_.jpg",69,,4.9,150,56.95,,,2026-09-25 11:38:26.332935
cooler,Fans & Cooling,B0F8QY1NKY,"CORSAIR RS120-R ARGB 120mm PWM Reverse Flow Fan - +5V ARGB Connections, 8 RGB LED, High Pressure, Daisy Chain, Magnetic Beari",https://www.amazon.co.uk/Corsair-RS120-R-ARGB-120mm-Reverse/dp/B0F8QY1NKY/ref=zg_bs_g_430499031_d_sccl_20/524-3698123-6031407,"https://images-eu.ssl-images-amazon.com/images/I/61Nmx0guyoL._AC_UL600_SR600,400_.jpg",70,,4.6,509,27.99,,,2026-09-25 11:38:26.332937
cooler,Fans & Cooling,B0C61Q2YKX,Thermal Grizzly KryoSheet 38x38x0.2mm – Ultra High Thermal Conductivity Graphene Thermal Pad – Perfect Alternative for Therma,https://www.amazon.co.uk/Thermal-Grizzly-KryoSheet-W%C3%A4rmeleitpad-38/dp/B0C61Q2YKX/ref=zg_bs_g_430499031_d_sccl_21/524-3698123-6031407,"https://images-eu.ssl-images-amazon.com/images/I/81vVGdh6YJL._AC_UL600_SR600,400_.jpg",71,,4.4,2940,19.94,,,2026-09-25 11:38:26.332938
cooler,Fans & Cooling,B0FNMN4BM3,"be quiet! Pure Loop 3 240mm All-in-One CPU Water Cooling, AiO Liquid Cooler | For Slightly Overclocked AMD/Intel Systems, 2x",https://www.amazon.co.uk/quiet-Slightly-Overclocked-High-Speed-Whisper-quiet/dp/B0FNMN4BM3/ref=zg_bs_g_430499031_d_sccl_22/524-3698123-6031407,"https://images-eu.ssl-images-amazon.com/images/I/61d3hcRxjoL._AC_UL600_SR600,400_.jpg",72,,4.6,177,54.99,,,2026-09-25 11:38:26.332939
cooler,Fans & Cooling,B01A9KIGSI,Thermal Grizzly - Conductonaut - 1 Gram - Liquid Metal Compound Thermal Paste - For Maximum Thermal Conductivity while Overcl,https://www.amazon.co.uk/Thermal-Grizzly-conductonaut-compound-10-140%C2%B0/dp/B01A9KIGSI/ref=zg_bs_g_430499031_d_sccl_23/524-3698123-6031407,"https://images-eu.ssl-images-amazon.com/images/I/61KbK9SDqHL._AC_UL600_SR600,400_.jpg",73,,4.7,6500,14.95,,,2026-09-25 11:38:26.332940
cooler,Fans & Cooling,B0FCMNSKG6,AsiaHorse NyotaUltra Daisy Chain 120mm ARGB PC Case Fan Infinity Mirror HDB Bearing 2000 RPM High Airflow 58.5 CFM 2.05 mmH2O,https://www.amazon.co.uk/AsiaHorse-NyotaUltra-Infinity-Bearing-Airflow/dp/B0FCMNSKG6/ref=zg_bs_g_430499031_d_sccl_24/524-3698123-6031407,"https://images-eu.ssl-images-amazon.com/images/I/71JFNAe0V6L._AC_UL600_SR600,400_.jpg",74,,4.5,167,15.99,,,2026-09-25 11:38:26.332941
cooler,Fans & Cooling,B0D3TK41VN,"PTM7950 Thermal pad 40x80x0.25mm phase change thermal pad, Aukuoy Highly conductive silicone grease 8.5W/mK CPU thermal paste",https://www.amazon.co.uk/Aukuoy-PTM7950-40x80x0-2mm-conductive-silicone/dp/B0D3TK41VN/ref=zg_bs_g_430499031_d_sccl_25/524-3698123-6031407,"https://images-eu.ssl-images-amazon.com/images/I/41bpS8Vp36L._AC_UL600_SR600,400_.jpg",75,,4.6,180,19.99,,,2026-09-25 11:38:26.332941
cooler,Fans & Cooling,B0BRQ3DDHW,"Thermalright AXP90-X53 White Low Profile ITX CPU Air Cooler, 53mm Height ITX Cooler with TL-9015W Slin PWM Fan, 2700RPM Speed",https://www.amazon.co.uk/Thermalright-AXP90-X53-Profile-TL-9015W-Technology/dp/B0BRQ3DDHW/ref=zg_bs_g_430499031_d_sccl_26/524-3698123-6031407,"https://images-eu.ssl-images-amazon.com/images/I/61Yv5lLT4zL._AC_UL600_SR600,400_.jpg",76,,4.6,13,18.9,,,2026-09-25 11:38:26.332942
cooler,Fans & Cooling,B0CYQ9B9PY,"Nivithi 2Pcs Black 120mm Fan Grill Metal Finger Guard | Iron 120mm Fan Grill for PC Chassis,The Protector Secures Cables From",https://www.amazon.co.uk/Nivithi-Filter-Cooling-Finger-Computer/dp/B0CYQ9B9PY/ref=zg_bs_g_430499031_d_sccl_27/524-3698123-6031407,"https://images-eu.ssl-images-amazon.com/images/I/71OOZ7StKHL._AC_UL600_SR600,400_.jpg",77,,4.6,61,3.99,,,2026-09-25 11:38:26.332943
cooler,Fans & Cooling,B0DLWBHM8C,NZXT F420 RGB Core - 420mm Single-Frame RGB Fan Unit - Black | 420mm single-frame unit with three 140mm RGB fans on one cable,https://www.amazon.co.uk/NZXT-F420-RGB-Core-Single-Frame/dp/B0DLWBHM8C/ref=zg_bs_g_430499031_d_sccl_28/524-3698123-6031407,"https://images-eu.ssl-images-amazon.com/images/I/414RTT8al0L._AC_UL600_SR600,400_.jpg",78,,4.6,1710,44.99,,,2026-09-25 11:38:26.332943
cooler,Fans & Cooling,B0D9QKK8YY,"Thermalright TL-C12C-S X5 CPU Fan,Black Cooling Fan, PC Fan with 1550RPM Speed, 120mm Computer Case Cooler Fan,PWM Control Fa",https://www.amazon.co.uk/Thermalright-TL-C12C-S-X5-Cooling-Computer/dp/B0D9QKK8YY/ref=zg_bs_g_430499031_d_sccl_29/524-3698123-6031407,"https://images-eu.ssl-images-amazon.com/images/I/613mHrqpa6L._AC_UL600_SR600,400_.jpg",79,,4.5,74,17.29,,,2026-09-25 11:38:26.332944
cooler,Fans & Cooling,B07DXRNYNX,"Noctua NF-A4x10 PWM, High-Performance Quiet Fan 40mm | High Airflow Low Noise 10mm Slim Fan, for PC and Electronics Cooling,",https://www.amazon.co.uk/Noctua-NF-A4x10-PWM-4-Pin-Premium/dp/B07DXRNYNX/ref=zg_bs_g_430499031_d_sccl_30/524-3698123-6031407,"https://images-eu.ssl-images-amazon.com/images/I/81ud+v9ghlL._AC_UL600_SR600,400_.jpg",80,,4.8,1954,13.95,,,2026-09-25 11:38:26.332945
cooler,Fans & Cooling,B0BHSS55RM,"MoKo 400x300mm DIY PC Case Dust Mesh Fan Filter, 1mm Hole, 2 PCS, Black | DIY Cut-to-size Design, Magnetic Frame, PVC mesh, D",https://www.amazon.co.uk/MoKo-400x300mm-Dustproof-Magnetic-Computer/dp/B0BHSS55RM/ref=zg_bs_g_430499031_d_sccl_81/524-3698123-6031407,"https://images-eu.ssl-images-amazon.com/images/I/91iFkp4wG9L._AC_UL300_SR300,200_.jpg",81,,4.7,1928,12.99,,,2026-09-25 11:38:26.332946
cooler,Fans & Cooling,B07LDK4F5R,"ARCTIC MX-4 (45 g) - Premium Performance Thermal Paste for all processors (CPU, GPU - PC, PS4, XBOX), very high thermal condu",https://www.amazon.co.uk/ARCTIC-MX-4-2019-Performance-Durability/dp/B07LDK4F5R/ref=zg_bs_g_430499031_d_sccl_82/524-3698123-6031407,"https://images-eu.ssl-images-amazon.com/images/I/51H6L6vY3qL._AC_UL300_SR300,200_.jpg",82,,4.8,1374,19.49,,,2026-09-25 11:38:26.332946
cooler,Fans & Cooling,B07125KWG1,"Noctua NF-A4x20 PWM, High-Performance Quiet Fan 40mm | High Airflow Low Noise 20mm Thick Fan, for PC and Electronics Cooling,",https://www.amazon.co.uk/Noctua-NF-A4x20-PWM-Premium-40x20mm/dp/B07125KWG1/ref=zg_bs_g_430499031_d_sccl_83/524-3698123-6031407,"https://images-eu.ssl-images-amazon.com/images/I/71lyRpVR4OL._AC_UL300_SR300,200_.jpg",83,,4.8,1659,13.95,,,2026-09-25 11:38:26.332947
cooler,Fans & Cooling,B0BQSKXZ4Y,NZXT F140 RGB Duo Twin Pack - 2x 140mm RGB Fans + Hub - White | Two 140mm dual-sided RGB fans with controller. 20 addressable,https://www.amazon.co.uk/NZXT-F140-RGB-Twin-Pack/dp/B0BQSKXZ4Y/ref=zg_bs_g_430499031_d_sccl_84/524-3698123-6031407,"https://images-eu.ssl-images-amazon.com/images/I/51WLmz-x6VL._AC_UL300_SR300,200_.jpg",84,,4.5,29,25.9,,,2026-09-25 11:38:26.332948
cooler,Fans & Cooling,B0DLWFBHSL,"ARCTIC Liquid Freezer III Pro 240 - AIO CPU Cooler, 2 x 120 mm Water Cooling, 38 mm Radiator, PWM Pump, VRM Fan, AMD AM5/AM4,",https://www.amazon.co.uk/ARCTIC-Liquid-Freezer-III-Pro/dp/B0DLWFBHSL/ref=zg_bs_g_430499031_d_sccl_85/524-3698123-6031407,"https://images-eu.ssl-images-amazon.com/images/I/71YmfKozesL._AC_UL300_SR300,200_.jpg",85,,4.3,837,56.49,,,2026-09-25 11:38:26.332948
cooler,Fans & Cooling,B0DYDPQR6G,"TR-Assassin Spirit 120 EVO CPU Cooler Air With 4×6mm HeatPipes, TL-S12-S PWM Fan Heatsink CPU Cooler,156mm High, For AMD:AM4",https://www.amazon.co.uk/TR-Assassin-Spirit-HeatPipes-TL-S12-S-Heatsink/dp/B0DYDPQR6G/ref=zg_bs_g_430499031_d_sccl_86/524-3698123-6031407,"https://images-eu.ssl-images-amazon.com/images/I/71i29z576bL._AC_UL300_SR300,200_.jpg",86,,4.4,16,18.99,,,2026-09-25 11:38:26.332949
cooler,Fans & Cooling,B0DN4QKMSV,"NZXT Kraken Elite 420 RGB - 420mm AIO CPU Cooler, LCD - Black | Flagship 420mm RGB AIO with 2.36-inch LCD and F420 RGB Core f",https://www.amazon.co.uk/NZXT-Kraken-Elite-420-2025/dp/B0DN4QKMSV/ref=zg_bs_g_430499031_d_sccl_87/524-3698123-6031407,"https://images-eu.ssl-images-amazon.com/images/I/41aq5Ic6lNL._AC_UL300_SR300,200_.jpg",87,,4.4,1140,239.99,,,2026-09-25 11:38:26.332950
cooler,Fans & Cooling,B08VN345D4,"ARCTIC MX-4 (incl. Spatula, 8 g) - Premium Performance Thermal Paste for all processors (CPU, GPU - PC, PS4, XBOX), very high",https://www.amazon.co.uk/ARCTIC-MX-4-incl-Spatula-Grams/dp/B08VN345D4/ref=zg_bs_g_430499031_d_sccl_88/524-3698123-6031407,"https://images-eu.ssl-images-amazon.com/images/I/611xzMG+p0L._AC_UL300_SR300,200_.jpg",88,,4.7,11365,6.69,,,2026-09-25 11:38:26.332951
cooler,Fans & Cooling,B0FFGXPR87,"Lian Li UNI FAN SL-INF WIRELESS Reverse Blade 120mm White | Triple Pack PWM Case Fans With Controller, ARGB Lighting & Infini",https://www.amazon.co.uk/Lian-Li-Controller-Interlocking-Operation/dp/B0FFGXPR87/ref=zg_bs_g_430499031_d_sccl_89/524-3698123-6031407,"https://images-eu.ssl-images-amazon.com/images/I/61rH6LIRcyL._AC_UL300_SR300,200_.jpg",89,,4.6,66,79.99,,,2026-09-25 11:38:26.332951
cooler,Fans & Cooling,B0B8Z283NZ,"Thermalright Assassin X 120R SE CPU Air Cooler,TL-C12C PWM Quiet Fan CPU Cooler with S-FDB Bearing, for AM4/AM5,Intel lga1851",https://www.amazon.co.uk/Thermalright-Assassin-Cooler-TL-C12C-Bearing/dp/B0B8Z283NZ/ref=zg_bs_g_430499031_d_sccl_90/524-3698123-6031407,"https://images-eu.ssl-images-amazon.com/images/I/71beJ-ZVzNL._AC_UL300_SR300,200_.jpg",90,a63b91311cbaf8bd,4.6,117,15.19,,,2026-09-25 11:38:26.332952
cooler,Fans & Cooling,B0CYSNSSF8,"ARCTIC M2 Pro - Heatsink cooler for M.2 2280 SSD, with ARCTIC TP-3 thermal pads, compatible with PC & PS5, for dual and singl",https://www.amazon.co.uk/ARCTIC-M2-Pro-compatible-single-sided/dp/B0CYSNSSF8/ref=zg_bs_g_430499031_d_sccl_91/524-3698123-6031407,"https://images-eu.ssl-images-amazon.com/images/I/61+wHY63V4L._AC_UL300_SR300,200_.jpg",91,,4.5,1301,6.9,,,2026-09-25 11:38:26.332953
cooler,Fans & Cooling,B0DGVW61KD,"Corsair iCUE LINK LX140-R RGB 140mm PWM Reverse Fan – Single Fan – Low-Noise, Magnetic Dome Bearing, Dual Light Loops, QuikTu",https://www.amazon.co.uk/Corsair-iCUE-LX140-R-140mm-Reverse/dp/B0DGVW61KD/ref=zg_bs_g_430499031_d_sccl_92/524-3698123-6031407,"https://images-eu.ssl-images-amazon.com/images/I/81dVAxuBEXL._AC_UL300_SR300,200_.jpg",92,,4.6,926,22.83,,,2026-09-25 11:38:26.332953
cooler,Fans & Cooling,B0FVXTP7P6,"ARCTIC P12 Pro PST LN - Low-Noise Premium Fan, 120 mm PWM Fan with Y-Cable Splitter, 450-2000 rpm, 0 rpm <5% PWM, Fluid Dynam",https://www.amazon.co.uk/ARCTIC-P12-Pro-PST-Low-Noise/dp/B0FVXTP7P6/ref=zg_bs_g_430499031_d_sccl_93/524-3698123-6031407,"https://images-eu.ssl-images-amazon.com/images/I/61eRcMqqnwL._AC_UL300_SR300,200_.jpg",93,,4.5,53,8.39,,,2026-09-25 11:38:26.332954
cooler,Fans & Cooling,B0D3H5TXPK,Corsair iCUE LINK LX120 RGB 120mm PWM Fan Single Pack – Dual Light Loops – Requires iCUE LINK System Hub (Sold Separately) Ai,https://www.amazon.co.uk/Corsair-iCUE-LX120-120mm-Single/dp/B0D3H5TXPK/ref=zg_bs_g_430499031_d_sccl_94/524-3698123-6031407,"https://images-eu.ssl-images-amazon.com/images/I/81UFCPrBVAL._AC_UL300_SR300,200_.jpg",94,,4.7,1021,29.99,,,2026-09-25 11:38:26.332955
cooler,Fans & Cooling,B0BFF1T9PD,"Corsair XTM70 Extreme Performance Thermal Paste, 3g for Intel & AMD Processors up to 250W+ TDP - Low viscosity, Easy Applicat",https://www.amazon.co.uk/Corsair-Extreme-Performance-Thermal-Processors/dp/B0BFF1T9PD/ref=zg_bs_g_430499031_d_sccl_95/524-3698123-6031407,"https://images-eu.ssl-images-amazon.com/images/I/413OieuD1IL._AC_UL300_SR300,200_.jpg",95,,4.6,603,14.99,,,2026-09-25 11:38:26.332956
cooler,Fans & Cooling,B0DF7CZ9D8,Corsair iCUE LINK TITAN 360 RX LCD Liquid CPU Cooler – 360mm AIO – Low-Noise – FlowDrive Cooling Engine – Intel LGA 1851/1700,https://www.amazon.co.uk/Corsair-iCUE-TITAN-Liquid-Cooler/dp/B0DF7CZ9D8/ref=zg_bs_g_430499031_d_sccl_96/524-3698123-6031407,"https://images-eu.ssl-images-amazon.com/images/I/718andDifNL._AC_UL300_SR300,200_.jpg",96,,4.5,1348,209.07,,,2026-09-25 11:38:26.332956
cooler,Fans & Cooling,B009NQM7V2,"Noctua NF-A9x14 PWM, High-Performance Quiet Fan 92mm | High Airflow Low Noise 14mm Slim Fan, for PC and Electronics Cooling,",https://www.amazon.co.uk/Noctua-NF-A9x14-Premium-Quiet-92x14mm/dp/B009NQM7V2/ref=zg_bs_g_430499031_d_sccl_97/524-3698123-6031407,"https://images-eu.ssl-images-amazon.com/images/I/81J4toz+HVL._AC_UL300_SR300,200_.jpg",97,,4.8,3597,17.95,,,2026-09-25 11:38:26.332957
cooler,Fans & Cooling,B0FV3B5K8B,"be quiet! Pure Wings 3 120mm PWM Triple Pack, 3 Included PC Case Fans | High Top-End Speed Gaming Computer Air Fans, 4-Pin, L",https://www.amazon.co.uk/quiet-Included-Top-End-Optimized-Designed/dp/B0FV3B5K8B/ref=zg_bs_g_430499031_d_sccl_98/524-3698123-6031407,"https://images-eu.ssl-images-amazon.com/images/I/710zjE+VlAL._AC_UL300_SR300,200_.jpg",98,,4.7,631,25.99,,,2026-09-25 11:38:26.332958
cooler,Fans & Cooling,B0CLCDGBN2,"Thermalright Phantom Spirit 120 EVO CPU Cooler,7×6mm Heat pipes CPU Air Cooler,Dual PWM Fan Computer Cooling,2150RPM Speed,fo",https://www.amazon.co.uk/Thermalright-Phantom-Computer-Cooling-2150RPM/dp/B0CLCDGBN2/ref=zg_bs_g_430499031_d_sccl_99/524-3698123-6031407,"https://images-eu.ssl-images-amazon.com/images/I/71YzGiybLcL._AC_UL300_SR300,200_.jpg",99,,4.7,128,42.0,,,2026-09-25 11:38:26.332959
cooler,Fans & Cooling,B0FJ2TTTQ5,"CORSAIR COMMANDER DUO iCUE LINK RGB Lighting and PWM ARGB Fan Controller – Control 12 Daisy-Chained PWM Fans, Two Flexible Te",https://www.amazon.co.uk/CORSAIR-COMMANDER-iCUE-Lighting-Controller/dp/B0FJ2TTTQ5/ref=zg_bs_g_430499031_d_sccl_100/524-3698123-6031407,"https://images-eu.ssl-images-amazon.com/images/I/81ef6jCSN9L._AC_UL300_SR300,200_.jpg",100,,4.5,428,29.95,,,2026-09-25 11:38:26.332959
cpu,CPUs,B09VCHR1VH,"AMD Ryzensets 5 5600 processor ( 6 Cores/12 Threads, 65W TDP, AM4 Socket, up to 4.4 Ghz max boost, wraith stealth cooler)",https://www.amazon.co.uk/AMD-Ryzen-5600-Processor-12-thread/dp/B09VCHR1VH/ref=zg_bs_g_430515031_d_sccl_1/522-4755054-8671242,"https://images-eu.ssl-images-amazon.com/images/I/51So7GoGvxL._AC_UL600_SR600,400_.jpg",1,,4.7,8567,120.31,,,2026-09-25 11:28:26.050596
cpu,CPUs,B0DKFMSMYK,"AMD RYZEN ™ 7 9800X 3D Desktop Processor (8-core/16-thread, 104MB cache, up to 5.2 GHz max boost)",https://www.amazon.co.uk/AMD-TM-Desktop-Processor-16-thread/dp/B0DKFMSMYK/ref=zg_bs_g_430515031_d_sccl_2/522-4755054-8671242,"https://images-eu.ssl-images-amazon.com/images/I/71NMFO0iUhL._AC_UL600_SR600,400_.jpg",2,,4.8,6151,363.0,,,2026-09-25 11:28:26.050600
cpu,CPUs,B0BTZB7F88,"AMD Ryzensets 7 7800X3D Processor with 3D V Cache technology (integrated Radeon Graphics, 8 cores/16 threads, 120W TDP, AM5 S",https://www.amazon.co.uk/AMD-7800X3D-Desk-top-Processor-16-thread/dp/B0BTZB7F88/ref=zg_bs_g_430515031_d_sccl_3/522-4755054-8671242,"https://images-eu.ssl-images-amazon.com/images/I/51HqC0rU9HL._AC_UL600_SR600,400_.jpg",3,ca6b4aa7569851bf,4.8,8054,299.0,,,2026-09-25 11:28:26.050601
cpu,CPUs,B0D6NN6TM7,"AMD Ryzensets 5 9600X Processor (radeon graphics included, 6 Cores/12 Threads, 65W TDP, Socket AM5, Cache 38MB, up to 5.4 GHz",https://www.amazon.co.uk/AMD-Ryzensets-9600X-Processor-Frequency/dp/B0D6NN6TM7/ref=zg_bs_g_430515031_d_sccl_4/522-4755054-8671242,"https://images-eu.ssl-images-amazon.com/images/I/61RfWUr4kvL._AC_UL600_SR600,400_.jpg",4,,4.8,4027,151.97,,,2026-09-25 11:28:26.050602
cpu,CPUs,B0G8JMLXNQ,AMD RYZEN™ 7 9850X3D,https://www.amazon.co.uk/AMD-Ryzen-9850X3D-100-100001973WOF-RYZENTM/dp/B0G8JMLXNQ/ref=zg_bs_g_430515031_d_sccl_5/522-4755054-8671242,"https://images-eu.ssl-images-amazon.com/images/I/71KDfkysoeL._AC_UL600_SR600,400_.jpg",5,16275be9d5dfb62e,4.8,452,382.99,,,2026-09-25 11:28:26.050603
cpu,CPUs,B0DVZSG8D5,"AMD Ryzen™ 9 9950X3D Processor With 3D V-Cache™ Technology, 16 Cores/32 Threads, 144MB Cache, 170W TDP, AM5 Socket, Up To 5.7",https://www.amazon.co.uk/AMD-Processor-3D-V-CacheTM-Technology/dp/B0DVZSG8D5/ref=zg_bs_g_430515031_d_sccl_6/522-4755054-8671242,"https://images-eu.ssl-images-amazon.com/images/I/71hZfMZNZuL._AC_UL600_SR600,400_.jpg",6,697b6ce5c65f97d7,4.8,1864,527.0,,,2026-09-25 11:28:26.050604
cpu,CPUs,B0CGJC178L,Intel® Core™ i7-14700KF Desktop Processor 20 cores (8 P-cores + 12 E-cores) up to 5.6 GHz,https://www.amazon.co.uk/Intel-CoreTM-i7-14700KF-Computer-Processor/dp/B0CGJC178L/ref=zg_bs_g_430515031_d_sccl_7/522-4755054-8671242,"https://images-eu.ssl-images-amazon.com/images/I/61JhyZyKOcL._AC_UL600_SR600,400_.jpg",7,,4.6,854,322.97,,,2026-09-25 11:28:26.050604
cpu,CPUs,B0GMLJCBBM,"Intel Core Ultra 7 Processor 270K Plus, up to 5.5 GHz, LGA1851 Socket, PCIe 5.0, DDR5 Support, 125W TDP",https://www.amazon.co.uk/Intel-Processor-270K-LGA1851-Support/dp/B0GMLJCBBM/ref=zg_bs_g_430515031_d_sccl_8/522-4755054-8671242,"https://images-eu.ssl-images-amazon.com/images/I/51l1he+6QFL._AC_UL600_SR600,400_.jpg",8,,4.8,281,293.97,,,2026-09-25 11:28:26.050605
cpu,CPUs,B0D6NNRBGP,"AMD Ryzensets 9 9950X Processor (integrated radeon graphics, 16 Cores/32 Threads, 170 W DTP, AM5 Socket, 80MB Cache, Up to 5.",https://www.amazon.co.uk/AMD-Ryzensets-9950X-Processor-integrated/dp/B0D6NNRBGP/ref=zg_bs_g_430515031_d_sccl_9/522-4755054-8671242,"https://images-eu.ssl-images-amazon.com/images/I/61dukbEGziL._AC_UL600_SR600,400_.jpg",9,,4.7,1185,433.99,,,2026-09-25 11:28:26.050606
cpu,CPUs,B08166SLDF,"AMD Ryzensets 5 5600X Processor (6 Cores/12Threads, 65W TDP, AM4 Socket, 35MB Cache, up to 4.6 GHz Max Boost, Wraith Stealth",https://www.amazon.co.uk/AMD-Ryzen-5600X-Processor-Cache/dp/B08166SLDF/ref=zg_bs_g_430515031_d_sccl_10/522-4755054-8671242,"https://images-eu.ssl-images-amazon.com/images/I/51ld6RR8IrL._AC_UL600_SR600,400_.jpg",10,3f9249eb57cbca95,4.8,29716,142.98,,,2026-09-25 11:28:26.050607
cpu,CPUs,B0CXF16317,Thermalright LGA 1700 CPU Contact Frame V2,https://www.amazon.co.uk/Thermalright-LGA-1700-Contact-Frame/dp/B0CXF16317/ref=zg_bs_g_430515031_d_sccl_11/522-4755054-8671242,"https://images-eu.ssl-images-amazon.com/images/I/61G1iodJ9jL._AC_UL600_SR600,400_.jpg",11,,4.8,315,12.9,,,2026-09-25 11:28:26.050607
cpu,CPUs,B0D6NMDNNX,"AMD Ryzensets 7 9700X Processor (8 Cores/16 Threads) 65W DTP, AM5 socket, 40MB Cache, Up to 5.5 GHz max boost frequency, no c",https://www.amazon.co.uk/AMD-Ryzensets-9700X-Processor-frequency/dp/B0D6NMDNNX/ref=zg_bs_g_430515031_d_sccl_12/522-4755054-8671242,"https://images-eu.ssl-images-amazon.com/images/I/61F3ZChalyL._AC_UL600_SR600,400_.jpg",12,,4.8,2670,259.99,,,2026-09-25 11:28:26.050608
cpu,CPUs,B0CHBH63YX,Intel® Core™ i5-14600KF Desktop Processor 14 cores (6 P-cores + 8 E-cores) up to 5.3 GHz,https://www.amazon.co.uk/Intel%C2%AE-i5-14600KF-Desktop-Processor-P-cores/dp/B0CHBH63YX/ref=zg_bs_g_430515031_d_sccl_13/522-4755054-8671242,"https://images-eu.ssl-images-amazon.com/images/I/615MgoZ62BL._AC_UL600_SR600,400_.jpg",13,,4.7,694,212.97,,,2026-09-25 11:28:26.050609
cpu,CPUs,B0H41D4KFT,"AMD Ryzen 7 5800X3D Processeur 10TH ANNIVERSARY (8 Cores/16 Threads, Socket AM4, 105W TDP, 100 Mo Cache, up to 4.5 GHz Freque",https://www.amazon.co.uk/AMD-5800X3D-Processeur-ANNIVERSARY-Frequency/dp/B0H41D4KFT/ref=zg_bs_g_430515031_d_sccl_14/522-4755054-8671242,"https://images-eu.ssl-images-amazon.com/images/I/61vkFq7H9tL._AC_UL600_SR600,400_.jpg",14,47ef8d83abc12992,4.7,601,,,,2026-09-25 11:28:26.050609
cpu,CPUs,B09JZK3M6C,DELL OptiPlex 3060 SFF Desktop PC Intel i5 8500 16GB RAM 512GB SSD TPM 2.0 Windows 11 Pro (1D1G7) (Renewed),https://www.amazon.co.uk/Dell-OptiPlex-Desktop-Windows-Renewed/dp/B09JZK3M6C/ref=zg_bs_g_430515031_d_sccl_15/522-4755054-8671242,"https://images-eu.ssl-images-amazon.com/images/I/81W5kD+btWL._AC_UL600_SR600,400_.jpg",15,,4.1,118,176.99,,,2026-09-25 11:28:26.050610
cpu,CPUs,B0DJLWFRCH,"AMD Ryzen 5 5600XT Processor, 6 Cores/12 Unbridled Threads, Zen Architecture 4, 35MB Cache, 65W TDP, Up to 4.7GHz Frequency B",https://www.amazon.co.uk/AMD-Processor-Unbridled-Architecture-Frequency/dp/B0DJLWFRCH/ref=zg_bs_g_430515031_d_sccl_16/522-4755054-8671242,"https://images-eu.ssl-images-amazon.com/images/I/51So7GoGvxL._AC_UL600_SR600,400_.jpg",16,a78c4c64d311226b,4.7,360,135.99,,,2026-09-25 11:28:26.050611
cpu,CPUs,B0FQPCWY2C,AMD Ryzen 5 3400G Processor (Integrated Radeon™ RX Vega 11 Graphics. 4 cores / 8 threads. 65W TDP. AM4 socket. 6 MB L2+L3 cac,https://www.amazon.co.uk/AMD-Processor-Integrated-RadeonTM-Graphics/dp/B0FQPCWY2C/ref=zg_bs_g_430515031_d_sccl_17/522-4755054-8671242,"https://images-eu.ssl-images-amazon.com/images/I/61Th3HXRxsL._AC_UL600_SR600,400_.jpg",17,,4.4,35,74.0,,,2026-09-25 11:28:26.050611
cpu,CPUs,B09QCWYYDG,"HP ProDesk 400 G6 SFF PC - i5-8500 (6 Cores, 4.1Ghz), 16GB DDR4, 512GB SSD, Gbit LAN, Intel UHD Graphics 630, FREE Upgrade to",https://www.amazon.co.uk/HP-ProDesk-400-G6-SFF/dp/B09QCWYYDG/ref=zg_bs_g_430515031_d_sccl_18/522-4755054-8671242,"https://images-eu.ssl-images-amazon.com/images/I/412JUsFmHWL._AC_UL600_SR600,400_.jpg",18,,4.7,4,161.34,,,2026-09-25 11:28:26.050612
cpu,CPUs,B0BZH5ZLM9,AMD Ryzen 5 5500 with Wraith Stealth Cooler 3.6 GHz 6 Core / 12 Thread 19MB 65W 100-100000457BOX,https://www.amazon.co.uk/AMD-Ryzen-5500-Stealth-100-100000457BOX/dp/B0BZH5ZLM9/ref=zg_bs_g_430515031_d_sccl_19/522-4755054-8671242,"https://images-eu.ssl-images-amazon.com/images/I/51aYMZBjsuL._AC_UL600_SR600,400_.jpg",19,,4.5,172,85.47,,,2026-09-25 11:28:26.050613
cpu,CPUs,B09MDH6B1P,Intel Core i5 12400 Processor,https://www.amazon.co.uk/Intel-S1700-12400-GEN12-Black/dp/B09MDH6B1P/ref=zg_bs_g_430515031_d_sccl_20/522-4755054-8671242,"https://images-eu.ssl-images-amazon.com/images/I/51oXsVTjQoL._AC_UL600_SR600,400_.jpg",20,,4.7,1038,169.8,,,2026-09-25 11:28:26.050614
cpu,CPUs,B09FSWFRTQ,"Noctua NM-i17xx-MP83, Mounting Kit for Noctua Coolers on Intel LGA1851/1700 | For Coolers with 83mm Mounting Pitch, Supports",https://www.amazon.co.uk/Noctua-NM-i17xx-MP83-Mounting-Coolers-Platform/dp/B09FSWFRTQ/ref=zg_bs_g_430515031_d_sccl_21/522-4755054-8671242,"https://images-eu.ssl-images-amazon.com/images/I/71hPe36sIsL._AC_UL600_SR600,400_.jpg",21,,4.8,934,7.95,,,2026-09-25 11:28:26.050614
cpu,CPUs,B0G5Y5FN3Q,"HAAMNING7 AMD Elite CPU Bracket for Corsair AM5/AM4 Kit, CPU Cooler Bracket Heatsink Holder for Corsair Elite, Elite Capellix",https://www.amazon.co.uk/HAAMNING7-Bracket-Corsair-Heatsink-Capellix/dp/B0G5Y5FN3Q/ref=zg_bs_g_430515031_d_sccl_22/522-4755054-8671242,"https://images-eu.ssl-images-amazon.com/images/I/61+qZ5WRYYL._AC_UL600_SR600,400_.jpg",22,,4.4,15,16.99,,,2026-09-25 11:28:26.050617
cpu,CPUs,B0FT8X951Z,AMD Ryzen 5 7500X3D BOX,https://www.amazon.co.uk/AMD-Ryzen-5-7500X3D-BOX/dp/B0FT8X951Z/ref=zg_bs_g_430515031_d_sccl_23/522-4755054-8671242,"https://images-eu.ssl-images-amazon.com/images/I/61C3fZUbFNL._AC_UL600_SR600,400_.jpg",23,,4.6,107,196.99,,,2026-09-25 11:28:26.050618
cpu,CPUs,B0CQKDJYNK,"Thermal Grizzly AM5 Contact Sealing Frame Ryzen 7000 CPU | Contact sealing frame, AMD AM5, Ryzen 7000, protects socket area,",https://www.amazon.co.uk/Thermal-Grizzly-Contact-Sealing-Frame/dp/B0CQKDJYNK/ref=zg_bs_g_430515031_d_sccl_24/522-4755054-8671242,"https://images-eu.ssl-images-amazon.com/images/I/51X8G63A7FL._AC_UL600_SR600,400_.jpg",24,,4.8,1792,21.29,,,2026-09-25 11:28:26.050618
cpu,CPUs,B0CHBJXG7G,Intel 24 Core i9 14900KF Raptor Lake Refresh CPU/Processor,https://www.amazon.co.uk/Intel%C2%AE-i9-14900KF-Desktop-Processor-P-cores/dp/B0CHBJXG7G/ref=zg_bs_g_430515031_d_sccl_25/522-4755054-8671242,"https://images-eu.ssl-images-amazon.com/images/I/61n6JpnDwTL._AC_UL600_SR600,400_.jpg",25,,4.3,564,394.99,,,2026-09-25 11:28:26.050619
cpu,CPUs,B0DTRYXZFJ,"Intel® Core™ Ultra 5 Desktop Processor 225, 10‑core (6P + 4E), up to 4.9 GHz",https://www.amazon.co.uk/Intel%C2%AE-CoreTM-Desktop-Processor-cores/dp/B0DTRYXZFJ/ref=zg_bs_g_430515031_d_sccl_26/522-4755054-8671242,"https://images-eu.ssl-images-amazon.com/images/I/61tSK8xfUWL._AC_UL600_SR600,400_.jpg",26,d55a8d4e13c6da37,4.6,49,,,,2026-09-25 11:28:26.050620
cpu,CPUs,B0D6NN87T8,"AMD Ryzensets 9 9900X Processor (radeon graphics integrated, 12 Cores/24 Threads, 120W DTP, AM5 Socket, 76MB Cache, Up to 5.6",https://www.amazon.co.uk/AMD-Ryzensets-9900X-Processor-integrated/dp/B0D6NN87T8/ref=zg_bs_g_430515031_d_sccl_27/522-4755054-8671242,"https://images-eu.ssl-images-amazon.com/images/I/61dukbEGziL._AC_UL600_SR600,400_.jpg",27,1d73e495eed0ef4a,4.8,1702,,,,2026-09-25 11:28:26.050621
cpu,CPUs,B07STGHZK8,"AMD Ryzensets 3 3200G processor (Radeon Vega 8 integrated GPU, 4 cores/4 threads, 65W TDP, AM4 socket, 6MB Cache, up to 4.0 G",https://www.amazon.co.uk/AMD-Ryzen-3200G-Processor-Graphics/dp/B07STGHZK8/ref=zg_bs_g_430515031_d_sccl_28/522-4755054-8671242,"https://images-eu.ssl-images-amazon.com/images/I/81DdgQpbMqL._AC_UL600_SR600,400_.jpg",28,812b89b292329d44,4.7,10073,,,,2026-09-25 11:28:26.050622
cpu,CPUs,B0DFK2P311,Intel® Core™ Ultra 5 Desktop Processor 245K 14 cores (6 P-cores + 8 E-cores) up to 5.2 GHz,https://www.amazon.co.uk/Ultra-Desktop-Processor-245K-P-cores/dp/B0DFK2P311/ref=zg_bs_g_430515031_d_sccl_29/522-4755054-8671242,"https://images-eu.ssl-images-amazon.com/images/I/51vTDOi0KCL._AC_UL600_SR600,400_.jpg",29,,4.7,221,175.97,,,2026-09-25 11:28:26.050622
cpu,CPUs,B0DWGWN8GY,"AMD Ryzen™ 9 9900X 3D Processor, 12 Cores/24 Unlocked Threads, Zen 5 Architecture, 140 L2/L3 Cache, 120W TDP, Up to 5.5 GHz B",https://www.amazon.co.uk/AMD-Processor-Unlocked-Architecture-Frequency/dp/B0DWGWN8GY/ref=zg_bs_g_430515031_d_sccl_30/522-4755054-8671242,"https://images-eu.ssl-images-amazon.com/images/I/51iH16H8wgL._AC_UL600_SR600,400_.jpg",30,1d73e495eed0ef4a,4.6,339,430.0,,,2026-09-25 11:28:26.050623
cpu,CPUs,B0G5Y8BSV8,"HAAMNING7 CPU Case Tray for AMD, Clamshell Plastic Protective Box Holder for 938 939 940 AM4 AM3 AM2 FM1 FM2 APU FX, Thicken",https://www.amazon.co.uk/HAAMNING7-Clamshell-Plastic-Protective-Antistatic/dp/B0G5Y8BSV8/ref=zg_bs_g_430515031_d_sccl_31/522-4755054-8671242,"https://images-eu.ssl-images-amazon.com/images/I/71ri2EhcxOL._AC_UL300_SR300,200_.jpg",31,,3.4,11,8.69,,,2026-09-25 11:28:26.050624
cpu,CPUs,B0BKZN94BZ,Thermalright CPU Contact Frame Anti-Bending Buckle for AM5 Secure Frame Kit Red,https://www.amazon.co.uk/Thermalright-Contact-Anti-Bending-Buckle-Secure/dp/B0BKZN94BZ/ref=zg_bs_g_430515031_d_sccl_32/522-4755054-8671242,"https://images-eu.ssl-images-amazon.com/images/I/615eEAdo5cL._AC_UL300_SR300,200_.jpg",32,,4.7,1079,12.9,,,2026-09-25 11:28:26.050624
cpu,CPUs,B0D1V45DSL,Thermalright AM5 CPU Contact Frame V2 | Secure Frame Kit Anti-Bending Buckle Black,https://www.amazon.co.uk/Thermalright-Contact-Secure-Anti-Bending-Buckle/dp/B0D1V45DSL/ref=zg_bs_g_430515031_d_sccl_33/522-4755054-8671242,"https://images-eu.ssl-images-amazon.com/images/I/51yE-jEV89L._AC_UL300_SR300,200_.jpg",33,,4.7,372,,,,2026-09-25 11:28:26.050625
cpu,CPUs,B0CQ4HPJYV,"AMD Ryzen 7 5700 Processor (8 Cores/16 Threads, 65W DTP, AM4 Socket, Cache 20MB, Up to 4.6 GHz Frequency Boost, Wraith Spire",https://www.amazon.co.uk/AMD-Ryzen-5700-Processor-Architecture/dp/B0CQ4HPJYV/ref=zg_bs_g_430515031_d_sccl_34/522-4755054-8671242,"https://images-eu.ssl-images-amazon.com/images/I/71jxHGiiiNL._AC_UL300_SR300,200_.jpg",34,79cfe94df3c71a79,4.7,1130,163.73,,,2026-09-25 11:28:26.050626
cpu,CPUs,B0B3TFXRX9,20PCS Computer CPU Case Tray Packaging Clamshell for Intel LGA1700 i3 i5 i7 i9 CPU Protector Cover (20pcs Shell fit LGA1700),https://www.amazon.co.uk/Computer-Packaging-Clamshell-LGA1700-Protector/dp/B0B3TFXRX9/ref=zg_bs_g_430515031_d_sccl_35/522-4755054-8671242,"https://images-eu.ssl-images-amazon.com/images/I/71mQDi+MuEL._AC_UL300_SR300,200_.jpg",35,,3.6,9,9.99,,,2026-09-25 11:28:26.050626
cpu,CPUs,B0CQ6MHLG3,Intel® Processor 300: 2 Cores (2 P-cores) Up to 3.9 GHz,https://www.amazon.co.uk/Intel%C2%AE-Processor-cores-P-cores-cores/dp/B0CQ6MHLG3/ref=zg_bs_g_430515031_d_sccl_36/522-4755054-8671242,"https://images-eu.ssl-images-amazon.com/images/I/51Oc2tWNINL._AC_UL300_SR300,200_.jpg",36,64eda00f34b9a31b,3.5,8,120.1,,,2026-09-25 11:28:26.050627
cpu,CPUs,B0CQ2ZLXB4,Intel Core i3-14100 processor 12 MB Smart Cache Box,https://www.amazon.co.uk/Intel-S1700-Core-14100-BX8071514100/dp/B0CQ2ZLXB4/ref=zg_bs_g_430515031_d_sccl_37/522-4755054-8671242,"https://images-eu.ssl-images-amazon.com/images/I/51hm-uONb8L._AC_UL300_SR300,200_.jpg",37,8cac3c217f4ede6f,4.7,100,123.97,,,2026-09-25 11:28:26.050628
cpu,CPUs,B0C3T4MFMM,AMD Ryzen 7 5700X - 3.4 GHz - 8 Kerne - 16 Threads - 32 MB Cache-Speicher - Socket AM4 - OEM,https://www.amazon.co.uk/AMD-Ryzen-5700X-processor-Bulk/dp/B0C3T4MFMM/ref=zg_bs_g_430515031_d_sccl_38/522-4755054-8671242,"https://images-eu.ssl-images-amazon.com/images/I/41zGH486zyL._AC_UL300_SR300,200_.jpg",38,,4.4,580,173.0,,,2026-09-25 11:28:26.050629
cpu,CPUs,B0GTRTJSNZ,AMD Ryzen™ 9 9950X3D2 Dual Edition,https://www.amazon.co.uk/AMD-RyzenTM-9-9950X3D2-Dual/dp/B0GTRTJSNZ/ref=zg_bs_g_430515031_d_sccl_39/522-4755054-8671242,"https://images-eu.ssl-images-amazon.com/images/I/61R5zd2lWjL._AC_UL300_SR300,200_.jpg",39,53d4fb8a93f58766,4.6,109,777.0,,,2026-09-25 11:28:26.050629
cpu,CPUs,B0D2JD6P86,"AMD Ryzen 5 8400F processor (6 Core/12 threads, 65W TDP, AM5 Socket, 22MB Cache, up to 4.7GHz max boost frequency, with wrait",https://www.amazon.co.uk/AMD-8400F-processor-threads-frequency/dp/B0D2JD6P86/ref=zg_bs_g_430515031_d_sccl_40/522-4755054-8671242,"https://images-eu.ssl-images-amazon.com/images/I/51drz0yDCJL._AC_UL300_SR300,200_.jpg",40,3338aa0a3985118c,4.5,297,118.78,,,2026-09-25 11:28:26.050630
cpu,CPUs,B09QG131DT,Intel CPU/Core i3-12100F 4.30GHZ LGA1700 Tray,https://www.amazon.co.uk/Intel-Core-i3-12100F-4-30GHZ-LGA1700/dp/B09QG131DT/ref=zg_bs_g_430515031_d_sccl_41/522-4755054-8671242,"https://images-eu.ssl-images-amazon.com/images/I/61QvU+coZML._AC_UL300_SR300,200_.jpg",41,,4.3,47,87.0,,,2026-09-25 11:28:26.050631
cpu,CPUs,B09MDGKQLY,Intel Core i3 12100F Processor,https://www.amazon.co.uk/Intel-Core-12100F-Thread-LGA1700/dp/B09MDGKQLY/ref=zg_bs_g_430515031_d_sccl_42/522-4755054-8671242,"https://images-eu.ssl-images-amazon.com/images/I/51h+4XuLsSL._AC_UL300_SR300,200_.jpg",42,,4.6,972,88.92,,,2026-09-25 11:28:26.050631
cpu,CPUs,B0FXZ8MPF6,AMD Ryzen 5 5500 6-Core 3.6GHz AM4 Socket Tray Processor,https://www.amazon.co.uk/AMD-6-Core-3-6GHz-Socket-Processor/dp/B0FXZ8MPF6/ref=zg_bs_g_430515031_d_sccl_43/522-4755054-8671242,"https://images-eu.ssl-images-amazon.com/images/I/510l8BBDoKL._AC_UL300_SR300,200_.jpg",43,3273b71020aca6c0,,,93.99,,,2026-09-25 11:28:26.050632
cpu,CPUs,B07MGBZWDZ,Intel Core i9-9900KF 3.6 GHz Eight-Core LGA 1151 Processor,https://www.amazon.co.uk/Intel-Core-i9-9900KF-Eight-Core-Processor/dp/B07MGBZWDZ/ref=zg_bs_g_430515031_d_sccl_44/522-4755054-8671242,"https://images-eu.ssl-images-amazon.com/images/I/81eoV5SY8RL._AC_UL300_SR300,200_.jpg",44,7c26e27232649f1c,4.6,2417,264.0,,,2026-09-25 11:28:26.050633
cpu,CPUs,B07598HLB4,Intel BX80684I78700 8th Gen Core i7-8700 Processor,https://www.amazon.co.uk/Intel-Core-i7-8700-Retail-Graphics/dp/B07598HLB4/ref=zg_bs_g_430515031_d_sccl_45/522-4755054-8671242,"https://images-eu.ssl-images-amazon.com/images/I/818KAP71ZBL._AC_UL300_SR300,200_.jpg",45,,4.6,1490,145.0,,,2026-09-25 11:28:26.050634
cpu,CPUs,B0B811J7D9,"Thermalright CPU Contact Frame for LGA 1700 Retrofit Kit, 17XX-BCF Bracket Intel 12th/13th/14th Generation Anti-Bending Buckl",https://www.amazon.co.uk/Thermalright-Retrofit-Generation-Anti-Bending-Black/dp/B0B811J7D9/ref=zg_bs_g_430515031_d_sccl_46/522-4755054-8671242,"https://images-eu.ssl-images-amazon.com/images/I/61b1itShVRL._AC_UL300_SR300,200_.jpg",46,,4.7,1460,,,,2026-09-25 11:28:26.050634
cpu,CPUs,B0DFKC99VL,INTEL Core Ultra 9 285K 5.7GHz FCLGA18W,https://www.amazon.co.uk/INTEL-Core-Ultra-5-7GHz-FCLGA18W/dp/B0DFKC99VL/ref=zg_bs_g_430515031_d_sccl_1/522-4755054-8671242,"https://images-eu.ssl-images-amazon.com/images/I/51xxm7JkJ6L._AC_UL600_SR600,400_.jpg",51,5b1299b8056bf8b2,4.7,791,491.92,,,2026-09-25 11:28:26.050635
cpu,CPUs,B00CLBZAHY,"AMD FD6350FRHKBOX FX 6350 (AM3+, Hex Core, 3.90 GHz, 14 MB, 125 W, Advanced Bit Manipulation) Central Processing Unit - Black",https://www.amazon.co.uk/AMD-FX-6350-3-90GHz-Advanced-Manipulation/dp/B00CLBZAHY/ref=zg_bs_g_430515031_d_sccl_2/522-4755054-8671242,"https://images-eu.ssl-images-amazon.com/images/I/41YuieIyf8L._AC_UL600_SR600,400_.jpg",52,,4.3,421,39.99,,,2026-09-25 11:28:26.050636
cpu,CPUs,B0CQ4H4H7X,"AMD Ryzensets 7 5700X3D Processor ( 8 cores/16 Threads, 105W TDP, AM4 Socket, Cache 100Mb, up to 4,1 GHz max boost frequency,",https://www.amazon.co.uk/AMD-Ryzen-5700X3D-Retail-100-100001503WOF/dp/B0CQ4H4H7X/ref=zg_bs_g_430515031_d_sccl_3/522-4755054-8671242,"https://images-eu.ssl-images-amazon.com/images/I/61mBj+xxn0L._AC_UL600_SR600,400_.jpg",53,0eaa2857aeb23f6b,4.7,3649,,,,2026-09-25 11:28:26.050636
cpu,CPUs,B0GXBRBR4G,IONZ AMD Ryzen 5 5500 CPU Bundle (OEM Tray) | 6-Core AM4 Processor 4.2GHz Max Boost + AM4 4-Pin Air Cooler + 2G High Performa,https://www.amazon.co.uk/AMD-5500-Processor-Performance-Heatsink/dp/B0GXBRBR4G/ref=zg_bs_g_430515031_d_sccl_4/522-4755054-8671242,"https://images-eu.ssl-images-amazon.com/images/I/51-2sXGmyeL._AC_UL600_SR600,400_.jpg",54,,4.0,2,,,,2026-09-25 11:28:26.050637
cpu,CPUs,B09FX4D72T,Intel Core i5-12600K Desktop Processor 10 (6P+4E) Cores up to 4.9 GHz Unlocked LGA1700 600 Series Chipset 125W,https://www.amazon.co.uk/Intel-i5-12600K-Desktop-Processor-Unlocked/dp/B09FX4D72T/ref=zg_bs_g_430515031_d_sccl_5/522-4755054-8671242,"https://images-eu.ssl-images-amazon.com/images/I/51ugNYlDT1L._AC_UL600_SR600,400_.jpg",55,,4.7,2909,,,,2026-09-25 11:28:26.050638
cpu,CPUs,B0CQ2YMZ8X,Intel® Core™ i7-14700 Desktop Processor 20 cores (8 P-cores + 12 E-cores) up to 5.4 GHz,https://www.amazon.co.uk/Intel%C2%AE-i7-14700-Desktop-Processor-P-cores/dp/B0CQ2YMZ8X/ref=zg_bs_g_430515031_d_sccl_6/522-4755054-8671242,"https://images-eu.ssl-images-amazon.com/images/I/612E6UUVubL._AC_UL600_SR600,400_.jpg",56,,4.6,186,,,,2026-09-25 11:28:26.050639
cpu,CPUs,B09NPJRDGD,"Intel Core i5-12400F 12th Generation Desktop Processor (Base Clock: 2.5GHz, 6 Cores, LGA1700, RAM DDR4 and DDR5 up to 128GB)",https://www.amazon.co.uk/Intel-12400F-Desktop-Processor-Cache/dp/B09NPJRDGD/ref=zg_bs_g_430515031_d_sccl_7/522-4755054-8671242,"https://images-eu.ssl-images-amazon.com/images/I/51EwtPjHkIL._AC_UL600_SR600,400_.jpg",57,23ef042d00f07a95,4.6,3375,,,,2026-09-25 11:28:26.050639
cpu,CPUs,B0CWBSL3B3,Linksys Velop Pro 7 Tri-band (2.4 GHz / 5 GHz / 60 GHz) Wi-Fi 7 (802.11be) Blanc 5 Interne,https://www.amazon.co.uk/Linksys-Velop-Tri-band-802-11be-Interne-Black/dp/B0CWBSL3B3/ref=zg_bs_g_430515031_d_sccl_8/522-4755054-8671242,"https://images-eu.ssl-images-amazon.com/images/I/219itVGxagL._AC_UL600_SR600,400_.jpg",58,,5.0,2,173.33,,,2026-09-25 11:28:26.050640
cpu,CPUs,B0H71CW1SZ,"AMD Ryzen™ 7 7700X3D 8 cores / 16 threads, max boost frequency up to 4.5 GHz, base frequency 4.0 GHz, L1 Cache 512 KB, L2 Cac",https://www.amazon.co.uk/AMD-RyzenTM-7700X3D-frequency-included/dp/B0H71CW1SZ/ref=zg_bs_g_430515031_d_sccl_9/522-4755054-8671242,"https://images-eu.ssl-images-amazon.com/images/I/510SeG2kd1L._AC_UL600_SR600,400_.jpg",59,,,,289.99,,,2026-09-25 11:28:26.050641
cpu,CPUs,B0DDTQHZ1B,"HP FAST EliteDesk 800 G3 SFF PC - Intel Core i7 6th Gen (4 Cores Upto 4.00Ghz), 150Mbps USB WiFi Adapter Dongle, Windows 11 P",https://www.amazon.co.uk/HP-FAST-EliteDesk-800-G3/dp/B0DDTQHZ1B/ref=zg_bs_g_430515031_d_sccl_10/522-4755054-8671242,"https://images-eu.ssl-images-amazon.com/images/I/71bJVcoKI9L._AC_UL600_SR600,400_.jpg",60,,3.0,1,190.0,,,2026-09-25 11:28:26.050641
cpu,CPUs,B07KX6K35M,Intel Xeon Processor E5-2698 v4,https://www.amazon.co.uk/Intel-E5-2698v4-SR2JW-Certified-Refurbished/dp/B07KX6K35M/ref=zg_bs_g_430515031_d_sccl_11/522-4755054-8671242,"https://images-eu.ssl-images-amazon.com/images/I/61fPvOyMlFL._AC_UL600_SR600,400_.jpg",61,,5.0,4,58.99,,,2026-09-25 11:28:26.050642
cpu,CPUs,B007SZ0EHE,Intel BX80637I73770 - Core i7 3770-3.4 GHz - 4 cores - 8 threads - 8 MB cache - LGA1155 Socket - B,https://www.amazon.co.uk/Intel-BX80637I73770-3770-3-4-threads-LGA1155/dp/B007SZ0EHE/ref=zg_bs_g_430515031_d_sccl_12/522-4755054-8671242,"https://images-eu.ssl-images-amazon.com/images/I/71v2VXx85+L._AC_UL600_SR600,400_.jpg",62,8631107c2f59fc86,4.5,569,104.0,,,2026-09-25 11:28:26.050643
cpu,CPUs,B0D2LD23BV,"Lenovo ThinkStation P330 Tiny Workstation – i7-8700 (6 Cores, 4.6GHz), 1TB PCIe Gen 4.0x4 NVMe, 16GB DDR4, vPro, GbE, Intel U",https://www.amazon.co.uk/Lenovo-ThinkStation-P330-Tiny-Workstation/dp/B0D2LD23BV/ref=zg_bs_g_430515031_d_sccl_13/522-4755054-8671242,"https://images-eu.ssl-images-amazon.com/images/I/41RNSEmj5pL._AC_UL600_SR600,400_.jpg",63,,,,,,,2026-09-25 11:28:26.050644
cpu,CPUs,B0GMKXVVJQ,"Intel Core Ultra 5 Processor 250K Plus, up to 5.3 GHz, LGA1851 Socket, PCIe 5.0, DDR5 Support, 125W TDP",https://www.amazon.co.uk/Intel-Processor-250K-LGA1851-Support/dp/B0GMKXVVJQ/ref=zg_bs_g_430515031_d_sccl_14/522-4755054-8671242,"https://images-eu.ssl-images-amazon.com/images/I/51q97nrybGL._AC_UL600_SR600,400_.jpg",64,,4.8,63,214.99,,,2026-09-25 11:28:26.050644
cpu,CPUs,B09VCJ2SHD,"AMD Ryzensets 7 5800X3D Processor (8 cores/16 threads, AM4 Socket, 105W TDP,100 MB Cache, up to 4.5 GHz max boost, no cooler)",https://www.amazon.co.uk/AMD-RyzenTM-5800X3D-Processor-16-thread/dp/B09VCJ2SHD/ref=zg_bs_g_430515031_d_sccl_15/522-4755054-8671242,"https://images-eu.ssl-images-amazon.com/images/I/51rz9osumDL._AC_UL600_SR600,400_.jpg",65,,4.8,6434,419.99,,,2026-09-25 11:28:26.050645
cpu,CPUs,B0CTD76W9C,AMD Ryzen 7 7800X3D 8 x 4.2GHz Octa Core Processor (CPU) Tray Socket (PC): AM5 120W,https://www.amazon.co.uk/AMD-7800X3D-4-2GHz-Processor-Socket/dp/B0CTD76W9C/ref=zg_bs_g_430515031_d_sccl_16/522-4755054-8671242,"https://images-eu.ssl-images-amazon.com/images/I/61kuNFhOiwL._AC_UL600_SR600,400_.jpg",66,f6b1c2b22900496e,4.7,193,273.13,,,2026-09-25 11:28:26.050646
cpu,CPUs,B0C1CN6FG2,"XUM Legend Gaming PC Ryzen 5 5500 RTX 5060 32GB RAM 500GB SSD 700W | AMD Ryzen 5 5500, NVIDIA RTX 5060 8GB, 32GB DDR4 RAM, 50",https://www.amazon.co.uk/XUM-Legend-Gaming-PC-Dual-Band/dp/B0C1CN6FG2/ref=zg_bs_g_430515031_d_sccl_17/522-4755054-8671242,"https://images-eu.ssl-images-amazon.com/images/I/71LbXIoqnvL._AC_UL600_SR600,400_.jpg",67,,4.4,52,899.99,,,2026-09-25 11:28:26.050646
cpu,CPUs,B07666S76V,"Intel Core Ultra 7 Processor 270K Plus, 24 Cores, 24 Threads, 3.2Ghz Up To 5.5Ghz, Lga 1851 Socket 1700 36Mb Cache, 125W, Max",https://www.amazon.co.uk/Intel-Core-Ultra-270K-Plus/dp/B07666S76V/ref=zg_bs_g_430515031_d_sccl_18/522-4755054-8671242,"https://images-eu.ssl-images-amazon.com/images/I/31aKvM6ReLL._AC_UL600_SR600,400_.jpg",68,6f014df0b6ff6a38,4.6,18,328.49,,,2026-09-25 11:28:26.050647
cpu,CPUs,B00ZJSZM4C,Thermal Grizzly Aeronaut 8.5 W/m·K Heat Sink Compound,https://www.amazon.co.uk/Thermal-Grizzly-Aeronaut-Heat-Compound/dp/B00ZJSZM4C/ref=zg_bs_g_430515031_d_sccl_19/522-4755054-8671242,"https://images-eu.ssl-images-amazon.com/images/I/71fireVmEML._AC_UL600_SR600,400_.jpg",69,,4.7,2463,9.99,,,2026-09-25 11:28:26.050648
cpu,CPUs,B0CQ4DTJYX,"AMD Ryzensets 5 5600GT processor (integrated Radeon Graphics, 6 cores/12 threads, 65W DTP, AM4 Socket, Cache 19MB, up to 4,6G",https://www.amazon.co.uk/AMD-Ryzen-5600GT-Retail-Stealth/dp/B0CQ4DTJYX/ref=zg_bs_g_430515031_d_sccl_20/522-4755054-8671242,"https://images-eu.ssl-images-amazon.com/images/I/61c6fimxtXL._AC_UL600_SR600,400_.jpg",70,,4.8,2657,,,,2026-09-25 11:28:26.050649
cpu,CPUs,B0BCDR9M33,"Intel Core i5-13600K Desktop Processor, 14 Cores (6P+8E), 24MB Cache, Up to 5.1GHz",https://www.amazon.co.uk/Intel-i5-13600K-Desktop-Processor-P-cores/dp/B0BCDR9M33/ref=zg_bs_g_430515031_d_sccl_21/522-4755054-8671242,"https://images-eu.ssl-images-amazon.com/images/I/61lNEpDfdcL._AC_UL600_SR600,400_.jpg",71,faafb270b9c5f681,4.7,1362,299.99,,,2026-09-25 11:28:26.050649
cpu,CPUs,B0DJ2W2S8W,Veno Scorp Gaming PC Intel Core i7-4790 Processor RTX 3050 6GB Graphics Card - 16GB Ram - 512GB NVMe SSD - 550W PSU - Windows,https://www.amazon.co.uk/Veno-Scorp-i7-4790-Processor-Graphics/dp/B0DJ2W2S8W/ref=zg_bs_g_430515031_d_sccl_22/522-4755054-8671242,"https://images-eu.ssl-images-amazon.com/images/I/71IENP5zd6L._AC_UL600_SR600,400_.jpg",72,fcb5bc00065a7a89,4.7,4,519.0,,,2026-09-25 11:28:26.050650
cpu,CPUs,B0GKWX62ND,Intel Core i5-14400 Raptor Lake LGA 1700 20MB Smart Cache Processor,https://www.amazon.co.uk/Intel-i5-14400-Raptor-Smart-Processor/dp/B0GKWX62ND/ref=zg_bs_g_430515031_d_sccl_23/522-4755054-8671242,"https://images-eu.ssl-images-amazon.com/images/I/315pGvG+PyL._AC_UL600_SR600,400_.jpg",73,,,,192.0,,,2026-09-25 11:28:26.050651
cpu,CPUs,B07KJSKHRQ,Intel Core i7-3770/3.40G/8M Tray LGA1155 77W (Renewed),https://www.amazon.co.uk/Intel-i7-3770-LGA1155-Certified-Refurbished/dp/B07KJSKHRQ/ref=zg_bs_g_430515031_d_sccl_24/522-4755054-8671242,"https://images-eu.ssl-images-amazon.com/images/I/61aeleE-N8L._AC_UL600_SR600,400_.jpg",74,5b8fd3ccac713d7e,4.5,286,89.99,,,2026-09-25 11:28:26.050651
cpu,CPUs,B0BG67ZG5R,"Intel® Core™ i9-13900K Desktop Processor 24 cores (8 P-cores + 16 E-cores) 36M Cache, up to 5.8 GHz",https://www.amazon.co.uk/Intel%C2%AE-i9-13900K-Desktop-Processor-P-cores/dp/B0BG67ZG5R/ref=zg_bs_g_430515031_d_sccl_25/522-4755054-8671242,"https://images-eu.ssl-images-amazon.com/images/I/51CsbchCa-L._AC_UL600_SR600,400_.jpg",75,,4.4,806,458.99,,,2026-09-25 11:28:26.050652
cpu,CPUs,B084F3K5FN,Intel® Core™ i5-8500 Desktop Processor 6 Core up to 4.1GHz Turbo LGA1151 300 Series 65W (Refurbished),https://www.amazon.co.uk/i5-8500-Desktop-Processor-LGA1151-Refurbished/dp/B084F3K5FN/ref=zg_bs_g_430515031_d_sccl_26/522-4755054-8671242,"https://images-eu.ssl-images-amazon.com/images/I/91+ZAFSQRiL._AC_UL600_SR600,400_.jpg",76,2675620a5bbc24a9,4.3,59,49.99,,,2026-09-25 11:28:26.050653
cpu,CPUs,B09YDP1BR3,Gaming PC OptiPlex SFF Desktop Computer i7 3770 16GB RAM 256GB SSD + 1TB HDD + GT710 2GB 22” Refurb TFT + Gaming Keyboard & M,https://www.amazon.co.uk/OptiPlex-Desktop-Computer-Keyboard-Windows/dp/B09YDP1BR3/ref=zg_bs_g_430515031_d_sccl_27/522-4755054-8671242,"https://images-eu.ssl-images-amazon.com/images/I/51wOpk-jMPL._AC_UL600_SR600,400_.jpg",77,,3.4,4,254.95,,,2026-09-25 11:28:26.050653
cpu,CPUs,B0DDQD2RXR,"HP FAST EliteDesk 800 G5 Tower PC - Intel Core i5 9th Gen (6 Cores Upto 4.40Ghz), 300Mbps USB WiFi Adapter Dongle, Windows 11",https://www.amazon.co.uk/HP-EliteDesk-800-G5-Tower/dp/B0DDQD2RXR/ref=zg_bs_g_430515031_d_sccl_28/522-4755054-8671242,"https://images-eu.ssl-images-amazon.com/images/I/31ue9PQjz0L._AC_UL600_SR600,400_.jpg",78,,,,379.99,,,2026-09-25 11:28:26.050654
cpu,CPUs,B0DVCCGB96,"ASC Ryzen Gaming PC Bundle, AMD Ryzen 5 4500, GTX 3050 6GB Graphics, 16GB RAM, 256GB SSD + 1TB HDD, 500W 80+ PSU, WiFi, Windo",https://www.amazon.co.uk/ASC-Gaming-Graphics-Windows-Monitor/dp/B0DVCCGB96/ref=zg_bs_g_430515031_d_sccl_29/522-4755054-8671242,"https://images-eu.ssl-images-amazon.com/images/I/61efb+hXZfL._AC_UL600_SR600,400_.jpg",79,,3.8,12,619.0,,,2026-09-25 11:28:26.050655
cpu,CPUs,B0D8BNCP8W,"ASC Ryzen Gaming PC Bundle, AMD Ryzen 5 4500, Nvidia RTX 3050 6GB, 16GB RAM, 1TB HDD, 500W 80+ PSU, Wi-Fi, Windows 11, Mirage",https://www.amazon.co.uk/ASC-Ryzen-Gaming-Pc-Keyboard/dp/B0D8BNCP8W/ref=zg_bs_g_430515031_d_sccl_30/522-4755054-8671242,"https://images-eu.ssl-images-amazon.com/images/I/71y4JN75KjL._AC_UL600_SR600,400_.jpg",80,,3.2,5,675.0,,,2026-09-25 11:28:26.050656
cpu,CPUs,B0FTHJGKBK,"HP ProDesk 400 G9 SFF Desktop Computer, Core i5-12500T, 8GB RAM, 256GB SSD, Windows 10/11 Pro (Renewed)",https://www.amazon.co.uk/HP-ProDesk-Desktop-Computer-i5-12500T/dp/B0FTHJGKBK/ref=zg_bs_g_430515031_d_sccl_81/522-4755054-8671242,"https://images-eu.ssl-images-amazon.com/images/I/31QUQxzKz6L._AC_UL300_SR300,200_.jpg",81,,,,305.0,,,2026-09-25 11:28:26.050656
cpu,CPUs,B0CFG444D7,CiT Pro Glacier 240mm AIO CPU Liquid Cooler – 240mm Radiator – 250W TPD - 2×120mm ARGB PWM Fans – Infinity ARGB Pump Cap – AM,https://www.amazon.co.uk/CiT-Glacier-Liquid-Infinity-1800RPM/dp/B0CFG444D7/ref=zg_bs_g_430515031_d_sccl_82/522-4755054-8671242,"https://images-eu.ssl-images-amazon.com/images/I/515swtyd2wL._AC_UL300_SR300,200_.jpg",82,,4.4,9,40.49,,,2026-09-25 11:28:26.050657
cpu,CPUs,B0DMVTLRMN,"Thermalright Lga1851 BCF Black CPU Curved Pressure Plate,Specially Designed to Support Ultra 200s Series CPUs,Multiple Instal",https://www.amazon.co.uk/Thermalright-BCF-Specially-Installations-Screwdriver/dp/B0DMVTLRMN/ref=zg_bs_g_430515031_d_sccl_83/522-4755054-8671242,"https://images-eu.ssl-images-amazon.com/images/I/61pcogMr3qL._AC_UL300_SR300,200_.jpg",83,,4.9,66,16.51,,,2026-09-25 11:28:26.050658
cpu,CPUs,B074CBJHCT,AMD YD192XA8AEWOF 12 Core/24 Threads Ryzen Threadripper 1920X Processor,https://www.amazon.co.uk/AMD-Ryzen-Threadripper-1920X-Processor/dp/B074CBJHCT/ref=zg_bs_g_430515031_d_sccl_84/522-4755054-8671242,"https://images-eu.ssl-images-amazon.com/images/I/91W3LQzwlDL._AC_UL300_SR300,200_.jpg",84,,4.7,410,261.71,,,2026-09-25 11:28:26.050658
cpu,CPUs,B0BTMLJRXP,Dell Optiplex 5070 SFF Intel i5-9500 Ultra Fast Small Form Factor Wireless Wi-Fi Desktop PC Computer Windows 11 (256GB - 16GB,https://www.amazon.co.uk/Dell-Optiplex-i5-9500-Wireless-Computer/dp/B0BTMLJRXP/ref=zg_bs_g_430515031_d_sccl_85/522-4755054-8671242,"https://images-eu.ssl-images-amazon.com/images/I/415bzZfhK3L._AC_UL300_SR300,200_.jpg",85,,5.0,12,193.03,,,2026-09-25 11:28:26.050659
cpu,CPUs,B07STGGQ18,"AMD Ryzensets 5 3600 Processor (6 Cores/12Threads, 65W DTP, AM4 Socket, 35 MB Cache, up to 4.1 GHz Max Boost frequency, Wrait",https://www.amazon.co.uk/AMD-Ryzen-3600-Processor-Cache/dp/B07STGGQ18/ref=zg_bs_g_430515031_d_sccl_86/522-4755054-8671242,"https://images-eu.ssl-images-amazon.com/images/I/81b75EQJrgL._AC_UL300_SR300,200_.jpg",86,0461ad2d8fcd028d,4.8,44141,132.66,,,2026-09-25 11:28:26.050660
cpu,CPUs,B0GHMR3394,"V2 CPU Contact Frame for In-tel 12th/13th/14th Gen, 1700 Socket Anti-Bending Buckle Retrofit Kit, Full Aluminum CNC CPU Fixin",https://www.amazon.co.uk/Contact-Anti-Bending-Retrofit-Aluminum-Motherboards/dp/B0GHMR3394/ref=zg_bs_g_430515031_d_sccl_87/522-4755054-8671242,"https://images-eu.ssl-images-amazon.com/images/I/51EOHeYZXEL._AC_UL300_SR300,200_.jpg",87,,1.0,2,5.59,,,2026-09-25 11:28:26.050660
cpu,CPUs,B0D9YW55PL,"Dell FAST Optiplex 7050 SFF PC, Intel Core i5 6th Gen (4 Cores Upto 3.60Ghz), 300Mbps USB WiFi Adapter Dongle, Windows 11 Pro",https://www.amazon.co.uk/Dell-Optiplex-3-60Ghz-150Mbps-Adapter/dp/B0D9YW55PL/ref=zg_bs_g_430515031_d_sccl_88/522-4755054-8671242,"https://images-eu.ssl-images-amazon.com/images/I/61yDS85JT1L._AC_UL300_SR300,200_.jpg",88,,4.6,12,217.99,,,2026-09-25 11:28:26.050661
cpu,CPUs,B0CQ2XT4RT,Intel Core i5 14500 Processor,https://www.amazon.co.uk/Intel%C2%AE-i5-14500-Desktop-Processor-P-cores/dp/B0CQ2XT4RT/ref=zg_bs_g_430515031_d_sccl_89/522-4755054-8671242,"https://images-eu.ssl-images-amazon.com/images/I/51kETQ8rEJL._AC_UL300_SR300,200_.jpg",89,,4.6,148,,,,2026-09-25 11:28:26.050662
cpu,CPUs,B09FSTZM2G,"Noctua NM-i17xx-MP78, Mounting Kit for Noctua Coolers on Intel LGA1851/1700 | For Coolers with 78mm Mounting Pitch, Supports",https://www.amazon.co.uk/Noctua-NM-i17xx-MP78-Mounting-Coolers-Platform/dp/B09FSTZM2G/ref=zg_bs_g_430515031_d_sccl_90/522-4755054-8671242,"https://images-eu.ssl-images-amazon.com/images/I/7185DsESjTL._AC_UL300_SR300,200_.jpg",90,,4.7,478,7.95,,,2026-09-25 11:28:26.050663
cpu,CPUs,B0D6NNDQ92,"AMD Ryzensets 7 5800 XT Processor (8 Cores/16 Threads, 105W DTP, AM4 Socket, 36MB Cache, Up to 4.8 GHz max boost frequency, W",https://www.amazon.co.uk/AMD-Ryzensets-Processor-Threads-frequency/dp/B0D6NNDQ92/ref=zg_bs_g_430515031_d_sccl_91/522-4755054-8671242,"https://images-eu.ssl-images-amazon.com/images/I/51kIHB4GNYL._AC_UL300_SR300,200_.jpg",91,,4.6,1998,,,,2026-09-25 11:28:26.050663
cpu,CPUs,B08X6KQSZ1,Intel® Core™ i9-11900KF Desktop Processor 8 Cores up to 5.3 GHz Unlocked LGA1200 (Intel® 500 Series & select 400 Series chips,https://www.amazon.co.uk/Intel-i9-11900KF-Desktop-Processor-Unlocked/dp/B08X6KQSZ1/ref=zg_bs_g_430515031_d_sccl_92/522-4755054-8671242,"https://images-eu.ssl-images-amazon.com/images/I/71mWLdyy02L._AC_UL300_SR300,200_.jpg",92,,4.5,387,299.99,,,2026-09-25 11:28:26.050664
cpu,CPUs,B0BQ6BRL4T,CORE I5-13400F 2.50GHZ,https://www.amazon.co.uk/Core-i5-13400F/dp/B0BQ6BRL4T/ref=zg_bs_g_430515031_d_sccl_93/522-4755054-8671242,"https://images-eu.ssl-images-amazon.com/images/I/6138mFBll6L._AC_UL300_SR300,200_.jpg",93,f3f7ddea868ba4eb,4.6,681,177.98,,,2026-09-25 11:28:26.050665
cpu,CPUs,B08X62BTJD,Intel® Core™ i5-11600KF Desktop Processor 6 Cores up to 4.9 GHz Unlocked LGA1200 (Intel 500 Series & Select 400 Series Chipse,https://www.amazon.co.uk/Intel-i5-11600KF-Desktop-Processor-Unlocked/dp/B08X62BTJD/ref=zg_bs_g_430515031_d_sccl_94/522-4755054-8671242,"https://images-eu.ssl-images-amazon.com/images/I/71O49ggEIrL._AC_UL300_SR300,200_.jpg",94,,4.7,297,170.0,,,2026-09-25 11:28:26.050666
cpu,CPUs,B082ZTBFY7,Dell Optiplex 3070 SFF Office PC i5 9500 9th Gen 3.0Ghz 16GB RAM 512GB SSD HD Graphics USB 3.1 DFF7J (Renewed),https://www.amazon.co.uk/Dell-Optiplex-Office-Graphics-Renewed/dp/B082ZTBFY7/ref=zg_bs_g_430515031_d_sccl_95/522-4755054-8671242,"https://images-eu.ssl-images-amazon.com/images/I/61sWN0SjyGS._AC_UL300_SR300,200_.jpg",95,,3.5,3,228.32,,,2026-09-25 11:28:26.050666
cpu,CPUs,B081TMPPP9,AMD Ryzen 7 3800X - 3.9 GHz - 8-core - 16 threads - 32 MB cache - Socket AM4 - Box,https://www.amazon.co.uk/AMD-Ryzen-3800X-8-core-threads/dp/B081TMPPP9/ref=zg_bs_g_430515031_d_sccl_96/522-4755054-8671242,"https://images-eu.ssl-images-amazon.com/images/I/81q2vQoQ6+L._AC_UL300_SR300,200_.jpg",96,613612db4a712319,5.0,4,190.99,,,2026-09-25 11:28:26.050667
cpu,CPUs,B0FQ3C6C81,"Computek Gaming PC Bundle, AMD Ryzen 5 4500, GTX 3050 6GB Graphics, 16GB RAM, 256GB SSD + 1TB HDD, 500W 80+ PSU, WiFi, Window",https://www.amazon.co.uk/Computek-Graphics-Windows-Monitor-Performance/dp/B0FQ3C6C81/ref=zg_bs_g_430515031_d_sccl_97/522-4755054-8671242,"https://images-eu.ssl-images-amazon.com/images/I/71QAUbgag6L._AC_UL300_SR300,200_.jpg",97,,3.0,1,679.99,,,2026-09-25 11:28:26.050668
cpu,CPUs,B07B428M7F,"AMD YD270XBGAFBOX Ryzen 7 2700X Processor with Wraith Prism RGB LED Cooler,Black",https://www.amazon.co.uk/AMD-Ryzen-Processor-Wraith-Cooler/dp/B07B428M7F/ref=zg_bs_g_430515031_d_sccl_98/522-4755054-8671242,"https://images-eu.ssl-images-amazon.com/images/I/61zovsZF-QL._AC_UL300_SR300,200_.jpg",98,,4.8,14643,150.0,,,2026-09-25 11:28:26.050668
cpu,CPUs,B08TX37JPC,Intel® Core™ i9-11900KF Desktop Processor 8 Cores up to 5.3 GHz Unlocked LGA1200 (Intel® 500 Series & select 400 Series chips,https://www.amazon.co.uk/Core-i9-11900KF-3-5-GHz-5-3/dp/B08TX37JPC/ref=zg_bs_g_430515031_d_sccl_99/522-4755054-8671242,"https://images-eu.ssl-images-amazon.com/images/I/51eHNGHFMXL._AC_UL300_SR300,200_.jpg",99,,4.5,105,299.99,,,2026-09-25 11:28:26.050669
cpu,CPUs,B0H9NT9LP1,VGOL 2Pcs CPU Socket Protective Cover Retention Cap H77975-005 Compatible with Intel LGA3647,https://www.amazon.co.uk/VGOL-Protective-Retention-H77975-005-Compatible/dp/B0H9NT9LP1/ref=zg_bs_g_430515031_d_sccl_100/522-4755054-8671242,"https://images-eu.ssl-images-amazon.com/images/I/61lb-V-5MdL._AC_UL300_SR300,200_.jpg",100,,,,7.39,,,2026-09-25 11:28:26.050670
gpu,Graphics Cards,B0972BP9YR,"MSI GeForce RTX 5060 8G VENTUS 2X OC Graphics Card - RTX 5060 GPU, 8GB GDDR7 (28Gbps/128-bit), PCIe 5.0 - DUAL-Fan Thermal De",https://www.amazon.co.uk/MSI-GeForce-5060-VENTUS-Graphics/dp/B0972BP9YR/ref=zg_bs_g_430500031_d_sccl_1/522-4755054-8671242,"https://images-eu.ssl-images-amazon.com/images/I/71FzJUle1XL._AC_UL600_SR600,400_.jpg",1,,4.7,459,,,,2026-09-25 11:29:52.949204
gpu,Graphics Cards,B0F9QM1M6R,Powercolor Radeon RX 9060 XT Reaper 16GB GDDR6 Graphics Card,https://www.amazon.co.uk/Powercolor-Radeon-Reaper-GDDR6-Graphics/dp/B0F9QM1M6R/ref=zg_bs_g_430500031_d_sccl_2/522-4755054-8671242,"https://images-eu.ssl-images-amazon.com/images/I/81TmiJbK-DL._AC_UL600_SR600,400_.jpg",2,,4.6,265,459.99,,,2026-09-25 11:29:52.949208
gpu,Graphics Cards,B0F7HZ9QSZ,"ASUS Dual GeForce RTX 5060 8GB GDDR7 OC Edition (PCIe 5.0, 8GB GDDR7, DLSS 4, HDMI 2.1b, DisplayPort 2.1b, 2.5 slot design, A",https://www.amazon.co.uk/ASUS-GeForce-Axial-Tech-DisplayPort-DUAL-RTX5060-O8G/dp/B0F7HZ9QSZ/ref=zg_bs_g_430500031_d_sccl_3/522-4755054-8671242,"https://images-eu.ssl-images-amazon.com/images/I/81i5KcFKysL._AC_UL600_SR600,400_.jpg",3,,4.4,437,374.99,,,2026-09-25 11:29:52.949209
gpu,Graphics Cards,B0DYPFY7JG,"ASUS Prime GeForce RTX™ 5070 GDDR7 12GB OC Edition – Graphics Card (PCIe 5.0, HDMI, Display 2.1, 2.5 Slot, Axial Fans, SFF-Re",https://www.amazon.co.uk/ASUS-Prime-GeForce-Gaming-Graphics/dp/B0DYPFY7JG/ref=zg_bs_g_430500031_d_sccl_4/522-4755054-8671242,"https://images-eu.ssl-images-amazon.com/images/I/81qKy0QvLHL._AC_UL600_SR600,400_.jpg",4,6208f4777da94c2a,4.6,663,695.0,,,2026-09-25 11:29:52.949209
gpu,Graphics Cards,B0DT7B79K9,"Gigabyte Radeon RX 9070 XT GAMING OC 16G Graphics Card - 16GB GDDR6, 256bit, PCI-E 5.0, 3060 MHz Core Clock, 2 x DisplayPort,",https://www.amazon.co.uk/Gigabyte-Radeon-9070-GAMING-Graphics/dp/B0DT7B79K9/ref=zg_bs_g_430500031_d_sccl_5/522-4755054-8671242,"https://images-eu.ssl-images-amazon.com/images/I/81OO5-B1DVL._AC_UL600_SR600,400_.jpg",5,,4.5,629,749.99,,,2026-09-25 11:29:52.949210
gpu,Graphics Cards,B0DSQ1RCZV,"Gigabyte GeForce RTX 5080 GAMING OC 16G Graphics Card - 16GB GDDR7, 256bit, PCI-E 5.0, 2730MHz Core Clock, 3 x DisplayPort, 1",https://www.amazon.co.uk/Gigabyte-GeForce-5080-GAMING-Graphics/dp/B0DSQ1RCZV/ref=zg_bs_g_430500031_d_sccl_6/522-4755054-8671242,"https://images-eu.ssl-images-amazon.com/images/I/81hMf6v5oSL._AC_UL600_SR600,400_.jpg",6,,4.5,324,1344.99,,,2026-09-25 11:29:52.949211
gpu,Graphics Cards,B0F8C5T1B2,"Sapphire technology Pure AMD Radeon RX 9060 XT Gaming OC, 16GB Dual HDMI-DP",https://www.amazon.co.uk/sapphire-technology-Radeon-Gaming-HDMI-DP/dp/B0F8C5T1B2/ref=zg_bs_g_430500031_d_sccl_7/522-4755054-8671242,"https://images-eu.ssl-images-amazon.com/images/I/81lQp7AEP-L._AC_UL600_SR600,400_.jpg",7,,4.5,181,459.98,,,2026-09-25 11:29:52.949212
gpu,Graphics Cards,B0DSG52H7D,"ASUS PRIME RX9070 XT OC, PCIe5, 16GB DDR6, HDMI, 3 DP, 3030MHz Clock, Overclocked, Compact SFF-Ready",https://www.amazon.co.uk/ASUS-3030MHz-Overclocked-Compact-SFF-Ready/dp/B0DSG52H7D/ref=zg_bs_g_430500031_d_sccl_8/522-4755054-8671242,"https://images-eu.ssl-images-amazon.com/images/I/81huTBuLV+L._AC_UL600_SR600,400_.jpg",8,,4.5,626,700.27,,,2026-09-25 11:29:52.949212
gpu,Graphics Cards,B0DX7GSX7B,"MSI GeForce RTX 5070 12G GAMING TRIO OC Graphics Card - RTX 5070 GPU, 12GB GDDR7 (28Gbps/192-bit), PCIe 5.0 -TRI FROZR 4 (3 x",https://www.amazon.co.uk/MSI-GeForce-5070-GAMING-Graphics/dp/B0DX7GSX7B/ref=zg_bs_g_430500031_d_sccl_9/522-4755054-8671242,"https://images-eu.ssl-images-amazon.com/images/I/713Qk3of--L._AC_UL600_SR600,400_.jpg",9,,4.6,312,749.99,,,2026-09-25 11:29:52.949213
gpu,Graphics Cards,B0DTHV8THW,"ASUS ROG Astral GeForce RTX 5090 32GB GDDR7 OC Gaming Graphics Card (PCIe 5.0, 2x HDMI, 3x DisplayPort, 3.8-slot, 4 Fans Pate",https://www.amazon.co.uk/ASUS-Graphics-DisplayPort-3-8-slot-Resolution/dp/B0DTHV8THW/ref=zg_bs_g_430500031_d_sccl_10/522-4755054-8671242,"https://images-eu.ssl-images-amazon.com/images/I/71IRIvHOVDL._AC_UL600_SR600,400_.jpg",10,1132f476fb9962dc,4.2,144,4650.9,,,2026-09-25 11:29:52.949214
gpu,Graphics Cards,B0BYZFH47F,"ASUS Dual Radeon RX 9060 XT 16GB GDDR6 Graphics Card (PCIe 5.0, HDMI 2.1b, DisplayPort 2.1a, 2.5-slot design, Axial-tech fan",https://www.amazon.co.uk/ASUS-Graphics-DisplayPort-Axial-tech-technology/dp/B0BYZFH47F/ref=zg_bs_g_430500031_d_sccl_11/522-4755054-8671242,"https://images-eu.ssl-images-amazon.com/images/I/71MeMFJnxHL._AC_UL600_SR600,400_.jpg",11,,4.6,168,439.99,,,2026-09-25 11:29:52.949214
gpu,Graphics Cards,B09BMQNNR1,"ASUS Prime Radeon RX 9070 XT White OC Edition 16GB GDDR6 Gaming Graphics Card (AMD Radeon RX9070XT RDNA 4, 2.5-Slot, PCIe 5.0",https://www.amazon.co.uk/ASUS-Graphics-RX9070XT-DisplayPort-PRIME-RX9070XT-O16G-WHITE/dp/B09BMQNNR1/ref=zg_bs_g_430500031_d_sccl_12/522-4755054-8671242,"https://images-eu.ssl-images-amazon.com/images/I/71efFjNqm+L._AC_UL600_SR600,400_.jpg",12,86f4a7e17c33a675,4.6,115,749.99,,,2026-09-25 11:29:52.949215
gpu,Graphics Cards,B086ZSQZZ7,"ASUS GeForce RTX 3050 6G DUAL OC Gaming Graphics Card - 1537MHz Boost Clock, GDDR6, PCIe Gen 4, DLSS 2, 3 x DP v1.4a, 1 x HDM",https://www.amazon.co.uk/ASUS-GeForce-3050-Gaming-Graphics/dp/B086ZSQZZ7/ref=zg_bs_g_430500031_d_sccl_13/522-4755054-8671242,"https://images-eu.ssl-images-amazon.com/images/I/81mwcITtHBL._AC_UL600_SR600,400_.jpg",13,cae6795bfebebec9,4.7,667,209.99,,,2026-09-25 11:29:52.949216
gpu,Graphics Cards,B0F4DWKRBQ,"ASUS Dual GeForce RTX 5060 Ti 8GB GDDR7 OC Edition (PCIe 5.0, 8GB GDDR7, DLSS 4, HDMI 2.1b, DisplayPort 2.1b, 2.5-slot design",https://www.amazon.co.uk/ASUS-DisplayPort-2-5-slot-Axial-tech-technology/dp/B0F4DWKRBQ/ref=zg_bs_g_430500031_d_sccl_14/522-4755054-8671242,"https://images-eu.ssl-images-amazon.com/images/I/81-KEx-lGSL._AC_UL600_SR600,400_.jpg",14,,4.5,121,419.99,,,2026-09-25 11:29:52.949216
gpu,Graphics Cards,B0DTGPC5KR,"Gigabyte GeForce RTX 5070 Ti GAMING OC 16G Graphics Card - 16GB GDDR7, 256bit, PCI-E 5.0, 2588 MHz Core Clock, 3 x DP 2.1a, 1",https://www.amazon.co.uk/Gigabyte-GeForce-5070-GAMING-Graphics/dp/B0DTGPC5KR/ref=zg_bs_g_430500031_d_sccl_15/522-4755054-8671242,"https://images-eu.ssl-images-amazon.com/images/I/81C5izvzUWL._AC_UL600_SR600,400_.jpg",15,,4.6,178,1099.99,,,2026-09-25 11:29:52.949217
gpu,Graphics Cards,B0F7HTR8DQ,"Gigabyte Radeon RX 9060 XT GAMING OC 16G Graphics Card - 16GB GDDR6, 128bit, PCI-E 5.0, 3320 MHz Core Clock, 2 x DisplayPort,",https://www.amazon.co.uk/Gigabyte-Radeon-9060-GAMING-Graphics/dp/B0F7HTR8DQ/ref=zg_bs_g_430500031_d_sccl_16/522-4755054-8671242,"https://images-eu.ssl-images-amazon.com/images/I/71DKs53RKNL._AC_UL600_SR600,400_.jpg",16,,4.7,749,539.99,,,2026-09-25 11:29:52.949218
gpu,Graphics Cards,B0DRPRZMK2,Sapphire PULSE AMD RADEON™ RX 9070 XT GAMING 16GB DUAL HDMI/DUAL DP,https://www.amazon.co.uk/Sapphire-PULSE-RADEONTM-9070-GAMING/dp/B0DRPRZMK2/ref=zg_bs_g_430500031_d_sccl_17/522-4755054-8671242,"https://images-eu.ssl-images-amazon.com/images/I/719BQZ+2XGL._AC_UL600_SR600,400_.jpg",17,c20bd40a63e559c2,4.7,779,739.99,,,2026-09-25 11:29:52.949219
gpu,Graphics Cards,B01HA642SW,"Nooelec RTL-SDR v5 SDR - NESDR SMArt HF/VHF/UHF (100kHz-1.75GHz) Software Defined Radio. Premium RTLSDR w/ 0.5PPM TCXO, SMA I",https://www.amazon.co.uk/Nooelec-NESDR-SMArt-SDR-R820T2-Based/dp/B01HA642SW/ref=zg_bs_g_430500031_d_sccl_18/522-4755054-8671242,"https://images-eu.ssl-images-amazon.com/images/I/611x-3wPnfL._AC_UL600_SR600,400_.jpg",18,,4.4,2837,41.95,,,2026-09-25 11:29:52.949219
gpu,Graphics Cards,B0F4ZGWSPJ,"Gigabyte GeForce RTX 5060 Ti AERO OC 8G Graphics Card - 8GB GDDR7, 128bit, PCI-E 5.0, 2647MHz Core Clock, 3 x DisplayPort, 1",https://www.amazon.co.uk/Gigabyte-GeForce-5060-AERO-Graphics/dp/B0F4ZGWSPJ/ref=zg_bs_g_430500031_d_sccl_19/522-4755054-8671242,"https://images-eu.ssl-images-amazon.com/images/I/713i93WqAML._AC_UL600_SR600,400_.jpg",19,,4.9,27,419.99,,,2026-09-25 11:29:52.949220
gpu,Graphics Cards,B0BX6LGM2X,"MSI GeForce RTX 5080 16G GAMING TRIO OC Graphics Card - RTX 5080 GPU, 16GB GDDR7 (30Gbps/256-bit), PCIe 5.0 - TRI FROZR 4 (3",https://www.amazon.co.uk/MSI-GeForce-5080-GAMING-Graphics/dp/B0BX6LGM2X/ref=zg_bs_g_430500031_d_sccl_20/522-4755054-8671242,"https://images-eu.ssl-images-amazon.com/images/I/71n9sxFO9dL._AC_UL600_SR600,400_.jpg",20,,4.5,203,1399.99,,,2026-09-25 11:29:52.949221
gpu,Graphics Cards,B0BT9R5XNN,"MSI GeForce RTX 5080 16G SHADOW 3X OC Graphics Card - RTX 5080 GPU, 16GB GDDR7 (30Gbps/256-bit), PCIe 5.0 - Triple Fan Design",https://www.amazon.co.uk/MSI-GeForce-5080-SHADOW-Graphics/dp/B0BT9R5XNN/ref=zg_bs_g_430500031_d_sccl_21/522-4755054-8671242,"https://images-eu.ssl-images-amazon.com/images/I/71vuPWXUwNL._AC_UL600_SR600,400_.jpg",21,14ebf438bfefbb6d,4.5,192,1289.99,,,2026-09-25 11:29:52.949221
gpu,Graphics Cards,B0BSN1QFXX,"MSI GeForce RTX 3050 VENTUS 2X E 6G OC Gaming Graphics Card - 6GB GDDR6, 1492 MHz, PCI Express Gen 4, 96-bit, 1x DP (v1.4a),",https://www.amazon.co.uk/MSI-GeForce-VENTUS-Gaming-Graphics/dp/B0BSN1QFXX/ref=zg_bs_g_430500031_d_sccl_22/522-4755054-8671242,"https://images-eu.ssl-images-amazon.com/images/I/716ZIsBcSQL._AC_UL600_SR600,400_.jpg",22,,4.6,248,239.99,,,2026-09-25 11:29:52.949222
gpu,Graphics Cards,B09DVN7QWH,"ASUS NVIDIA GeForce GT 730 Graphics Card (PCIe 2.0, 2GB GDDR5 Memory, 4x HDMI Ports, Single-slot Design, Passive Cooling)",https://www.amazon.co.uk/ASUS-GT730-4H-SL-2GD5-GeForce-multi-monitor-productivity/dp/B09DVN7QWH/ref=zg_bs_g_430500031_d_sccl_23/522-4755054-8671242,"https://images-eu.ssl-images-amazon.com/images/I/71ugNuSeyTL._AC_UL600_SR600,400_.jpg",23,61cd4384c1a44042,4.3,717,75.6,,,2026-09-25 11:29:52.949223
gpu,Graphics Cards,B0F8BR2H6Z,"MSI GeForce RTX 5060 Ti 16G SHADOW 2X OC PLUS Graphics Card - RTX 5060 Ti GPU, 16GB GDDR7 (28Gbps/128-bit), PCIe 5.0 - Dual-F",https://www.amazon.co.uk/MSI-GeForce-5060-SHADOW-Graphics/dp/B0F8BR2H6Z/ref=zg_bs_g_430500031_d_sccl_24/522-4755054-8671242,"https://images-eu.ssl-images-amazon.com/images/I/71ChfNCaoIL._AC_UL600_SR600,400_.jpg",24,,4.6,315,649.99,,,2026-09-25 11:29:52.949224
gpu,Graphics Cards,B0DS643QRW,"ASUS ROG Astral GeForce RTX 5080 OC Edition Gaming Graphics Card (PCIe 5.0, 16GB GDDR7, HDMI/DP 2.1, 3.8 slot, 4 fan design,",https://www.amazon.co.uk/ASUS-Graphics-3xDisplayPort-Patented-Resolution/dp/B0DS643QRW/ref=zg_bs_g_430500031_d_sccl_25/522-4755054-8671242,"https://images-eu.ssl-images-amazon.com/images/I/81Wcw8qLt3L._AC_UL600_SR600,400_.jpg",25,,4.7,250,1689.95,,,2026-09-25 11:29:52.949224
gpu,Graphics Cards,B0CXSPTFJP,"upHere Gaming GPU Support Bracket, Adjustable Height Graphics Card Support with Magnet and Non-Slip Sheet, GPU Sag Bracket fo",https://www.amazon.co.uk/upHere-gaming-Adjustable-Graphics-Universal/dp/B0CXSPTFJP/ref=zg_bs_g_430500031_d_sccl_26/522-4755054-8671242,"https://images-eu.ssl-images-amazon.com/images/I/612Tu9XrsFL._AC_UL600_SR600,400_.jpg",26,,4.6,367,4.69,,,2026-09-25 11:29:52.949225
gpu,Graphics Cards,B01AY78MLM,"MSI GeForce GT 710 2GD3H LP Graphics Card '2GB DDR3, 954MHz, Low Profile, Low Consumption, VGA, DVI-D, HDMI, HTPC, Silent Pas",https://www.amazon.co.uk/MSI-GeForce-Passive-Silent-Graphics/dp/B01AY78MLM/ref=zg_bs_g_430500031_d_sccl_27/522-4755054-8671242,"https://images-eu.ssl-images-amazon.com/images/I/713iuo0tx-L._AC_UL600_SR600,400_.jpg",27,38f68ea8aa77f099,4.4,6182,39.99,,,2026-09-25 11:29:52.949226
gpu,Graphics Cards,B0DSWJL78F,"ASUS TUF GAMING RX9070 XT OC, PCIe5, 16GB DDR6, HDMI, 3 DP, 3080MHz Clock, RGB Lighting, Overclocked",https://www.amazon.co.uk/ASUS-GAMING-3080MHz-Lighting-Overclocked/dp/B0DSWJL78F/ref=zg_bs_g_430500031_d_sccl_28/522-4755054-8671242,"https://images-eu.ssl-images-amazon.com/images/I/81emCTjddXL._AC_UL600_SR600,400_.jpg",28,,4.6,258,763.99,,,2026-09-25 11:29:52.949227
gpu,Graphics Cards,B0DRPPXB5X,Sapphire NITRO+ AMD RADEON™ RX 9070 XT GAMING OC 16GB DUAL HDMI/DUAL DP,https://www.amazon.co.uk/Sapphire-NITRO-RADEONTM-9070-GAMING/dp/B0DRPPXB5X/ref=zg_bs_g_430500031_d_sccl_29/522-4755054-8671242,"https://images-eu.ssl-images-amazon.com/images/I/71LGW3ZtTeL._AC_UL600_SR600,400_.jpg",29,e0584a4966216951,4.6,590,789.98,,,2026-09-25 11:29:52.949227
gpu,Graphics Cards,B0CVVLV5TV,Powercolor AMD Radeon RX 9070 XT HELLHOUND 16GB GDDR6 Graphics Card,https://www.amazon.co.uk/Powercolor-Radeon-HELLHOUND-GDDR6-Graphics/dp/B0CVVLV5TV/ref=zg_bs_g_430500031_d_sccl_30/522-4755054-8671242,"https://images-eu.ssl-images-amazon.com/images/I/716791ZqcsL._AC_UL600_SR600,400_.jpg",30,,4.6,287,749.0,,,2026-09-25 11:29:52.949228
gpu,Graphics Cards,B0F4DVKSZ4,"ASUS NVIDIA GeForce RTX 5060 Ti DUAL OC 16GB Blackwell Graphics Card | PCIe 5.0, HDMI 2.1b, DisplayPort 2.1b, 2.5 slots, Axia",https://www.amazon.co.uk/ASUS-NVIDIA-GeForce-Blackwell-Graphics/dp/B0F4DVKSZ4/ref=zg_bs_g_430500031_d_sccl_31/522-4755054-8671242,"https://images-eu.ssl-images-amazon.com/images/I/81kYKB0Aj5L._AC_UL300_SR300,200_.jpg",31,,4.7,353,629.99,,,2026-09-25 11:29:52.949229
gpu,Graphics Cards,B0D58PZ1V6,ASUS GF GT710 2GB GDDR5 D-Sub DVI HDMI,https://www.amazon.co.uk/ASUS-GT710-2Go-D-Sub-HDMI/dp/B0D58PZ1V6/ref=zg_bs_g_430500031_d_sccl_32/522-4755054-8671242,"https://images-eu.ssl-images-amazon.com/images/I/81ThUZTZMiL._AC_UL300_SR300,200_.jpg",32,,4.6,133,49.99,,,2026-09-25 11:29:52.949229
gpu,Graphics Cards,B0F1NJF1K4,"MSI GeForce RTX 5070 Ti 16G GAMING TRIO OC Graphics Card - RTX 5070 Ti GPU, 16GB GDDR7 (28Gbps/256-bit), PCIe 5.0 - TRI FROZR",https://www.amazon.co.uk/MSI-GeForce-5070-GAMING-Graphics/dp/B0F1NJF1K4/ref=zg_bs_g_430500031_d_sccl_33/522-4755054-8671242,"https://images-eu.ssl-images-amazon.com/images/I/71YnD7X0ijL._AC_UL300_SR300,200_.jpg",33,,4.6,279,1129.98,,,2026-09-25 11:29:52.949230
gpu,Graphics Cards,B0H5BLBWCP,"GT 740 4G GDDR5 128-bit Graphics Card, DVI, HDMI, VGA, Low Profile, GPU | Maximum 3 Displays, for Windows 11, Computer Video",https://www.amazon.co.uk/GDDR5-128-bit-Graphics-Card-Profile/dp/B0H5BLBWCP/ref=zg_bs_g_430500031_d_sccl_34/522-4755054-8671242,"https://images-eu.ssl-images-amazon.com/images/I/617tzdYDNcL._AC_UL300_SR300,200_.jpg",34,8d22c15c4d04b99d,5.0,1,74.99,,,2026-09-25 11:29:52.949231
gpu,Graphics Cards,B0F8C4XHGB,"Sapphire technology Pulse AMD Radeon RX 9060 XT Gaming OC, 8GB Dual HDMI-DP",https://www.amazon.co.uk/Sapphire-Tarjeta-Gr%C3%A1fica-Radeon-Cooling/dp/B0F8C4XHGB/ref=zg_bs_g_430500031_d_sccl_35/522-4755054-8671242,"https://images-eu.ssl-images-amazon.com/images/I/71c+5sZOeYL._AC_UL300_SR300,200_.jpg",35,,4.3,113,389.99,,,2026-09-25 11:29:52.949232
gpu,Graphics Cards,B0H2W524DW,"Gigabyte Radeon RX 9070 GRE GAMING OC 12G Graphics Card - 12GB GDDR6, 192bit, PCI-E 5.0, 2920 MHz Core Clock, 2 x DisplayPort",https://www.amazon.co.uk/Gigabyte-Radeon-9070-GAMING-Graphics/dp/B0H2W524DW/ref=zg_bs_g_430500031_d_sccl_36/522-4755054-8671242,"https://images-eu.ssl-images-amazon.com/images/I/71YpirWShcL._AC_UL300_SR300,200_.jpg",36,b08d40f188673186,4.4,3,514.5,,,2026-09-25 11:29:52.949232
gpu,Graphics Cards,B0DZD6QV9L,"MSI GeForce RTX 5070 Ti 16G Shadow 3X OC Graphics Card, 16GB GDDR7 (28Gbps/256-bit), PCIe 5.0 - Triple Fan Thermal Design (3x",https://www.amazon.co.uk/MSI-GeForce-5070-SHADOW-Graphics/dp/B0DZD6QV9L/ref=zg_bs_g_430500031_d_sccl_37/522-4755054-8671242,"https://images-eu.ssl-images-amazon.com/images/I/719ozZSEaQL._AC_UL300_SR300,200_.jpg",37,52a9f7e311306a65,4.6,393,1129.99,,,2026-09-25 11:29:52.949233
gpu,Graphics Cards,B0FN7N4F5Y,"MOUGOL AMD Radeon RX 580 Gaming Graphics Card, 8GB GDDR5 VRAM, 256-Bit Memory Interface, DP/HDMI/DVI-D Outputs, PCIe 3.0 x16",https://www.amazon.co.uk/MOUGOL-Graphics-Express-Equipped-Working/dp/B0FN7N4F5Y/ref=zg_bs_g_430500031_d_sccl_38/522-4755054-8671242,"https://images-eu.ssl-images-amazon.com/images/I/71estYgT3XL._AC_UL300_SR300,200_.jpg",38,c5a041a9aadd3581,4.4,414,139.99,,,2026-09-25 11:29:52.949234
gpu,Graphics Cards,B0DTGNTQ3C,"Gigabyte GeForce RTX 5070 GAMING OC 12G Graphics Card - 12GB GDDR7, 192bit, PCI-E 5.0, 2625 MHz Core Clock, 3 x DP 2.1a, 1 x",https://www.amazon.co.uk/Gigabyte-GeForce-5070-GAMING-Graphics/dp/B0DTGNTQ3C/ref=zg_bs_g_430500031_d_sccl_39/522-4755054-8671242,"https://images-eu.ssl-images-amazon.com/images/I/81AHWRRuBCL._AC_UL300_SR300,200_.jpg",39,,4.7,223,739.99,,,2026-09-25 11:29:52.949235
gpu,Graphics Cards,B09KRPN6D8,"upHere ARGB Graphics Card GPU Support Bracket,Adjustable Single Slot,Support Video Card Holder Bracket with 5V 3PIN ARGB LED,",https://www.amazon.co.uk/upHere-Graphics-Support-Adjustable-GH03ARGB/dp/B09KRPN6D8/ref=zg_bs_g_430500031_d_sccl_40/522-4755054-8671242,"https://images-eu.ssl-images-amazon.com/images/I/51XQsgiekzL._AC_UL300_SR300,200_.jpg",40,,4.4,227,13.98,,,2026-09-25 11:29:52.949235
gpu,Graphics Cards,B0DRPQPQQC,Sapphire NITRO+ AMD RADEON™ RX 9070 GAMING OC 16GB DUAL HDMI/DUAL DP,https://www.amazon.co.uk/Sapphire-NITRO-RADEONTM-9070-GAMING/dp/B0DRPQPQQC/ref=zg_bs_g_430500031_d_sccl_41/522-4755054-8671242,"https://images-eu.ssl-images-amazon.com/images/I/71eSaUx69nL._AC_UL300_SR300,200_.jpg",41,,4.7,116,649.99,,,2026-09-25 11:29:52.949236
gpu,Graphics Cards,B09CMFK441,"ASUS Prime GeForce RTX 5050 8GB GDDR6 OC Edition Graphics Card (PCIe 5.0, 8GB GDDR6, HDMI/DP 2.1, 2.5-slot, Axial-tech fans,",https://www.amazon.co.uk/ASUS-GeForce-Graphics-2-5-slot-Axial-tech/dp/B09CMFK441/ref=zg_bs_g_430500031_d_sccl_42/522-4755054-8671242,"https://images-eu.ssl-images-amazon.com/images/I/81p-214-ewL._AC_UL300_SR300,200_.jpg",42,,4.1,27,329.99,,,2026-09-25 11:29:52.949237
gpu,Graphics Cards,B0DRPRKYR6,"Sapphire Pure AMD Radeon RX 9070 XT OC Gaming Edition 16GB GDDR6 Graphics Card, Triple Fans, Dual HDMI, Dual DisplayPort, Whi",https://www.amazon.co.uk/Sapphire-PURE-RADEONTM-9070-GAMING/dp/B0DRPRKYR6/ref=zg_bs_g_430500031_d_sccl_43/522-4755054-8671242,"https://images-eu.ssl-images-amazon.com/images/I/71UA-kSFtfL._AC_UL300_SR300,200_.jpg",43,e99a638ad300cdcd,4.5,370,829.99,,,2026-09-25 11:29:52.949237
gpu,Graphics Cards,B0CLRQNL13,"QTHREE Geforce GT 210 Graphics Card, 1G D3 64-bit, HDMI VGA, Low Profile, Video Card, GPU, PCI Express x16",https://www.amazon.co.uk/QTHREE-Geforce-Graphics-Profile-Express/dp/B0CLRQNL13/ref=zg_bs_g_430500031_d_sccl_44/522-4755054-8671242,"https://images-eu.ssl-images-amazon.com/images/I/619pr6jZ8tL._AC_UL300_SR300,200_.jpg",44,4287b0247c0e188c,4.1,37,39.99,,,2026-09-25 11:29:52.949238
gpu,Graphics Cards,B0DSG8LXX9,"ASUS PRIME RX9070 OC, PCIe5, 16GB DDR6, HDMI, 3 DP, 2610MHz Clock, Overclocked, Compact SFF-Ready",https://www.amazon.co.uk/ASUS-2610MHz-Overclocked-Compact-SFF-Ready/dp/B0DSG8LXX9/ref=zg_bs_g_430500031_d_sccl_45/522-4755054-8671242,"https://images-eu.ssl-images-amazon.com/images/I/817n67VXh1L._AC_UL300_SR300,200_.jpg",45,,4.7,153,649.99,,,2026-09-25 11:29:52.949239
gpu,Graphics Cards,B0BSN9H9Y7,"MSI GeForce GT 1030 4GHD4 LP OC Gaming Graphics Card - 4GB GDDR4, 2100 MHz, PCI Express 3.0 x16, 64 bit, DP, HDMI, 4 GB",https://www.amazon.co.uk/MSI-GeForce-4GHD4-Gaming-Graphics/dp/B0BSN9H9Y7/ref=zg_bs_g_430500031_d_sccl_46/522-4755054-8671242,"https://images-eu.ssl-images-amazon.com/images/I/71c0lRC5zuL._AC_UL300_SR300,200_.jpg",46,ddcfc8e619914b00,4.4,109,,,,2026-09-25 11:29:52.949240
gpu,Graphics Cards,B009LEKGGE,"Noctua NF-A6x25 FLX, High-Performance Quiet Fan 60mm | High Airflow, Low Noise, 25mm Thick, for PC and Electronics Cooling, 3",https://www.amazon.co.uk/Noctua-NF-A6x25-FLX-Premium-Quiet/dp/B009LEKGGE/ref=zg_bs_g_430500031_d_sccl_1/522-4755054-8671242,"https://images-eu.ssl-images-amazon.com/images/I/71x64G4hl0L._AC_UL600_SR600,400_.jpg",51,,4.8,2243,14.95,,,2026-09-25 11:29:52.949240
gpu,Graphics Cards,B0G1X5THFL,"Xynsviu RX560 4GB GDDR5 4 HDMI Multi Monitor Graphics Card | 4 HDMI video card for office multi-screen, stock trading, suppor",https://www.amazon.co.uk/Xynsviu-Graphics-DirectX-Express-Monitor/dp/B0G1X5THFL/ref=zg_bs_g_430500031_d_sccl_2/522-4755054-8671242,"https://images-eu.ssl-images-amazon.com/images/I/71YqTisxYpL._AC_UL600_SR600,400_.jpg",52,,4.4,6,104.49,,,2026-09-25 11:29:52.949241
gpu,Graphics Cards,B0F32NJG9T,"MSI GeForce RTX 5060 Ti 16G VENTUS 2X OC PLUS Graphics Card - RTX 5060 Ti GPU, 16GB GDDR7 (28Gbps/128-bit), PCIe 5.0 - DUAL-F",https://www.amazon.co.uk/MSI-GeForce-5060-VENTUS-Graphics/dp/B0F32NJG9T/ref=zg_bs_g_430500031_d_sccl_3/522-4755054-8671242,"https://images-eu.ssl-images-amazon.com/images/I/71sk8gUoHVL._AC_UL600_SR600,400_.jpg",53,,4.6,258,,,,2026-09-25 11:29:52.949242
gpu,Graphics Cards,B0DXW1R1YT,XFX Mercury AMD Radeon RX 9070XT 16GB OC Gaming Graphics Card,https://www.amazon.co.uk/XFX-Radeon-9070XT-MERCURY-Gaming/dp/B0DXW1R1YT/ref=zg_bs_g_430500031_d_sccl_4/522-4755054-8671242,"https://images-eu.ssl-images-amazon.com/images/I/61eEQKC+6VL._AC_UL600_SR600,400_.jpg",54,5ecd12c3ca1f7a90,4.6,181,781.0,,,2026-09-25 11:29:52.949243
gpu,Graphics Cards,B00G0LVSTA,"StarTech 2-Port PCIe Network Card, Dual Gigabit NIC Card (ST2000SPEXI) | RJ45 Port, Intel i350 Chipset, Ethernet Server / Des",https://www.amazon.co.uk/StarTech-com-Express-Gigabit-Ethernet-Adapter/dp/B00G0LVSTA/ref=zg_bs_g_430500031_d_sccl_5/522-4755054-8671242,"https://images-eu.ssl-images-amazon.com/images/I/713mNkEXUvL._AC_UL600_SR600,400_.jpg",55,,4.4,155,159.46,,,2026-09-25 11:29:52.949243
gpu,Graphics Cards,B0C59RVD98,"XFX SPEEDSTER SWFT210 RADEON RX 7600 CORE Gaming Graphics Card with 8GB GDDR6 HDMI 3xDP, AMD RDNA™ 3 (RX-76PSWFTFY)",https://www.amazon.co.uk/XFX-SPEEDSTER-SWFT210-Graphics-RX-76PSWFTFY/dp/B0C59RVD98/ref=zg_bs_g_430500031_d_sccl_6/522-4755054-8671242,"https://images-eu.ssl-images-amazon.com/images/I/611CmYuyJdL._AC_UL600_SR600,400_.jpg",56,c4f1a62d4fb4aa1f,4.4,508,309.94,,,2026-09-25 11:29:52.949244
gpu,Graphics Cards,B0FDQXHYFW,"Gigabyte GeForce RTX 5060 Ti WINDFORCE MAX OC 16G Graphics Card - 16GB GDDR7, 128bit, PCI-E 5.0, 2587MHz Core Clock, 3 x DP,",https://www.amazon.co.uk/Gigabyte-GeForce-5060-WINDFORCE-Graphics/dp/B0FDQXHYFW/ref=zg_bs_g_430500031_d_sccl_7/522-4755054-8671242,"https://images-eu.ssl-images-amazon.com/images/I/71AuwpBRRoL._AC_UL600_SR600,400_.jpg",57,,4.7,132,890.58,,,2026-09-25 11:29:52.949245
gpu,Graphics Cards,B0FMS51B6M,"ASUS Dual GeForce RTX 5060 8GB GDDR7 White OC Edition (PCIe 5.0, 8GB GDDR7, DLSS 4, HDMI 2.1b, DisplayPort 2.1b, 2.5-slot des",https://www.amazon.co.uk/ASUS-DisplayPort-2-5-slot-Axial-tech-technology/dp/B0FMS51B6M/ref=zg_bs_g_430500031_d_sccl_8/522-4755054-8671242,"https://images-eu.ssl-images-amazon.com/images/I/71Ip-T9YmiL._AC_UL600_SR600,400_.jpg",58,,4.8,36,419.99,,,2026-09-25 11:29:52.949245
gpu,Graphics Cards,B0D83F4M8S,"GPU Support Bracket, 2 pcs Graphics Card Support, Aluminum Alloy GPU Sag Holder, Black Gpu Stand Bracket Adjustable 74-120MM",https://www.amazon.co.uk/Support-Graphics-Aluminum-Adjustable-74-120MM/dp/B0D83F4M8S/ref=zg_bs_g_430500031_d_sccl_9/522-4755054-8671242,"https://images-eu.ssl-images-amazon.com/images/I/51I6NKIDtaL._AC_UL600_SR600,400_.jpg",59,,4.6,67,5.59,,,2026-09-25 11:29:52.949246
gpu,Graphics Cards,B0GF9LX5ZK,"GIGABYTE AORUS RTX 5060 Ti AI BOX Graphics Card - 16GB GDDR7, 128bit, PCI-E 5.0, 2572MHz Core Clock, 3 x DP 2.1, 1 x HDMI 2.1",https://www.amazon.co.uk/GIGABYTE-AORUS-5060-Graphics-GV-N506TIXEB-16GD/dp/B0GF9LX5ZK/ref=zg_bs_g_430500031_d_sccl_10/522-4755054-8671242,"https://images-eu.ssl-images-amazon.com/images/I/71TeC9BJmOL._AC_UL600_SR600,400_.jpg",60,4247922294619acf,4.2,34,873.99,,,2026-09-25 11:29:52.949247
gpu,Graphics Cards,B0CYQH4LLL,PNY NVIDIA RTX 2000 Ada Professional Graphics Card 16GB GDDR6,https://www.amazon.co.uk/PNY-Generation-Express-Profile-MiniDisplayPort/dp/B0CYQH4LLL/ref=zg_bs_g_430500031_d_sccl_11/522-4755054-8671242,"https://images-eu.ssl-images-amazon.com/images/I/61eWnGARccL._AC_UL600_SR600,400_.jpg",61,9afbff45ec9b7975,4.5,27,649.99,,,2026-09-25 11:29:52.949247
gpu,Graphics Cards,B0H2NCCDQG,"Sapphire PULSE AMD RADEON RX 9070 GRE GAMING OC Carte Graphique 12GB | Dual HDMI, Dual DP",https://www.amazon.co.uk/Sapphire-PULSE-RADEON-GAMING-Graphique/dp/B0H2NCCDQG/ref=zg_bs_g_430500031_d_sccl_12/522-4755054-8671242,"https://images-eu.ssl-images-amazon.com/images/I/61zDe2P8dsL._AC_UL600_SR600,400_.jpg",62,,5.0,6,,,,2026-09-25 11:29:52.949248
gpu,Graphics Cards,B0CW1PYF4P,"GT 730 4G Graphics Card, 2 HDMI, DisplayPort, VGA, DDR3 64-bit, Low Profile | Video Card for PC, Computer GPU, 30W Low Power,",https://www.amazon.co.uk/SAPLOS-Graphics-DisplayPort-Profile-Computer/dp/B0CW1PYF4P/ref=zg_bs_g_430500031_d_sccl_13/522-4755054-8671242,"https://images-eu.ssl-images-amazon.com/images/I/61msNbqThuL._AC_UL600_SR600,400_.jpg",63,253cfe3a1cdb738a,3.9,75,85.98,,,2026-09-25 11:29:52.949249
gpu,Graphics Cards,B0DTYTNC5H,"ASHATA Graphics Card GPU Brace Support, Video Card Adjustable Anti Sag Holder Bracket, Aluminum Alloy GPU Stand Support 9cm 1",https://www.amazon.co.uk/Graphics-Support-Adjustable-Bracket-Aluminum/dp/B0DTYTNC5H/ref=zg_bs_g_430500031_d_sccl_14/522-4755054-8671242,"https://images-eu.ssl-images-amazon.com/images/I/61jrfW3PfCL._AC_UL600_SR600,400_.jpg",64,,4.6,29,7.05,,,2026-09-25 11:29:52.949250
gpu,Graphics Cards,B00ITJ7X9K,"StarTech.com PEXUSB3S24 2 Port PCI Express (PCIe) SuperSpeed USB 3.0 Card Adapter with UASP, SATA Power, Dual Port USB 3 PCIe",https://www.amazon.co.uk/StarTech-com-Port-Express-SuperSpeed-Adapter-Green-Metallic/dp/B00ITJ7X9K/ref=zg_bs_g_430500031_d_sccl_15/522-4755054-8671242,"https://images-eu.ssl-images-amazon.com/images/I/61uEtEjYwIL._AC_UL600_SR600,400_.jpg",65,,4.5,35,24.99,,,2026-09-25 11:29:52.949250
gpu,Graphics Cards,B0C5DXY2VX,ZOTAC VGA RTX4060TI 8GB Twin Edge OC,https://www.amazon.co.uk/ZOTAC-VGA-RTX4060TI-Twin-Edge/dp/B0C5DXY2VX/ref=zg_bs_g_430500031_d_sccl_16/522-4755054-8671242,"https://images-eu.ssl-images-amazon.com/images/I/81LHZJ-R19L._AC_UL600_SR600,400_.jpg",66,,4.6,33,459.46,,,2026-09-25 11:29:52.949251
gpu,Graphics Cards,B0024CV3SA,StarTech PCI Express to PCI Adapter Card (PEX1PCI1) | PCIe to PCI Converter Adapter with Low Profile / Half-Height Bracket,https://www.amazon.co.uk/StarTech-com-PCI-Express-Adapter-Card/dp/B0024CV3SA/ref=zg_bs_g_430500031_d_sccl_17/522-4755054-8671242,"https://images-eu.ssl-images-amazon.com/images/I/81OqGYUokoL._AC_UL600_SR600,400_.jpg",67,,4.2,312,37.0,,,2026-09-25 11:29:52.949252
gpu,Graphics Cards,B09SL2HV5L,"PNY NVIDIA T1000 8 GB Professional Graphic Card 8GB GDDR6 PCI Express 3.0 x16, Single Slot, 4x Mini-DisplayPort, 8K Support,",https://www.amazon.co.uk/PNY-Professional-Mini-DisplayPort-Ultra-quiet-VCNT1000-8GB-PB/dp/B09SL2HV5L/ref=zg_bs_g_430500031_d_sccl_18/522-4755054-8671242,"https://images-eu.ssl-images-amazon.com/images/I/61lkx4IygiL._AC_UL600_SR600,400_.jpg",68,,4.4,15,478.0,,,2026-09-25 11:29:52.949252
gpu,Graphics Cards,B0DNMH4KQM,Sparkle Intel Arc B580 Titan OC 12GB GDDR6,https://www.amazon.co.uk/Sparkle-Intel-B580-Titan-GDDR6/dp/B0DNMH4KQM/ref=zg_bs_g_430500031_d_sccl_19/522-4755054-8671242,"https://images-eu.ssl-images-amazon.com/images/I/7130pk1Eh0L._AC_UL600_SR600,400_.jpg",69,,4.5,213,347.2,,,2026-09-25 11:29:52.949253
gpu,Graphics Cards,B0C28LJKPZ,"MSI GeForce RTX 3080 SUPRIM X 10G LHR Gaming Graphics Card - 10GB GDDR6X, 1830 MHz, 3x PCI Express Gen 4, 320-bit, 3x DP v 1.",https://www.amazon.co.uk/MSI-GeForce-SUPRIM-Gaming-Graphics/dp/B0C28LJKPZ/ref=zg_bs_g_430500031_d_sccl_20/522-4755054-8671242,"https://images-eu.ssl-images-amazon.com/images/I/71H3CNmLMjL._AC_UL600_SR600,400_.jpg",70,53fd01c02d2f0fff,,,439.99,,,2026-09-25 11:29:52.949254
gpu,Graphics Cards,B0FCFB6Q6P,"SOYO GeForce GT 740 4GB DDR3 Low Profile Graphics Card, 128-Bit 384SP HDMI/VGA/DVI-D Port Triple Output, SFF Half-Height Vide",https://www.amazon.co.uk/SOYO-Geforce-Profile-Graphics-Computer/dp/B0FCFB6Q6P/ref=zg_bs_g_430500031_d_sccl_21/522-4755054-8671242,"https://images-eu.ssl-images-amazon.com/images/I/71heUFOXwTL._AC_UL600_SR600,400_.jpg",71,,4.5,102,43.99,,,2026-09-25 11:29:52.949254
gpu,Graphics Cards,B0DSWL1V89,PALIT GeForce RTX 5080 GamingPro OC (16GB GDDR7/PCI Express 5.0/2700MHz/30000MHz),https://www.amazon.co.uk/Palit-5080-16GB-GAMINGPRO-OC/dp/B0DSWL1V89/ref=zg_bs_g_430500031_d_sccl_22/522-4755054-8671242,"https://images-eu.ssl-images-amazon.com/images/I/81BIPCLJqWL._AC_UL600_SR600,400_.jpg",72,4442b6a749ce2cdd,4.0,9,1287.98,,,2026-09-25 11:29:52.949255
gpu,Graphics Cards,B09RPYGVBW,"ASUS ROG Herculx Graphics Card Holder (Tool-free design, Included spirit level, Solid zinc alloy, 72-128mm, Aura Sync)",https://www.amazon.co.uk/ASUS-Graphics-Tool-free-Included-72-128mm/dp/B09RPYGVBW/ref=zg_bs_g_430500031_d_sccl_23/522-4755054-8671242,"https://images-eu.ssl-images-amazon.com/images/I/71m4QHLRzmL._AC_UL600_SR600,400_.jpg",73,,4.6,1276,34.99,,,2026-09-25 11:29:52.949256
gpu,Graphics Cards,B0CH8252FQ,"QTHREE GeForce GT 730 4GB 64Bit DDR3 Graphics Card,2x HDMI,VGA,DP, Low Profile Dsktop Video Cards for PC Gaming GPU,PCI E x8",https://www.amazon.co.uk/QTHREE-GT-730-Graphics-Monitors/dp/B0CH8252FQ/ref=zg_bs_g_430500031_d_sccl_24/522-4755054-8671242,"https://images-eu.ssl-images-amazon.com/images/I/71zKqU8xrML._AC_UL600_SR600,400_.jpg",74,f1b089dff3182b50,4.2,37,85.99,,,2026-09-25 11:29:52.949257
gpu,Graphics Cards,B096Y5JNZC,"MSI GeForce RTX 5050 8G GAMING OC Graphics Card - RTX 5050 GPU, 8GB GDDR6 (20Gbps/128-bit), PCIe 5.0 - TWIN FROZR 10 (2 x STO",https://www.amazon.co.uk/MSI-GeForce-5050-GAMING-Graphics/dp/B096Y5JNZC/ref=zg_bs_g_430500031_d_sccl_25/522-4755054-8671242,"https://images-eu.ssl-images-amazon.com/images/I/71KgqBcbYNL._AC_UL600_SR600,400_.jpg",75,,4.7,51,333.98,,,2026-09-25 11:29:52.949257
gpu,Graphics Cards,B0F8C4RQ2R,"Sapphire technology Nitro+ AMD Radeon RX 9060 XT Gaming OC, 16GB Dual HDMI-DP",https://www.amazon.co.uk/sapphire-technology-Radeon-Gaming-HDMI-DP/dp/B0F8C4RQ2R/ref=zg_bs_g_430500031_d_sccl_26/522-4755054-8671242,"https://images-eu.ssl-images-amazon.com/images/I/71ZjtpgPKVL._AC_UL600_SR600,400_.jpg",76,8735b8d045ac4b2d,4.6,344,499.98,,,2026-09-25 11:29:52.949258
gpu,Graphics Cards,B08SC1S7CF,EZDIY-FAB [30cm PCIE 3.0 16x Extreme High Speed Riser Cable PCI Express Port GPU Extension Card-Right Angle Connector,https://www.amazon.co.uk/EZDIY-FAB-Extreme-Extension-Card-Right-Connector/dp/B08SC1S7CF/ref=zg_bs_g_430500031_d_sccl_27/522-4755054-8671242,"https://images-eu.ssl-images-amazon.com/images/I/71jnSJZWQFL._AC_UL600_SR600,400_.jpg",77,,4.4,516,21.99,,,2026-09-25 11:29:52.949259
gpu,Graphics Cards,B0FJ8XPXTM,"Gigabyte Radeon AI PRO R9700 AI TOP 32G Graphics Card- 32GB GDDR6, 256 bit, PCI-E 5.0, 2920MHz Core Clock, 3 x DP, 1 x HDMI,",https://www.amazon.co.uk/Gigabyte-Graphics-2920MHz-GV-R9700AI-TOP-32GD/dp/B0FJ8XPXTM/ref=zg_bs_g_430500031_d_sccl_28/522-4755054-8671242,"https://images-eu.ssl-images-amazon.com/images/I/71hLjlU3N0L._AC_UL600_SR600,400_.jpg",78,5c90b80b769a996c,4.0,12,1479.98,,,2026-09-25 11:29:52.949260
gpu,Graphics Cards,B0DTTKCTRD,"ASROCK VGA RX9070 CL 16G, AMD, RX9070, 16GB, GDDR6, 256BIT, 2HDMI + 2DP (3 Fans)",https://www.amazon.co.uk/ASROCK-RX9070-GDDR6-256BIT-2HDMI/dp/B0DTTKCTRD/ref=zg_bs_g_430500031_d_sccl_29/522-4755054-8671242,"https://images-eu.ssl-images-amazon.com/images/I/611Xx8c9puL._AC_UL600_SR600,400_.jpg",79,,4.6,227,,,,2026-09-25 11:29:52.949261
gpu,Graphics Cards,B0C49S5R55,SAPPHIRE PULSE AMD RADEON™ RX 7600 GAMING OC 8GB GDDR6 HDMI/TRIPLE DP LITE,https://www.amazon.co.uk/SAPPHIRE-PULSE-RADEONTM-GAMING-TRIPLE/dp/B0C49S5R55/ref=zg_bs_g_430500031_d_sccl_30/522-4755054-8671242,"https://images-eu.ssl-images-amazon.com/images/I/714nXgTiuAL._AC_UL600_SR600,400_.jpg",80,5cc26a046f81eef6,4.6,458,336.18,,,2026-09-25 11:29:52.949262
gpu,Graphics Cards,B0DWPH5N38,XFX Mercury AMD Radeon RX 9070XT 16GB OC Gaming Graphics Card White,https://www.amazon.co.uk/XFX-Mercury-Radeon-Gaming-GDDR6/dp/B0DWPH5N38/ref=zg_bs_g_430500031_d_sccl_81/522-4755054-8671242,"https://images-eu.ssl-images-amazon.com/images/I/61SB+a5kPpL._AC_UL300_SR300,200_.jpg",81,5ecd12c3ca1f7a90,4.5,137,757.98,,,2026-09-25 11:29:52.949262
gpu,Graphics Cards,B0F24C86GS,"YIMATEECO PCIE X16 Protector PCI Express X16 Male Anti Dust, Graphics Card Protector Dust Cap with Antistatic Bag, Sticker fo",https://www.amazon.co.uk/YIMATEECO-Protector-Graphics-Antistatic-Transportation/dp/B0F24C86GS/ref=zg_bs_g_430500031_d_sccl_82/522-4755054-8671242,"https://images-eu.ssl-images-amazon.com/images/I/71aYEmAtHQL._AC_UL300_SR300,200_.jpg",82,,4.4,13,12.99,,,2026-09-25 11:29:52.949263
gpu,Graphics Cards,B00OUSU2P6,"StarTech Dual Port PCIe Network Card, Dual Port Gigabit NIC (ST1000SPEXD4) | RJ45 Port, Realtek RTL8111H Chipset, Low Profile",https://www.amazon.co.uk/StarTech-com-Gigabit-Express-Network-Ethernet-Multi-Colour/dp/B00OUSU2P6/ref=zg_bs_g_430500031_d_sccl_83/522-4755054-8671242,"https://images-eu.ssl-images-amazon.com/images/I/61eJj-pg8VL._AC_UL300_SR300,200_.jpg",83,,4.4,184,92.38,,,2026-09-25 11:29:52.949264
gpu,Graphics Cards,B0FRPFG6NW,PNY GeForce RTX™ 5050 8GB Dual Fan Graphics Card DLSS 4,https://www.amazon.co.uk/PNY-GEFORCE-RTXTM-5050-Dual/dp/B0FRPFG6NW/ref=zg_bs_g_430500031_d_sccl_84/522-4755054-8671242,"https://images-eu.ssl-images-amazon.com/images/I/61wqxkRD8AL._AC_UL300_SR300,200_.jpg",84,,4.5,65,,,,2026-09-25 11:29:52.949265
gpu,Graphics Cards,B0BPCVS2NM,"Nvidia Quadro P400 2GB GDDR5 Single-Slot Graphics Card – 256 CUDA Cores, 64bit, 32GB/s, 3 Mini DisplayPort 1.4 Ports, 30W, PC",https://www.amazon.co.uk/Nvidia-Quadro-GDDR5-Single-Slot-Graphics/dp/B0BPCVS2NM/ref=zg_bs_g_430500031_d_sccl_85/522-4755054-8671242,"https://images-eu.ssl-images-amazon.com/images/I/41TqXCCEO4L._AC_UL300_SR300,200_.jpg",85,,5.0,2,110.0,,,2026-09-25 11:29:52.949265
gpu,Graphics Cards,B0FQCR9QQZ,"ASUS ProArt NVIDIA GeForce RTX 5070 Ti OC Edition, 16GB GDDR7, 256 Bit, PCIe 5.0, 2.5 Slot, 1 HDMI 2.1, 3 DisplayPort 2.1, US",https://www.amazon.co.uk/ASUS-ProArt-GeForce-DisplayPort-PROART-RTX5070TI-O16G/dp/B0FQCR9QQZ/ref=zg_bs_g_430500031_d_sccl_86/522-4755054-8671242,"https://images-eu.ssl-images-amazon.com/images/I/71ry-dq5kKL._AC_UL300_SR300,200_.jpg",86,,4.8,11,1149.95,,,2026-09-25 11:29:52.949266
gpu,Graphics Cards,B0FW46JDWZ,VGA PowerColor Radeon Hellhound Reva OC RX 9070 XT 16GB GDDR6,https://www.amazon.co.uk/PowerColor-Radeon-Hellhound-OC-GDDR6/dp/B0FW46JDWZ/ref=zg_bs_g_430500031_d_sccl_87/522-4755054-8671242,"https://images-eu.ssl-images-amazon.com/images/I/81-Mzh41NAL._AC_UL300_SR300,200_.jpg",87,,4.5,23,779.99,,,2026-09-25 11:29:52.949267
gpu,Graphics Cards,B0FCLYF2KY,"EZDIY-FAB PCIe 5.0 Riser Cable, Gen5 GPU Extender, Straight, 30cm, Black",https://www.amazon.co.uk/EZDIY-FAB-Bandwidth-Extension-Compatible-Straight-30cm/dp/B0FCLYF2KY/ref=zg_bs_g_430500031_d_sccl_88/522-4755054-8671242,"https://images-eu.ssl-images-amazon.com/images/I/71mfQRIasRL._AC_UL300_SR300,200_.jpg",88,,4.2,43,65.99,,,2026-09-25 11:29:52.949268
gpu,Graphics Cards,B0FN85QDCD,"Gigabyte GeForce RTX 5060 EAGLE MAX OC 8G Graphics Card - 8GB GDDR7, 128bit, PCI-E 5.0, 2550 MHz Core Clock, 3 x DisplayPort,",https://www.amazon.co.uk/Gigabyte-GeForce-5060-EAGLE-Graphics/dp/B0FN85QDCD/ref=zg_bs_g_430500031_d_sccl_89/522-4755054-8671242,"https://images-eu.ssl-images-amazon.com/images/I/71QVNiR98sL._AC_UL300_SR300,200_.jpg",89,,4.4,55,399.95,,,2026-09-25 11:29:52.949268
gpu,Graphics Cards,B0FCLX5G45,"EZDIY-FAB PCIe 5.0 Riser Cable, Gen5 GPU Extender, Right Angle, 20cm, White | Vertical GPU Mount, 128GB/s Bandwidth, RTX 5090",https://www.amazon.co.uk/EZDIY-FAB-Bandwidth-Extension-Compatible-Angle-20cm/dp/B0FCLX5G45/ref=zg_bs_g_430500031_d_sccl_90/522-4755054-8671242,"https://images-eu.ssl-images-amazon.com/images/I/71WaTakthTL._AC_UL300_SR300,200_.jpg",90,,4.2,135,59.99,,,2026-09-25 11:29:52.949269
gpu,Graphics Cards,B0FPDRFYT7,"GIGABYTE AORUS RTX 5090 AI BOX Graphics Card - 32GB GDDR7, 512bit, PCI-E 5.0, 2407MHz Core Clock, 3 x DP 2.1, 1 x HDMI 2.1, G",https://www.amazon.co.uk/GIGABYTE-AORUS-5090-Graphics-GV-N5090IXEB-32GD-Black/dp/B0FPDRFYT7/ref=zg_bs_g_430500031_d_sccl_91/522-4755054-8671242,"https://images-eu.ssl-images-amazon.com/images/I/71f-tyhHTYL._AC_UL300_SR300,200_.jpg",91,,1.0,1,4699.72,,,2026-09-25 11:29:52.949270
gpu,Graphics Cards,B0DBQ4PSD7,"EZDIY-FAB Shield Series 8-Pin PCIe GPU Power Adapter,90-Degree Angled Connector, Aluminum Design for Graphics Cards – Reverse",https://www.amazon.co.uk/EZDIY-FAB-90-Degree-Connector-Aluminum-Graphics/dp/B0DBQ4PSD7/ref=zg_bs_g_430500031_d_sccl_92/522-4755054-8671242,"https://images-eu.ssl-images-amazon.com/images/I/51D3XFQzBNL._AC_UL300_SR300,200_.jpg",92,,4.0,16,13.99,,,2026-09-25 11:29:52.949271
gpu,Graphics Cards,B0F7HBKSF7,"upHere GH80K GPU Support Bracket, Adjustable Height Graphics Card Support, GPU Stand with Magnet & Non-Slip Sheet, GPU Anti S",https://www.amazon.co.uk/upHere-GH80K-Adjustable-Graphics-Universal/dp/B0F7HBKSF7/ref=zg_bs_g_430500031_d_sccl_93/522-4755054-8671242,"https://images-eu.ssl-images-amazon.com/images/I/61Htug5tuML._AC_UL300_SR300,200_.jpg",93,,4.4,35,4.99,,,2026-09-25 11:29:52.949271
gpu,Graphics Cards,B0CW9GJWP3,"Geforce GTX 750 Ti Graphics Card, 4GB GDDR5 128-bit, DVI-D, HDMI, VGA | Triple Display, Low Profile, Video Card for PC, GPU,",https://www.amazon.co.uk/SAPLOS-Geforce-Graphics-128-bit-Profile/dp/B0CW9GJWP3/ref=zg_bs_g_430500031_d_sccl_94/522-4755054-8671242,"https://images-eu.ssl-images-amazon.com/images/I/61cWP9uxATL._AC_UL300_SR300,200_.jpg",94,467aa3ef361cdf22,4.2,61,102.99,,,2026-09-25 11:29:52.949272
gpu,Graphics Cards,B06XB7NY29,"PNY Quadro P4000 Professional Graphic Card 8GB GDDR5 PCI Express 3.0 x16, Dual Slot, 4x DisplayPort, 5K Support, Ultra-quiet",https://www.amazon.co.uk/PNY-NVIDIA-Express-Professional-Graphic/dp/B06XB7NY29/ref=zg_bs_g_430500031_d_sccl_95/522-4755054-8671242,"https://images-eu.ssl-images-amazon.com/images/I/71wi6+Pe3TL._AC_UL300_SR300,200_.jpg",95,,4.6,37,205.0,,,2026-09-25 11:29:52.949273
gpu,Graphics Cards,B0FG33PH79,"MSI GeForce RTX 5050 8G SHADOW 2X OC Graphics Card - RTX 5050 GPU, 8GB GDDR6 (20Gbps/128-bit), PCIe 5.0 - DUAL-Fan Thermal De",https://www.amazon.co.uk/MSI-GeForce-5050-SHADOW-Graphics/dp/B0FG33PH79/ref=zg_bs_g_430500031_d_sccl_96/522-4755054-8671242,"https://images-eu.ssl-images-amazon.com/images/I/71spmtQxCuL._AC_UL300_SR300,200_.jpg",96,,4.5,162,378.29,,,2026-09-25 11:29:52.949273
gpu,Graphics Cards,B0G1Y9J781,"Xynsviu GTX750 Ti 8GB GDDR5 4 HDMI 4K 60Hz Multi Monitor Graphics Card | 4 HDMI card for office multi-screen, trading and dig",https://www.amazon.co.uk/Xynsviu-GeForce-Graphics-Profile-GTX750ti/dp/B0G1Y9J781/ref=zg_bs_g_430500031_d_sccl_97/522-4755054-8671242,"https://images-eu.ssl-images-amazon.com/images/I/61w7p6bq5rL._AC_UL300_SR300,200_.jpg",97,467aa3ef361cdf22,4.6,3,151.99,,,2026-09-25 11:29:52.949274
gpu,Graphics Cards,B0FR46SYYL,"SAPLOS GT 730 4GD3 128-bit Graphics Card, Dual HDMI, VGA, Low Profile Ready, Low Power, PCI Express x16, DirectX 11, Entry Le",https://www.amazon.co.uk/SAPLOS-128-bit-Profile-Graphics-Computer/dp/B0FR46SYYL/ref=zg_bs_g_430500031_d_sccl_98/522-4755054-8671242,"https://images-eu.ssl-images-amazon.com/images/I/61cMM2LnReL._AC_UL300_SR300,200_.jpg",98,16bbe71bab0646cd,3.8,228,62.99,,,2026-09-25 11:29:52.949275
gpu,Graphics Cards,B0DZCYPFVT,"MSI GeForce RTX 5070 12G SHADOW 2X OC Graphics Card - RTX 5070 GPU, 12GB GDDR7 (28Gbps/192-bit), PCIe 5.0 - Dual Fan Thermal",https://www.amazon.co.uk/MSI-GeForce-5070-SHADOW-Graphics/dp/B0DZCYPFVT/ref=zg_bs_g_430500031_d_sccl_99/522-4755054-8671242,"https://images-eu.ssl-images-amazon.com/images/I/61r4E88gZGL._AC_UL300_SR300,200_.jpg",99,,4.4,268,749.99,,,2026-09-25 11:29:52.949276
gpu,Graphics Cards,B0DXVYQN67,XFX Mercury Radeon RX 9070 XT OC Magnetic Air Edition RGB AMD 16 GB GDDR6,https://www.amazon.co.uk/XFX-Mercury-Radeon-Magnetic-GDDR6/dp/B0DXVYQN67/ref=zg_bs_g_430500031_d_sccl_100/522-4755054-8671242,"https://images-eu.ssl-images-amazon.com/images/I/61pfMe6lq9L._AC_UL300_SR300,200_.jpg",100,572b77d6debaa548,4.7,95,798.0,,,2026-09-25 11:29:52.949277
motherboard,Motherboards,B08K16S4K1,"Gigabyte B550 Gaming X V2 Motherboard - Supports AMD Ryzen 5000 Series AM4 CPUs, 10+3 Phases Digital Twin Power Design, up to",https://www.amazon.co.uk/Gigabyte-B550-GAMING-V2-Motherboard/dp/B08K16S4K1/ref=zg_bs_g_430512031_d_sccl_1/524-3698123-6031407,"https://images-eu.ssl-images-amazon.com/images/I/81LeNxQOZ8L._AC_UL600_SR600,400_.jpg",1,940abdb7138bd7ae,4.5,2222,86.99,,,2026-09-25 11:37:31.845474
motherboard,Motherboards,B0DQM8GPR7,"Gigabyte B850 AORUS ELITE WIFI7 Motherboard - AMD Ryzen 9000 Series CPUs, 14+2+2 Phases Digital VRM, up to 8200MHz DDR5 (OC),",https://www.amazon.co.uk/GIGABYTE-B850-AORUS-ELITE-Motherboard/dp/B0DQM8GPR7/ref=zg_bs_g_430512031_d_sccl_2/524-3698123-6031407,"https://images-eu.ssl-images-amazon.com/images/I/81mR2CrulmL._AC_UL600_SR600,400_.jpg",2,,4.5,380,187.99,,,2026-09-25 11:37:31.845477
motherboard,Motherboards,B096Y1H9VR,"MSI B850 GAMING PLUS WIFI6E Motherboard, ATX - Supports AMD Ryzen 9000/8000 / 7000 Processors, AM5 - DDR5 Memory Boost 8200+",https://www.amazon.co.uk/MSI-B850-GAMING-WIFI6E-Motherboard/dp/B096Y1H9VR/ref=zg_bs_g_430512031_d_sccl_3/524-3698123-6031407,"https://images-eu.ssl-images-amazon.com/images/I/81Ezo61FTmL._AC_UL600_SR600,400_.jpg",3,,4.4,414,124.7,,,2026-09-25 11:37:31.845478
motherboard,Motherboards,B0BXFBN121,"Gigabyte A520M K V2 Motherboard - Supports AMD Ryzen 5000 Series AM4 CPUs, up to 5100MHz DDR4 (OC), PCIe Gen3 x4 M.2, GbE LAN",https://www.amazon.co.uk/Gigabyte-Motherboard-Bandwidth-Management-Anti-Sulfur/dp/B0BXFBN121/ref=zg_bs_g_430512031_d_sccl_4/524-3698123-6031407,"https://images-eu.ssl-images-amazon.com/images/I/8167DVOm0ZL._AC_UL600_SR600,400_.jpg",4,4298fbaeeb16e08c,4.4,1725,42.99,,,2026-09-25 11:37:31.845478
motherboard,Motherboards,B0CSKH1NJF,"Gigabyte B650 EAGLE AX Motherboard - Supports AMD Ryzen 7000 CPUs, 12+2+2 Phases Digital VRM, up to 7600MHz DDR5 (OC), 1xPCIe",https://www.amazon.co.uk/Gigabyte-B650-EAGLE-AX-Motherboard/dp/B0CSKH1NJF/ref=zg_bs_g_430512031_d_sccl_5/524-3698123-6031407,"https://images-eu.ssl-images-amazon.com/images/I/61g+rl0poXL._AC_UL600_SR600,400_.jpg",5,c39e45506e070f1f,4.6,1273,109.99,,,2026-09-25 11:37:31.845479
motherboard,Motherboards,B08NCK1MBQ,"MSI B550M PRO-VDH Motherboard M-ATX - Supports AMD Ryzen 3rd Gen Processors, AM4, DDR4 Boost (4400MHz/OC), 1 x PCIe 4.0/3.0 x",https://www.amazon.co.uk/MSI-PRO-VDH-Motherboard-Ryzen-Type-C/dp/B08NCK1MBQ/ref=zg_bs_g_430512031_d_sccl_6/524-3698123-6031407,"https://images-eu.ssl-images-amazon.com/images/I/91UMFdeYvVL._AC_UL600_SR600,400_.jpg",6,,4.4,586,79.99,,,2026-09-25 11:37:31.845480
motherboard,Motherboards,B0GPD5XHFW,MAG B850 TOMAHAWK MAX WIFI II,https://www.amazon.co.uk/MAG-B850-TOMAHAWK-MAX-WIFI/dp/B0GPD5XHFW/ref=zg_bs_g_430512031_d_sccl_7/524-3698123-6031407,"https://images-eu.ssl-images-amazon.com/images/I/81NDecfhM1L._AC_UL600_SR600,400_.jpg",7,,5.0,1,229.99,,,2026-09-25 11:37:31.845481
motherboard,Motherboards,B09LVQXHBG,"ASUS PRIME B550M-A WIFI II, AMD B550, AM4, Micro ATX, 4 DDR4, VGA, DVI, HDMI, Wi-Fi, PCIe4, 2x M.2",https://www.amazon.co.uk/ASUS-PRIME-B550M-Micro-Wi-Fi/dp/B09LVQXHBG/ref=zg_bs_g_430512031_d_sccl_8/524-3698123-6031407,"https://images-eu.ssl-images-amazon.com/images/I/81XfxEDurJL._AC_UL600_SR600,400_.jpg",8,,4.4,687,87.99,,,2026-09-25 11:37:31.845481
motherboard,Motherboards,B0BJW1G7VN,"MSI PRO B760-P WIFI DDR4 Motherboard, ATX - Supports Intel 14th, 13th & 12th Gen Core Processors, LGA 1700 - DDR4 Memory Boos",https://www.amazon.co.uk/MSI-PRO-B760-P-WIFI-DDR4/dp/B0BJW1G7VN/ref=zg_bs_g_430512031_d_sccl_9/524-3698123-6031407,"https://images-eu.ssl-images-amazon.com/images/I/81yaPDSDDmL._AC_UL600_SR600,400_.jpg",9,,4.5,690,139.99,,,2026-09-25 11:37:31.845482
motherboard,Motherboards,B0BT9Q9KTN,"MSI MAG X870E TOMAHAWK WIFI Motherboard, ATX-Ryzen 9000/8000/7000, AM5,DDR5",https://www.amazon.co.uk/MSI-X870E-TOMAHAWK-WIFI-Motherboard/dp/B0BT9Q9KTN/ref=zg_bs_g_430512031_d_sccl_10/524-3698123-6031407,"https://images-eu.ssl-images-amazon.com/images/I/81ZRDFQt4kL._AC_UL600_SR600,400_.jpg",10,9c867b693df6dc97,4.4,359,272.99,,,2026-09-25 11:37:31.845483
motherboard,Motherboards,B0DP5DQPRC,"ASUS TUF GAMING B850-PLUS WIFI AMD ATX motherboard, 14+2+1 80A DrMOS power stages, DDR5, PCIe 5.0 Ready, 3xM.2 slots, Wi-Fi 7",https://www.amazon.co.uk/ASUS-B850-PLUS-motherboard-Ethernet-DisplayPort/dp/B0DP5DQPRC/ref=zg_bs_g_430512031_d_sccl_11/524-3698123-6031407,"https://images-eu.ssl-images-amazon.com/images/I/81Feh+ggmWL._AC_UL600_SR600,400_.jpg",11,,4.5,410,188.98,,,2026-09-25 11:37:31.845484
motherboard,Motherboards,B09GP7P1XS,ASUS ROG STRIX B550-F GAMING WIFI II ATX Motherboard Socket AM4 AMD B550 Chipset -90MB19V0-M0EAY0,https://www.amazon.co.uk/ROG-B550-F-II-Motherboard-Addressable/dp/B09GP7P1XS/ref=zg_bs_g_430512031_d_sccl_12/524-3698123-6031407,"https://images-eu.ssl-images-amazon.com/images/I/81S9D7bqEzL._AC_UL600_SR600,400_.jpg",12,311d1d8017b06af6,4.6,3664,139.99,,,2026-09-25 11:37:31.845484
motherboard,Motherboards,B0DP5FBV4P,"ASUS ROG Strix B850-A Gaming WiFi AMD ATX motherboard, 14+2+2 power stages, DDR5 slots, four M.2 slots, PCIe 5.0, WiFi 7, USB",https://www.amazon.co.uk/ASUS-Gaming-motherboard-stages-20Gbps/dp/B0DP5FBV4P/ref=zg_bs_g_430512031_d_sccl_13/524-3698123-6031407,"https://images-eu.ssl-images-amazon.com/images/I/81N43F7hC+L._AC_UL600_SR600,400_.jpg",13,,4.6,281,197.99,,,2026-09-25 11:37:31.845485
motherboard,Motherboards,B0DFQFLQP2,"GIGABYTE X870E AORUS ELITE WIFI7 Motherboard - Supports AMD Ryzen 9000 CPUs, 16+2+2 Phases Digital VRM, up to 8000Hz DDR5 (OC",https://www.amazon.co.uk/GIGABYTE-X870E-ELITE-WIFI7-Motherboard/dp/B0DFQFLQP2/ref=zg_bs_g_430512031_d_sccl_14/524-3698123-6031407,"https://images-eu.ssl-images-amazon.com/images/I/81wFf2sm6lL._AC_UL600_SR600,400_.jpg",14,673cfa491b860f59,4.4,215,258.99,,,2026-09-25 11:37:31.845486
motherboard,Motherboards,B08B4V6H3N,"MSI MPG B550 GAMING PLUS Motherboard ATX - Ryzen 3rd Gen, AM4, DDR4, PCIe4",https://www.amazon.co.uk/MSI-GAMING-Motherboard-DisplayPort-Generation/dp/B08B4V6H3N/ref=zg_bs_g_430512031_d_sccl_15/524-3698123-6031407,"https://images-eu.ssl-images-amazon.com/images/I/61hPyxPlRjL._AC_UL600_SR600,400_.jpg",15,,4.5,5768,101.99,,,2026-09-25 11:37:31.845487
motherboard,Motherboards,B06XKHN62M,"ELEGOO MEGA 2560 R3 Board with USB Cable Compatible with Arduino Blue | 54 Digital I/O, 16 Analog Inputs, 256 KB Flash, RoHS",https://www.amazon.co.uk/ELEGOO-Controller-ATmega2560-ATMEGA16U2-Compatible/dp/B06XKHN62M/ref=zg_bs_g_430512031_d_sccl_16/524-3698123-6031407,"https://images-eu.ssl-images-amazon.com/images/I/71f3KuLo7jL._AC_UL600_SR600,400_.jpg",16,,4.8,953,16.97,,,2026-09-25 11:37:31.845487
motherboard,Motherboards,B0CK2FCG1K,Raspberry Pi 5 (8GB),https://www.amazon.co.uk/Raspberry-Pi-SC1112-5-8GB/dp/B0CK2FCG1K/ref=zg_bs_g_430512031_d_sccl_17/524-3698123-6031407,"https://images-eu.ssl-images-amazon.com/images/I/81XB4LUuFOL._AC_UL600_SR600,400_.jpg",17,,4.6,2978,168.0,,,2026-09-25 11:37:31.845488
motherboard,Motherboards,B0BNQGQF43,"ASUS PRIME B760M-A WiFi D4 Intel LGA 1700, 4 x DIMM DDR4, 1 x Display Port, 2 x HDMI Ports",https://www.amazon.co.uk/ASUS-PRIME-B760M-Intel-Display/dp/B0BNQGQF43/ref=zg_bs_g_430512031_d_sccl_18/524-3698123-6031407,"https://images-eu.ssl-images-amazon.com/images/I/81KBG+WwHbL._AC_UL600_SR600,400_.jpg",18,,4.2,190,105.95,,,2026-09-25 11:37:31.845489
motherboard,Motherboards,B09LVQYGXH,"ASUS TUF Gaming B550-PLUS (WI-FI), AMD B550 (Ryzen AM4) ATX motherboard (PCIe 4.0, dual M.2, 10 DrMOS, DDR4 4400, Intel® WiFi",https://www.amazon.co.uk/ASUS-TUF-GAMING-B550-PLUS-WIFI/dp/B09LVQYGXH/ref=zg_bs_g_430512031_d_sccl_19/524-3698123-6031407,"https://images-eu.ssl-images-amazon.com/images/I/81p3A4HhbdL._AC_UL600_SR600,400_.jpg",19,3c28a1fb58b961af,4.4,920,118.99,,,2026-09-25 11:37:31.845490
motherboard,Motherboards,B0CFY88TFH,"MSI Z790 GAMING PLUS WIFI Motherboard, ATX - Supports Intel 14th, 13th & 12th Gen Core Processors, LGA 1700 - DDR5 Memory Boo",https://www.amazon.co.uk/MSI-Z790-GAMING-PLUS-Motherboard/dp/B0CFY88TFH/ref=zg_bs_g_430512031_d_sccl_20/524-3698123-6031407,"https://images-eu.ssl-images-amazon.com/images/I/81gYKM433dL._AC_UL600_SR600,400_.jpg",20,,4.3,485,169.99,,,2026-09-25 11:37:31.845490
motherboard,Motherboards,B08BCR4ZRS,"MSI B550M PRO-VDH WIFI Motherboard M-ATX - Ryzen 5000, AM4, DDR4, Wi-Fi 6",https://www.amazon.co.uk/MSI-PRO-VDH-Motherboard-DisplayPort-Generation/dp/B08BCR4ZRS/ref=zg_bs_g_430512031_d_sccl_21/524-3698123-6031407,"https://images-eu.ssl-images-amazon.com/images/I/81OvzNNZttL._AC_UL600_SR600,400_.jpg",21,c83d3f16f85a7058,4.4,1419,,,,2026-09-25 11:37:31.845491
motherboard,Motherboards,B08KBSRYGF,"ASUS ROG Strix B550-A Gaming AMD AM4 ATX Gaming Motherboard | PCIe® 4.0, 12+1 power stages, DDR4, 2.5Gb LAN, Dual M.2, BIOS F",https://www.amazon.co.uk/ASUS-WAVE-STRIX-B550-GAMING/dp/B08KBSRYGF/ref=zg_bs_g_430512031_d_sccl_22/524-3698123-6031407,"https://images-eu.ssl-images-amazon.com/images/I/81SQeprCnuL._AC_UL600_SR600,400_.jpg",22,,4.6,2377,119.99,,,2026-09-25 11:37:31.845492
motherboard,Motherboards,B071GZ8DYY,Raspberry Pi 3 Model B CPU 1.2GHz/1GB/USB2.0/HDMI/Bluetooth/WiFi RASPBERRYPI3-MODB-1G,https://www.amazon.co.uk/Raspberry-Pi-1-2GHz-Bluetooth-RASPBERRYPI3-MODB-1G/dp/B071GZ8DYY/ref=zg_bs_g_430512031_d_sccl_23/524-3698123-6031407,"https://images-eu.ssl-images-amazon.com/images/I/711zOEZYGWL._AC_UL600_SR600,400_.jpg",23,,5.0,12,33.6,,,2026-09-25 11:37:31.845493
motherboard,Motherboards,B008GRTSV6,"Arduino Uno REV3 [A000066] - ATmega328P Microcontroller, 16MHz, 14 Digital I/O Pins, 6 Analog Inputs, 32KB Flash, USB Connect",https://www.amazon.co.uk/Arduino-A000066-ARDUINO-UNO-REV3/dp/B008GRTSV6/ref=zg_bs_g_430512031_d_sccl_24/524-3698123-6031407,"https://images-eu.ssl-images-amazon.com/images/I/71ok6q+8tEL._AC_UL600_SR600,400_.jpg",24,,4.7,9771,24.85,,,2026-09-25 11:37:31.845493
motherboard,Motherboards,B0CSKFTP5V,"Gigabyte H610M H V3 DDR4 Motherboard - Supports Intel Core 14th CPUs, 4+1+1 Hybrid Phases Digital VRM, up to 3200MHz DDR4, 1x",https://www.amazon.co.uk/Gigabyte-H610M-V3-DDR4-Motherboard/dp/B0CSKFTP5V/ref=zg_bs_g_430512031_d_sccl_25/524-3698123-6031407,"https://images-eu.ssl-images-amazon.com/images/I/61CJ3nOW11L._AC_UL600_SR600,400_.jpg",25,,4.5,145,52.99,,,2026-09-25 11:37:31.845494
motherboard,Motherboards,B0FBMKP34R,"GIGABYTE X870 AORUS STEALTH ICE Motherboard - Supports AMD Ryzen 9000 CPUs, 16+2+2 Phases Digital VRM, up to 8200Hz DDR5 (OC)",https://www.amazon.co.uk/GIGABYTE-X870-STEALTH-ICE-Motherboard/dp/B0FBMKP34R/ref=zg_bs_g_430512031_d_sccl_26/524-3698123-6031407,"https://images-eu.ssl-images-amazon.com/images/I/716epmm4EjL._AC_UL600_SR600,400_.jpg",26,,4.6,44,299.99,,,2026-09-25 11:37:31.845495
motherboard,Motherboards,B0BSLJCK6F,"MSI PRO B650-A WIFI Motherboard, ATX - Supports AMD Ryzen 9000/8000 / 7000 Series Processors, AM5 - DDR5 Memory Boost 7600+MH",https://www.amazon.co.uk/MSI-PRO-B650-WIFI-Motherboard/dp/B0BSLJCK6F/ref=zg_bs_g_430512031_d_sccl_27/524-3698123-6031407,"https://images-eu.ssl-images-amazon.com/images/I/81YKwBpjnLL._AC_UL600_SR600,400_.jpg",27,,4.5,454,129.99,,,2026-09-25 11:37:31.845496
motherboard,Motherboards,B01CD5VC92,Raspberry Pi 3 Model B Quad Core CPU 1.2 GHz 1 GB RAM Motherboard,https://www.amazon.co.uk/Raspberry-Pi-Model-Quad-Motherboard/dp/B01CD5VC92/ref=zg_bs_g_430512031_d_sccl_28/524-3698123-6031407,"https://images-eu.ssl-images-amazon.com/images/I/91zSu44+34L._AC_UL600_SR600,400_.jpg",28,,4.7,11951,42.49,,,2026-09-25 11:37:31.845496
motherboard,Motherboards,B0DGQ9C2TH,"ASUS TUF GAMING X870-PLUS WIFI AMD ATX motherboard, 16+2+1(80A) power stages, DDR5, PCIe 5.0 w/ full support for next-gen GPU",https://www.amazon.co.uk/ASUS-X870-PLUS-motherboard-support-next-gen/dp/B0DGQ9C2TH/ref=zg_bs_g_430512031_d_sccl_29/524-3698123-6031407,"https://images-eu.ssl-images-amazon.com/images/I/8142EMqsPdL._AC_UL600_SR600,400_.jpg",29,,4.4,210,209.99,,,2026-09-25 11:37:31.845497
motherboard,Motherboards,B0D868ST5C,"Logic Analyzer 8CH Binghe Logic Analyzer USB 24MHz 8CH, USB Logic Analyzer, UART, SPI, IIC Logic Analyzer with USB Cable Comp",https://www.amazon.co.uk/Logic-Analyzer-Binghe-Compatible-Arduino/dp/B0D868ST5C/ref=zg_bs_g_430512031_d_sccl_30/524-3698123-6031407,"https://images-eu.ssl-images-amazon.com/images/I/61HHE3x5J9L._AC_UL600_SR600,400_.jpg",30,,4.3,66,6.99,,,2026-09-25 11:37:31.845498
motherboard,Motherboards,B07KKBCXLY,Raspberry Pi 3 A+,https://www.amazon.co.uk/Raspberry-Pi-RP-3A-3-A/dp/B07KKBCXLY/ref=zg_bs_g_430512031_d_sccl_31/524-3698123-6031407,"https://images-eu.ssl-images-amazon.com/images/I/61KFyFJWFzL._AC_UL300_SR300,200_.jpg",31,,4.7,1186,24.0,,,2026-09-25 11:37:31.845499
motherboard,Motherboards,B0D8F6NNVK,"diymore 1 Pieces for ESP32 CAM Development Board,for ESP32 USB-C with 2640 Camera Module WiFi Bluetooth,for ESP32 DC 5V dual-",https://www.amazon.co.uk/diymore-ESP32-Development-Camera-ModuleWiFi/dp/B0D8F6NNVK/ref=zg_bs_g_430512031_d_sccl_32/524-3698123-6031407,"https://images-eu.ssl-images-amazon.com/images/I/61C6qyGAe0L._AC_UL300_SR300,200_.jpg",32,,3.8,13,9.59,,,2026-09-25 11:37:31.845499
motherboard,Motherboards,B0DFWDFQG7,"Cooler Master MWE Gold 1050 V2 ATX 3.1 Fully Modular PSU (UK Plug) - ATX 3.1 Support, 80 PLUS Gold 1050W Power Supply, PCIe 5",https://www.amazon.co.uk/Cooler-Master-Gold-Fully-Modular/dp/B0DFWDFQG7/ref=zg_bs_g_430512031_d_sccl_33/524-3698123-6031407,"https://images-eu.ssl-images-amazon.com/images/I/81yUHkuhg1L._AC_UL300_SR300,200_.jpg",33,,4.7,9,86.3,,,2026-09-25 11:37:31.845500
motherboard,Motherboards,B09CD4WSR6,"ASUS ROG Strix X870E-H Gaming WiFi7 AMD AM5 ATX Gaming Motherboard | PCIe® 5.0 x16, 16+2+1 power stages, DDR5, WiFi 7, 4X M.2",https://www.amazon.co.uk/ASUS-X870E-H-Gaming-Motherboard-Q-Release/dp/B09CD4WSR6/ref=zg_bs_g_430512031_d_sccl_34/524-3698123-6031407,"https://images-eu.ssl-images-amazon.com/images/I/81+yHYiynjL._AC_UL300_SR300,200_.jpg",34,,4.5,79,284.99,,,2026-09-25 11:37:31.845501
motherboard,Motherboards,B0DGQ91QLK,"ASUS ROG Strix X870-F Gaming WiFi, AMD ATX motherboard, 16+2+2 power stages, DDR5 slots, four M.2 slots, PCIe 5.0 with full s",https://www.amazon.co.uk/ASUS-X870-F-motherboard-support-next-gen/dp/B0DGQ91QLK/ref=zg_bs_g_430512031_d_sccl_35/524-3698123-6031407,"https://images-eu.ssl-images-amazon.com/images/I/819IgIwqotL._AC_UL300_SR300,200_.jpg",35,,4.2,158,333.99,,,2026-09-25 11:37:31.845502
motherboard,Motherboards,B0BV2CQMHJ,"MAG B860 TOMAHAWK WIFI Motherboard, ATX - Supports Intel Core Ultra Processors (Series 2), LGA 1851 - DDR5 Memory Boost 9200+",https://www.amazon.co.uk/MAG-B860-TOMAHAWK-WIFI-Motherboard/dp/B0BV2CQMHJ/ref=zg_bs_g_430512031_d_sccl_36/524-3698123-6031407,"https://images-eu.ssl-images-amazon.com/images/I/81iKni3Cw2L._AC_UL300_SR300,200_.jpg",36,9a4457a5ab1fe275,4.3,50,182.32,,,2026-09-25 11:37:31.845502
motherboard,Motherboards,B0G4MDGG4Z,"2pcs Motherboard USB 2.0 to Dual 9 Pin Extension Cable, Y-Shaped Braided USB 9 Pin Header Splitter PC Cable for Internal Comp",https://www.amazon.co.uk/Motherboard-Extension-Y-Shaped-Splitter-Internal/dp/B0G4MDGG4Z/ref=zg_bs_g_430512031_d_sccl_37/524-3698123-6031407,"https://images-eu.ssl-images-amazon.com/images/I/61fao86vvTL._AC_UL300_SR300,200_.jpg",37,,3.8,7,2.94,,,2026-09-25 11:37:31.845503
motherboard,Motherboards,B0DG9WTMKK,ASRock AMD X870 Pro RS AM5 DDR5 PCIe 5.0 ATX Motherboard,https://www.amazon.co.uk/ASRock-X870-RS-DDR5-Motherboard/dp/B0DG9WTMKK/ref=zg_bs_g_430512031_d_sccl_38/524-3698123-6031407,"https://images-eu.ssl-images-amazon.com/images/I/81QcsMzkOQL._AC_UL300_SR300,200_.jpg",38,,4.2,200,167.99,,,2026-09-25 11:37:31.845504
motherboard,Motherboards,B0BVKYWPFT,"Asus TUF GAMING B760-PLUS WIFI, Intel B760, 1700, ATX, 4 DDR5, HDMI, DP, Wi-Fi 6, 2.5G LAN, PCIe5, 3x M.2, RGB",https://www.amazon.co.uk/ASUS-GAMING-B760-PLUS-WIFI-B760/dp/B0BVKYWPFT/ref=zg_bs_g_430512031_d_sccl_39/524-3698123-6031407,"https://images-eu.ssl-images-amazon.com/images/I/71jDYtdmYaL._AC_UL300_SR300,200_.jpg",39,,4.4,341,102.49,,,2026-09-25 11:37:31.845504
motherboard,Motherboards,B09KB8GGN1,"ASUS ProArt X870E-Creator WiFi AMD AM5 ATX Content Creator Motherboard | PCIe® 5.0 x16, 16+2+2 power stages, DDR5, dual USB4®",https://www.amazon.co.uk/ASUS-X870E-CREATOR-motherboard-support-next-gen/dp/B09KB8GGN1/ref=zg_bs_g_430512031_d_sccl_40/524-3698123-6031407,"https://images-eu.ssl-images-amazon.com/images/I/81qTBHNXtkL._AC_UL300_SR300,200_.jpg",40,831c868dfb9d8c28,4.2,210,499.0,,,2026-09-25 11:37:31.845505
motherboard,Motherboards,B0CSPFLY9N,"Asus TUF GAMING B650-E WIFI, AMD B650, AM5, ATX, 4 DDR5, HDMI, DP, Wi-Fi 6E, 2.5G LAN, PCIe4, 3x M.2",https://www.amazon.co.uk/Asus-GAMING-B650-Wi-Fi-PCIe4/dp/B0CSPFLY9N/ref=zg_bs_g_430512031_d_sccl_41/524-3698123-6031407,"https://images-eu.ssl-images-amazon.com/images/I/81zPD4t8fXL._AC_UL300_SR300,200_.jpg",41,,4.5,458,139.0,,,2026-09-25 11:37:31.845506
motherboard,Motherboards,B0G2BN7W7S,"MSI PRO A620AM-B EVO Motherboard, Micro-ATX - Supports AMD Ryzen 9000/8000 / 7000 Processors, AM5 - DDR5 Memory Boost (6800+",https://www.amazon.co.uk/MSI-PRO-A620AM-B-Motherboard-Micro-ATX/dp/B0G2BN7W7S/ref=zg_bs_g_430512031_d_sccl_42/524-3698123-6031407,"https://images-eu.ssl-images-amazon.com/images/I/81dJvPnRNwL._AC_UL300_SR300,200_.jpg",42,,4.8,7,69.95,,,2026-09-25 11:37:31.845507
motherboard,Motherboards,B0FHQL887B,ADMI CPU/Motherboard Bundle – AMD Ryzen 5 5500 + MSI A520M PRO-A (No RAM) – Pre-Assembled & Tested,https://www.amazon.co.uk/ADMI-Motherboard-Bundle-PRO-Pre-Assembled/dp/B0FHQL887B/ref=zg_bs_g_430512031_d_sccl_43/524-3698123-6031407,"https://images-eu.ssl-images-amazon.com/images/I/81sffemYJJS._AC_UL300_SR300,200_.jpg",43,,4.7,7,139.95,,,2026-09-25 11:37:31.845507
motherboard,Motherboards,B0DJDF92JW,"ASUS Intel ROG Strix Z890-A Gaming WiFi ATX motherboard, 16+1+2+2 power stages, DDR5 slots, PCIe 5.0 w/ full support for next",https://www.amazon.co.uk/ASUS-motherboard-next-gen-Overclocking-Networking/dp/B0DJDF92JW/ref=zg_bs_g_430512031_d_sccl_44/524-3698123-6031407,"https://images-eu.ssl-images-amazon.com/images/I/81SBF6g-tzL._AC_UL300_SR300,200_.jpg",44,,4.4,60,229.91,,,2026-09-25 11:37:31.845508
motherboard,Motherboards,B0FG354VCN,"ESP32-S3 7inch Touch LCD Development Board, 1024×600 65K Color IPS Display, 32-bit LX7 Dual-core Processor, up to 240MHz Freq",https://www.amazon.co.uk/Development-Dual-core-Processor-Frequency-Adjustable/dp/B0FG354VCN/ref=zg_bs_g_430512031_d_sccl_45/524-3698123-6031407,"https://images-eu.ssl-images-amazon.com/images/I/61yxpex-BvL._AC_UL300_SR300,200_.jpg",45,,3.8,16,45.11,,,2026-09-25 11:37:31.845509
motherboard,Motherboards,B08HHMCCXV,"MSI A520M-A PRO Motherboard mATX - AMD Ryzen 3000, AM4, DDR4, PCIe3, M.2",https://www.amazon.co.uk/MSI-7C96-001R-CARTES-MERES-A520M-A/dp/B08HHMCCXV/ref=zg_bs_g_430512031_d_sccl_46/524-3698123-6031407,"https://images-eu.ssl-images-amazon.com/images/I/81sffemYJJS._AC_UL300_SR300,200_.jpg",46,,4.6,1341,49.99,,,2026-09-25 11:37:31.845510
motherboard,Motherboards,B0DLWVQVT6,MSI X870 GAMING PLUS WIFI Motherboard (Socket AM5/X870/DDR5/S-ATA 6Gb/s/ATX),https://www.amazon.co.uk/MSI-X870-GAMING-PLUS-Motherboard/dp/B0DLWVQVT6/ref=zg_bs_g_430512031_d_sccl_47/524-3698123-6031407,"https://images-eu.ssl-images-amazon.com/images/I/81SwQ13mCfL._AC_UL300_SR300,200_.jpg",47,,4.6,230,189.99,,,2026-09-25 11:37:31.845510
motherboard,Motherboards,B0F1Z5QHDL,"Asus B850 MAX GAMING WIFI W, AMD B850, AM5, ATX, 4 DDR5, HDMI, DP, Wi-Fi 6E, 2.5G LAN, 3x M.2, White",https://www.amazon.co.uk/Asus-B850-GAMING-Wi-Fi-White/dp/B0F1Z5QHDL/ref=zg_bs_g_430512031_d_sccl_48/524-3698123-6031407,"https://images-eu.ssl-images-amazon.com/images/I/81CpTG4UEGL._AC_UL300_SR300,200_.jpg",48,,4.5,43,139.0,,,2026-09-25 11:37:31.845511
motherboard,Motherboards,B0D86FQH3N,Rasp-Pi Micro 40-pin Socket GPIO Terminal Block Breakout Board Module Binghe Mini Terminal Expansion Card Raspberry Pi Expans,https://www.amazon.co.uk/Rasp-Pi-Micro-Binghe-Expansion-Raspberry/dp/B0D86FQH3N/ref=zg_bs_g_430512031_d_sccl_49/524-3698123-6031407,"https://images-eu.ssl-images-amazon.com/images/I/71f3PGajmzL._AC_UL300_SR300,200_.jpg",49,,4.6,31,12.99,,,2026-09-25 11:37:31.845512
motherboard,Motherboards,B083R82CNX,GIGABYTE A520M K V2 MicroATX Motherboard [with AMD A520 Chipset] MB6136,https://www.amazon.co.uk/GIGABYTE-A520M-MicroATX-Motherboard-Chipset/dp/B083R82CNX/ref=zg_bs_g_430512031_d_sccl_50/524-3698123-6031407,"https://images-eu.ssl-images-amazon.com/images/I/61Bsj696+uL._AC_UL300_SR300,200_.jpg",50,5be0af4306296077,4.3,143,42.99,,,2026-09-25 11:37:31.845512
motherboard,Motherboards,B0CT31PH8S,"Waveshare Slamtec RPLIDAR C1 Laser Ranging Sensor, 360° Omnidirectional Lidar, Millimeter-Level High Definition, Anti-Interfe",https://www.amazon.co.uk/Waveshare-Omnidirectional-Millimeter-Level-Anti-Interference-Anti-Adhesion/dp/B0CT31PH8S/ref=zg_bs_g_430512031_d_sccl_1/524-3698123-6031407,"https://images-eu.ssl-images-amazon.com/images/I/61t18u0OD1L._AC_UL600_SR600,400_.jpg",51,,4.8,6,90.99,,,2026-09-25 11:37:31.845513
motherboard,Motherboards,B09H6MTXWL,DollaTek 10Pcs PC Motherboard Internal Piezo Speaker BIOS Alarm Buzzer for Computer Case DIY,https://www.amazon.co.uk/DollaTek-Motherboard-Internal-Speaker-Computer/dp/B09H6MTXWL/ref=zg_bs_g_430512031_d_sccl_2/524-3698123-6031407,"https://images-eu.ssl-images-amazon.com/images/I/51B3iAW3NKL._AC_UL600_SR600,400_.jpg",52,37828b75f2c43782,4.4,278,3.99,,,2026-09-25 11:37:31.845514
motherboard,Motherboards,B096Y3Z7GG,"MSI B850 GAMING PRO WIFI6E Motherboard, ATX - Supports AMD Ryzen 9000/8000 / 7000 Processors, AM5 - DDR5 Memory Boost 8200+ M",https://www.amazon.co.uk/MSI-B850-GAMING-WIFI6E-Motherboard/dp/B096Y3Z7GG/ref=zg_bs_g_430512031_d_sccl_3/524-3698123-6031407,"https://images-eu.ssl-images-amazon.com/images/I/81hV1kzbgBL._AC_UL600_SR600,400_.jpg",53,,3.0,2,149.99,,,2026-09-25 11:37:31.845515
motherboard,Motherboards,B0BPMFVXDG,"Gigabyte B760 DS3H DDR4 Motherboard - Supports Intel Core 14th CPUs, 18+2+1 Phases Digital VRM, up to 5333MHz DDR4 (OC), 2xPC",https://www.amazon.co.uk/GBT-Intel-1700-B760M-DDR4/dp/B0BPMFVXDG/ref=zg_bs_g_430512031_d_sccl_4/524-3698123-6031407,"https://images-eu.ssl-images-amazon.com/images/I/61pxbpunjuL._AC_UL600_SR600,400_.jpg",54,,4.2,30,96.97,,,2026-09-25 11:37:31.845515
motherboard,Motherboards,B0778M8RTQ,"Ryzen 5 5500 3.6Ghz (Turbo 4.2Ghz) Six Core Twelve Thread CPU, TUF Gaming A520M-PLUS II Motherboard & 16GB 3000Mhz DDR4 RAM P",https://www.amazon.co.uk/TUF-Gaming-A520M-PLUS-II-Motherboard/dp/B0778M8RTQ/ref=zg_bs_g_430512031_d_sccl_5/524-3698123-6031407,"https://images-eu.ssl-images-amazon.com/images/I/613Tr3o+JJL._AC_UL600_SR600,400_.jpg",55,,4.4,4,259.99,,,2026-09-25 11:37:31.845516
motherboard,Motherboards,B0CC9G49JQ,"MSI PRO H610M-E Motherboard, Micro-ATX - Supports Intel 12th & 13th Gen Core Processors, LGA 1700 - DDR5 Memory Boost 5600MHz",https://www.amazon.co.uk/MSI-PRO-H610M-E-H610-null-Version/dp/B0CC9G49JQ/ref=zg_bs_g_430512031_d_sccl_6/524-3698123-6031407,"https://images-eu.ssl-images-amazon.com/images/I/81wZP-QhheL._AC_UL600_SR600,400_.jpg",56,,4.3,130,48.11,,,2026-09-25 11:37:31.845517
motherboard,Motherboards,B0DFCKDW95,25KG Servo Motor Binghe 25KG Digital Servo Motor RC Servo ServoMotor Metal Gears with 25T Dual Lock Metal Servo RC Servo 180°,https://www.amazon.co.uk/Binghe-ServoMotor-Helicopter-Airplane-Compatible/dp/B0DFCKDW95/ref=zg_bs_g_430512031_d_sccl_7/524-3698123-6031407,"https://images-eu.ssl-images-amazon.com/images/I/61pssMkiQ5L._AC_UL600_SR600,400_.jpg",57,,4.3,46,11.99,,,2026-09-25 11:37:31.845518
motherboard,Motherboards,B0GL6H39LJ,"GL.iNet GL-ATX, works with Comet series KVM, Remote PC Power Control Board | Power on PCs remotely, crash recovery, OS indepe",https://www.amazon.co.uk/GL-iNet-GL-ATX-works-Remote-Control/dp/B0GL6H39LJ/ref=zg_bs_g_430512031_d_sccl_8/524-3698123-6031407,"https://images-eu.ssl-images-amazon.com/images/I/51E+zQi11RL._AC_UL600_SR600,400_.jpg",58,,4.5,19,15.99,,,2026-09-25 11:37:31.845518
motherboard,Motherboards,B0B4DF96RF,zalati Buzzer Beeper Computer Motherboard Desktop PC Generic BIOS Interanal Loudspeaker,https://www.amazon.co.uk/zalati-Computer-Motherboard-Interanal-Loudspeaker/dp/B0B4DF96RF/ref=zg_bs_g_430512031_d_sccl_9/524-3698123-6031407,"https://images-eu.ssl-images-amazon.com/images/I/31Kq7K8C0mL._AC_UL600_SR600,400_.jpg",59,,4.2,141,2.99,,,2026-09-25 11:37:31.845519
motherboard,Motherboards,B0BHHVLN34,"ASUS TUF GAMING B650M-PLUS WIFI AMD Ryzen AM5 Micro-ATX motherboard, 14 power stages, PCIe 5.0 M.2 support, DDR5 memory, WiFi",https://www.amazon.co.uk/ASUS-B650M-PLUS-Micro-ATX-motherboard-Ethernet/dp/B0BHHVLN34/ref=zg_bs_g_430512031_d_sccl_10/524-3698123-6031407,"https://images-eu.ssl-images-amazon.com/images/I/81AADyoDSCL._AC_UL600_SR600,400_.jpg",60,,4.4,240,146.99,,,2026-09-25 11:37:31.845520
motherboard,Motherboards,B08WZFLCBW,Multibao USB 3.0 Motherboard Male Header 20 pin to 9 pin Female USB 2.0 Cable Adapter,https://www.amazon.co.uk/Multibao-Motherboard-Header-Female-Adapter/dp/B08WZFLCBW/ref=zg_bs_g_430512031_d_sccl_11/524-3698123-6031407,"https://images-eu.ssl-images-amazon.com/images/I/31hUPUs+uqL._AC_UL600_SR600,400_.jpg",61,,4.2,107,3.98,,,2026-09-25 11:37:31.845520
motherboard,Motherboards,B0DRTWM32Q,MB ASRock AMD AM5 B850M Pro RS WiFi,https://www.amazon.co.uk/ASRock-B850M-Pro-RS-WiFi/dp/B0DRTWM32Q/ref=zg_bs_g_430512031_d_sccl_12/524-3698123-6031407,"https://images-eu.ssl-images-amazon.com/images/I/81rpHhH4rDL._AC_UL600_SR600,400_.jpg",62,,4.0,93,125.98,,,2026-09-25 11:37:31.845521
motherboard,Motherboards,B0C5XJV83K,Sipeed Tang Nano 20K GW2AR-18 QN88 FPGA Development Board with 64Mbits SDRAM 828K Block SRAM Linux RISCV Single Board Compute,https://www.amazon.co.uk/GW2AR-18-Development-64Mbits-Computer-Console-GW2A-LV18QN88C8I7/dp/B0C5XJV83K/ref=zg_bs_g_430512031_d_sccl_13/524-3698123-6031407,"https://images-eu.ssl-images-amazon.com/images/I/51CdXAwsWNL._AC_UL600_SR600,400_.jpg",63,,4.5,30,34.99,,,2026-09-25 11:37:31.845522
motherboard,Motherboards,B0BSMYVD88,"MSI MPG Z890 EDGE TI WIFI Motherboard, ATX - Supports Intel Core Ultra Processors (Series 2), LGA 1851-90A SPS VRM, DDR5 Memo",https://www.amazon.co.uk/MSI-MPG-Z890-EDGE-WIFI/dp/B0BSMYVD88/ref=zg_bs_g_430512031_d_sccl_14/524-3698123-6031407,"https://images-eu.ssl-images-amazon.com/images/I/81WaMcuTOcL._AC_UL600_SR600,400_.jpg",64,,4.6,41,249.99,,,2026-09-25 11:37:31.845523
motherboard,Motherboards,B0DK7JG668,"GIGABYTE Z890 GAMING X WIFI7 Motherboard - Supports Intel Core Ultra (Series 2) CPUs, 16+1+2 phases VRM, up to 8800MHz DDR5 (",https://www.amazon.co.uk/GIGABYTE-Z890-GAMING-WIFI7-Motherboard/dp/B0DK7JG668/ref=zg_bs_g_430512031_d_sccl_15/524-3698123-6031407,"https://images-eu.ssl-images-amazon.com/images/I/816CFjoyPcL._AC_UL600_SR600,400_.jpg",65,,4.5,19,202.99,,,2026-09-25 11:37:31.845523
motherboard,Motherboards,B0DKJD4NVF,"Waveshare ESP32-S3 ETH Development Board, 10/100Mbps RJ45 Ethernet Port, Wi-Fi & BT Support, 240MHz Dual Core Processor, Onbo",https://www.amazon.co.uk/Waveshare-ESP32-S3-Development-Ethernet-Processor/dp/B0DKJD4NVF/ref=zg_bs_g_430512031_d_sccl_16/524-3698123-6031407,"https://images-eu.ssl-images-amazon.com/images/I/71Hf+VcqVFL._AC_UL600_SR600,400_.jpg",66,,4.6,37,22.99,,,2026-09-25 11:37:31.845524
motherboard,Motherboards,B0GWYSQJ58,"Waveshare Portable Handheld Linux Terminal with 3.5inch Touch Display, 640 × 480, Optical Bonding, Compatible with Pi 4B/5 Po",https://www.amazon.co.uk/Waveshare-Compatible-Development-Debugging-PocketTerm35/dp/B0GWYSQJ58/ref=zg_bs_g_430512031_d_sccl_17/524-3698123-6031407,"https://images-eu.ssl-images-amazon.com/images/I/61tNnCi0NsL._AC_UL600_SR600,400_.jpg",67,,3.3,3,103.99,,,2026-09-25 11:37:31.845525
motherboard,Motherboards,B0F82XK3JC,"Waveshare SX1262 LoRa Node Module For Raspberry Pi Pico Support LoRaWAN Protocol EU868 Band Support Meshtastic Project, witho",https://www.amazon.co.uk/Waveshare-Raspberry-Support-Protocol-Meshtastic/dp/B0F82XK3JC/ref=zg_bs_g_430512031_d_sccl_18/524-3698123-6031407,"https://images-eu.ssl-images-amazon.com/images/I/61t4tywd5qL._AC_UL600_SR600,400_.jpg",68,,4.6,12,20.99,,,2026-09-25 11:37:31.845526
motherboard,Motherboards,B0CWR6BXT7,AOICRIE 2PCS ESP32 Breakout Board GPIO 1 into 2 Compatible with 30 Pins ESP32S ESP32 Development Board 2.4 GHz Dual Core WLAN,https://www.amazon.co.uk/AOICRIE-Compatible-Development-Microcontroller-ESP-WROOM-32/dp/B0CWR6BXT7/ref=zg_bs_g_430512031_d_sccl_19/524-3698123-6031407,"https://images-eu.ssl-images-amazon.com/images/I/71wHzya2yYL._AC_UL600_SR600,400_.jpg",69,,5.0,1,6.99,,,2026-09-25 11:37:31.845526
motherboard,Motherboards,B0BX8Q2MJP,LILYGO T-Display-S3 ESP32-S3 1.9 inch ST7789 LCD Display TTGO Development Board,https://www.amazon.co.uk/LILYGO-T-Display-S3-ESP32-S3-Display-Development/dp/B0BX8Q2MJP/ref=zg_bs_g_430512031_d_sccl_20/524-3698123-6031407,"https://images-eu.ssl-images-amazon.com/images/I/51cEOH0Gr8L._AC_UL600_SR600,400_.jpg",70,,4.3,20,13.0,,,2026-09-25 11:37:31.845527
motherboard,Motherboards,B0CGLRHDRD,"Waveshare USB To UART/I2C/SPI/JTAG Converter Compatible with Linux (Raspberry Pi), Win7/8/8.1/10/11, 3.3V and 5V Multiple Pro",https://www.amazon.co.uk/Waveshare-USB-UART-I2C-JTAG/dp/B0CGLRHDRD/ref=zg_bs_g_430512031_d_sccl_21/524-3698123-6031407,"https://images-eu.ssl-images-amazon.com/images/I/613s5SH+GdL._AC_UL600_SR600,400_.jpg",71,,4.4,101,20.99,,,2026-09-25 11:37:31.845528
motherboard,Motherboards,B0D3GD458Z,"Waveshare 2-Channel Isolated CAN Bus Expansion HAT+ For Raspberry Pi Motherboards, Support 7-36V Wide Input Voltage, Dual Chi",https://www.amazon.co.uk/Waveshare-2-Channel-Expansion-Raspberry-Motherboards/dp/B0D3GD458Z/ref=zg_bs_g_430512031_d_sccl_22/524-3698123-6031407,"https://images-eu.ssl-images-amazon.com/images/I/71-C3Cn8M8L._AC_UL600_SR600,400_.jpg",72,,4.9,23,30.99,,,2026-09-25 11:37:31.845528
motherboard,Motherboards,B0CXHPP7DM,ESP32 Touchscreen 2.8 Inch TFT LCD Display ILI9341 Resistive Touch Module 240 x 320 ESP32-2432S028R Bluetooth WiFi Dual Core,https://www.amazon.co.uk/Touchscreen-ESP-WROOM-32-Resistive-ESP32-2432S028R-Development/dp/B0CXHPP7DM/ref=zg_bs_g_430512031_d_sccl_23/524-3698123-6031407,"https://images-eu.ssl-images-amazon.com/images/I/41JqQ3LkLoL._AC_UL600_SR600,400_.jpg",73,,4.5,72,19.99,,,2026-09-25 11:37:31.845529
motherboard,Motherboards,B0CNXR8D51,For TPM 2.0 Module Strong Encryption 14 Pin LPC Interface Ecurity Board for Motherboard Compatibility with Green LPC TPM Tech,https://www.amazon.co.uk/Encryption-Motherboard-Compatibility-Technology-Protection/dp/B0CNXR8D51/ref=zg_bs_g_430512031_d_sccl_24/524-3698123-6031407,"https://images-eu.ssl-images-amazon.com/images/I/616oCKk9SEL._AC_UL600_SR600,400_.jpg",74,,4.0,36,8.67,,,2026-09-25 11:37:31.845530
motherboard,Motherboards,B0D86Q5DBL,"Nano Expansion Board Binghe 3pcs Nano Shield, Nano Bracket, Nano IO Shield V1.O Simple Expansion Board with Screw Terminal Co",https://www.amazon.co.uk/Nano-Binghe-Shield-IO-Compatible/dp/B0D86Q5DBL/ref=zg_bs_g_430512031_d_sccl_25/524-3698123-6031407,"https://images-eu.ssl-images-amazon.com/images/I/71kSHgcX8lL._AC_UL600_SR600,400_.jpg",75,,4.8,28,7.99,,,2026-09-25 11:37:31.845531
motherboard,Motherboards,B0FKBLR2KF,"diymore 2 Set ESP32-S3 DevKitC-1 N16R8 Module, with Expansion Board for ESP32 S3 1-N16R8 Development Board with WiFi, Bluetoo",https://www.amazon.co.uk/diymore-DevKitC-1-Expansion-Development-Connectable-2PCS-ESP32-S3-Board/dp/B0FKBLR2KF/ref=zg_bs_g_430512031_d_sccl_26/524-3698123-6031407,"https://images-eu.ssl-images-amazon.com/images/I/71NZKODUisL._AC_UL600_SR600,400_.jpg",76,,4.1,598,18.98,,,2026-09-25 11:37:31.845531
motherboard,Motherboards,B0BHMW8R6S,"ASUS ROG Strix B650-A Gaming WiFi AMD Ryzen AM5 ATX motherboard, 12 + 2 power stages, DDR5, three M.2 slots, PCIe 4.0, 2.5G L",https://www.amazon.co.uk/ASUS-ROG-LGA1718-Motherboard-Type-C%C2%AE/dp/B0BHMW8R6S/ref=zg_bs_g_430512031_d_sccl_27/524-3698123-6031407,"https://images-eu.ssl-images-amazon.com/images/I/81MH+nx+shL._AC_UL600_SR600,400_.jpg",77,5ddf1d585c0ce2ac,4.6,1433,159.99,,,2026-09-25 11:37:31.845532
motherboard,Motherboards,B0BHZ8H6LM,"KEYESTUDIO ESP32 WROOM Development Board, Support WiFi and Bluetooth, Compatible with Arduino",https://www.amazon.co.uk/KEYESTUDIO-Development-Support-Bluetooth-Compatible/dp/B0BHZ8H6LM/ref=zg_bs_g_430512031_d_sccl_28/524-3698123-6031407,"https://images-eu.ssl-images-amazon.com/images/I/61FSFbAK3pL._AC_UL600_SR600,400_.jpg",78,,4.4,110,11.0,,,2026-09-25 11:37:31.845533
motherboard,Motherboards,B0BCKCYPPM,"DAOKAI 21Pcs Heatsink Kit Aluminum + Copper Cooler Cooling Set Protect The Motherboard, for Raspberry Pi 4, Raspberry Pi 3 B+",https://www.amazon.co.uk/DAOKAI-Heatsink-Motherboard-Raspberry-Conductive/dp/B0BCKCYPPM/ref=zg_bs_g_430512031_d_sccl_29/524-3698123-6031407,"https://images-eu.ssl-images-amazon.com/images/I/510+VPU2k5L._AC_UL600_SR600,400_.jpg",79,,4.5,25,8.29,,,2026-09-25 11:37:31.845534
motherboard,Motherboards,B0DJDFTS7R,"ASUS Intel PRIME Z890-P WIFI ATX motherboard, 14+1+2+1 (80A) power stages, DDR5 slots, PCIe 5.0 w/ full support for next-gen",https://www.amazon.co.uk/ASUS-motherboard-next-gen-Thunderbolt-Q-Antenna/dp/B0DJDFTS7R/ref=zg_bs_g_430512031_d_sccl_30/524-3698123-6031407,"https://images-eu.ssl-images-amazon.com/images/I/81EhDXv5UgL._AC_UL600_SR600,400_.jpg",80,a4c52ddb7917c458,4.4,59,204.99,,,2026-09-25 11:37:31.845534
motherboard,Motherboards,B08DQB2GDN,Asustek computer PRIME A520M-K,https://www.amazon.co.uk/Asustek-computer-90MB1500-M0EAY0-PRIME-A520M-K/dp/B08DQB2GDN/ref=zg_bs_g_430512031_d_sccl_81/524-3698123-6031407,"https://images-eu.ssl-images-amazon.com/images/I/61rhze+FTiL._AC_UL300_SR300,200_.jpg",81,,4.5,712,49.99,,,2026-09-25 11:37:31.845535
motherboard,Motherboards,B0CT8JTMJM,"Waveshare Human Micro-Motion Detection MmWave Sensor, 24GHz MmWave Radar, Based On SXKMXXX0, Adopts Frequency Modulated Conti",https://www.amazon.co.uk/Waveshare-Micro-Motion-Continuous-Technology-Integration/dp/B0CT8JTMJM/ref=zg_bs_g_430512031_d_sccl_82/524-3698123-6031407,"https://images-eu.ssl-images-amazon.com/images/I/51AH1KlGK3L._AC_UL300_SR300,200_.jpg",82,,4.3,80,7.99,,,2026-09-25 11:37:31.845536
motherboard,Motherboards,B0FX4YQTG9,"V2 Bitcoin Miner, 1060 KH/s Miner V2 Intelligent Display with ESP32 and Table Clock Bitcoin Miner BTC Solo Lottery Bitcoin Cr",https://www.amazon.co.uk/Nerdminer-Bitcoin-Intelligent-Display-Compatible/dp/B0FX4YQTG9/ref=zg_bs_g_430512031_d_sccl_83/524-3698123-6031407,"https://images-eu.ssl-images-amazon.com/images/I/717k8pitL-L._AC_UL300_SR300,200_.jpg",83,,3.2,54,17.99,,,2026-09-25 11:37:31.845537
motherboard,Motherboards,B09YSCYP56,"ASUS Prime H610M-A WIFI D4 Intel H610 (LGA 1700) mic-ATX motherboard with DDR4, PCIe 4.0, dual M.2 slots, Intel 1 Gb Ethernet",https://www.amazon.co.uk/ASUS-mic-ATX-motherboard-Ethernet-DisplayPort/dp/B09YSCYP56/ref=zg_bs_g_430512031_d_sccl_84/524-3698123-6031407,"https://images-eu.ssl-images-amazon.com/images/I/71XDmZcomRL._AC_UL300_SR300,200_.jpg",84,4b5a5f6a64ae4248,4.4,61,69.99,,,2026-09-25 11:37:31.845537
motherboard,Motherboards,B0DHCQ1MPZ,"ASUS ROG Strix B850-I Gaming WiFi AMD AM5 B850 Mini-ITX mITX motherboard 10+2+1 phase, DDR5, 2.5G LAN, WiFi 7, 2X M.2, PCIe®",https://www.amazon.co.uk/ASUS-ROG-B850-I-Motherboard-Overclocking/dp/B0DHCQ1MPZ/ref=zg_bs_g_430512031_d_sccl_85/524-3698123-6031407,"https://images-eu.ssl-images-amazon.com/images/I/81rydJMfVxL._AC_UL300_SR300,200_.jpg",85,,4.2,191,246.98,,,2026-09-25 11:37:31.845538
motherboard,Motherboards,B0D7LTD6RM,"Colexy Motherboard USB 2.0 9pin Header 1 to 2 Extension Hub Splitter Adapter, 2 PCS USB 2.0 9 Pin Splitter, USB Cable Splitte",https://www.amazon.co.uk/Splitter-Motherboard-Extension-Computer-Accessories/dp/B0D7LTD6RM/ref=zg_bs_g_430512031_d_sccl_86/524-3698123-6031407,"https://images-eu.ssl-images-amazon.com/images/I/61P-pMrrc6L._AC_UL300_SR300,200_.jpg",86,,4.7,157,4.99,,,2026-09-25 11:37:31.845539
motherboard,Motherboards,B0FFSTQLTL,"LUCKFOX Lyra Zero W Micro Linux Development Board - RK3506B Chip, Triple-Core ARM Cortex-A7 & M0, WiFi 6, BT5.2",https://www.amazon.co.uk/LUCKFOX-Micro-Linux-Development-Board/dp/B0FFSTQLTL/ref=zg_bs_g_430512031_d_sccl_87/524-3698123-6031407,"https://images-eu.ssl-images-amazon.com/images/I/71VkSH3fmBL._AC_UL300_SR300,200_.jpg",87,,5.0,3,34.19,,,2026-09-25 11:37:31.845540
motherboard,Motherboards,B0D86CPN5J,Binghe PN532 NFC RFID V3 Module - 2Pcs NXP PN532 NFC Module with S50 White Card Key Card - I2C/SPI/HSU Interface - Compatible,https://www.amazon.co.uk/Binghe-Interface-Compatible-Arduino-Raspberry/dp/B0D86CPN5J/ref=zg_bs_g_430512031_d_sccl_88/524-3698123-6031407,"https://images-eu.ssl-images-amazon.com/images/I/71ZkJi3kdJL._AC_UL300_SR300,200_.jpg",88,,4.7,60,10.99,,,2026-09-25 11:37:31.845540
motherboard,Motherboards,B09P45FMWW,"MSI PRO H610M-G DDR4 Motherboard, Micro-ATX - Supports Intel 12th Gen Core Processors, LGA 1700 - 2 x DIMMs (3200MHz), 1x PCI",https://www.amazon.co.uk/MSI-PRO-H610M-G-DDR4-Motherboard/dp/B09P45FMWW/ref=zg_bs_g_430512031_d_sccl_89/524-3698123-6031407,"https://images-eu.ssl-images-amazon.com/images/I/81xOFoT4ERL._AC_UL300_SR300,200_.jpg",89,,4.4,387,59.99,,,2026-09-25 11:37:31.845541
motherboard,Motherboards,B0DLWGVXCS,"Waveshare ESP32-S3 Wi-Fi Development Board with ESP32-S3-WROOM-1 Series Module, 240MHz Dual Core Processor, 512KB SRAM, 8MB P",https://www.amazon.co.uk/Waveshare-Development-ESP32-S3-WROOM-1-Processor-Connector/dp/B0DLWGVXCS/ref=zg_bs_g_430512031_d_sccl_90/524-3698123-6031407,"https://images-eu.ssl-images-amazon.com/images/I/618CvMWu1-L._AC_UL300_SR300,200_.jpg",90,,5.0,15,15.35,,,2026-09-25 11:37:31.845542
motherboard,Motherboards,B0F3JMPF86,"Asus TUF GAMING B850-BTF WIFI W, AMD B850, AM5, ATX, 4 DDR5, HDMI, DP, Wi-Fi 7, 2.5G LAN, 3x M.2 *Requires a BTF Compatible C",https://www.amazon.co.uk/GAMING-B850-BTF-Requires-Compatible-Chassis/dp/B0F3JMPF86/ref=zg_bs_g_430512031_d_sccl_91/524-3698123-6031407,"https://images-eu.ssl-images-amazon.com/images/I/81sLCNktEpL._AC_UL300_SR300,200_.jpg",91,,4.5,117,205.99,,,2026-09-25 11:37:31.845543
motherboard,Motherboards,B0CXT1Z2WD,DollaTek ESP32-S3-DevKitC-1 Development Board with ESP32-S3-WROOM-1-N16R8 Module (Soldering) 6M External Flash Expansion 8M P,https://www.amazon.co.uk/DollaTek-ESP32-S3-DevKitC-1-Development-ESP32-S3-WROOM-1-N16R8-Compatible/dp/B0CXT1Z2WD/ref=zg_bs_g_430512031_d_sccl_92/524-3698123-6031407,"https://images-eu.ssl-images-amazon.com/images/I/619M65IP+AL._AC_UL300_SR300,200_.jpg",92,,3.1,6,8.99,,,2026-09-25 11:37:31.845543
motherboard,Motherboards,B0FH4LPLGQ,"GIGABYTE H810M K Motherboard - Intel Core Ultra (Series 2) CPUs, 3+1+2 Phases VRM, up to 6400MHz DDR5, 1xPCIe 4.0 M.2, 1GbE L",https://www.amazon.co.uk/GIGABYTE-H810M-Motherboard-Phases-6400MHz/dp/B0FH4LPLGQ/ref=zg_bs_g_430512031_d_sccl_93/524-3698123-6031407,"https://images-eu.ssl-images-amazon.com/images/I/818hyVVMckL._AC_UL300_SR300,200_.jpg",93,,3.9,5,75.99,,,2026-09-25 11:37:31.845544
motherboard,Motherboards,B01M1KIEYB,MMOBIEL Molybdenum Cutting Wire Gold 0.08mm 100m/329ft Great for LCD front Glass Seperation,https://www.amazon.co.uk/MMOBIEL-Molybdenum-Professional-LCD-Seperation-Dissection/dp/B01M1KIEYB/ref=zg_bs_g_430512031_d_sccl_94/524-3698123-6031407,"https://images-eu.ssl-images-amazon.com/images/I/41jtN1F3K0L._AC_UL300_SR300,200_.jpg",94,,3.2,996,6.49,,,2026-09-25 11:37:31.845545
motherboard,Motherboards,B0GL6V276Z,"GL.iNet Fingerbot Remote Power Control for Comet series KVM | Remote power control from full shutdown, no on-site access need",https://www.amazon.co.uk/GL-iNet-Fingerbot-Remote-Power-Control/dp/B0GL6V276Z/ref=zg_bs_g_430512031_d_sccl_95/524-3698123-6031407,"https://images-eu.ssl-images-amazon.com/images/I/41aOz63m5IL._AC_UL300_SR300,200_.jpg",95,,4.4,,28.99,,,2026-09-25 11:37:31.845546
motherboard,Motherboards,B0GV4GJBS4,"Waveshare ESP32-C6 2.16inch AMOLED Display Touch Screen Development Board, 480 x 480 Resolution, 16.7M Color, Supports Dual M",https://www.amazon.co.uk/Waveshare-ESP32-C6-Development-Resolution-Microphones/dp/B0GV4GJBS4/ref=zg_bs_g_430512031_d_sccl_96/524-3698123-6031407,"https://images-eu.ssl-images-amazon.com/images/I/514zwr+SdxL._AC_UL300_SR300,200_.jpg",96,,,,35.99,,,2026-09-25 11:37:31.845546
motherboard,Motherboards,B0DD7BYCG4,"4 in 1 Protective Case Set for Flipper Zero Device and Wi-Fi Dev Board V1 ESP32-S2, Cover Set Accessories for Flipper Zero Wi",https://www.amazon.co.uk/Protective-Flipper-Device-ESP32-S2-Accessories/dp/B0DD7BYCG4/ref=zg_bs_g_430512031_d_sccl_97/524-3698123-6031407,"https://images-eu.ssl-images-amazon.com/images/I/71NMeeNOBpL._AC_UL300_SR300,200_.jpg",97,,4.2,201,29.99,,,2026-09-25 11:37:31.845547
motherboard,Motherboards,B0DPMRBJVC,"ASUS ROG Strix B860-I Gaming WiFi, Mini-iTX Motherboard, Advanced AI Ready, 10+1+2+1 Power Stages, DDR5, PCIe 5.0, Two M.2 Sl",https://www.amazon.co.uk/ASUS-Mini-iTX-Motherboard-Advanced-Networking/dp/B0DPMRBJVC/ref=zg_bs_g_430512031_d_sccl_98/524-3698123-6031407,"https://images-eu.ssl-images-amazon.com/images/I/81ND93dKx2L._AC_UL300_SR300,200_.jpg",98,,4.6,48,,,,2026-09-25 11:37:31.845548
motherboard,Motherboards,B0GQSJR38N,"SHANGZHAOYUAN LGA 1155 Motherboard B75 for Intel 2th/3th Gen i3,i5,i7/Xeon E3 12XX V2 Series CPUs, DDR3, NVME M.2, PCIe X16,",https://www.amazon.co.uk/SHANGZHAOYUAN-Motherboard-B75-HDMI-Compatible-Mainboard/dp/B0GQSJR38N/ref=zg_bs_g_430512031_d_sccl_99/524-3698123-6031407,"https://images-eu.ssl-images-amazon.com/images/I/81D91OZxnZL._AC_UL300_SR300,200_.jpg",99,28552962ad1348d2,5.0,1,38.99,,,2026-09-25 11:37:31.845549
motherboard,Motherboards,B0DSQS643T,ASRock B860M Pro RS DDR5 PCIe 5.0 Micro-ATX Motherboard,https://www.amazon.co.uk/ASRock-B860M-DDR5-Micro-ATX-Motherboard/dp/B0DSQS643T/ref=zg_bs_g_430512031_d_sccl_100/524-3698123-6031407,"https://images-eu.ssl-images-amazon.com/images/I/71CFW+EOX0L._AC_UL300_SR300,200_.jpg",100,,4.3,6,122.45,,,2026-09-25 11:37:31.845549
psu,Power Supplies,B09GW3QZLJ,"MSI MAG A650BN Gaming Power Supply Unit: 80 plus bronze, 650 Watt, 12V Single-Rail, DC-to-DC Circuit, 120mm Fan, 5-Year Limit",https://www.amazon.co.uk/MSI-A650BN-Power-Supply-Unit/dp/B09GW3QZLJ/ref=zg_bs_g_430514031_d_sccl_1/524-3698123-6031407,"https://images-eu.ssl-images-amazon.com/images/I/71pU8A2UE9L._AC_UL600_SR600,400_.jpg",1,e7d91eb25bfa4dec,4.6,1087,44.99,,,2026-09-25 11:37:58.141189
psu,Power Supplies,B0DMTL43VR,"CORSAIR RM850e (2025) Fully Modular Low-Noise ATX Power Supply with 12V-2x6 Cable – ATX 3.1 & PCIe 5.1 Compliant, Cybenetics",https://www.amazon.co.uk/CORSAIR-RM850e-Modular-Low-Noise-12V-2x6/dp/B0DMTL43VR/ref=zg_bs_g_430514031_d_sccl_2/524-3698123-6031407,"https://images-eu.ssl-images-amazon.com/images/I/71UlVM3qc5L._AC_UL600_SR600,400_.jpg",2,,4.7,313,99.98,,,2026-09-25 11:37:58.141191
psu,Power Supplies,B0D9C16979,CORSAIR RM850x Fully Modular Low-Noise ATX Power Supply – ATX 3.1 Compliant – PCIe 5.1 Support – Cybenetics Gold Efficiency –,https://www.amazon.co.uk/CORSAIR-RM850x-Modular-Low-Noise-Supply/dp/B0D9C16979/ref=zg_bs_g_430514031_d_sccl_3/524-3698123-6031407,"https://images-eu.ssl-images-amazon.com/images/I/61eKAbgBZRL._AC_UL600_SR600,400_.jpg",3,,4.7,311,109.96,,,2026-09-25 11:37:58.141192
psu,Power Supplies,B0CJRXNXZT,CORSAIR CX750 80 PLUS Bronze Non Modular Low-Noise ATX 750 Watt Power Supply - UK - Black,https://www.amazon.co.uk/CORSAIR-Bronze-Modular-Low-Noise-Supply/dp/B0CJRXNXZT/ref=zg_bs_g_430514031_d_sccl_4/524-3698123-6031407,"https://images-eu.ssl-images-amazon.com/images/I/71LUkwLqN0L._AC_UL600_SR600,400_.jpg",4,,4.4,430,57.99,,,2026-09-25 11:37:58.141193
psu,Power Supplies,B0FDKWQZVX,Binamao 12V 1.25A 15W Power Supply Charger Compatible with Echo Dot (3rd/4th/5th Gen) Echo Dot with 3/4 Gen Echo Dot Kids Edi,https://www.amazon.co.uk/Binamao-1-25A-Supply-Charger-Compatible-White/dp/B0FDKWQZVX/ref=zg_bs_g_430514031_d_sccl_5/524-3698123-6031407,"https://images-eu.ssl-images-amazon.com/images/I/61p6JhzYlHL._AC_UL600_SR600,400_.jpg",5,,4.4,238,7.46,,,2026-09-25 11:37:58.141194
psu,Power Supplies,B0BSLLFNHN,"MSI MAG A850GLS PCIE5 Power Supply Unit, 850W, 80 PLUS Gold, ATX 3.1, PCIe 5.1 GPU Support, Native 12V-2x6, Dual-color 12V-2x",https://www.amazon.co.uk/MSI-A850GLS-Dual-color-connector-Embossed/dp/B0BSLLFNHN/ref=zg_bs_g_430514031_d_sccl_6/524-3698123-6031407,"https://images-eu.ssl-images-amazon.com/images/I/71ExG4gEKWL._AC_UL600_SR600,400_.jpg",6,,4.6,27,89.99,,,2026-09-25 11:37:58.141195
psu,Power Supplies,B0FNDGQ7CK,"be quiet! Pure Power 13 M 1000W, ATX 3.1, Fully Modular PSU, 80+ Gold | PCIe 5.1 Ready Power Supply, Up to 94.4% Efficiency,",https://www.amazon.co.uk/quiet-Power-1000W-Fully-Modular/dp/B0FNDGQ7CK/ref=zg_bs_g_430514031_d_sccl_7/524-3698123-6031407,"https://images-eu.ssl-images-amazon.com/images/I/71uZg195moL._AC_UL600_SR600,400_.jpg",7,6b65341d775fea4e,5.0,13,109.83,,,2026-09-25 11:37:58.141195
psu,Power Supplies,B0FDQXH693,"Gigabyte UD850GM PG5 ICE 80 Plus Gold Fully Modular 850w PCIe 5.0 White Power Supply Unit, ATX 3.1, 12VHPWR GPU Connector, Fl",https://www.amazon.co.uk/GIGABYTE-PG5-ICE-compatible-UK-White/dp/B0FDQXH693/ref=zg_bs_g_430514031_d_sccl_8/524-3698123-6031407,"https://images-eu.ssl-images-amazon.com/images/I/71AU78c8ZtL._AC_UL600_SR600,400_.jpg",8,,4.8,6,79.0,,,2026-09-25 11:37:58.141196
psu,Power Supplies,B0FV7Z8T8V,15W Power Supply Charger 12V 1.25A for Alexa Echo Dot 3rd 4th 5th Gen 2M | 2M 4.0*1.7mm Cable Adapter Replacement for Kids Ed,https://www.amazon.co.uk/Supply-Charger-Adapter-Replacement-Charging-white/dp/B0FV7Z8T8V/ref=zg_bs_g_430514031_d_sccl_9/524-3698123-6031407,"https://images-eu.ssl-images-amazon.com/images/I/51I5UMvA1OL._AC_UL600_SR600,400_.jpg",9,,4.3,37,6.99,,,2026-09-25 11:37:58.141197
psu,Power Supplies,B0D5HTTCSB,Corsair SF750 (2024) Fully Modular SFX Low Noise 80 Plus Platinum Power Supply – ATX 3.1 Compliant – PCIe 5.1 Ready – Small F,https://www.amazon.co.uk/CORSAIR-SF750-Modular-Platinum-Supply/dp/B0D5HTTCSB/ref=zg_bs_g_430514031_d_sccl_10/524-3698123-6031407,"https://images-eu.ssl-images-amazon.com/images/I/716AZ6NQNuL._AC_UL600_SR600,400_.jpg",10,,4.4,87,144.95,,,2026-09-25 11:37:58.141198
psu,Power Supplies,B0CZS68JBS,"JUSTOP Black 650W PSU, ATX Switching Power Supply, Computer Desktop PC, With 120mm Fan, 8-Pin 12V, 6+2 Pin PCI-E, 6x SATA (65",https://www.amazon.co.uk/JUSTOP-Switching-Supply-Computer-Desktop/dp/B0CZS68JBS/ref=zg_bs_g_430514031_d_sccl_11/524-3698123-6031407,"https://images-eu.ssl-images-amazon.com/images/I/71ySLF1g4eL._AC_UL600_SR600,400_.jpg",11,,4.3,197,29.99,,,2026-09-25 11:37:58.141198
psu,Power Supplies,B0G2YBB3ML,"15W Power Supply Charger for Echo Dot 3rd 4th 5th Gen, 12V 1.25A Power Adapter Replacement Cable 2M, Compatible with Echo Sho",https://www.amazon.co.uk/Supply-Charger-Adapter-Replacement-Compatible/dp/B0G2YBB3ML/ref=zg_bs_g_430514031_d_sccl_12/524-3698123-6031407,"https://images-eu.ssl-images-amazon.com/images/I/511QMBwrb7L._AC_UL600_SR600,400_.jpg",12,,5.0,4,5.79,,,2026-09-25 11:37:58.141199
psu,Power Supplies,B0BQJPPNTM,"MSI MPG A850G PCIE5 Power Supply Unit, UK Plug - 850W, 80 Plus Gold Certified, Fully Modular ATX 3.0, PCIe 5.0 GPU Support, J",https://www.amazon.co.uk/MSI-MPG-A850G-PCIE5-Supply/dp/B0BQJPPNTM/ref=zg_bs_g_430514031_d_sccl_13/524-3698123-6031407,"https://images-eu.ssl-images-amazon.com/images/I/71UzM9Sy4WL._AC_UL600_SR600,400_.jpg",13,,4.7,219,89.99,,,2026-09-25 11:37:58.141200
psu,Power Supplies,B07XBF3P15,"GeeekPi USB-C Power Supply UK Plug for Raspberry Pi 4 With On/Off Switch,5V 3.6A Type C PSU with Micro USB Adapter for Raspbe",https://www.amazon.co.uk/GeeekPi-Raspberry-Supply-Charger-Adapter/dp/B07XBF3P15/ref=zg_bs_g_430514031_d_sccl_14/524-3698123-6031407,"https://images-eu.ssl-images-amazon.com/images/I/51R0VVmAfHL._AC_UL600_SR600,400_.jpg",14,,4.5,705,11.99,,,2026-09-25 11:37:58.141200
psu,Power Supplies,B0F3DNMZRG,"CORSAIR RM1000e (2025) Fully Modular Low-Noise ATX Power Supply with 12V-2x6 Cable – ATX 3.1 & PCIe 5.1 Compliant, Cybenetics",https://www.amazon.co.uk/CORSAIR-RM1000e-Modular-Low-Noise-12V-2x6/dp/B0F3DNMZRG/ref=zg_bs_g_430514031_d_sccl_15/524-3698123-6031407,"https://images-eu.ssl-images-amazon.com/images/I/61n-RFtZVgL._AC_UL600_SR600,400_.jpg",15,,4.9,60,119.99,,,2026-09-25 11:37:58.141201
psu,Power Supplies,B0FZCPSC4D,"be quiet! Pure Power 12 850W Power Supply, 80 PLUS® Gold Efficiency, ATX 3.1 With Full Support For PCIe 5.1 GPUs, Exceptional",https://www.amazon.co.uk/quiet-Efficiency-Exceptionally-Technology-High-Performance/dp/B0FZCPSC4D/ref=zg_bs_g_430514031_d_sccl_16/524-3698123-6031407,"https://images-eu.ssl-images-amazon.com/images/I/71-f9oX7bEL._AC_UL600_SR600,400_.jpg",16,6b65341d775fea4e,5.0,4,89.99,,,2026-09-25 11:37:58.141202
psu,Power Supplies,B0FNDFHLQX,"be quiet! System Power 11 750W Power Supply, ATX 3.1 PSU, 80 PLUS® Bronze | With Support For PCIe 5.1 GPUs, Temperature-Contr",https://www.amazon.co.uk/quiet-System-Power-Supply-Bronze/dp/B0FNDFHLQX/ref=zg_bs_g_430514031_d_sccl_17/524-3698123-6031407,"https://images-eu.ssl-images-amazon.com/images/I/81YutVBstWL._AC_UL600_SR600,400_.jpg",17,ca12f42f8b926f56,5.0,3,59.99,,,2026-09-25 11:37:58.141203
psu,Power Supplies,B0CQ1Q18HX,"GeeekPi USB-C Power Supply UK Plug for Raspberry Pi 5, 27W 5V 5A Type C PSU, PD 27W Power Adapter for Raspberry Pi 5 4GB/8GB/",https://www.amazon.co.uk/GeeekPi-Raspberry-5A-PSU-Adapter/dp/B0CQ1Q18HX/ref=zg_bs_g_430514031_d_sccl_18/524-3698123-6031407,"https://images-eu.ssl-images-amazon.com/images/I/51PL2VQXzeL._AC_UL600_SR600,400_.jpg",18,,4.5,448,13.8,,,2026-09-25 11:37:58.141203
psu,Power Supplies,B0FMYJ24Z8,"CORSAIR RM1000x SHIFT (2025) Fully Modular ATX Power Supply – Modular Side Interface, Native 12V-2x6 Cable, ATX 3.1 & PCIe 5.",https://www.amazon.co.uk/CORSAIR-RM1000x-SHIFT-Modular-Supply/dp/B0FMYJ24Z8/ref=zg_bs_g_430514031_d_sccl_19/524-3698123-6031407,"https://images-eu.ssl-images-amazon.com/images/I/61o+9NbuZ9L._AC_UL600_SR600,400_.jpg",19,,5.0,4,129.98,,,2026-09-25 11:37:58.141204
psu,Power Supplies,B084W8Y687,"Tecnoware Free Silent 500 ATX Power Supply, 5inch Silent Fan, 2 x SATA, 1 x 24 Pin, 1 x 12V 4+4 Pin, 2 x Molex, Over Voltage",https://www.amazon.co.uk/Tecnoware-Power-Systems-power-supply/dp/B084W8Y687/ref=zg_bs_g_430514031_d_sccl_20/524-3698123-6031407,"https://images-eu.ssl-images-amazon.com/images/I/71MVPx2GZ+L._AC_UL600_SR600,400_.jpg",20,a358462a694786ec,4.0,2617,18.99,,,2026-09-25 11:37:58.141205
psu,Power Supplies,B0F3JJYXDP,"CORSAIR HX1200i (2025) Fully Modular Ultra-Low Noise ATX Power Supply with 12V-2x6 Cable – ATX 3.1 & PCIe 5.1 Compliant, Cybe",https://www.amazon.co.uk/CORSAIR-HX1200i-Modular-Ultra-Low-12V-2x6/dp/B0F3JJYXDP/ref=zg_bs_g_430514031_d_sccl_21/524-3698123-6031407,"https://images-eu.ssl-images-amazon.com/images/I/618zDj68C-L._AC_UL600_SR600,400_.jpg",21,,4.6,48,217.43,,,2026-09-25 11:37:58.141205
psu,Power Supplies,B0BK55S2T5,ASUS TUF Gaming 1000W Gold Power Supply,https://www.amazon.co.uk/ASUS-Gaming-1000W-Power-Supply/dp/B0BK55S2T5/ref=zg_bs_g_430514031_d_sccl_22/524-3698123-6031407,"https://images-eu.ssl-images-amazon.com/images/I/71xR3Be4QyL._AC_UL600_SR600,400_.jpg",22,,4.6,850,119.99,,,2026-09-25 11:37:58.141206
psu,Power Supplies,B0H1CT9MCN,USB-C Power Supply for Raspberry Pi 4 Charger With On Off Switch 5V 3.6A | 18W Type C PSU with Micro USB Adapter UK Plug Comp,https://www.amazon.co.uk/Power-Supply-Raspberry-Charger-Switch-Black/dp/B0H1CT9MCN/ref=zg_bs_g_430514031_d_sccl_23/524-3698123-6031407,"https://images-eu.ssl-images-amazon.com/images/I/61XGWtIC3bL._AC_UL600_SR600,400_.jpg",23,,5.0,2,8.99,,,2026-09-25 11:37:58.141207
psu,Power Supplies,B0D12H1N4L,iRasptek 27W 5.1V/5A USB-C PD Power Adapter for Raspberry Pi 5 （White）,https://www.amazon.co.uk/iRasptek-Raspberry-Supply-Adapter-%EF%BC%88White%EF%BC%89-White/dp/B0D12H1N4L/ref=zg_bs_g_430514031_d_sccl_24/524-3698123-6031407,"https://images-eu.ssl-images-amazon.com/images/I/51T+ThbFPzL._AC_UL600_SR600,400_.jpg",24,,4.5,258,13.99,,,2026-09-25 11:37:58.141208
psu,Power Supplies,B09T9P4MSL,"ASUS ROG Strix 1200W Platinum Power Supply | 80 PLUS & Cybenetics Platinum, Fully modular, ATX 3.1, PCIe 5.1, GaN MOSFET, GPU",https://www.amazon.co.uk/ASUS-Strix-1200W-Platinum-Supply/dp/B09T9P4MSL/ref=zg_bs_g_430514031_d_sccl_25/524-3698123-6031407,"https://images-eu.ssl-images-amazon.com/images/I/813smWpWe5L._AC_UL600_SR600,400_.jpg",25,,4.7,409,199.99,,,2026-09-25 11:37:58.141208
psu,Power Supplies,B0F3DRP6B3,"CORSAIR RM850e (2025) Fully Modular Low-Noise ATX Power Supply with 12V-2x6 Cable – ATX 3.1 & PCIe 5.1 Compliant, Cybenetics",https://www.amazon.co.uk/CORSAIR-RM850e-Modular-Low-Noise-12V-2x6/dp/B0F3DRP6B3/ref=zg_bs_g_430514031_d_sccl_26/524-3698123-6031407,"https://images-eu.ssl-images-amazon.com/images/I/61hQEdnIrmL._AC_UL600_SR600,400_.jpg",26,,4.7,51,114.15,,,2026-09-25 11:37:58.141209
psu,Power Supplies,B0FLF3PWPR,Replacement Power Supply Compatible with Virgin Media Hub 5 & Hub 5X Router - 12V 3A 36W AC Adapter Charger - UK Plug,https://www.amazon.co.uk/Replacement-Power-Supply-Virgin-Router-Black/dp/B0FLF3PWPR/ref=zg_bs_g_430514031_d_sccl_27/524-3698123-6031407,"https://images-eu.ssl-images-amazon.com/images/I/61atJg0qgwL._AC_UL600_SR600,400_.jpg",27,,4.9,16,11.99,,,2026-09-25 11:37:58.141210
psu,Power Supplies,B0DFW7D3P5,"Hafiuege 27W PD USB-C Power Supply Compatible with Raspberry Pi 5 | 27W 5V 5.1A Type C PSU, USB C Charger Uk Plug for Raspber",https://www.amazon.co.uk/Hafiuege-Raspberry-Supply%EF%BC%8C27W-Compatible-Electronic/dp/B0DFW7D3P5/ref=zg_bs_g_430514031_d_sccl_28/524-3698123-6031407,"https://images-eu.ssl-images-amazon.com/images/I/61u393CigjL._AC_UL600_SR600,400_.jpg",28,,3.9,42,9.98,,,2026-09-25 11:37:58.141211
psu,Power Supplies,B0DZPBLX3N,"Lian Li EDGE Gold 1200W PC Power Supply White, 1200 Watt ATX PSU, PCIe 5.1, ATX 3.1 PSU | 80 PLUS Gold, modular, Sleeved Cabl",https://www.amazon.co.uk/Lian-Li-White-modular-Sleeved/dp/B0DZPBLX3N/ref=zg_bs_g_430514031_d_sccl_29/524-3698123-6031407,"https://images-eu.ssl-images-amazon.com/images/I/810tFPE7plL._AC_UL600_SR600,400_.jpg",29,,4.9,30,149.99,,,2026-09-25 11:37:58.141211
psu,Power Supplies,B0FR57BFK7,"CORSAIR HX1500i SHIFT Fully Modular ATX Power Supply – Built-in iCUE LINK System Hub, Dual Native 12V-2x6 Cable, ATX 3.1 & PC",https://www.amazon.co.uk/CORSAIR-HX1500i-Modular-Supply-Built/dp/B0FR57BFK7/ref=zg_bs_g_430514031_d_sccl_30/524-3698123-6031407,"https://images-eu.ssl-images-amazon.com/images/I/71M8sh7La+L._AC_UL600_SR600,400_.jpg",30,,3.9,13,224.99,,,2026-09-25 11:37:58.141212
psu,Power Supplies,B0BZPCQQTW,"Security-01 DC 9V 1.5A Power Supply, Plug 5.5mm x 2.1mm, Center Positive, for Exercise Bike",https://www.amazon.co.uk/Security-01-Positive-Arduino-Schwinn-Elliptical/dp/B0BZPCQQTW/ref=zg_bs_g_430514031_d_sccl_31/524-3698123-6031407,"https://images-eu.ssl-images-amazon.com/images/I/61ZZ3RgDWOL._AC_UL300_SR300,200_.jpg",31,,4.1,82,9.98,,,2026-09-25 11:37:58.141213
psu,Power Supplies,B07TWRNYK7,Raspberry Pi 4 USB-C Power Supply UK Plug (White),https://www.amazon.co.uk/Raspberry-Official-USB-C-Power-Supply/dp/B07TWRNYK7/ref=zg_bs_g_430514031_d_sccl_32/524-3698123-6031407,"https://images-eu.ssl-images-amazon.com/images/I/61DM4UY4F3L._AC_UL300_SR300,200_.jpg",32,,4.8,1387,,,,2026-09-25 11:37:58.141213
psu,Power Supplies,B0GGZ8QM13,12V 1.25A 15W Power Supply Charger 4.0 * 1.7mm Power Cable White | Compatible with E-cho Dot (3rd/5rd/4th/1st Gen) 3/4 Gen E-,https://www.amazon.co.uk/1-25A-Power-Supply-Charger-Compatible/dp/B0GGZ8QM13/ref=zg_bs_g_430514031_d_sccl_33/524-3698123-6031407,"https://images-eu.ssl-images-amazon.com/images/I/71wttlRQoOL._AC_UL300_SR300,200_.jpg",33,,4.1,9,5.99,,,2026-09-25 11:37:58.141214
psu,Power Supplies,B0DGG7M9ZR,"Etssembo 12V 15W Charger Compatible with Echo Dot 3rd 4th 5th Gen Pop UK | Compatible with Amazon Echo Dot 3rd 4th 5th Gen, E",https://www.amazon.co.uk/15W-Supply-Charger-Echo-Adapter/dp/B0DGG7M9ZR/ref=zg_bs_g_430514031_d_sccl_34/524-3698123-6031407,"https://images-eu.ssl-images-amazon.com/images/I/615Qu9kZeGL._AC_UL300_SR300,200_.jpg",34,,4.3,64,6.39,,,2026-09-25 11:37:58.141215
psu,Power Supplies,B0FNDHT8BS,"be quiet! Power Zone 2 1000W Power Supply, ATX 3.1, PCIe 5.1, 80+ Platinum | Full Modular, Zero RPM Low-Noise PSU, Pure Wings",https://www.amazon.co.uk/quiet-Power-1000W-Supply-Platinum/dp/B0FNDHT8BS/ref=zg_bs_g_430514031_d_sccl_35/524-3698123-6031407,"https://images-eu.ssl-images-amazon.com/images/I/71tfK3ZpQ-L._AC_UL300_SR300,200_.jpg",35,7a5e8d986b2264ba,4.8,175,143.99,,,2026-09-25 11:37:58.141216
psu,Power Supplies,B07V834KRB,VUOHOEG 19V Power Supply Compatible with Acer Monitor Series Power Adapter | S202HL S271HL SB220Q R240HY S220HQL S230HL S231H,https://www.amazon.co.uk/VUOHOEG-19V-Power-Compatible-Monitor-Black/dp/B07V834KRB/ref=zg_bs_g_430514031_d_sccl_36/524-3698123-6031407,"https://images-eu.ssl-images-amazon.com/images/I/61WCTTa350L._AC_UL300_SR300,200_.jpg",36,,4.2,1425,12.98,,,2026-09-25 11:37:58.141216
psu,Power Supplies,B0D31CWN3X,"SunFounder BreadVolt Breadboard Power Supply Module Built-in Power Module Compatible with Arduino, Raspberry Pi, Pico W, ESP3",https://www.amazon.co.uk/SunFounder-Breadboard-Rechargeble-Battery-Compatible/dp/B0D31CWN3X/ref=zg_bs_g_430514031_d_sccl_37/524-3698123-6031407,"https://images-eu.ssl-images-amazon.com/images/I/71+Uy977nPL._AC_UL300_SR300,200_.jpg",37,,4.5,254,8.99,,,2026-09-25 11:37:58.141217
psu,Power Supplies,B0D11PS3R4,"JUSTOP Black 750W PSU, Switching Power Supply, Computer Desktop PC ATX, 120mm Fan, 8-Pin 12V, 6+2 Pin PCI-E, 6x SATA",https://www.amazon.co.uk/JUSTOP-Switching-Supply-Computer-Desktop/dp/B0D11PS3R4/ref=zg_bs_g_430514031_d_sccl_38/524-3698123-6031407,"https://images-eu.ssl-images-amazon.com/images/I/71Pp+Elg+5L._AC_UL300_SR300,200_.jpg",38,,4.3,207,32.95,,,2026-09-25 11:37:58.141218
psu,Power Supplies,B08MFP6LFR,"GameMax 600W Rampage Power Supply (No Power Cable inc.), Non-Modular, APFC, Japanese Tk Main Capacitor, 80 Plus Bronze, 88% E",https://www.amazon.co.uk/GameMax-Non-Modular-Japanese-Capacitor-Efficiency/dp/B08MFP6LFR/ref=zg_bs_g_430514031_d_sccl_39/524-3698123-6031407,"https://images-eu.ssl-images-amazon.com/images/I/71ibGs4gMYL._AC_UL300_SR300,200_.jpg",39,f3b02c373bcb65e1,4.3,83,34.89,,,2026-09-25 11:37:58.141219
psu,Power Supplies,B0FG32RBKC,KFD 54V AC/DC Adapter Power Supply for Ubiquiti Networks Lite 8 PoE USW-LITE-8-POE UniFi Cloud Gateway Fiber UCG-Fiber Ubiqui,https://www.amazon.co.uk/KFD-Ubiquiti-USW-LITE-8-POE-UCG-Fiber-USW-Ultra/dp/B0FG32RBKC/ref=zg_bs_g_430514031_d_sccl_40/524-3698123-6031407,"https://images-eu.ssl-images-amazon.com/images/I/61XR1lRODZL._AC_UL300_SR300,200_.jpg",40,,5.0,5,23.99,,,2026-09-25 11:37:58.141219
psu,Power Supplies,B0DP2LBPPY,"Vetroo 850W Power Supply Dual PCIe 5.1 ATX 3.1 Ready, 80 Plus Gold Full Modular, Quiet Operation with 120mm FDB Fan, 10-Year",https://www.amazon.co.uk/Vetroo-Modular-Operation-10-Year-Warranty/dp/B0DP2LBPPY/ref=zg_bs_g_430514031_d_sccl_41/524-3698123-6031407,"https://images-eu.ssl-images-amazon.com/images/I/71pgyyN1dfL._AC_UL300_SR300,200_.jpg",41,037b612e9658fb7f,4.2,170,74.99,,,2026-09-25 11:37:58.141220
psu,Power Supplies,B0CZDQK86C,"19V 6.32A 120W Power Supply for Intel NUC 12, 11, 13 NUC12WSHi7, MINISFORUM UM870, UM760, UM890 Mini PC, BOSGAME P3, P2 pro,",https://www.amazon.co.uk/KFD-NUC12WSHi7-NUC11PAHi5-NUC12WSHi5-NUC11TNKv5/dp/B0CZDQK86C/ref=zg_bs_g_430514031_d_sccl_42/524-3698123-6031407,"https://images-eu.ssl-images-amazon.com/images/I/51+htHpTIFL._AC_UL300_SR300,200_.jpg",42,,4.8,17,33.99,,,2026-09-25 11:37:58.141221
psu,Power Supplies,B0D4M2CS9J,"12V 2A Power Supply Cord for TP-Link Deco Mesh WIFI System | Compatible with TP-Link Deco Mesh WiFi System Models S4, M3, M4,",https://www.amazon.co.uk/Power-Supply-TP-Link-System-Models/dp/B0D4M2CS9J/ref=zg_bs_g_430514031_d_sccl_43/524-3698123-6031407,"https://images-eu.ssl-images-amazon.com/images/I/61G4R9BbDSL._AC_UL300_SR300,200_.jpg",43,,4.4,41,11.59,,,2026-09-25 11:37:58.141222
psu,Power Supplies,B0DMTMK2Q5,"CORSAIR RM750e (2025) Fully Modular ATX Power Supply with Low Noise and 12V-2x6 Cable - ATX 3.1 & PCIe 5.1, Cybenetics Gold E",https://www.amazon.co.uk/CORSAIR-RM750e-Modular-Supply-12V-2x6/dp/B0DMTMK2Q5/ref=zg_bs_g_430514031_d_sccl_44/524-3698123-6031407,"https://images-eu.ssl-images-amazon.com/images/I/61L-IjCP-UL._AC_UL300_SR300,200_.jpg",44,67b0f22fc72947a1,4.6,472,102.99,,,2026-09-25 11:37:58.141222
psu,Power Supplies,B00X8F8DS0,kenable PDU 6 Way UK Sockets Horizontal Power Distribution Unit with C14 IEC Plug 13A 1.8m Cable Without Surge Protection Bla,https://www.amazon.co.uk/kenable-Power-Distribution-Surged-Horizontal-Black/dp/B00X8F8DS0/ref=zg_bs_g_430514031_d_sccl_45/524-3698123-6031407,"https://images-eu.ssl-images-amazon.com/images/I/617SwByYO1L._AC_UL300_SR300,200_.jpg",45,,4.8,105,24.99,,,2026-09-25 11:37:58.141223
psu,Power Supplies,B08NHW9TJ8,"Cooler Master MWE 750 Gold V2 Fully Modular PSU (UK Plug) - 80 PLUS Gold 750W Power Supply Unit, Flat Black Cabling, 120mm HD",https://www.amazon.co.uk/Cooler-Master-Gold-Fully-Modular/dp/B08NHW9TJ8/ref=zg_bs_g_430514031_d_sccl_46/524-3698123-6031407,"https://images-eu.ssl-images-amazon.com/images/I/51h9L45vrpL._AC_UL300_SR300,200_.jpg",46,4ae0bce534265666,4.5,228,78.36,,,2026-09-25 11:37:58.141224
psu,Power Supplies,B0FPMCVYH4,GEU 48V 0.5A POE Injector UK Plug Ethernet Power Supply POE Adapter | Powerline Adapter with PoE Port + LAN Port 48V POE Inje,https://www.amazon.co.uk/Injector-Ethernet-Adapters-Security-Wireless/dp/B0FPMCVYH4/ref=zg_bs_g_430514031_d_sccl_1/524-3698123-6031407,"https://images-eu.ssl-images-amazon.com/images/I/71MWGhXUP0L._AC_UL600_SR600,400_.jpg",51,,4.8,5,6.49,,,2026-09-25 11:37:58.141224
psu,Power Supplies,B0F98V3FZH,"SAMA G750 750W Gold PSU, ATX 3.1, PCIe 5.1, Fully Modular, Black | 80 Plus Gold Certified,Japanese Capacitors,150mm FDB Fan S",https://www.amazon.co.uk/SAMA-G750-Power-Supply-Capacitors/dp/B0F98V3FZH/ref=zg_bs_g_430514031_d_sccl_2/524-3698123-6031407,"https://images-eu.ssl-images-amazon.com/images/I/61-3LqsWz5L._AC_UL600_SR600,400_.jpg",52,7cda97fd0231e584,4.6,39,69.99,,,2026-09-25 11:37:58.141225
psu,Power Supplies,B0FL1W8QNC,HKY 54V Power Supply AC/DC Adapter for Ubiquiti Network Ultra 60W USW-Ultra-60W Compact 8-Port Layer 2 GbE PoE Switch NY-PW0L,https://www.amazon.co.uk/HKY-Adapter-Ubiquiti-Network-USW-Ultra-60W/dp/B0FL1W8QNC/ref=zg_bs_g_430514031_d_sccl_3/524-3698123-6031407,"https://images-eu.ssl-images-amazon.com/images/I/51Uy5BCyFOL._AC_UL600_SR600,400_.jpg",53,,5.0,5,23.99,,,2026-09-25 11:37:58.141226
psu,Power Supplies,B0DCNLFHS3,"NZXT C1200 Gold ATX 3.1-1200W Fully Modular Power Supply | 1200W 80 PLUS Gold ATX 3.1 PSU, fully modular and quiet. PCIe 5 re",https://www.amazon.co.uk/NZXT-C1200-Gold-ATX-3-1/dp/B0DCNLFHS3/ref=zg_bs_g_430514031_d_sccl_4/524-3698123-6031407,"https://images-eu.ssl-images-amazon.com/images/I/51kOb+GePBL._AC_UL600_SR600,400_.jpg",54,0e910c8f1d5229bf,4.2,45,129.95,,,2026-09-25 11:37:58.141227
psu,Power Supplies,B09YTVTZ1V,"Lenink AA Battery Eliminator, Replace 4 AA Batteries Power Supply with USB to DC Cable,Replacement AA Rechargeable Batteries",https://www.amazon.co.uk/Lenink-USB-AA-Battery-Eliminator/dp/B09YTVTZ1V/ref=zg_bs_g_430514031_d_sccl_5/524-3698123-6031407,"https://images-eu.ssl-images-amazon.com/images/I/610ypguUjYL._AC_UL600_SR600,400_.jpg",55,,4.5,630,10.99,,,2026-09-25 11:37:58.141228
psu,Power Supplies,B0DLNF1798,"27W Power Supply Compatible with Raspberry Pi 5, USB C PD Adapter | Raspberry Pi 5, USB C PD Adapter Power Adapter for Raspbe",https://www.amazon.co.uk/Raspberry-USB-C-Power-Supply-Adapter/dp/B0DLNF1798/ref=zg_bs_g_430514031_d_sccl_6/524-3698123-6031407,"https://images-eu.ssl-images-amazon.com/images/I/51mPZorHSLL._AC_UL600_SR600,400_.jpg",56,,3.9,1080,11.99,,,2026-09-25 11:37:58.141228
psu,Power Supplies,B0F5WJL4KG,"PC Power Button, PC Power Switch Cable with LED Light, External Extension Switch for Power on Key for Home Desktop, E-Sports",https://www.amazon.co.uk/External-Extension-Desktop-Computers-Internet/dp/B0F5WJL4KG/ref=zg_bs_g_430514031_d_sccl_7/524-3698123-6031407,"https://images-eu.ssl-images-amazon.com/images/I/61ILksMbAxL._AC_UL600_SR600,400_.jpg",57,,4.6,29,4.89,,,2026-09-25 11:37:58.141229
psu,Power Supplies,B0CPHRN9S4,"Etssembo 24V 3A Power Adapter Compatible with Munbyn, Rollo Label Printer | Compatible with Munbyn ITPP941, Rollo, Phomemo PM",https://www.amazon.co.uk/Logitech-Driving-fi-6130-Adapter-5-5x2-5mm-24V-Power-Supply/dp/B0CPHRN9S4/ref=zg_bs_g_430514031_d_sccl_8/524-3698123-6031407,"https://images-eu.ssl-images-amazon.com/images/I/61DNswT8VML._AC_UL600_SR600,400_.jpg",58,,4.4,24,11.49,,,2026-09-25 11:37:58.141230
psu,Power Supplies,B0F7HGLFHS,Ubiquiti AC Adapter 210W,https://www.amazon.co.uk/Ubiquiti-Poe-adp-210w-AC-Adapter-210W/dp/B0F7HGLFHS/ref=zg_bs_g_430514031_d_sccl_9/524-3698123-6031407,"https://images-eu.ssl-images-amazon.com/images/I/21T2XTmua+L._AC_UL600_SR600,400_.jpg",59,,4.7,27,88.21,,,2026-09-25 11:37:58.141230
psu,Power Supplies,B0DZXDXL18,KFD 19V Power Supply Adapter for AOC 24G15N 27G15N Gaming Monitor AOC V2 Series 24B1H 24B2XH 22V2H 27B1H 27B2H 27B31H 22-27'',https://www.amazon.co.uk/KFD-Adapter-Monitor-ADPC1925EX-ADS-40SG-19-3/dp/B0DZXDXL18/ref=zg_bs_g_430514031_d_sccl_10/524-3698123-6031407,"https://images-eu.ssl-images-amazon.com/images/I/61hZ9mf3xDL._AC_UL600_SR600,400_.jpg",60,,4.8,8,16.99,,,2026-09-25 11:37:58.141231
psu,Power Supplies,B0DMPDVR18,"Seasonic PRIME TX-1600 Noctua Edition, 1600W Quiet PC Power Supply | 80 PLUS Titanium, Integrated Noctua NF-A12x25 Fan, ATX 3",https://www.amazon.co.uk/Seasonic-PRIME-TX-1600-Noctua-Ultra-Quiet/dp/B0DMPDVR18/ref=zg_bs_g_430514031_d_sccl_11/524-3698123-6031407,"https://images-eu.ssl-images-amazon.com/images/I/71ZLjg+I-ML._AC_UL600_SR600,400_.jpg",61,45ef84e9f978fc3a,4.9,32,429.0,,,2026-09-25 11:37:58.141232
psu,Power Supplies,B0FF8XK679,"2Pcs 24v/12v to 5v Converter, 5A Power Buck Converter, 12V to 5V DC-DC Power Down Module, High Efficiency Voltage Regulator f",https://www.amazon.co.uk/12V-DC-DC-Down-Module-Efficient-Power-Blue/dp/B0FF8XK679/ref=zg_bs_g_430514031_d_sccl_12/524-3698123-6031407,"https://images-eu.ssl-images-amazon.com/images/I/71rU65uHRWL._AC_UL600_SR600,400_.jpg",62,,4.7,5,5.99,,,2026-09-25 11:37:58.141233
psu,Power Supplies,B0GGYTMGLR,12V 1.25A 15W Power Supply Charger 4.0*1.7mm Power Cable 1.5M for E-cho Dot | Compatible with E-cho Dot (3rd/5rd/4th/1st Gen),https://www.amazon.co.uk/1-25A-Power-Supply-Charger-Compatible/dp/B0GGYTMGLR/ref=zg_bs_g_430514031_d_sccl_13/524-3698123-6031407,"https://images-eu.ssl-images-amazon.com/images/I/61-yzD1pj7L._AC_UL600_SR600,400_.jpg",63,,5.0,5,6.99,,,2026-09-25 11:37:58.141234
psu,Power Supplies,B0BYKHQWXF,Corsair RM750e (2023) Fully Modular Low-Noise ATX Power Supply - ATX 3.1 & PCIe 5.1 Compliant - 105°C-Rated Capacitors - 80 P,https://www.amazon.co.uk/Corsair-RM750e-Modular-Low-Noise-Supply/dp/B0BYKHQWXF/ref=zg_bs_g_430514031_d_sccl_14/524-3698123-6031407,"https://images-eu.ssl-images-amazon.com/images/I/71XeKGayJaL._AC_UL600_SR600,400_.jpg",64,402e5a7f48f3954d,4.7,535,84.99,,,2026-09-25 11:37:58.141234
psu,Power Supplies,B0FZCMQNVV,"be quiet! SFX Power 3 450W Power Supply, 80 PLUS Bronze Efficiency | Compact & Silent SFX PSU for Mini & Media PCs, Dual PCIe",https://www.amazon.co.uk/quiet-Compact-Silent-Supply-Efficiency/dp/B0FZCMQNVV/ref=zg_bs_g_430514031_d_sccl_15/524-3698123-6031407,"https://images-eu.ssl-images-amazon.com/images/I/81j4bhpYUrL._AC_UL600_SR600,400_.jpg",65,4efde45c3d894fae,4.1,4,59.99,,,2026-09-25 11:37:58.141235
psu,Power Supplies,B0H39K28H3,"USB-C Power Supply for Raspberry Pi 4,5V 3A Charger | with On/Off Switch Type C Power Adapter for Raspberry Pi 4B 3B Orange P",https://www.amazon.co.uk/USB-C-Power-Supply-Raspberry-Charger/dp/B0H39K28H3/ref=zg_bs_g_430514031_d_sccl_16/524-3698123-6031407,"https://images-eu.ssl-images-amazon.com/images/I/71kXDq6fTbL._AC_UL600_SR600,400_.jpg",66,,5.0,1,7.69,,,2026-09-25 11:37:58.141236
psu,Power Supplies,B01N6O0LOH,"12V 10A Power Supply, 120W DC Universal Regulated Switching Adapter Transformers for LED Strip Light,Probe Signal Lamp",https://www.amazon.co.uk/Velain-Universal-Regulated-Transformers-Surveillance/dp/B01N6O0LOH/ref=zg_bs_g_430514031_d_sccl_17/524-3698123-6031407,"https://images-eu.ssl-images-amazon.com/images/I/71GODaATpAL._AC_UL600_SR600,400_.jpg",67,,4.6,133,12.99,,,2026-09-25 11:37:58.141237
psu,Power Supplies,B01NBC8BHI,"OriGlam USB Wired Wii Sensor Bar, Replacement Infrared IR Ray Motion Sensor Bar, Replacement USB Wired Infrared Ray Sensor Ba",https://www.amazon.co.uk/%E3%80%90Best-Deals%E3%80%91OriGlam-Wii-Sensor-Replacement/dp/B01NBC8BHI/ref=zg_bs_g_430514031_d_sccl_18/524-3698123-6031407,"https://images-eu.ssl-images-amazon.com/images/I/413iNG0KOBS._AC_UL600_SR600,400_.jpg",68,,4.2,,7.54,,,2026-09-25 11:37:58.141237
psu,Power Supplies,B0CQSKX6ZQ,iUniker GaN PD 27W 5.1V 5A 27W PD Power Supply USB-C for Raspberry Pi 5,https://www.amazon.co.uk/iUniker-Raspberry-Power-Supply-USB-C/dp/B0CQSKX6ZQ/ref=zg_bs_g_430514031_d_sccl_19/524-3698123-6031407,"https://images-eu.ssl-images-amazon.com/images/I/51Llikfbu9L._AC_UL600_SR600,400_.jpg",69,63b4df4b6acbaaca,4.5,70,13.79,,,2026-09-25 11:37:58.141238
psu,Power Supplies,B0DM8FKSV2,"Replacement 24V 4A Power Supply, 96W UK Mains Adaptor, 5.5mm | Replacement 24V 4A Adaptor for COB LED Strips, Fosi Audio Amp,",https://www.amazon.co.uk/Replacement-Power-Supply-Mains-Adaptor-Black/dp/B0DM8FKSV2/ref=zg_bs_g_430514031_d_sccl_20/524-3698123-6031407,"https://images-eu.ssl-images-amazon.com/images/I/71Rx1JlcbhL._AC_UL600_SR600,400_.jpg",70,,4.4,23,15.59,,,2026-09-25 11:37:58.141239
psu,Power Supplies,B0FLCN23D2,"29V 2A Universal Recliner Power Supply, AC/DC Switching Transformer | Recliner Lift Chair Cable and Charger Adapter for OKIN",https://www.amazon.co.uk/Yuio-2A-Recliner-Transformer-Recliners/dp/B0FLCN23D2/ref=zg_bs_g_430514031_d_sccl_21/524-3698123-6031407,"https://images-eu.ssl-images-amazon.com/images/I/61tcChzeeKL._AC_UL600_SR600,400_.jpg",71,,4.2,11,12.49,,,2026-09-25 11:37:58.141240
psu,Power Supplies,B0HDSZNWJG,"12V 2A DC Power Supply Adapter with 5.5x2.1mm Plug, AC 100-240V | for LED, CCTV, Router, 1M Cable Length, AC to DC Converter,",https://www.amazon.co.uk/Power-Supply-Adapter-5-5x2-1mm-100-240V-Black/dp/B0HDSZNWJG/ref=zg_bs_g_430514031_d_sccl_22/524-3698123-6031407,"https://images-eu.ssl-images-amazon.com/images/I/71TFT6NdqEL._AC_UL600_SR600,400_.jpg",72,,,,6.29,,,2026-09-25 11:37:58.141240
psu,Power Supplies,B0G3V7CHXX,12V 1.25A 15W Power Supply Charger 4.0*1.7mm Power Cable 1.5M for E-cho Dot | Compatible with E-cho Dot (3rd/5rd/4th/1st Gen),https://www.amazon.co.uk/1-25A-Power-Supply-Charger-Compatible-BLACK/dp/B0G3V7CHXX/ref=zg_bs_g_430514031_d_sccl_23/524-3698123-6031407,"https://images-eu.ssl-images-amazon.com/images/I/61UKy2j3ppL._AC_UL600_SR600,400_.jpg",73,,4.5,19,8.99,,,2026-09-25 11:37:58.141241
psu,Power Supplies,B01H37XQP8,DSLRKIT Active PoE Splitter 48V to 5V 2.4A Micro USB for RPi B B+ 2 3,https://www.amazon.co.uk/DSLRKIT-Active-Splitter-Ethernet-Raspberry/dp/B01H37XQP8/ref=zg_bs_g_430514031_d_sccl_24/524-3698123-6031407,"https://images-eu.ssl-images-amazon.com/images/I/61O7cMquaSL._AC_UL600_SR600,400_.jpg",74,,4.5,629,8.9,,,2026-09-25 11:37:58.141242
psu,Power Supplies,B0FJXLKHVK,"CPS PCCOOLER KN650 Fully Modular PSU 80 Plus Gold ATX 3.1 PCIE 5.1 | 650W ATX 3.1, 80 Plus Gold Certified, Japanese Capacitor",https://www.amazon.co.uk/PCCOOLER-KN650-Fully-Modular-Plus/dp/B0FJXLKHVK/ref=zg_bs_g_430514031_d_sccl_25/524-3698123-6031407,"https://images-eu.ssl-images-amazon.com/images/I/51zlMXnR1oL._AC_UL600_SR600,400_.jpg",75,35a61ea860dbac87,4.2,43,54.68,,,2026-09-25 11:37:58.141243
psu,Power Supplies,B0D2HT1TFM,SinLoon PC Power on Button Desktop Computer Power Switch External Remote Start 5.9 FT Computer Motherboard PC Power Switch Ex,https://www.amazon.co.uk/SinLoon-Computer-External-Motherboard-Extension/dp/B0D2HT1TFM/ref=zg_bs_g_430514031_d_sccl_26/524-3698123-6031407,"https://images-eu.ssl-images-amazon.com/images/I/61dVuu+2vmL._AC_UL600_SR600,400_.jpg",76,,4.5,529,8.99,,,2026-09-25 11:37:58.141243
psu,Power Supplies,B0FV34PB3K,"USB C Power Supply for Raspberry Pi 5 27W 5V 5A PD Adapter UK Plug Black | Fast Charging Type C Charger, Supports PD 3.0. Com",https://www.amazon.co.uk/Raspberry-Adapter-Charging-Compatible-Supports/dp/B0FV34PB3K/ref=zg_bs_g_430514031_d_sccl_27/524-3698123-6031407,"https://images-eu.ssl-images-amazon.com/images/I/61VxRQAczFL._AC_UL600_SR600,400_.jpg",77,,4.1,6,7.49,,,2026-09-25 11:37:58.141244
psu,Power Supplies,B0F1CXP21R,"12V 1A Power Supply Adapter, AC/DC Adapter 100-240V 50/60Hz for Keyboard | 12W Switching Adapter for LED Strip Light CCTV Rou",https://www.amazon.co.uk/Adapter-100-240V-Switching-Universal-External-1A-12W/dp/B0F1CXP21R/ref=zg_bs_g_430514031_d_sccl_28/524-3698123-6031407,"https://images-eu.ssl-images-amazon.com/images/I/61YLi-nRYML._AC_UL600_SR600,400_.jpg",78,,4.4,37,9.99,,,2026-09-25 11:37:58.141245
psu,Power Supplies,B0CWN59YCZ,"Apevia ITX-PFC500W Mini ITX/Flex ATX/1U 500W Fully Modular Power Supply, Full Range Active PFC 90-264V, AC for POS AIO System",https://www.amazon.co.uk/ITX-PFC500W-Modular-90-264V-Desktop-Computer/dp/B0CWN59YCZ/ref=zg_bs_g_430514031_d_sccl_29/524-3698123-6031407,"https://images-eu.ssl-images-amazon.com/images/I/615CCzUoV2L._AC_UL600_SR600,400_.jpg",79,dfb1995d2d3d7bd6,4.2,299,82.67,,,2026-09-25 11:37:58.141246
psu,Power Supplies,B0GYX7TJSM,iRasptek 15W 5V/3A USB-C Power Adapter for Raspberry Pi 4 （black）,https://www.amazon.co.uk/iRasptek-USB-C-Adapter-Raspberry-%EF%BC%88black%EF%BC%89/dp/B0GYX7TJSM/ref=zg_bs_g_430514031_d_sccl_30/524-3698123-6031407,"https://images-eu.ssl-images-amazon.com/images/I/71AoKKLju3L._AC_UL600_SR600,400_.jpg",80,,4.7,26,11.99,,,2026-09-25 11:37:58.141246
psu,Power Supplies,B0DZX8W7PR,Universal 12V Power Supply Adapter for Gaming Monitors MINIFIR MFG27C1 Acer Nitro KG241Y MSI PRO MP223 PEAQ S240/Cello 12 Vol,https://www.amazon.co.uk/Universal-Adapter-Monitors-MINIFIR-Controller-Black/dp/B0DZX8W7PR/ref=zg_bs_g_430514031_d_sccl_81/524-3698123-6031407,"https://images-eu.ssl-images-amazon.com/images/I/61M3W7IAz3L._AC_UL300_SR300,200_.jpg",81,,4.3,16,19.99,,,2026-09-25 11:37:58.141247
psu,Power Supplies,B0D94DWXJR,"Desktop Computer Power Switch, PC Power Button, External PC Switch Black with LED Light, 1.8 M Extension Cable, Replacement o",https://www.amazon.co.uk/Switch-Desktop-Computer-External-Extension/dp/B0D94DWXJR/ref=zg_bs_g_430514031_d_sccl_82/524-3698123-6031407,"https://images-eu.ssl-images-amazon.com/images/I/61soe+px6TL._AC_UL300_SR300,200_.jpg",82,,4.4,112,4.99,,,2026-09-25 11:37:58.141248
psu,Power Supplies,B0GV3ZJS8B,"15W Power Supply Charger for Echo Dot 3rd 4th 5th Gen,12V 1.25A Replacement Power Cable Adapter for Echo Show 5 1st/2nd Gen E",https://www.amazon.co.uk/Power-Supply-Charger-Replacement-Adapter-Black/dp/B0GV3ZJS8B/ref=zg_bs_g_430514031_d_sccl_83/524-3698123-6031407,"https://images-eu.ssl-images-amazon.com/images/I/71mCjEaDZJL._AC_UL300_SR300,200_.jpg",83,,4.7,5,7.29,,,2026-09-25 11:37:58.141249
psu,Power Supplies,B07XMM4RCV,Microsoft Surface 24W Power Supply,https://www.amazon.co.uk/Microsoft-Surface-Power-Supply-24W/dp/B07XMM4RCV/ref=zg_bs_g_430514031_d_sccl_84/524-3698123-6031407,"https://images-eu.ssl-images-amazon.com/images/I/61wycp5ggaL._AC_UL300_SR300,200_.jpg",84,e84bcbeaaaebd70e,4.5,38,23.15,,,2026-09-25 11:37:58.141249
psu,Power Supplies,B0BGC3F6QS,Waveshare 5V/4A Power Supply for Jetson Nano and Other Electronics,https://www.amazon.co.uk/Waveshare-Power-Supply-Jetson-Electronics/dp/B0BGC3F6QS/ref=zg_bs_g_430514031_d_sccl_85/524-3698123-6031407,"https://images-eu.ssl-images-amazon.com/images/I/61lOJa694PL._AC_UL300_SR300,200_.jpg",85,,4.4,12,10.99,,,2026-09-25 11:37:58.141250
psu,Power Supplies,B0BPMXQRDY,Corsair RM850x SHIFT Fully Modular ATX Power Supply - 80 PLUS Gold - ATX 3.1 - PCIe 5.1 - Zero RPM - Modular Side Interface -,https://www.amazon.co.uk/Corsair-RM850x-SHIFT-Modular-Supply/dp/B0BPMXQRDY/ref=zg_bs_g_430514031_d_sccl_86/524-3698123-6031407,"https://images-eu.ssl-images-amazon.com/images/I/81OwObzrzLL._AC_UL300_SR300,200_.jpg",86,,4.6,162,127.16,,,2026-09-25 11:37:58.141251
psu,Power Supplies,B00GK8SYCW,"StarTech 12in SATA to LP4 Power Adapter Cable (LP4SATAFM12) | SATA power (F) to LP4 power (M), Female to Male",https://www.amazon.co.uk/StarTech-com-Molex-Power-Cable-Adapter/dp/B00GK8SYCW/ref=zg_bs_g_430514031_d_sccl_87/524-3698123-6031407,"https://images-eu.ssl-images-amazon.com/images/I/610udD9gHjL._AC_UL300_SR300,200_.jpg",87,,4.6,944,4.91,,,2026-09-25 11:37:58.141252
psu,Power Supplies,B0FQ55R2Z4,"NZXT C1000 Gold Core - 1000W ATX 3.1 Power Supply, 80+ Gold | 1000W ATX 3.1 PSU, 80 PLUS Gold and Cybenetics Platinum, fully",https://www.amazon.co.uk/NZXT-C1000-Gold-Core-Cybenetics/dp/B0FQ55R2Z4/ref=zg_bs_g_430514031_d_sccl_88/524-3698123-6031407,"https://images-eu.ssl-images-amazon.com/images/I/51q5YBPUmmL._AC_UL300_SR300,200_.jpg",88,,4.8,13,140.87,,,2026-09-25 11:37:58.141252
psu,Power Supplies,B0DD6SJ1N3,eMagTech 2pcs Graphics Card Power Cable 18AWG Tin-plated Copper CPU 8 Pin Male to Dual P-CIE 8 Pin Female Cable 030-0571-000,https://www.amazon.co.uk/eMagTech-Graphics-Tin-plated-030-0571-000-Compatible-Yellow/dp/B0DD6SJ1N3/ref=zg_bs_g_430514031_d_sccl_89/524-3698123-6031407,"https://images-eu.ssl-images-amazon.com/images/I/71t+h0fosfL._AC_UL300_SR300,200_.jpg",89,,4.7,5,11.39,,,2026-09-25 11:37:58.141253
psu,Power Supplies,B07WRR49XJ,"20/24 4/6/8 Pin Computer PC Power Supply Tester with LCD Display for ATX, ITX, BTX, PCI-E, SATA",https://www.amazon.co.uk/Computer-Power-Supply-Tester-Display-default/dp/B07WRR49XJ/ref=zg_bs_g_430514031_d_sccl_90/524-3698123-6031407,"https://images-eu.ssl-images-amazon.com/images/I/61sw8VdNOsL._AC_UL300_SR300,200_.jpg",90,,4.4,118,9.99,,,2026-09-25 11:37:58.141254
psu,Power Supplies,B0D1KMR6ZS,"JUSTOP Black ATX 500W PSU, Switching Power Supply, Computer Desktop PC, 120mm Fan, 4+4-Pin 12V, 6x SATA",https://www.amazon.co.uk/JUSTOP-Switching-Supply-Computer-Desktop/dp/B0D1KMR6ZS/ref=zg_bs_g_430514031_d_sccl_91/524-3698123-6031407,"https://images-eu.ssl-images-amazon.com/images/I/61sZDs2nz5L._AC_UL300_SR300,200_.jpg",91,,4.3,35,,,,2026-09-25 11:37:58.141255
psu,Power Supplies,B07BVTT69K,Silverstone Flex Series FX350-80Plus Power Supply,https://www.amazon.co.uk/SilverStone-SST-FX350-G-Power-Supply-Noise/dp/B07BVTT69K/ref=zg_bs_g_430514031_d_sccl_92/524-3698123-6031407,"https://images-eu.ssl-images-amazon.com/images/I/71urDyHLHQL._AC_UL300_SR300,200_.jpg",92,4061d91e4794df6f,3.8,251,74.99,,,2026-09-25 11:37:58.141255
psu,Power Supplies,B098F6PYSY,"CiT FX Pro 800W PSU Bronze, ATX Power Supply 80 Plus, Non Modular PSU 800W | All black 800W power supply unit that puts more",https://www.amazon.co.uk/CiT-FX-Pro-800W-Efficiency/dp/B098F6PYSY/ref=zg_bs_g_430514031_d_sccl_93/524-3698123-6031407,"https://images-eu.ssl-images-amazon.com/images/I/61DfEYRSKWS._AC_UL300_SR300,200_.jpg",93,,4.5,28,42.73,,,2026-09-25 11:37:58.141256
psu,Power Supplies,B0H65T2XHT,"JUSTOP X-Core Plus 550W Power Supply, 80 Plus Bronze Certified, ATX PSU For Desktop PCs, 120mm Quiet HDB Fan, Dual PCI-E, 6x",https://www.amazon.co.uk/JUSTOP-X-Core-Supply-Certified-Desktop/dp/B0H65T2XHT/ref=zg_bs_g_430514031_d_sccl_94/524-3698123-6031407,"https://images-eu.ssl-images-amazon.com/images/I/614mvHrGBkL._AC_UL300_SR300,200_.jpg",94,,4.5,20,34.95,,,2026-09-25 11:37:58.141257
psu,Power Supplies,B0CJ9TFFF3,"GameMax 850W Rampage Power Supply (No Power Cable inc.), Full-Modular, APFC, Japanese Tk Main Capacitor, 80 Plus Bronze, 88%",https://www.amazon.co.uk/GameMax-Full-Modular-Japanese-Capacitor-Efficiency/dp/B0CJ9TFFF3/ref=zg_bs_g_430514031_d_sccl_95/524-3698123-6031407,"https://images-eu.ssl-images-amazon.com/images/I/61vHPJHiXXL._AC_UL300_SR300,200_.jpg",95,f3b02c373bcb65e1,4.2,117,56.95,,,2026-09-25 11:37:58.141257
psu,Power Supplies,B0B432YGF3,MSI MAG A600DN ATX PC Power Supply 600 Watt Non-Modular 80 Plus Black,https://www.amazon.co.uk/MSI-A600DN-Power-Supply-Non-Modular/dp/B0B432YGF3/ref=zg_bs_g_430514031_d_sccl_96/524-3698123-6031407,"https://images-eu.ssl-images-amazon.com/images/I/51yFgmeZP7L._AC_UL300_SR300,200_.jpg",96,f821fd39dbfb0f3f,4.7,266,34.95,,,2026-09-25 11:37:58.141258
psu,Power Supplies,B09QS12N1W,PiSugar 3 Portable 1200 mAh UPS Lithium Battery Pwnagotchi Power Module for Raspberry Pi-Zero W/WH Model Accessories handhold,https://www.amazon.co.uk/Portable-Pwnagotchi-Raspberry-Accessories-handhold/dp/B09QS12N1W/ref=zg_bs_g_430514031_d_sccl_97/524-3698123-6031407,"https://images-eu.ssl-images-amazon.com/images/I/61Clhoo-bXL._AC_UL300_SR300,200_.jpg",97,,4.0,75,39.99,,,2026-09-25 11:37:58.141259
psu,Power Supplies,B0CNCHYXGZ,48V 3A Power Supply Adapter - COLM AC 100-240V DC 48 Volt 3 Amp Output 144W Power Adapter Interface 5.5 x 2.5mm Plug for PoE,https://www.amazon.co.uk/48V-3A-Power-Supply-Adapter/dp/B0CNCHYXGZ/ref=zg_bs_g_430514031_d_sccl_98/524-3698123-6031407,"https://images-eu.ssl-images-amazon.com/images/I/71-5hOc6azL._AC_UL300_SR300,200_.jpg",98,,4.8,7,19.9,,,2026-09-25 11:37:58.141260
psu,Power Supplies,B0D9Y2JM1L,SinLoon Desktop Computer External PC Power Button PC Power Switch Multifunctional Desktop Button for Easy Start and Reset Con,https://www.amazon.co.uk/SinLoon-Computer-External-Multifunctional-Light-2M/dp/B0D9Y2JM1L/ref=zg_bs_g_430514031_d_sccl_99/524-3698123-6031407,"https://images-eu.ssl-images-amazon.com/images/I/61W29gwI7xL._AC_UL300_SR300,200_.jpg",99,,4.5,393,12.69,,,2026-09-25 11:37:58.141260
psu,Power Supplies,B0F29GM84N,Fractal Design Ion 3 Gold 1000W White 80 PLUS Gold Certified Fully Modular ATX12V 3.1 Power Supply Unit PSU,https://www.amazon.co.uk/Fractal-Design-Certified-Modular-ATX12V/dp/B0F29GM84N/ref=zg_bs_g_430514031_d_sccl_100/524-3698123-6031407,"https://images-eu.ssl-images-amazon.com/images/I/61DIwDFoIEL._AC_UL300_SR300,200_.jpg",100,71838d470edbffdc,4.9,12,139.99,,,2026-09-25 11:37:58.141261
ram,Computer Memory,B07RW6Z692,CORSAIR VENGEANCE LPX DDR4 RAM 32GB (2x16GB) Up to 3200MHz CL16-20-20-38 1.35V Intel XMP AMD EXPO Computer Memory – Black (CM,https://www.amazon.co.uk/Corsair-VENGEANCE-2x16GB-3200MHz-Computer/dp/B07RW6Z692/ref=zg_bs_g_430511031_d_sccl_1/522-4755054-8671242,"https://images-eu.ssl-images-amazon.com/images/I/61wCOVcyvFL._AC_UL600_SR600,400_.jpg",1,,4.7,19945,209.99,,,2026-09-25 11:30:43.726273
ram,Computer Memory,B0BLFMP6YS,"Integral 8GB DDR4 RAM 3200MHz PC4-25600 SODIMM Laptop/Notebook/MacBook Memory Module, Black",https://www.amazon.co.uk/Integral-3200MT-2933MT-Notebook-MacBook/dp/B0BLFMP6YS/ref=zg_bs_g_430511031_d_sccl_2/522-4755054-8671242,"https://images-eu.ssl-images-amazon.com/images/I/71qH7459QsL._AC_UL600_SR600,400_.jpg",2,,4.7,132,60.95,,,2026-09-25 11:30:43.726276
ram,Computer Memory,B0CT9BMGLF,"Crucial Pro DDR5 RAM 32GB Kit (2x16GB) 6000MHz, Intel XMP 3.0 / AMD EXPO, Computer Memory (PC) - CP2K16G60C48U5",https://www.amazon.co.uk/Crucial-2x16GB-6000MHz-Computer-Memory/dp/B0CT9BMGLF/ref=zg_bs_g_430511031_d_sccl_3/522-4755054-8671242,"https://images-eu.ssl-images-amazon.com/images/I/51qZqQI02oL._AC_UL600_SR600,400_.jpg",3,11ec1e944a1ceb1e,4.6,538,399.99,,,2026-09-25 11:30:43.726277
ram,Computer Memory,B0BLTGMCB7,"Crucial DDR5 RAM 16GB 5600MHz SODIMM, Laptop Computer Memory, Mini PC (or 5200MHz, 4800MHz) CL46 - CT16G56C46S5",https://www.amazon.co.uk/Crucial-5600MHz-5200MHz-4800MHz-CT16G56C46S5/dp/B0BLTGMCB7/ref=zg_bs_g_430511031_d_sccl_4/522-4755054-8671242,"https://images-eu.ssl-images-amazon.com/images/I/61u+ioPoR1L._AC_UL600_SR600,400_.jpg",4,a42d2ac9afa57a18,4.7,1424,,,,2026-09-25 11:30:43.726278
ram,Computer Memory,B08C56GZGK,"Crucial DDR4 RAM 16GB 3200MHz CL22, Desktop Computer Memory (or 2933MHz, 2666MHz) - CT16G4DFRA32A",https://www.amazon.co.uk/Crucial-CT16G4DFRA32A-Desktop-Memory-Green/dp/B08C56GZGK/ref=zg_bs_g_430511031_d_sccl_5/522-4755054-8671242,"https://images-eu.ssl-images-amazon.com/images/I/51VO7toQIyL._AC_UL600_SR600,400_.jpg",5,,4.6,2762,117.0,,,2026-09-25 11:30:43.726280
ram,Computer Memory,B0BPTKD797,CORSAIR VENGEANCE RGB DDR5 32GB (2x16GB) DDR5 Up to 6000MHz CL30 AMD EXPO Intel XMP iCUE Compatible Computer Memory – Grey (C,https://www.amazon.co.uk/CORSAIR-VENGEANCE-6000MHz-Compatible-Computer/dp/B0BPTKD797/ref=zg_bs_g_430511031_d_sccl_6/522-4755054-8671242,"https://images-eu.ssl-images-amazon.com/images/I/61EVf-QxpvL._AC_UL600_SR600,400_.jpg",6,,4.8,4273,448.96,,,2026-09-25 11:30:43.726281
ram,Computer Memory,B0CTHXMYL8,"Crucial Pro DDR5 RAM 32GB Kit (2x16GB) 6000MHz CL36, Overclocking Gaming, Intel XMP 3.0 / AMD EXPO, Computer Memory (PC), Bla",https://www.amazon.co.uk/Crucial-2x16GB-6000MHz-Overclocking-Computer/dp/B0CTHXMYL8/ref=zg_bs_g_430511031_d_sccl_7/522-4755054-8671242,"https://images-eu.ssl-images-amazon.com/images/I/51EJt5geVEL._AC_UL600_SR600,400_.jpg",7,,4.6,3798,395.0,,,2026-09-25 11:30:43.726282
ram,Computer Memory,B0C7Z4HJ8L,"Lexar SODIMM 8GB DDR4 RAM 3200 MHz | 260-Pin DDR4, Laptop Ram, High-Performance SO-DIMM, CL22-22-22-52, 1.2V",https://www.amazon.co.uk/Lexar-SODIMM-8GB-DDR4-3200/dp/B0C7Z4HJ8L/ref=zg_bs_g_430511031_d_sccl_8/522-4755054-8671242,"https://images-eu.ssl-images-amazon.com/images/I/71zWep+u5FL._AC_UL600_SR600,400_.jpg",8,c557716a4a89da52,4.6,1351,35.86,,,2026-09-25 11:30:43.726283
ram,Computer Memory,B0GQCJ2D3D,"CORSAIR VENGEANCE RGB RS DDR5 16GB (2 x 8GB) Up To 5200MHz AMD INTEL RAM | Desktop Gaming Memory, AMD EXPO & Intel XMP 3.0 Co",https://www.amazon.co.uk/CORSAIR-VENGEANCE-DDR5-5200MHz-INTEL/dp/B0GQCJ2D3D/ref=zg_bs_g_430511031_d_sccl_9/522-4755054-8671242,"https://images-eu.ssl-images-amazon.com/images/I/71xOTU97xEL._AC_UL600_SR600,400_.jpg",9,,4.5,14,232.99,,,2026-09-25 11:30:43.726284
ram,Computer Memory,B01NAXBSIY,Timetec 16GB Kit (2x8GB) DDR3L/ DDR3 1600MHz PC3-12800 Unbuffered Non-ECC 1.35V CL11 2Rx8 Dual Rank 204 Pin SODIMM Laptop Not,https://www.amazon.co.uk/Timetec-PC3-12800-Unbuffered-Notebook-Computer/dp/B01NAXBSIY/ref=zg_bs_g_430511031_d_sccl_10/522-4755054-8671242,"https://images-eu.ssl-images-amazon.com/images/I/514u5IKfR0L._AC_UL600_SR600,400_.jpg",10,,4.6,4039,33.99,,,2026-09-25 11:30:43.726285
ram,Computer Memory,B0BZHTVHN5,CORSAIR VENGEANCE RGB DDR5 RAM 32GB (2x16GB) Up to 6000MHz CL36 Intel XMP iCUE Compatible Computer Memory - Black (CMH32GX5M2,https://www.amazon.co.uk/CORSAIR-VENGEANCE-6000MHz-Compatible-Computer/dp/B0BZHTVHN5/ref=zg_bs_g_430511031_d_sccl_11/522-4755054-8671242,"https://images-eu.ssl-images-amazon.com/images/I/61XsKRKsGoL._AC_UL600_SR600,400_.jpg",11,,4.7,4102,449.99,,,2026-09-25 11:30:43.726287
ram,Computer Memory,B08C4Z69LN,"Crucial DDR4 RAM 8GB 3200MHz SODIMM CL22, Laptop Computer Memory, Mini PC (or 2933MHz, 2666MHz) - CT8G4SFRA32A",https://www.amazon.co.uk/Crucial-3200MHz-Computer-2933MHz-2666MHz/dp/B08C4Z69LN/ref=zg_bs_g_430511031_d_sccl_12/522-4755054-8671242,"https://images-eu.ssl-images-amazon.com/images/I/61FsaYbk3UL._AC_UL600_SR600,400_.jpg",12,,4.8,25558,74.43,,,2026-09-25 11:30:43.726288
ram,Computer Memory,B0G3PDY8HD,Timetec Premium 8GB DDR4 3200MHz (PC4-3200AA) PC4-25600 SODIMM Laptop RAM – 260-Pin 1.2V CL22 Non-ECC Unbuffered Memory Modul,https://www.amazon.co.uk/Timetec-Premium-3200MHz-PC4-3200AA-PC4-25600-Single-Rank/dp/B0G3PDY8HD/ref=zg_bs_g_430511031_d_sccl_13/522-4755054-8671242,"https://images-eu.ssl-images-amazon.com/images/I/81iS6bYdpaL._AC_UL600_SR600,400_.jpg",13,,4.7,46,55.99,,,2026-09-25 11:30:43.726289
ram,Computer Memory,B0C3RYHZJQ,CORSAIR VENGEANCE DDR5 RAM 32GB (2x16GB) Up to 6000MHz CL30 Intel XMP iCUE Compatible Computer Memory - Black (CMK32GX5M2B600,https://www.amazon.co.uk/CORSAIR-VENGEANCE-6000MHz-Compatible-Computer/dp/B0C3RYHZJQ/ref=zg_bs_g_430511031_d_sccl_14/522-4755054-8671242,"https://images-eu.ssl-images-amazon.com/images/I/71AV5PQu1yL._AC_UL600_SR600,400_.jpg",14,,4.7,1441,449.99,,,2026-09-25 11:30:43.726290
ram,Computer Memory,B0D4NLSP87,Patriot Viper Venom DDR5 32GB (2 x 16GB) 6000MT/s UDIMM Desktop Gaming Memory KIT - PVV532G600C30K,https://www.amazon.co.uk/Patriot-6000MT-Desktop-Gaming-Memory/dp/B0D4NLSP87/ref=zg_bs_g_430511031_d_sccl_15/522-4755054-8671242,"https://images-eu.ssl-images-amazon.com/images/I/610Hy5HZ00L._AC_UL600_SR600,400_.jpg",15,e8c8558e9c6622b7,4.6,647,429.99,,,2026-09-25 11:30:43.726291
ram,Computer Memory,B082RKZY37,Integral 8GB DDR4 RAM 2666MHz PC4-21333 DIMM Desktop/Computer Memory Module – Green,https://www.amazon.co.uk/Integral-8GBDIMMDDR42666MHZPC4-21333-1600MHz-Memory-Module/dp/B082RKZY37/ref=zg_bs_g_430511031_d_sccl_16/522-4755054-8671242,"https://images-eu.ssl-images-amazon.com/images/I/71ePj6uygtS._AC_UL600_SR600,400_.jpg",16,b9a54be85a0fa1af,4.2,21,55.95,,,2026-09-25 11:30:43.726293
ram,Computer Memory,B0F951RPSH,KLEVV FIT V DDR5 32GB (2x 16GB) 6000MH/z CL30 Gaming Memory RAM Kit XMP 3.0 Non-RGB High Performance Overclocking 30-36-36-76,https://www.amazon.co.uk/KLEVV-Non-RGB-Performance-Overclocking-30-36-36-76/dp/B0F951RPSH/ref=zg_bs_g_430511031_d_sccl_17/522-4755054-8671242,"https://images-eu.ssl-images-amazon.com/images/I/614JSvlgN6L._AC_UL600_SR600,400_.jpg",17,c58bfc487201c6f6,4.4,106,399.95,,,2026-09-25 11:30:43.726294
ram,Computer Memory,B01N7WGQBX,Timetec 16GB KIT(2x8GB) DDR3L / DDR3 1600MHz (DDR3L-1600) PC3L-12800 / PC3-12800 Non-ECC Unbuffered 1.35V/1.5V CL11 2Rx8 Dual,https://www.amazon.co.uk/Timetec-PC3-12800-Unbuffered-Desktop-Computer/dp/B01N7WGQBX/ref=zg_bs_g_430511031_d_sccl_18/522-4755054-8671242,"https://images-eu.ssl-images-amazon.com/images/I/51s5NIsDDrL._AC_UL600_SR600,400_.jpg",18,,4.6,2882,33.99,,,2026-09-25 11:30:43.726295
ram,Computer Memory,B07KXMWHBY,Patriot Viper Steel DDR4 RAM 16GB (2X8GB) 3200MHz CL16 UDIMM Desktop Gaming Memory Kit - PVS416G320C6K,https://www.amazon.co.uk/Viper-Steel-3200MHz-Performance-Memory/dp/B07KXMWHBY/ref=zg_bs_g_430511031_d_sccl_19/522-4755054-8671242,"https://images-eu.ssl-images-amazon.com/images/I/917jhv56PSL._AC_UL600_SR600,400_.jpg",19,9c7dd65ff8d7f1e4,4.6,1297,119.99,,,2026-09-25 11:30:43.726296
ram,Computer Memory,B08C4X9VR5,"Crucial DDR4 RAM 32GB Kit (2x16GB) 3200MHz SODIMM CL22, Laptop Computer Memory, Mini PC (or 2933MHz, 2666MHz) - CT2K16G4SFRA3",https://www.amazon.co.uk/Crucial-3200MHz-Computer-2933MHz-2666MHz/dp/B08C4X9VR5/ref=zg_bs_g_430511031_d_sccl_20/522-4755054-8671242,"https://images-eu.ssl-images-amazon.com/images/I/61q1ch0o2+L._AC_UL600_SR600,400_.jpg",20,,4.8,9399,272.67,,,2026-09-25 11:30:43.726297
ram,Computer Memory,B0CB2TZKCG,【DDR4 RAM】GIGASTONE Game PRO 32GB Kit (2x16GB) DDR4 3200MHz PC4-25600 CL 16-18-18-40 Intel XMP 2.0 AMD Ryzen 1.35V UDIMM 288,https://www.amazon.co.uk/Gigastone-Desktop-DDR4-3200MHz-PC4-25600-Unbuffered-DDR4-3200MHz-2x16GB-White/dp/B0CB2TZKCG/ref=zg_bs_g_430511031_d_sccl_21/522-4755054-8671242,"https://images-eu.ssl-images-amazon.com/images/I/51BM392zpdL._AC_UL600_SR600,400_.jpg",21,f0d56bf99c1a4aed,4.6,564,198.99,,,2026-09-25 11:30:43.726298
ram,Computer Memory,B0FQMLKVLS,"Crucial Pro DDR5 RAM 32GB Kit (2x16GB) 6400MHz CL32, Overclocking Deskop Computer Gaming Memory, Intel XMP 3.0 / AMD EXPO, Bl",https://www.amazon.co.uk/Crucial-2x16GB-6400MHz-Overclocking-Computer/dp/B0FQMLKVLS/ref=zg_bs_g_430511031_d_sccl_22/522-4755054-8671242,"https://images-eu.ssl-images-amazon.com/images/I/517Rdpr4eML._AC_UL600_SR600,400_.jpg",22,1b6aec3b743716d1,4.6,553,438.95,,,2026-09-25 11:30:43.726300
ram,Computer Memory,B07HFJLYTM,Timetec 8GB DDR4 2666MHz (PC4-2666V) PC4-21300 UDIMM Desktop RAM – 288-Pin 1.2V CL19 Non-ECC Unbuffered DIMM Memory Module Up,https://www.amazon.co.uk/Timetec-2666MHz-PC4-21300-Unbuffered-Non-ECC/dp/B07HFJLYTM/ref=zg_bs_g_430511031_d_sccl_23/522-4755054-8671242,"https://images-eu.ssl-images-amazon.com/images/I/614QRlQnWvL._AC_UL600_SR600,400_.jpg",23,,4.6,406,49.99,,,2026-09-25 11:30:43.726301
ram,Computer Memory,B0GJSRRGKT,"Netac DDR4 RAM 16GB Kit (2x8GB) 3200 MHz,DRAM 288-Pin UDIMM Desktop Memory,CL16 1.35V Intel XMP 2.0 Computer Memory-Black",https://www.amazon.co.uk/Netac-288-Pin-Desktop-Computer-Memory-Black-D4III/dp/B0GJSRRGKT/ref=zg_bs_g_430511031_d_sccl_24/522-4755054-8671242,"https://images-eu.ssl-images-amazon.com/images/I/61wssvjV5qL._AC_UL600_SR600,400_.jpg",24,,4.5,2,110.99,,,2026-09-25 11:30:43.726302
ram,Computer Memory,B0G193YHMB,Timetec Premium 8GB DDR4 2400MHz (PC4-2400T) PC4-19200 SODIMM Laptop RAM – 260-Pin 1.2V CL17 Non-ECC Unbuffered Memory Module,https://www.amazon.co.uk/Timetec-Premium-2400MHz-PC4-2400T-PC4-19200/dp/B0G193YHMB/ref=zg_bs_g_430511031_d_sccl_25/522-4755054-8671242,"https://images-eu.ssl-images-amazon.com/images/I/81ootLxVqVL._AC_UL600_SR600,400_.jpg",25,,4.6,54,54.95,,,2026-09-25 11:30:43.726303
ram,Computer Memory,B0GRGBQJ7C,"Lexar SODIMM DDR4 RAM 1x16GB 3200MHz CL22, 260-Pin SODIMM Laptop Memory | High-Performance SO-DIMM Memory Module Upgrade, Lap",https://www.amazon.co.uk/Lexar-SODIMM-1x16GB-3200MHz-260-Pin/dp/B0GRGBQJ7C/ref=zg_bs_g_430511031_d_sccl_26/522-4755054-8671242,"https://images-eu.ssl-images-amazon.com/images/I/713uiZjjKZL._AC_UL600_SR600,400_.jpg",26,56f61ad72a87b5e5,4.9,12,128.99,,,2026-09-25 11:30:43.726304
ram,Computer Memory,B08F7M219D,Rasalas DDR3 16GB Kit (2x8GB) DDR3 1600MHz PC3L-12800S Non ECC Unbuffered 1.35V CL11 2Rx8 Dual Rank SODIMM Laptop Memory Ram,https://www.amazon.co.uk/Rasalas-1600MHz-PC3L-12800S-Unbuffered-SODIMM/dp/B08F7M219D/ref=zg_bs_g_430511031_d_sccl_27/522-4755054-8671242,"https://images-eu.ssl-images-amazon.com/images/I/81cS1kCwkxL._AC_UL600_SR600,400_.jpg",27,,4.6,709,32.99,,,2026-09-25 11:30:43.726305
ram,Computer Memory,B0CK88P7VF,"CORSAIR VENGEANCE DDR5 SODIMM 32GB (2x16GB) DDR5 Up to 5600MHz C48 (Compatible with Nearly Any Intel and AMD System, Easy Ins",https://www.amazon.co.uk/CORSAIR-VENGEANCE-Compatible-Installation-Compatibility/dp/B0CK88P7VF/ref=zg_bs_g_430511031_d_sccl_28/522-4755054-8671242,"https://images-eu.ssl-images-amazon.com/images/I/51YgnMva5XL._AC_UL600_SR600,400_.jpg",28,,4.7,189,383.99,,,2026-09-25 11:30:43.726307
ram,Computer Memory,B0DM594XBJ,Biwin Black Opal DW100 DDR5 RGB RAM 32GB (16GBx2) Up to 6000MHz CL30 Computer Memory Intel XMP 3.0 AMD EXPO Compatible-Black,https://www.amazon.co.uk/16GBx2-6000MHz-Computer-Memory-Compatible-Black-Black/dp/B0DM594XBJ/ref=zg_bs_g_430511031_d_sccl_29/522-4755054-8671242,"https://images-eu.ssl-images-amazon.com/images/I/61RuxWQtTvL._AC_UL600_SR600,400_.jpg",29,,4.3,70,,,,2026-09-25 11:30:43.726308
ram,Computer Memory,B0GGNTRNGZ,"Lexar SODIMM 24GB DDR5 RAM 5600 MHz CL46, 262-Pin DDR5 SODIMM Laptop RAM, High-Performance Gaming DRAM SO-DIMM for Laptop Mem",https://www.amazon.co.uk/Lexar-262-Pin-High-Performance-SO-DIMM-CL46-45-45-90/dp/B0GGNTRNGZ/ref=zg_bs_g_430511031_d_sccl_30/522-4755054-8671242,"https://images-eu.ssl-images-amazon.com/images/I/71I9LxtDfNL._AC_UL600_SR600,400_.jpg",30,,4.4,33,219.99,,,2026-09-25 11:30:43.726309
ram,Computer Memory,B0G12QXD5H,Timetec Premium 16GB DDR4 3200MHz (PC4-3200AA) PC4-25600 SODIMM Laptop RAM – 260-Pin 1.2V CL22 Non-ECC Unbuffered Memory Modu,https://www.amazon.co.uk/Timetec-Premium-3200MHz-PC4-3200AA-PC4-25600/dp/B0G12QXD5H/ref=zg_bs_g_430511031_d_sccl_31/522-4755054-8671242,"https://images-eu.ssl-images-amazon.com/images/I/81ztK5PCZtL._AC_UL300_SR300,200_.jpg",31,,4.7,51,92.99,,,2026-09-25 11:30:43.726310
ram,Computer Memory,B071GS8TTK,Timetec 16GB DDR4 2400MHz (PC4-2400T) PC4-19200 UDIMM Desktop RAM – 288-Pin 1.2V CL17 Non-ECC Unbuffered DIMM Memory Module U,https://www.amazon.co.uk/Timetec-2400MHz-PC4-19200-Unbuffered-Computer/dp/B071GS8TTK/ref=zg_bs_g_430511031_d_sccl_32/522-4755054-8671242,"https://images-eu.ssl-images-amazon.com/images/I/61oJkigON+L._AC_UL300_SR300,200_.jpg",32,,4.7,215,85.99,,,2026-09-25 11:30:43.726311
ram,Computer Memory,B082NQ4144,16GB Kit (2X8GB) DDR3 12800 1600 PC3L-12800U 8GB DDR3L Dimm 2Rx8 1.35V/1.5V CL11 Desktop RAM Memory for Desktop Computer,https://www.amazon.co.uk/ROYEMAI-PC3L-12800U-Notebook-Desktop-Computer/dp/B082NQ4144/ref=zg_bs_g_430511031_d_sccl_33/522-4755054-8671242,"https://images-eu.ssl-images-amazon.com/images/I/71NKdlbCO4L._AC_UL300_SR300,200_.jpg",33,,4.7,570,32.58,,,2026-09-25 11:30:43.726312
ram,Computer Memory,B0BZHXGYWS,Corsair Vengeance DDR5 RAM 16GB (2x8GB) Up to 5200MHz CL40 Intel XMP iCUE Compatible Computer Memory - Black,https://www.amazon.co.uk/Corsair-VENGEANCE-5200MHz-Compatible-Computer/dp/B0BZHXGYWS/ref=zg_bs_g_430511031_d_sccl_34/522-4755054-8671242,"https://images-eu.ssl-images-amazon.com/images/I/61XAG0FT2ZL._AC_UL300_SR300,200_.jpg",34,,4.6,474,245.99,,,2026-09-25 11:30:43.726314
ram,Computer Memory,B08C511GQH,"Crucial DDR4 RAM 16GB 3200MHz SODIMM CL22, Laptop Computer Memory, Mini PC (or 2933MHz, 2666MHz) - CT16G4SFRA32A",https://www.amazon.co.uk/Crucial-3200MHz-Computer-2933MHz-2666MHz/dp/B08C511GQH/ref=zg_bs_g_430511031_d_sccl_35/522-4755054-8671242,"https://images-eu.ssl-images-amazon.com/images/I/71oz85Vv6mL._AC_UL300_SR300,200_.jpg",35,,4.8,17008,138.38,,,2026-09-25 11:30:43.726315
ram,Computer Memory,B0C5M7J967,CORSAIR VENGEANCE DDR5 64GB (2x32GB) DDR5 Up to 6000MHz CL30 AMD EXPO Intel XMP iCUE Compatible Computer Memory – Grey (CMK64,https://www.amazon.co.uk/CORSAIR-VENGEANCE-6000MHz-Compatible-Computer/dp/B0C5M7J967/ref=zg_bs_g_430511031_d_sccl_36/522-4755054-8671242,"https://images-eu.ssl-images-amazon.com/images/I/717xrBf92wL._AC_UL300_SR300,200_.jpg",36,,4.7,697,999.99,,,2026-09-25 11:30:43.726316
ram,Computer Memory,B08J3NGCMH,Motoeagle DDR3L-1600 SODIMM 16GB Kit (2x8GB) PC3L-12800S 8GB 2Rx8 PC3 12800S DDR3 1600MHz RAM 1.35V/1.5V CL11 204-Pin Non-ECC,https://www.amazon.co.uk/motoeagle-DDR3L-1600-PC3L-12800S-1600MHz-Unbuffered/dp/B08J3NGCMH/ref=zg_bs_g_430511031_d_sccl_37/522-4755054-8671242,"https://images-eu.ssl-images-amazon.com/images/I/71h6Jhhr1iL._AC_UL300_SR300,200_.jpg",37,,4.6,1702,31.99,,,2026-09-25 11:30:43.726317
ram,Computer Memory,B0BXHC74WD,CORSAIR VENGEANCE RGB DDR5 RAM 32GB (2x16GB) Up to 6400MHz CL36-48-48-104 1.35V Intel XMP 3.0 Desktop Computer Memory - Black,https://www.amazon.co.uk/Corsair-VENGEANCE-6400MHz-Compatible-Computer/dp/B0BXHC74WD/ref=zg_bs_g_430511031_d_sccl_38/522-4755054-8671242,"https://images-eu.ssl-images-amazon.com/images/I/61D2DDpDITL._AC_UL300_SR300,200_.jpg",38,6e0768e1a5419de2,4.7,2158,460.0,,,2026-09-25 11:30:43.726318
ram,Computer Memory,B097K3WV9J,Kingston FURY Beast 16GB 3200MHz DDR4 CL16 Desktop Memory Single Module KF432C16BB1/16,https://www.amazon.co.uk/Kingston-16-Desktop-Memory-KF432C16BB1/dp/B097K3WV9J/ref=zg_bs_g_430511031_d_sccl_39/522-4755054-8671242,"https://images-eu.ssl-images-amazon.com/images/I/51oYGzxUbsL._AC_UL300_SR300,200_.jpg",39,e49cf5e2c31a1415,4.7,2258,133.48,,,2026-09-25 11:30:43.726319
ram,Computer Memory,B0CD7PJ4DV,DDR4 2666MHz 32GB Kit (16GBx2) Desktop RAM PC4-21300 UDIMM Non-ECC Unbuffered 1.2V 288-Pin CL19 PC Computer Memory Upgrade Mo,https://www.amazon.co.uk/2666MHz-Desktop-PC4-21300-Unbuffered-Computer-Black/dp/B0CD7PJ4DV/ref=zg_bs_g_430511031_d_sccl_40/522-4755054-8671242,"https://images-eu.ssl-images-amazon.com/images/I/6197VzEXHvL._AC_UL300_SR300,200_.jpg",40,,4.4,196,179.99,,,2026-09-25 11:30:43.726321
ram,Computer Memory,B09477S96W,"【DDR4 RAM Laptop Only】GIGASTONE 32GB Kit (2x16GB) DDR4 3200MHz (2933MHz or 2666MHz) PC4-25600 (PC4-23400, 21300) CL22 1.2V SO",https://www.amazon.co.uk/RAM%E3%80%91Gigastone-DDR4-3200MHz-PC4-25600-Unbuffered-Notebook-3200MHz-16GB-2-Pack/dp/B09477S96W/ref=zg_bs_g_430511031_d_sccl_41/522-4755054-8671242,"https://images-eu.ssl-images-amazon.com/images/I/61TMLVSJIYL._AC_UL300_SR300,200_.jpg",41,,4.6,493,198.99,,,2026-09-25 11:30:43.726322
ram,Computer Memory,B081XWLQKS,CORSAIR VENGEANCE RGB PRO DDR4 RAM 32GB (2x16GB) Up to 3200MHz CL16 Intel XMP AMD EXPO Computer Memory – Black (CMW32GX4M2E32,https://www.amazon.co.uk/CORSAIR-VENGEANCE-3200MHz-CL16-20-20-38-Computer/dp/B081XWLQKS/ref=zg_bs_g_430511031_d_sccl_42/522-4755054-8671242,"https://images-eu.ssl-images-amazon.com/images/I/71e6YWJio-L._AC_UL300_SR300,200_.jpg",42,16881be5473c90f8,4.7,8522,283.52,,,2026-09-25 11:30:43.726323
ram,Computer Memory,B0143UM4TC,CORSAIR VENGEANCE LPX DDR4 RAM 16GB (2x8GB) Up to 3200MHz CL16 Intel XMP AMD EXPO Computer Memory – Black (CMK16GX4M2B3200C16,https://www.amazon.co.uk/CORSAIR-VENGEANCE-3200MHz-CL16-18-18-36-Computer/dp/B0143UM4TC/ref=zg_bs_g_430511031_d_sccl_43/522-4755054-8671242,"https://images-eu.ssl-images-amazon.com/images/I/51gLnYN1W7L._AC_UL300_SR300,200_.jpg",43,0e184dc632884eae,4.8,62580,194.99,,,2026-09-25 11:30:43.726324
ram,Computer Memory,B0DYCJY7TW,Acer Predator Vesta II DDR5 Up to 6000MHz 32GB (16GBx2) RGB RAM CL36 Intel XMP 3.0 AMD EXPO Compatible Computer Memory PC5-48,https://www.amazon.co.uk/Predator-6000MHz-Compatible-Computer-PC5-48000-Silver/dp/B0DYCJY7TW/ref=zg_bs_g_430511031_d_sccl_44/522-4755054-8671242,"https://images-eu.ssl-images-amazon.com/images/I/71hoZxGgSeL._AC_UL300_SR300,200_.jpg",44,cc516d996fa8fb5b,4.7,243,422.99,,,2026-09-25 11:30:43.726325
ram,Computer Memory,B07D1XCKWW,CORSAIR VENGEANCE RGB PRO DDR4 RAM 16GB (2x8GB) Up to 3200MHz CL16-18-18-36 1.35V Intel AMD Desktop Computer Memory - Black (,https://www.amazon.co.uk/CORSAIR-VENGEANCE-3200MHz-CL16-18-18-36-Computer/dp/B07D1XCKWW/ref=zg_bs_g_430511031_d_sccl_45/522-4755054-8671242,"https://images-eu.ssl-images-amazon.com/images/I/71e6YWJio-L._AC_UL300_SR300,200_.jpg",45,,4.8,35309,169.9,,,2026-09-25 11:30:43.726326
ram,Computer Memory,B0D1Y5PCFZ,"Netac DDR4 3200MHz 32GB (2 X 16GB) 2-in-1 RAM Computer Desktop Memory DRAM Kit C16 XPM2.0 Gaming Memory 32GB with Heat Sink,",https://www.amazon.co.uk/Netac-3200MHz-Computer-Desktop-Memory/dp/B0D1Y5PCFZ/ref=zg_bs_g_430511031_d_sccl_46/522-4755054-8671242,"https://images-eu.ssl-images-amazon.com/images/I/61R2bqLYjUL._AC_UL300_SR300,200_.jpg",46,99dec916d54b32b0,4.4,251,185.99,,,2026-09-25 11:30:43.726327
ram,Computer Memory,B0B3HGJ4V7,TEAMGROUP T-Force Delta RGB DDR5 Ram 32GB (2x16GB) 6000MHz PC5-48000 CL30 Intel XMP 3.0 & AMD Expo Compatible Desktop Memory,https://www.amazon.co.uk/TEAMGROUP-T-Force-6000MHz-PC5-48000-Desktop-White/dp/B0B3HGJ4V7/ref=zg_bs_g_430511031_d_sccl_1/522-4755054-8671242,"https://images-eu.ssl-images-amazon.com/images/I/81JEfdUVCTL._AC_UL600_SR600,400_.jpg",51,372161fbe4d641f1,4.6,1439,457.73,,,2026-09-25 11:30:43.726329
ram,Computer Memory,B07KZDGNW3,Timetec 8GB DDR4 2666MHz (PC4-2666V) PC4-21300 SODIMM Laptop RAM – 260-Pin 1.2V CL19 Non-ECC Unbuffered Memory Module for Lap,https://www.amazon.co.uk/Timetec-PC4-21300-Unbuffered-Notebook-Computer/dp/B07KZDGNW3/ref=zg_bs_g_430511031_d_sccl_2/522-4755054-8671242,"https://images-eu.ssl-images-amazon.com/images/I/61bBKTRrtIL._AC_UL600_SR600,400_.jpg",52,,4.7,344,49.99,,,2026-09-25 11:30:43.726330
ram,Computer Memory,B0FVFQ4KL4,"Netac DDR4 RAM 32GB Kit (2x16GB) 3200MHz CL16-20-20-40 1.35V Intel XMP 2.0，288-Pin UDIMM Desktop Memory,High Performance Comp",https://www.amazon.co.uk/Netac-CL16-20-20-40-2-0%EF%BC%8C288-Pin-Performance-Memory-White/dp/B0FVFQ4KL4/ref=zg_bs_g_430511031_d_sccl_3/522-4755054-8671242,"https://images-eu.ssl-images-amazon.com/images/I/61AxZz2NjwL._AC_UL600_SR600,400_.jpg",53,555155503cd7a717,4.3,16,175.99,,,2026-09-25 11:30:43.726331
ram,Computer Memory,B0GDJT14BQ,"Lexar THOR Z Series OC DDR5 RAM 32GB Kit (2x16GB) 6000 MHz CL36, DRAM 288-Pin UDIMM Desktop Memory, PC Memory High-Performanc",https://www.amazon.co.uk/Lexar-288-Pin-Desktop-High-Performance-Computer/dp/B0GDJT14BQ/ref=zg_bs_g_430511031_d_sccl_4/522-4755054-8671242,"https://images-eu.ssl-images-amazon.com/images/I/412m49KGTcL._AC_UL600_SR600,400_.jpg",54,2678bc662659ded6,4.4,78,434.99,,,2026-09-25 11:30:43.726332
ram,Computer Memory,B08GSTF5NJ,CORSAIR VENGEANCE SODIMM DDR4 RAM 32GB (2x16GB) Up to 3200MHz CL22-22-22-53 1.2V Intel AMD Laptop Notebook Memory - Black (CM,https://www.amazon.co.uk/CORSAIR-VENGEANCE-3200MHz-CL22-22-22-53-Notebook/dp/B08GSTF5NJ/ref=zg_bs_g_430511031_d_sccl_5/522-4755054-8671242,"https://images-eu.ssl-images-amazon.com/images/I/51JIeOAQA0L._AC_UL600_SR600,400_.jpg",55,,4.8,4056,208.68,,,2026-09-25 11:30:43.726333
ram,Computer Memory,B08S9BLC36,"Corsair VENGEANCE RGB PRO 32GB 2 x 16GB, CMW32GX4M2E3200C16W DDR4 Up to 3200MHz(PC4-25600) C16 Desktop memory – White",https://www.amazon.co.uk/Corsair-VENGEANCE-CMW32GX4M2E3200C16W-3200MHz-PC4-25600/dp/B08S9BLC36/ref=zg_bs_g_430511031_d_sccl_6/522-4755054-8671242,"https://images-eu.ssl-images-amazon.com/images/I/611uE62DZwL._AC_UL600_SR600,400_.jpg",56,,4.8,1423,247.99,,,2026-09-25 11:30:43.726335
ram,Computer Memory,B07ZLC7VNH,"Crucial DDR4 RAM 32GB 3200MHz SODIMM CL22, Laptop Computer Memory, Mini PC (or 2933MHz, 2666MHz) - CT32G4SFD832A",https://www.amazon.co.uk/Crucial-3200MHz-Computer-Performance-2933MHz/dp/B07ZLC7VNH/ref=zg_bs_g_430511031_d_sccl_7/522-4755054-8671242,"https://images-eu.ssl-images-amazon.com/images/I/61FsaYbk3UL._AC_UL600_SR600,400_.jpg",57,,4.8,3665,227.36,,,2026-09-25 11:30:43.726336
ram,Computer Memory,B071KP8CGJ,Crucial RAM CT16G4SFD8266 16GB DDR4 2666MHz Laptop Memory,https://www.amazon.co.uk/Crucial-CT16G4SFD8266-PC4-21300-SODIMM-260-Pin/dp/B071KP8CGJ/ref=zg_bs_g_430511031_d_sccl_8/522-4755054-8671242,"https://images-eu.ssl-images-amazon.com/images/I/71oz85Vv6mL._AC_UL600_SR600,400_.jpg",58,,4.8,4691,102.82,,,2026-09-25 11:30:43.726337
ram,Computer Memory,B00453R90W,Patriot 16GB(2x8GB) Viper III DDR3 1866MHz (PC3 15000) CL10 Desktop Memory With Black Mamba Heatsink - PV316G186C0K,https://www.amazon.co.uk/Patriot-PV316G186C0K-1866MHz-Channel-Memory/dp/B00453R90W/ref=zg_bs_g_430511031_d_sccl_9/522-4755054-8671242,"https://images-eu.ssl-images-amazon.com/images/I/81vekasyjAL._AC_UL600_SR600,400_.jpg",59,,4.7,4665,44.99,,,2026-09-25 11:30:43.726338
ram,Computer Memory,B097QJ25NY,Kingston FURY Impact 32 GB (2 x 16 GB) 3200MHz DDR4 CL20 Laptop Memory Kit of 2 KF432S20IBK2/32,https://www.amazon.co.uk/Kingston-Impact-32-3200MHz-KF432S20IBK2/dp/B097QJ25NY/ref=zg_bs_g_430511031_d_sccl_10/522-4755054-8671242,"https://images-eu.ssl-images-amazon.com/images/I/61XAfp-LfKL._AC_UL600_SR600,400_.jpg",60,,4.7,2347,266.92,,,2026-09-25 11:30:43.726340
ram,Computer Memory,B0D9PRVBRZ,CORSAIR VENGEANCE RGB DDR5 RAM 16GB (2x8GB) Up to 5200MHz CL40 Intel XMP iCUE Compatible Computer Memory - Black (CMH16GX5M2B,https://www.amazon.co.uk/CORSAIR-VENGEANCE-5200MHz-Compatible-Computer/dp/B0D9PRVBRZ/ref=zg_bs_g_430511031_d_sccl_11/522-4755054-8671242,"https://images-eu.ssl-images-amazon.com/images/I/61EVf-QxpvL._AC_UL600_SR600,400_.jpg",61,,4.4,172,248.99,,,2026-09-25 11:30:43.726341
ram,Computer Memory,B07KY3VV42,Timetec 16GB KIT (2x8GB) DDR4 2133MHz (PC4-2133P) PC4-17000 UDIMM Desktop RAM – 288-Pin 1.2V CL15 Non-ECC Unbuffered DIMM Mem,https://www.amazon.co.uk/Timetec-2133MHz-PC4-17000-Unbuffered-Non-ECC/dp/B07KY3VV42/ref=zg_bs_g_430511031_d_sccl_12/522-4755054-8671242,"https://images-eu.ssl-images-amazon.com/images/I/71b3-naK3WL._AC_UL600_SR600,400_.jpg",62,,4.6,109,92.99,,,2026-09-25 11:30:43.726342
ram,Computer Memory,B0H38PWP63,"PUSKILL 32GB Kit (2x16GB) DDR4 RAM 3200MHz PC4-25600 Desktop Memory with Aluminum Heatsink, Non-ECC Unbuffered UDIMM 1.35V CL",https://www.amazon.co.uk/PUSKILL-PC4-25600-Aluminum-Unbuffered-Performance/dp/B0H38PWP63/ref=zg_bs_g_430511031_d_sccl_13/522-4755054-8671242,"https://images-eu.ssl-images-amazon.com/images/I/61puJcOkGtL._AC_UL600_SR600,400_.jpg",63,,5.0,4,,,,2026-09-25 11:30:43.726343
ram,Computer Memory,B0GVFBCJ1N,Nexarelle 2Pcs DIMM Desktop DDR3/DDR4/DDR5 Memory RAM Module Package Tray with Cover - Plastic Clamshell Antistatic Tray Tran,https://www.amazon.co.uk/Nexarelle-Desktop-Memory-Module-Package/dp/B0GVFBCJ1N/ref=zg_bs_g_430511031_d_sccl_14/522-4755054-8671242,"https://images-eu.ssl-images-amazon.com/images/I/717RSfU0AcL._AC_UL600_SR600,400_.jpg",64,,,,16.69,,,2026-09-25 11:30:43.726344
ram,Computer Memory,B0CD7WZRHF,CORSAIR VENGEANCE RGB DDR5 RAM 32GB (2x16GB) Up to 6000MHz CL30 Intel XMP iCUE Compatible Computer Memory - White (CMH32GX5M2,https://www.amazon.co.uk/CORSAIR-VENGEANCE-6000MHz-Compatible-Computer/dp/B0CD7WZRHF/ref=zg_bs_g_430511031_d_sccl_15/522-4755054-8671242,"https://images-eu.ssl-images-amazon.com/images/I/61wJJ1DrsTL._AC_UL600_SR600,400_.jpg",65,,4.7,463,482.53,,,2026-09-25 11:30:43.726346
ram,Computer Memory,B0D5QCW37D,【DDR4 RAM Laptop Only】GIGASTONE 16GB Kit (2x8GB) DDR4 3200MHz (2933MHz or 2666MHz) PC4-25600 (PC4-23400/21300) CL22 1.2V SODI,https://www.amazon.co.uk/RAM%E3%80%91GIGASTONE-PC4-25600-PC4-23400-Unbuffered-Performance-DDR4-3200MHz/dp/B0D5QCW37D/ref=zg_bs_g_430511031_d_sccl_16/522-4755054-8671242,"https://images-eu.ssl-images-amazon.com/images/I/61OCW3Vgx-L._AC_UL600_SR600,400_.jpg",66,,4.7,235,118.99,,,2026-09-25 11:30:43.726347
ram,Computer Memory,B0DCFMYRGJ,fanxiang DDR4 RAM 32GB kit (2x16GB) 3200 MHz Computer Memory XMP 2.0 | High Performance Overclocking for Intel and AMD,https://www.amazon.co.uk/fanxiang-2x16GB-Computer-Performance-Overclocking-White/dp/B0DCFMYRGJ/ref=zg_bs_g_430511031_d_sccl_17/522-4755054-8671242,"https://images-eu.ssl-images-amazon.com/images/I/61iozq9I85L._AC_UL600_SR600,400_.jpg",67,,4.2,133,189.99,,,2026-09-25 11:30:43.726348
ram,Computer Memory,B0GXG25Q2D,8GB DDR4 2666MHz DIGIERA DU260 UDIMM Desktop RAM–288-Pin 1.2V CL19 Non-ECC Memory Module,https://www.amazon.co.uk/2666MHz-DIGIERA-Desktop-RAM-288-Pin-Non-ECC/dp/B0GXG25Q2D/ref=zg_bs_g_430511031_d_sccl_18/522-4755054-8671242,"https://images-eu.ssl-images-amazon.com/images/I/61zKlCgYqDL._AC_UL600_SR600,400_.jpg",68,,4.8,7,49.99,,,2026-09-25 11:30:43.726349
ram,Computer Memory,B0CJ8ZHMVF,CORSAIR VENGEANCE DDR5 32GB (2x16GB) DDR5 Up to 6000MHz CL36 AMD EXPO Intel XMP iCUE Compatible Computer Memory – Grey (CMK32,https://www.amazon.co.uk/CORSAIR-Vengeance-6000MHz-Compatible-Computer/dp/B0CJ8ZHMVF/ref=zg_bs_g_430511031_d_sccl_19/522-4755054-8671242,"https://images-eu.ssl-images-amazon.com/images/I/717xrBf92wL._AC_UL600_SR600,400_.jpg",69,,4.7,1930,525.39,,,2026-09-25 11:30:43.726350
ram,Computer Memory,B07433WQYS,Timetec Hynix IC Apple 32GB Kit (4x8GB) DDR3L 1866MHz PC3-14900 SODIMM Memory Upgrade For selected Apple devices (32GB Kit (4,https://www.amazon.co.uk/Timetec-1866MHz-PC3-14900-Upgrade-selected/dp/B07433WQYS/ref=zg_bs_g_430511031_d_sccl_20/522-4755054-8671242,"https://images-eu.ssl-images-amazon.com/images/I/81CxOyycLpL._AC_UL600_SR600,400_.jpg",70,,4.6,258,70.99,,,2026-09-25 11:30:43.726351
ram,Computer Memory,B0BLTH3KWV,"Crucial DDR5 RAM 16GB 5600MHz, Desktop Computer Memory, (or 5200MHz, 4800MHz) CL46 - CT16G56C46U5",https://www.amazon.co.uk/Crucial-5600MHz-5200MHz-4800MHz-CT16G56C46U5/dp/B0BLTH3KWV/ref=zg_bs_g_430511031_d_sccl_21/522-4755054-8671242,"https://images-eu.ssl-images-amazon.com/images/I/71rIspMTJwL._AC_UL600_SR600,400_.jpg",71,a42d2ac9afa57a18,4.6,316,234.79,,,2026-09-25 11:30:43.726353
ram,Computer Memory,B01N7WA5XB,"Timetec 16GB KIT(2x8GB) Compatible for Apple DDR3 1333MHz PC3-10600 CL9 for Mac Book Pro (Early/Late 2011 13/15/17 inch), iMa",https://www.amazon.co.uk/Timetec-compatible-1333MHz-PC3-10600-selected/dp/B01N7WA5XB/ref=zg_bs_g_430511031_d_sccl_22/522-4755054-8671242,"https://images-eu.ssl-images-amazon.com/images/I/71j1M5a3moL._AC_UL600_SR600,400_.jpg",72,,4.6,402,34.99,,,2026-09-25 11:30:43.726354
ram,Computer Memory,B08B5TY58R,"Rasalas 8GB Kit (2X4GB) PC3-10600 DDR3 1333mhz Sodimm RAM for AMD Intel Laptop, MacBook Pro 13/15/17 inch Early Late 2011, iM",https://www.amazon.co.uk/Rasalas-PC3-10600-1333mhz-Sodimm-MacBook/dp/B08B5TY58R/ref=zg_bs_g_430511031_d_sccl_23/522-4755054-8671242,"https://images-eu.ssl-images-amazon.com/images/I/71ywZA-kJHL._AC_UL600_SR600,400_.jpg",73,,4.6,670,19.99,,,2026-09-25 11:30:43.726355
ram,Computer Memory,B0G6X8HZ6P,SEAFRONT 4 in 1 RAM Memory Tester Card Diagnostic Analyzer for DDR3 DDR4 DDR5 UDIMM RDIMM Desktop Computer Server Memory Test,https://www.amazon.co.uk/SEAFRONT-Diagnostic-Analyzer-Computer-Indicators/dp/B0G6X8HZ6P/ref=zg_bs_g_430511031_d_sccl_24/522-4755054-8671242,"https://images-eu.ssl-images-amazon.com/images/I/71TabT2n7AL._AC_UL600_SR600,400_.jpg",74,,,,29.73,,,2026-09-25 11:30:43.726356
ram,Computer Memory,B07W8ZDDKT,Memory DDR4 16GB PC3200 VENGEANCE LPX BLACK CMK16GX4M1E3200C16 CORSAIR MEMORY CORSAIR DDR4 16GB 1X16GB PC 3200 VENGEANCE LPX,https://www.amazon.co.uk/Corsair-Memory-PC3200-VENGEANCE-CMK16GX4M1E3200C16/dp/B07W8ZDDKT/ref=zg_bs_g_430511031_d_sccl_25/522-4755054-8671242,"https://images-eu.ssl-images-amazon.com/images/I/51Gs2sm696L._AC_UL600_SR600,400_.jpg",75,3046a3aa0f836f06,4.6,1928,,,,2026-09-25 11:30:43.726357
ram,Computer Memory,B01NAXC8AQ,Timetec 16GB KIT(2x8GB) DDR3 / DDR3L 1333MHz PC3-10600 Non-ECC Unbuffered 1.5V / 1.35V CL9 2Rx8 Dual Rank 240 Pin UDIMM PC De,https://www.amazon.co.uk/Timetec-PC3-10600-1333MHz-Unbuffered-Computer/dp/B01NAXC8AQ/ref=zg_bs_g_430511031_d_sccl_26/522-4755054-8671242,"https://images-eu.ssl-images-amazon.com/images/I/618sdCarMTL._AC_UL600_SR600,400_.jpg",76,,4.6,1474,32.99,,,2026-09-25 11:30:43.726358
ram,Computer Memory,B07431W7V3,"Timetec 16GB KIT(2x8GB) Compatible for Apple DDR3L 1600MHz for Early/Mid/Late Mac Book Pro(2011-2012), iMac(2011-2015), Mac M",https://www.amazon.co.uk/Timetec-16GB-Kit-2x8GB-Pro13-inch/dp/B07431W7V3/ref=zg_bs_g_430511031_d_sccl_27/522-4755054-8671242,"https://images-eu.ssl-images-amazon.com/images/I/61EVSzHoWCL._AC_UL600_SR600,400_.jpg",77,,4.7,3287,36.99,,,2026-09-25 11:30:43.726360
ram,Computer Memory,B0BXB88KNK,Kingston Branded Memory 16GB DDR5 5600MT/s SODIMM KCP556SS8-16 Notebook Memory,https://www.amazon.co.uk/Kingston-Branded-Memory-KCP556SS8-16-Notebook/dp/B0BXB88KNK/ref=zg_bs_g_430511031_d_sccl_28/522-4755054-8671242,"https://images-eu.ssl-images-amazon.com/images/I/61-KThDeZ+L._AC_UL600_SR600,400_.jpg",78,,4.4,27,275.61,,,2026-09-25 11:30:43.726361
ram,Computer Memory,B0FDWYZ2WN,CORSAIR VENGEANCE DDR5 RAM 32GB (2x16GB) Up to 6000MHz CL30-36-36-76 1.40V AMD EXPO Intel XMP 3.0 Desktop Computer Memory – G,https://www.amazon.co.uk/CORSAIR-VENGEANCE-6000MHz-CL30-36-36-76-Computer/dp/B0FDWYZ2WN/ref=zg_bs_g_430511031_d_sccl_29/522-4755054-8671242,"https://images-eu.ssl-images-amazon.com/images/I/61-Ag2lc5BL._AC_UL600_SR600,400_.jpg",79,,5.0,3,,,,2026-09-25 11:30:43.726362
ram,Computer Memory,B0CHSGDFN4,CORSAIR DOMINATOR TITANIUM RGB DDR5 64GB (2x32GB) DDR5 Up to 6000MHz CL30 AMD EXPO Intel XMP iCUE Compatible Computer Memory,https://www.amazon.co.uk/CORSAIR-DOMINATOR-TITANIUM-Compatible-Computer/dp/B0CHSGDFN4/ref=zg_bs_g_430511031_d_sccl_30/522-4755054-8671242,"https://images-eu.ssl-images-amazon.com/images/I/61ObybWVj-L._AC_UL600_SR600,400_.jpg",80,,4.7,369,1192.99,,,2026-09-25 11:30:43.726363
ram,Computer Memory,B0CRSZCQNH,Acer Predator PALLAS II DDR5 Up to 6000MHz 64GB (32GBx2) RGB RAM CL30 Intel XMP 3.0 & AMD EXPO Compatible Computer Memory PC5,https://www.amazon.co.uk/Acer-Predator-Compatible-Computer-PC5-48000-Black/dp/B0CRSZCQNH/ref=zg_bs_g_430511031_d_sccl_81/522-4755054-8671242,"https://images-eu.ssl-images-amazon.com/images/I/6157pHc6pHL._AC_UL300_SR300,200_.jpg",81,7c4dbf7ab30c8948,4.4,94,889.99,,,2026-09-25 11:30:43.726364
ram,Computer Memory,B08PJNVWNZ,Team T-force Vulcan Z 16Gb Silver Heatsink 2 X 8Gb Ddr4 3200Mhz Dimm System Memo,https://www.amazon.co.uk/T-force-Vulcan-Silver-Heatsink-3200Mhz/dp/B08PJNVWNZ/ref=zg_bs_g_430511031_d_sccl_82/522-4755054-8671242,"https://images-eu.ssl-images-amazon.com/images/I/71QYVWwXVlL._AC_UL300_SR300,200_.jpg",82,959e8c393ee6531f,4.8,1626,123.73,,,2026-09-25 11:30:43.726365
ram,Computer Memory,B0F7RY9V4N,CORSAIR VENGEANCE DDR5 RAM 96GB (2x48GB) Up to 6000MHz CL36-44-44-96 1.4V AMD EXPO Intel XMP 3.0 Desktop Computer Memory – Gr,https://www.amazon.co.uk/CORSAIR-VENGEANCE-6000MHz-CL36-44-44-96-Computer/dp/B0F7RY9V4N/ref=zg_bs_g_430511031_d_sccl_83/522-4755054-8671242,"https://images-eu.ssl-images-amazon.com/images/I/61-Ag2lc5BL._AC_UL300_SR300,200_.jpg",83,,4.6,126,1177.99,,,2026-09-25 11:30:43.726367
ram,Computer Memory,B015FXXBW0,Corsair 16 GB DDR4-3200 CL16 G.Skill RipJaws V Noir Series Memory Kit,https://www.amazon.co.uk/G-Skill-DDR4-3200-CL16-RipJaws-Memory/dp/B015FXXBW0/ref=zg_bs_g_430511031_d_sccl_84/522-4755054-8671242,"https://images-eu.ssl-images-amazon.com/images/I/618SEnJR1nL._AC_UL300_SR300,200_.jpg",84,4ac69e0fc398b00e,4.7,5649,126.95,,,2026-09-25 11:30:43.726368
ram,Computer Memory,B0DWK3XRTJ,"Biwin DDR5 RAM 16GB Up to 5600MHz, SODIMM 262-pin CL46, Laptop Computer Memory, Mini PC, 1.1V / Independent PMIC/On-die ECC,",https://www.amazon.co.uk/5600MHz-262-pin-Computer-Independent-Performance/dp/B0DWK3XRTJ/ref=zg_bs_g_430511031_d_sccl_85/522-4755054-8671242,"https://images-eu.ssl-images-amazon.com/images/I/61xdw5rjyqL._AC_UL300_SR300,200_.jpg",85,,4.4,17,185.99,,,2026-09-25 11:30:43.726369
ram,Computer Memory,B076Q59DNN,Kingston 4GB 2400MHz DDR4 Non-ECC SO-DIMM Laptop Memory,https://www.amazon.co.uk/Kingston-KVR24S17S6-2400MHz-Non-ECC-SODIMM/dp/B076Q59DNN/ref=zg_bs_g_430511031_d_sccl_86/522-4755054-8671242,"https://images-eu.ssl-images-amazon.com/images/I/61AryIL98AL._AC_UL300_SR300,200_.jpg",86,,4.6,488,29.99,,,2026-09-25 11:30:43.726370
ram,Computer Memory,B09GVT1GTQ,"SJZBIN 10Pcs DDR Memory RAM Module Case Plastic Box Packaging Container Clamshell Antistatic Tray for DDR2, DDR3 and DDR4 Lon",https://www.amazon.co.uk/SJZBIN-Packaging-Container-Clamshell-Antistatic/dp/B09GVT1GTQ/ref=zg_bs_g_430511031_d_sccl_87/522-4755054-8671242,"https://images-eu.ssl-images-amazon.com/images/I/61F45l1jvtL._AC_UL300_SR300,200_.jpg",87,,3.7,78,6.19,,,2026-09-25 11:30:43.726371
ram,Computer Memory,B08DP4ZTBG,8GB DDR4 2666MHz SODIMM,https://www.amazon.co.uk/EETU-OM8G42666SO2RX8NE12-DDR4-2666MHz-SODIMM/dp/B08DP4ZTBG/ref=zg_bs_g_430511031_d_sccl_88/522-4755054-8671242,"https://images-eu.ssl-images-amazon.com/images/I/51YLh-M3-2L._AC_UL300_SR300,200_.jpg",88,eba3471763702271,3.9,7,39.99,,,2026-09-25 11:30:43.726372
ram,Computer Memory,B019FRBHZ0,Crucial RAM CT16G4SFD824A 16GB DDR4 2400MHz CL17 Laptop Memory,https://www.amazon.co.uk/Crucial-CT16G4SFD824A-PC4-19200-SODIMM-260-Pin/dp/B019FRBHZ0/ref=zg_bs_g_430511031_d_sccl_89/522-4755054-8671242,"https://images-eu.ssl-images-amazon.com/images/I/61HilkEGReL._AC_UL300_SR300,200_.jpg",89,6084d244a62dcbc5,4.8,7952,109.99,,,2026-09-25 11:30:43.726374
ram,Computer Memory,B08F4JMP1L,Kingston Branded Memory 8GB DDR4 3200MT/s SODIMM KCP432SS8/8 Notebook Memory,https://www.amazon.co.uk/Kingston-Branded-Memory-KCP432SS8-Notebook/dp/B08F4JMP1L/ref=zg_bs_g_430511031_d_sccl_90/522-4755054-8671242,"https://images-eu.ssl-images-amazon.com/images/I/71U6ZB4gipL._AC_UL300_SR300,200_.jpg",90,,4.7,101,65.04,,,2026-09-25 11:30:43.726375
ram,Computer Memory,B0CHSGCFQT,CORSAIR DOMINATOR TITANIUM RGB DDR5 RAM 32GB (2x16GB) DDR5 Up to 6000MHz CL30 Intel XMP iCUE Compatible Computer Memory - Whi,https://www.amazon.co.uk/CORSAIR-DOMINATOR-TITANIUM-Compatible-Computer/dp/B0CHSGCFQT/ref=zg_bs_g_430511031_d_sccl_91/522-4755054-8671242,"https://images-eu.ssl-images-amazon.com/images/I/61FvCy+l77L._AC_UL300_SR300,200_.jpg",91,,4.8,324,594.98,,,2026-09-25 11:30:43.726376
ram,Computer Memory,B07R4XF8RB,Silicon Power 8GB-DDR4-RAM-2400MHz (PC4 19200) 288 Pin 1.2V CL17 Non ECC Unbuffered UDIMM-Desktop Memory,https://www.amazon.co.uk/Silicon-Power-8GB-DDR4-RAM-2400MHz-Unbuffered-UDIMM-Desktop/dp/B07R4XF8RB/ref=zg_bs_g_430511031_d_sccl_92/522-4755054-8671242,"https://images-eu.ssl-images-amazon.com/images/I/71VmH7RxVQL._AC_UL300_SR300,200_.jpg",92,2a7b445e53c29b68,4.6,100,48.99,,,2026-09-25 11:30:43.726377
ram,Computer Memory,B0CB2VGYFW,【RGB DDR4 RAM】GIGASTONE Game TURBO 32GB Kit (2x16GB) DDR4 3200MHz PC4-25600 CL16-18-18-40 Intel XMP 2.0 AMD Ryzen 1.35V UDIMM,https://www.amazon.co.uk/Gigastone-Desktop-DDR4-3200MHz-PC4-25600-Unbuffered-DDR4-3200MHz-RGB-Game-Turbo-Udimm/dp/B0CB2VGYFW/ref=zg_bs_g_430511031_d_sccl_93/522-4755054-8671242,"https://images-eu.ssl-images-amazon.com/images/I/510V6PbPGrL._AC_UL300_SR300,200_.jpg",93,,4.7,348,236.99,,,2026-09-25 11:30:43.726378
ram,Computer Memory,B0CCF65QG4,OWC 32GB (2X16GB) DDR4 RAM Compatible With Synology DiskStation DS723+ and DS923+ NAS System 2666MHz PC4-21300 CL19 ECC SODIM,https://www.amazon.co.uk/OWC-Compatible-Synology-DiskStation-PC4-21300/dp/B0CCF65QG4/ref=zg_bs_g_430511031_d_sccl_94/522-4755054-8671242,"https://images-eu.ssl-images-amazon.com/images/I/61tqXVXb5OL._AC_UL300_SR300,200_.jpg",94,,4.6,246,362.7,,,2026-09-25 11:30:43.726380
ram,Computer Memory,B0BVN1YZKV,CORSAIR VENGEANCE DDR5 RAM 48GB (2x24GB) Up to 5600MHz CL40 Intel XMP iCUE Compatible Computer Memory - Black (CMK48GX5M2B560,https://www.amazon.co.uk/CORSAIR-VENGEANCE-5600MHz-Compatible-Computer/dp/B0BVN1YZKV/ref=zg_bs_g_430511031_d_sccl_95/522-4755054-8671242,"https://images-eu.ssl-images-amazon.com/images/I/71AV5PQu1yL._AC_UL300_SR300,200_.jpg",95,aff4884b4175ce51,4.6,18,499.99,,,2026-09-25 11:30:43.726381
ram,Computer Memory,B0BQX98VK7,Samsung 8GB DDR5 4800 MHz PC5-38400 SODIMM Laptop Memory RAM (M425R1GB4BB0) OEM,https://www.amazon.co.uk/Samsung-PC5-38400-SODIMM-Laptop-M425R1GB4BB0/dp/B0BQX98VK7/ref=zg_bs_g_430511031_d_sccl_96/522-4755054-8671242,"https://images-eu.ssl-images-amazon.com/images/I/61Yw2NNpQPL._AC_UL300_SR300,200_.jpg",96,,4.6,68,137.59,,,2026-09-25 11:30:43.726382
storage,Internal Solid State Drives,B0B9C3ZVHR,Samsung 990 PRO 1TB PCIe 4.0 (up to 7450 MB/s) NVMe M.2 (2280) Internal Solid State Drive (SSD) (MZ-V9P1T0BW),https://www.amazon.co.uk/Samsung-Internal-Solid-State-MZ-V9P1T0BW/dp/B0B9C3ZVHR/ref=zg_bs_g_430505031_d_sccl_1/524-3698123-6031407,"https://images-eu.ssl-images-amazon.com/images/I/71XHEQZZW+L._AC_UL600_SR600,400_.jpg",1,25175c1510909830,4.8,12980,186.99,,,2026-09-25 11:36:22.600612
storage,Internal Solid State Drives,B0DC8RVRBZ,"Crucial P310 2TB SSD M.2 2280 NVMe PCIe Gen4, Up to 7,100MB/s, Laptop & Desktop (PC) Compatible, Internal Solid State Drive -",https://www.amazon.co.uk/Crucial-Internal-Gaming-Desktop-Compatible/dp/B0DC8RVRBZ/ref=zg_bs_g_430505031_d_sccl_2/524-3698123-6031407,"https://images-eu.ssl-images-amazon.com/images/I/51iNNIdPqkL._AC_UL600_SR600,400_.jpg",2,,4.6,11101,229.99,,,2026-09-25 11:36:22.600617
storage,Internal Solid State Drives,B0B2K51BHH,"KingSpec 1TB 2.5"" SATA III 6Gb/s SSD, Read Speed up to 550MB/s, 3D NAND Flash Internal Solid State Drive for Desktop & Laptop",https://www.amazon.co.uk/KingSpec-Internal-Computer-White-Collar-Game-Player/dp/B0B2K51BHH/ref=zg_bs_g_430505031_d_sccl_3/524-3698123-6031407,"https://images-eu.ssl-images-amazon.com/images/I/617eri7XTRL._AC_UL600_SR600,400_.jpg",3,,4.5,9334,99.99,,,2026-09-25 11:36:22.600619
storage,Internal Solid State Drives,B0CW9S8B24,"Integral V Series S 240GB 2.5"" SATA 3 Internal Solid State Drive SSD - Up to 520MB/s Read and 450MB/s Write Speeds. For Lapto",https://www.amazon.co.uk/Integral-240GB-Internal-Solid-State/dp/B0CW9S8B24/ref=zg_bs_g_430505031_d_sccl_4/524-3698123-6031407,"https://images-eu.ssl-images-amazon.com/images/I/71BrqInnExL._AC_UL600_SR600,400_.jpg",4,,4.5,102,36.95,,,2026-09-25 11:36:22.600620
storage,Internal Solid State Drives,B0DBR3DZWG,Kingston NV3 NVMe PCIe 4.0 Internal SSD 1TB M.2 2280-SNV3S/1000G,https://www.amazon.co.uk/Kingston-NVMe-Internal-2280-SNV3S-1000G/dp/B0DBR3DZWG/ref=zg_bs_g_430505031_d_sccl_5/524-3698123-6031407,"https://images-eu.ssl-images-amazon.com/images/I/71c5uuoM1bL._AC_UL600_SR600,400_.jpg",5,,4.4,13940,129.98,,,2026-09-25 11:36:22.600622
storage,Internal Solid State Drives,B0CCN9NHTC,"Crucial BX500 SATA SSD 1TB, 2.5"", Up to 540MB/s, Laptop and Desktop (PC) Compatible, 3D NAND, Dynamic Write Acceleration, Int",https://www.amazon.co.uk/Crucial-BX500-NAND-Internal-CT1000BX500SSD101/dp/B0CCN9NHTC/ref=zg_bs_g_430505031_d_sccl_6/524-3698123-6031407,"https://images-eu.ssl-images-amazon.com/images/I/51zhuXxYuRL._AC_UL600_SR600,400_.jpg",6,,4.7,156147,149.99,,,2026-09-25 11:36:22.600623
storage,Internal Solid State Drives,B07TNQXQ6N,"Lexar NS100 2.5"" SATA III Internal 256GB SSD | 6Gb/s, Up To 520MB/s Read, For Laptop, Desktop Computer/PC, LNS100-256AMZN",https://www.amazon.co.uk/Lexar-Internal-Desktop-Computer-LNS100-256AMZN/dp/B07TNQXQ6N/ref=zg_bs_g_430505031_d_sccl_7/524-3698123-6031407,"https://images-eu.ssl-images-amazon.com/images/I/91-FIuGIF0L._AC_UL600_SR600,400_.jpg",7,89a2b6dd67382864,4.6,9329,39.9,,,2026-09-25 11:36:22.600624
storage,Internal Solid State Drives,B0C3ZJ8T6F,"Acer Predator GM7 1TB SSD, M.2 2280 PCIe Gen 4 x4 NVMe 2.0, Read Speed Up to 7200 MB/s, Internal PC Solid State Drive for Lap",https://www.amazon.co.uk/Acer-Predator-GM7000-512GB-2280/dp/B0C3ZJ8T6F/ref=zg_bs_g_430505031_d_sccl_8/524-3698123-6031407,"https://images-eu.ssl-images-amazon.com/images/I/51qIcFcKe7L._AC_UL600_SR600,400_.jpg",8,,4.8,2589,155.99,,,2026-09-25 11:36:22.600625
storage,Internal Solid State Drives,B0B7CKVCCV,"WD_BLACK SN850X NVMe SSD 1TB (up to 7,300MB/s read speed, up to 6,300MB/s write speed, M.2 2280, PCIe Gen4, Gaming Expansion",https://www.amazon.co.uk/WD_BLACK-SN850X-2280-Gaming-speed/dp/B0B7CKVCCV/ref=zg_bs_g_430505031_d_sccl_9/524-3698123-6031407,"https://images-eu.ssl-images-amazon.com/images/I/614ZXRwnMnL._AC_UL600_SR600,400_.jpg",9,,4.7,17456,178.99,,,2026-09-25 11:36:22.600627
storage,Internal Solid State Drives,B0BBR9JFNT,"Netac NV3000 1TB SSD 1TB Internal NVMe SSD Solid State Drive M.2 2280mm PCIe3.0 3D NAND with Heat Sink, Up to 3100/2100 MB/s,",https://www.amazon.co.uk/Netac-NV3000-NVMe-2280MM-3100MB/dp/B0BBR9JFNT/ref=zg_bs_g_430505031_d_sccl_10/524-3698123-6031407,"https://images-eu.ssl-images-amazon.com/images/I/61SSofeVx0L._AC_UL600_SR600,400_.jpg",10,25208371ae63eb89,4.5,700,116.26,,,2026-09-25 11:36:22.600628
storage,Internal Solid State Drives,B0DZ5ZK225,"Crucial P510 1TB SSD NVMe M.2 PCIe 5.0 x4 Gen5, Read/Write Speeds up to 11,000/9,500 MB/s, Laptop & Desktop (PC) Compatible,",https://www.amazon.co.uk/Crucial-Internal-Desktop-Compatible-Backwards/dp/B0DZ5ZK225/ref=zg_bs_g_430505031_d_sccl_11/524-3698123-6031407,"https://images-eu.ssl-images-amazon.com/images/I/51nDsjHC-GL._AC_UL600_SR600,400_.jpg",11,,4.7,1443,159.99,,,2026-09-25 11:36:22.600630
storage,Internal Solid State Drives,B0DNMDSKDT,"Lexar EQ790 2TB SSD, M.2 2280 PCIe Gen4 NVMe SSD | Up to 7,000MB/s Read, High-Performance Storage Internal Solid State Drive",https://www.amazon.co.uk/Lexar-EQ790-2280-PCIe-Gen4/dp/B0DNMDSKDT/ref=zg_bs_g_430505031_d_sccl_12/524-3698123-6031407,"https://images-eu.ssl-images-amazon.com/images/I/61OQ6pbX5NL._AC_UL600_SR600,400_.jpg",12,72ffbec5edc79401,4.6,1726,229.99,,,2026-09-25 11:36:22.600631
storage,Internal Solid State Drives,B0C47ZX1WB,"WD BLACK SN850P 2TB PS5 SSD (Officially Licensed for PlayStation 5, Read Speeds Up to 7300 MB/s, M.2 2280 PCIe NVMe, Exclusiv",https://www.amazon.co.uk/Officially-Licensed-PlayStation-Exclusive-Heatsink/dp/B0C47ZX1WB/ref=zg_bs_g_430505031_d_sccl_13/524-3698123-6031407,"https://images-eu.ssl-images-amazon.com/images/I/71m4ODJ7+DL._AC_UL600_SR600,400_.jpg",13,,4.7,11349,309.99,,,2026-09-25 11:36:22.600632
storage,Internal Solid State Drives,B0B55SWRCY,"fanxiang M.2 SSD 256GB NVMe SSD PCIe Gen3x4 2280 Up To 3200MB/s | with Cooling Sticker, 3D NAND TLC with SLC Cache, Internal",https://www.amazon.co.uk/fanxiang-S500-Pro-Internal-Compatible/dp/B0B55SWRCY/ref=zg_bs_g_430505031_d_sccl_14/524-3698123-6031407,"https://images-eu.ssl-images-amazon.com/images/I/61zv9Ct-AEL._AC_UL600_SR600,400_.jpg",14,fb629ff1b162765f,4.5,6299,45.9,,,2026-09-25 11:36:22.600634
storage,Internal Solid State Drives,B0CNSV1M47,"fanxiang 512GB NVMe M.2 2280 SSD, Up to 3000MB/s, PCIe Gen3 x4 | Graphite Cooling Sticker, Internal Solid State Drives, Deskt",https://www.amazon.co.uk/fanxiang-Graphene-Cooling-Sticker-Internal/dp/B0CNSV1M47/ref=zg_bs_g_430505031_d_sccl_15/524-3698123-6031407,"https://images-eu.ssl-images-amazon.com/images/I/617a5ipor-L._AC_UL600_SR600,400_.jpg",15,,4.3,1056,69.99,,,2026-09-25 11:36:22.600635
storage,Internal Solid State Drives,B0CM63ZP2Y,"fanxiang 512GB 2.5"" SATA III SSD, Up to 550MB/s, SATA 6Gb/s | 2.5-Inch Form Factor, SATA 6Gb/s Interface, Internal Solid Stat",https://www.amazon.co.uk/fanxiang-512GB-Internal-Drives-Desktops-S101Q/dp/B0CM63ZP2Y/ref=zg_bs_g_430505031_d_sccl_16/524-3698123-6031407,"https://images-eu.ssl-images-amazon.com/images/I/61WmYCclczL._AC_UL600_SR600,400_.jpg",16,fc68ed21e48ad82e,4.3,5177,58.99,,,2026-09-25 11:36:22.600636
storage,Internal Solid State Drives,B0FGP7W3NJ,"SIX NVME M.2 SSD PCIe 4.0-1TB m.2 2280 ssd, Read UP to 7350MB/s 1TB for Gaming PS5 Memory Storage Expansion with Heatsink, In",https://www.amazon.co.uk/SIX-SSD-Expansion-Heatsink-Internal/dp/B0FGP7W3NJ/ref=zg_bs_g_430505031_d_sccl_17/524-3698123-6031407,"https://images-eu.ssl-images-amazon.com/images/I/71gk6okbBcL._AC_UL600_SR600,400_.jpg",17,,4.4,696,142.99,,,2026-09-25 11:36:22.600638
storage,Internal Solid State Drives,B08PC43D78,"Samsung SSD 870 EVO, 500 GB, Form Factor 2.5 Inch, Intelligent Turbo Write, Magician 6 Software",https://www.amazon.co.uk/Samsung-Factor-Intelligent-Magician-Software/dp/B08PC43D78/ref=zg_bs_g_430505031_d_sccl_18/524-3698123-6031407,"https://images-eu.ssl-images-amazon.com/images/I/61rKP069UhL._AC_UL600_SR600,400_.jpg",18,875d07f1679ee906,4.7,44273,155.0,,,2026-09-25 11:36:22.600639
storage,Internal Solid State Drives,B0GFVHHYLY,"Lexar ARES 512GB SSD, M.2 2280 PCIe Gen4 NVMe SSD | Up to 7,200MB/s Read, Internal Solid State Drive for PS5, PC, Laptop, Gam",https://www.amazon.co.uk/Lexar-Gen4x4-Internal-Creators-Professionals/dp/B0GFVHHYLY/ref=zg_bs_g_430505031_d_sccl_19/524-3698123-6031407,"https://images-eu.ssl-images-amazon.com/images/I/51NvEYaWZLL._AC_UL600_SR600,400_.jpg",19,,4.7,361,84.99,,,2026-09-25 11:36:22.600640
storage,Internal Solid State Drives,B09P58BJ2L,Integral SSD 256GB NVME M.2 2280 PCIe Gen3x4 R-3350MB/s W-1350MB/s M2 Solid State Drive,https://www.amazon.co.uk/Integral-256GB-Gen3x4-R-3350MB-W-1350MB/dp/B09P58BJ2L/ref=zg_bs_g_430505031_d_sccl_20/524-3698123-6031407,"https://images-eu.ssl-images-amazon.com/images/I/71uRTu1ocKL._AC_UL600_SR600,400_.jpg",20,17b8d67d0d4b07dd,4.6,435,54.95,,,2026-09-25 11:36:22.600642
storage,Internal Solid State Drives,B0DC6KDV6R,"Lexar NM790 4TB SSD, M.2 2280 PCIe Gen4 NVMe SSD | Up to 7,400MB/s Read, Up to 6,500MB/s Write, Internal Solid State Drive fo",https://www.amazon.co.uk/Lexar-NM790-Gen4x4-Internal-Professionals/dp/B0DC6KDV6R/ref=zg_bs_g_430505031_d_sccl_21/524-3698123-6031407,"https://images-eu.ssl-images-amazon.com/images/I/61Q4zdzkh4L._AC_UL600_SR600,400_.jpg",21,1e0d6f3e624410ad,4.7,756,439.99,,,2026-09-25 11:36:22.600643
storage,Internal Solid State Drives,B09XHPHKPJ,"fanxiang SATA SSD 128GB Internal SSD 2.5"" SATA III, Up to 500MB/s | 3D NAND TLC with SLC Cache, Internal SSD for laptops and",https://www.amazon.co.uk/Fanxiang-S101-Internal-Compatible-Desktops/dp/B09XHPHKPJ/ref=zg_bs_g_430505031_d_sccl_22/524-3698123-6031407,"https://images-eu.ssl-images-amazon.com/images/I/61+1a-CcA7L._AC_UL600_SR600,400_.jpg",22,071eb7ca840b580c,4.5,23391,23.99,,,2026-09-25 11:36:22.600644
storage,Internal Solid State Drives,B0BFRDY79K,"Lexar NM610PRO SSD, M.2 2280 PCIe Gen3x4 NVMe 1.4 SSD 1TB Internal, Up to 3300MB/s Reading, 2600MB/s Write, 3D NAND Flash Dri",https://www.amazon.co.uk/Lexar-NM610PRO-Internal-Gen3x4-Reading/dp/B0BFRDY79K/ref=zg_bs_g_430505031_d_sccl_23/524-3698123-6031407,"https://images-eu.ssl-images-amazon.com/images/I/51BPqCU2E1L._AC_UL600_SR600,400_.jpg",23,822bf0001e63554a,4.6,1866,124.99,,,2026-09-25 11:36:22.600645
storage,Internal Solid State Drives,B0CX8P2N9S,"Fikwot FX815 256GB SSD, 2.5"" SATA III SSD, Internal Solid State Drive, Up to 560MB/s, 3D NAND SLC Cashe, Compatible with Lapt",https://www.amazon.co.uk/Fikwot-Internal-Compatible-Desktop-FX815/dp/B0CX8P2N9S/ref=zg_bs_g_430505031_d_sccl_24/524-3698123-6031407,"https://images-eu.ssl-images-amazon.com/images/I/61O4mgdw6NL._AC_UL600_SR600,400_.jpg",24,,4.6,2588,34.99,,,2026-09-25 11:36:22.600647
storage,Internal Solid State Drives,B0CBYZ6DD1,"Samsung 990 PRO NVMe M.2 SSD, 4 TB, PCIe 4.0, 7,450 MB/s read, 6,900 MB/s write, Internal SSD, For gaming and video editing,",https://www.amazon.co.uk/Samsung-Internal-gaming-editing-MZ-V9P4T0BW/dp/B0CBYZ6DD1/ref=zg_bs_g_430505031_d_sccl_25/524-3698123-6031407,"https://images-eu.ssl-images-amazon.com/images/I/71KGN8QGXKL._AC_UL600_SR600,400_.jpg",25,5b6af37e88a55eef,4.6,2327,554.99,,,2026-09-25 11:36:22.600648
storage,Internal Solid State Drives,B0F9XMYR15,"Crucial T710 2TB SSD NVMe M.2 PCIe 5.0 x4 Gen5, Read/Write Speeds up to 14,500/13,800 MB/s, Laptop & Desktop (PC) Compatible,",https://www.amazon.co.uk/Crucial-Speeds-Laptop-Desktop-Compatible/dp/B0F9XMYR15/ref=zg_bs_g_430505031_d_sccl_26/524-3698123-6031407,"https://images-eu.ssl-images-amazon.com/images/I/51WMvihHRvL._AC_UL600_SR600,400_.jpg",26,44278b5a87311956,4.6,800,299.0,,,2026-09-25 11:36:22.600649
storage,Internal Solid State Drives,B0DHVRH6NJ,"Netac SSD 120GB Internal Solid State Drive Hard Drive SATA SSD 2.5 Inch SATAIII 6Gb/s Easy to Install, Notebook Tablet Deskto",https://www.amazon.co.uk/Netac-Internal-SATAIII-Notebook-N530S/dp/B0DHVRH6NJ/ref=zg_bs_g_430505031_d_sccl_27/524-3698123-6031407,"https://images-eu.ssl-images-amazon.com/images/I/61GkMaY7CuS._AC_UL600_SR600,400_.jpg",27,,4.5,1010,19.99,,,2026-09-25 11:36:22.600651
storage,Internal Solid State Drives,B0BZMLXNLS,"SanDisk SSD Ultra 3D 2.5"" SATA 4TB, Internal SSD, Read speeds up to 560 MB/s, 3D NAND Technology, SATA III 6GB/s, nCache Tech",https://www.amazon.co.uk/SanDisk-4TB-Ultra-SSD-SATA/dp/B0BZMLXNLS/ref=zg_bs_g_430505031_d_sccl_28/524-3698123-6031407,"https://images-eu.ssl-images-amazon.com/images/I/61t+4olwoXL._AC_UL600_SR600,400_.jpg",28,,4.4,2264,409.96,,,2026-09-25 11:36:22.600652
storage,Internal Solid State Drives,B0GDWMGZFN,"fanxiang 128GB M.2 NVMe SSD, PCIe Gen3x4 Internal SSD, Up to 1130MB/s-S501 | NVMe PCIe Gen3x4, M.2 2280, with Graphite Coolin",https://www.amazon.co.uk/fanxiang-Graphite-Cooling-Sticker-Internal/dp/B0GDWMGZFN/ref=zg_bs_g_430505031_d_sccl_29/524-3698123-6031407,"https://images-eu.ssl-images-amazon.com/images/I/31oxscwKc9L._AC_UL600_SR600,400_.jpg",29,,4.5,143,31.58,,,2026-09-25 11:36:22.600653
storage,Internal Solid State Drives,B0DWFMD52T,"Samsung Memory MZ-VAP1T0BW 9100 PRO 1TB Internal SSD, PCIe 5.0 x4, NVMe 2.0, SSD Designed for Pros & Gamers, Compatible with",https://www.amazon.co.uk/Samsung-MZ-VAP1T0BW-Internal-Designed-Compatible/dp/B0DWFMD52T/ref=zg_bs_g_430505031_d_sccl_30/524-3698123-6031407,"https://images-eu.ssl-images-amazon.com/images/I/61eeDmVl5UL._AC_UL600_SR600,400_.jpg",30,73cd86fb65721d0f,4.7,1652,219.98,,,2026-09-25 11:36:22.600655
storage,Internal Solid State Drives,B08Z2Z9F85,"Acer FA100 M.2 2280 SSD 512GB: PCIe 3.0 NVMe with HMB & SLC Cache, Up to 3500 MB/s Read Speed, PC Internal Solid State Drive",https://www.amazon.co.uk/Acer-512GB-FA100-Express-Internal/dp/B08Z2Z9F85/ref=zg_bs_g_430505031_d_sccl_31/524-3698123-6031407,"https://images-eu.ssl-images-amazon.com/images/I/617-4DQRRUL._AC_UL300_SR300,200_.jpg",31,7783cf3953b4ddb2,4.6,1602,89.99,,,2026-09-25 11:36:22.600656
storage,Internal Solid State Drives,B0GK1FMZWB,"SanDisk Optimus GX 7100 NVMe SSD 500GB, Up to 7,250MB/s Read Speeds | Up to 6,900MB/s Write Speeds, PCIe Gen 4.0, M.2 2280, B",https://www.amazon.co.uk/SanDisk-OPTIMUS-500GB-speeds-DASHBOARD/dp/B0GK1FMZWB/ref=zg_bs_g_430505031_d_sccl_32/524-3698123-6031407,"https://images-eu.ssl-images-amazon.com/images/I/618YkCq6uzL._AC_UL300_SR300,200_.jpg",32,,4.6,84,106.99,,,2026-09-25 11:36:22.600657
storage,Internal Solid State Drives,B0D1R5VQRG,KingSpec 512GB NVMe SSD Up to 2400MB/s PCIe Gen3 x4 M.2 2280 Internal Solid State Drive for Laptop and Desktop PC,https://www.amazon.co.uk/KingSpec-512GB-NVMe-Gen3x4-2280/dp/B0D1R5VQRG/ref=zg_bs_g_430505031_d_sccl_33/524-3698123-6031407,"https://images-eu.ssl-images-amazon.com/images/I/61AwEi1DPIL._AC_UL300_SR300,200_.jpg",33,,4.6,1067,63.99,,,2026-09-25 11:36:22.600658
storage,Internal Solid State Drives,B0G4RLC8ZM,"Ediloca EN605 128GB M.2 SSD, NVMe1.3 PCIe Gen3 x4 SSD Internal Hard Drive, M.2 2280 - Read/Write Speed up to 1130/400 MB/s -",https://www.amazon.co.uk/Ediloca-EN605-128GB-NVMe1-3-Internal/dp/B0G4RLC8ZM/ref=zg_bs_g_430505031_d_sccl_34/524-3698123-6031407,"https://images-eu.ssl-images-amazon.com/images/I/61cJfqpVemL._AC_UL300_SR300,200_.jpg",34,,4.5,853,32.99,,,2026-09-25 11:36:22.600660
storage,Internal Solid State Drives,B0DQ9K7S1Q,"Crucial P310 1TB PS5 SSD M.2 NVMe PCIe Gen4 with Heatsink, Up to 7100MB/s, Compatible with PlayStation 5, Desktop PC, Interna",https://www.amazon.co.uk/Crucial-Internal-Heatsink-Compatible-PlayStation/dp/B0DQ9K7S1Q/ref=zg_bs_g_430505031_d_sccl_35/524-3698123-6031407,"https://images-eu.ssl-images-amazon.com/images/I/51ZuYxUAmPL._AC_UL300_SR300,200_.jpg",35,,4.6,1690,169.0,,,2026-09-25 11:36:22.600661
storage,Internal Solid State Drives,B0D4RCRNHG,Patriot P320 512GB Internal SSD - NVMe PCIe Gen 3x4 - M.2 2280 - Solid State Drive - P320P512GM28,https://www.amazon.co.uk/Patriot-P320-512GB-Internal-SSD/dp/B0D4RCRNHG/ref=zg_bs_g_430505031_d_sccl_36/524-3698123-6031407,"https://images-eu.ssl-images-amazon.com/images/I/61mLgfAd5QL._AC_UL300_SR300,200_.jpg",36,,4.7,1634,75.99,,,2026-09-25 11:36:22.600662
storage,Internal Solid State Drives,B0G5Y8N621,"fanxiang 500GB NVMe M.2 SSD, Up to 4300MB/s, PCIe Gen4 x4 | Graphite Cooling Sticker, M.2 2280, Internal Solid State Drives,",https://www.amazon.co.uk/fanxiang-Graphite-Cooling-Internal-S690Q/dp/B0G5Y8N621/ref=zg_bs_g_430505031_d_sccl_37/524-3698123-6031407,"https://images-eu.ssl-images-amazon.com/images/I/51QtczRmcpL._AC_UL300_SR300,200_.jpg",37,0818d5d82d20145b,4.5,1473,72.99,,,2026-09-25 11:36:22.600664
storage,Internal Solid State Drives,B0FJ8QFWBQ,"WD Blue SN5100 NVMe SSD 1TB (Up to 7,1000 MB/s read speeds, M.22280, PCIe Gen 4.0, n Cache 4.0, SANDISK 3D CBA NAND technolog",https://www.amazon.co.uk/M-22280-SANDISK-technology-migration-software/dp/B0FJ8QFWBQ/ref=zg_bs_g_430505031_d_sccl_38/524-3698123-6031407,"https://images-eu.ssl-images-amazon.com/images/I/614yB7Nm4KL._AC_UL300_SR300,200_.jpg",38,39ee27491ae8d1cf,4.7,893,135.99,,,2026-09-25 11:36:22.600665
storage,Internal Solid State Drives,B079XC5PVV,"Kingston A400 SSD Internal Solid State Drive 2.5"" SATA Rev 3.0, 960GB - SA400S37/960G",https://www.amazon.co.uk/Kingston-A400-Solid-State-Drive/dp/B079XC5PVV/ref=zg_bs_g_430505031_d_sccl_39/524-3698123-6031407,"https://images-eu.ssl-images-amazon.com/images/I/81+9rUcRVTL._AC_UL300_SR300,200_.jpg",39,,4.7,233102,119.38,,,2026-09-25 11:36:22.600666
storage,Internal Solid State Drives,B09HSQQWCL,SABRENT M.2 NVMe Heatsink for PS5 with Thermal Silicone Pad | Aluminium SSD Cooler Compatible with PlayStation 5 Console – Ea,https://www.amazon.co.uk/SABRENT-Heatsink-Aluminium-Compatible-PlayStation/dp/B09HSQQWCL/ref=zg_bs_g_430505031_d_sccl_40/524-3698123-6031407,"https://images-eu.ssl-images-amazon.com/images/I/71d4+NPDxCL._AC_UL300_SR300,200_.jpg",40,,4.8,4994,9.99,,,2026-09-25 11:36:22.600667
storage,Internal Solid State Drives,B0BWN71PT3,"KingSpec 512GB M.2 2242 NVMe SSD - Read Speed up to 3500 MB/s, M.2 PCIe 3.0 SSD 3D NAND Flash, Compatible with PC/Desktop/Lap",https://www.amazon.co.uk/KingSpec-512GB-M-2-2242-NVMe/dp/B0BWN71PT3/ref=zg_bs_g_430505031_d_sccl_41/524-3698123-6031407,"https://images-eu.ssl-images-amazon.com/images/I/510I9Cf+zHL._AC_UL300_SR300,200_.jpg",41,,4.4,68,,,,2026-09-25 11:36:22.600669
storage,Internal Solid State Drives,B0DM1R7KHZ,"BIWIN Black Opal NV7400 1TB SSD, up to 7450MB/s Read Speed Gen4x4 NVMe M.2 2280, Internal PCIe 4.0 Solid State Drive for Gami",https://www.amazon.co.uk/BIWIN-NV7400-Gen4x4-Internal-Desktop/dp/B0DM1R7KHZ/ref=zg_bs_g_430505031_d_sccl_42/524-3698123-6031407,"https://images-eu.ssl-images-amazon.com/images/I/6137aQRmU7L._AC_UL300_SR300,200_.jpg",42,,4.5,916,145.99,,,2026-09-25 11:36:22.600670
storage,Internal Solid State Drives,B0D61Z8R1W,"Crucial P310 SSD 1TB M.2 2230 NVMe PCIe Gen4, Up to 7,100 MB/s, Compatible with Steam Deck, ASUS ROG Ally, MSI Claw & Microso",https://www.amazon.co.uk/Crucial-Internal-Compatible-Microsoft-Surface/dp/B0D61Z8R1W/ref=zg_bs_g_430505031_d_sccl_43/524-3698123-6031407,"https://images-eu.ssl-images-amazon.com/images/I/61zFwQXNRxL._AC_UL300_SR300,200_.jpg",43,,4.6,2272,175.0,,,2026-09-25 11:36:22.600671
storage,Internal Solid State Drives,B08LKMQ9T4,"Patriot Burst Elite SATA 3 120GB SSD 2.5"" Solid State Drive",https://www.amazon.co.uk/Patriot-Burst-Elite-120GB-Solid/dp/B08LKMQ9T4/ref=zg_bs_g_430505031_d_sccl_44/524-3698123-6031407,"https://images-eu.ssl-images-amazon.com/images/I/615KVrURhfL._AC_UL300_SR300,200_.jpg",44,,4.4,5551,23.99,,,2026-09-25 11:36:22.600674
storage,Internal Solid State Drives,B0GQT88DVW,"Silicon Power 1TB SSD 3D NAND A5X SLC Cache Performance Boost SATA III 2.5"" 7mm (0.28"") Internal Solid State Drive (SP001TBSS",https://www.amazon.co.uk/Silicon-Power-Performance-Internal-SP001TBSS3A55S25AY/dp/B0GQT88DVW/ref=zg_bs_g_430505031_d_sccl_45/524-3698123-6031407,"https://images-eu.ssl-images-amazon.com/images/I/51U+-qjgKWL._AC_UL300_SR300,200_.jpg",45,,4.6,86,99.99,,,2026-09-25 11:36:22.600675
storage,Internal Solid State Drives,B087K9L3R5,Patriot P210 SATA 3 256GB SSD 2.5 Inch Internal Solid State Drive - P210S256G25,https://www.amazon.co.uk/Patriot-Memory-P210-256GB-P210S256G25/dp/B087K9L3R5/ref=zg_bs_g_430505031_d_sccl_46/524-3698123-6031407,"https://images-eu.ssl-images-amazon.com/images/I/71d7yqbAUNL._AC_UL300_SR300,200_.jpg",46,93dc9fd57c7c00f5,4.3,6203,34.49,,,2026-09-25 11:36:22.600676
storage,Internal Solid State Drives,B0D7MLB76V,"WD Blue SN5000 4TB SSD, M.2 2280 NVMe SSD, Read speeds up to 5500 MB/s, PCIe Gen4, nCache Technology, Free Acronis True Image",https://www.amazon.co.uk/Internal-Acronis-migration-software-internal/dp/B0D7MLB76V/ref=zg_bs_g_430505031_d_sccl_47/524-3698123-6031407,"https://images-eu.ssl-images-amazon.com/images/I/61dDFTo+GnL._AC_UL300_SR300,200_.jpg",47,a662c30d8c6fcde0,4.6,2896,399.99,,,2026-09-25 11:36:22.600678
storage,Internal Solid State Drives,B0GJSFFLXZ,"SanDisk Optimus 5100 NVMe SSD 500GB, Up to 7,100MB/s Sequential Read Speeds | Up to 6,700MB/s Sequential Write Speeds, M.2 22",https://www.amazon.co.uk/SanDisk-Optimus-500GB-6700MB-Sequential/dp/B0GJSFFLXZ/ref=zg_bs_g_430505031_d_sccl_48/524-3698123-6031407,"https://images-eu.ssl-images-amazon.com/images/I/612r3pwy1PL._AC_UL300_SR300,200_.jpg",48,a58fb949d1b7f4aa,4.7,149,89.99,,,2026-09-25 11:36:22.600679
storage,Internal Solid State Drives,B0DN6ZQ3PD,"WD_BLACK SN7100 2TB NVMe SSD, M.2 2280, Read speeds up to 7250 MB/s, Write Speed up to 6,900 MB/s, Next Gen TLC 3D NAND, WD_B",https://www.amazon.co.uk/WD_BLACK-DASHBOARD-Laptops-handheld-devices/dp/B0DN6ZQ3PD/ref=zg_bs_g_430505031_d_sccl_49/524-3698123-6031407,"https://images-eu.ssl-images-amazon.com/images/I/61uDl4amtnL._AC_UL300_SR300,200_.jpg",49,,4.7,3662,,,,2026-09-25 11:36:22.600680
storage,Internal Solid State Drives,B0822Y6N1C,Patriot P300 M.2 PCIe Gen 3 x4 128GB Low-Power Consumption SSD - P300P128GM28,https://www.amazon.co.uk/Patriot-P300-128GB-Low-Power-Consumption/dp/B0822Y6N1C/ref=zg_bs_g_430505031_d_sccl_50/524-3698123-6031407,"https://images-eu.ssl-images-amazon.com/images/I/814fPBhbIEL._AC_UL300_SR300,200_.jpg",50,,4.4,5416,37.99,,,2026-09-25 11:36:22.600681
storage,Internal Solid State Drives,B0C14TF467,"WD Blue SA510 SSD, 2TB 2.5"" SATA SSD, Read speeds up to 560 MB/s, Includes Acronis True Image for WD, Disk & Cloning Migratio",https://www.amazon.co.uk/Acronis-Migration-Recovery-Ransomware-Protection/dp/B0C14TF467/ref=zg_bs_g_430505031_d_sccl_1/524-3698123-6031407,"https://images-eu.ssl-images-amazon.com/images/I/71ALZAxtNWL._AC_UL600_SR600,400_.jpg",51,3c360325b91c6bef,4.4,11965,245.0,,,2026-09-25 11:36:22.600683
storage,Internal Solid State Drives,B0B51GGFPV,"Ediloca 128GB SSD, Internal Solid State Drives, 2.5"" SATA SSD 128GB, Up to 500MB/s, 3D NAND TLC, Compatible with Laptop & PC",https://www.amazon.co.uk/EDILOCA-Internal-Read%EF%BC%8CUpgrade-Laptop-Storage/dp/B0B51GGFPV/ref=zg_bs_g_430505031_d_sccl_2/524-3698123-6031407,"https://images-eu.ssl-images-amazon.com/images/I/71smm2khtmL._AC_UL600_SR600,400_.jpg",52,,4.5,2769,25.59,,,2026-09-25 11:36:22.600684
storage,Internal Solid State Drives,B08BFY3FJV,HP 3J122AAABB MPP 2.0 Tilt Pen Digital Stylus Pen USB C Rechargeable LED Battery Indicator Replaceable Tips Magnetic Barrel B,https://www.amazon.co.uk/HP-Tilt-MPP2-0-Rechargeable-stylus/dp/B08BFY3FJV/ref=zg_bs_g_430505031_d_sccl_3/524-3698123-6031407,"https://images-eu.ssl-images-amazon.com/images/I/61UgUtZBq3L._AC_UL600_SR600,400_.jpg",53,,4.2,417,63.42,,,2026-09-25 11:36:22.600685
storage,Internal Solid State Drives,B0DHLCRF91,"SAMSUNG 990 EVO Plus SSD 2TB, PCIe 4.0 x4 M.2 2280, Speeds Up-to 7,250MB/s, Upgrade Storage for PC/Laptops, HMB Technology an",https://www.amazon.co.uk/Technology-Intelligent-Turbowrite-MZ-V9S2T0B-AM/dp/B0DHLCRF91/ref=zg_bs_g_430505031_d_sccl_4/524-3698123-6031407,"https://images-eu.ssl-images-amazon.com/images/I/61nq7N0igEL._AC_UL600_SR600,400_.jpg",54,0487e65c774cf912,4.8,6906,,,,2026-09-25 11:36:22.600687
storage,Internal Solid State Drives,B0G4RNZXS1,"Ediloca EN206 128GB 3D NAND TLC M.2 SSD, M.2 2280 SATA III 6Gb/s SSD Internal Hard Drive, Read/Write Speed up to 550/460 MB/s",https://www.amazon.co.uk/Ediloca-Internal-Compatible-Ultrabooks-Computers/dp/B0G4RNZXS1/ref=zg_bs_g_430505031_d_sccl_5/524-3698123-6031407,"https://images-eu.ssl-images-amazon.com/images/I/61oJlgV+q9L._AC_UL600_SR600,400_.jpg",55,,4.4,1285,26.99,,,2026-09-25 11:36:22.600688
storage,Internal Solid State Drives,B0FJ8MFWSY,"Lexar Thor Pro 1TB SSD, M.2 2280 PCIe Gen4 NVMe SSD | Up to 6,000MB/s, High-Performance Storage SSD, Compatible with PS5, Lap",https://www.amazon.co.uk/Lexar-Thor-2280-PCIe-Gen4/dp/B0FJ8MFWSY/ref=zg_bs_g_430505031_d_sccl_6/524-3698123-6031407,"https://images-eu.ssl-images-amazon.com/images/I/61+JRteVwhL._AC_UL600_SR600,400_.jpg",56,,4.6,192,139.99,,,2026-09-25 11:36:22.600689
storage,Internal Solid State Drives,B0D8PBYMNZ,Netac NV7000-Q 1TB PCIe 4.0 Nvme SSD 1TB Up to 7100MB/s Internal Solid State Drive for Computer Gamer PS4,https://www.amazon.co.uk/Netac-NV7000-Q-1TB-Internal-Computer/dp/B0D8PBYMNZ/ref=zg_bs_g_430505031_d_sccl_7/524-3698123-6031407,"https://images-eu.ssl-images-amazon.com/images/I/611IV220zGL._AC_UL600_SR600,400_.jpg",57,016abeda01d06e38,4.1,20,127.99,,,2026-09-25 11:36:22.600690
storage,Internal Solid State Drives,B0D7DK2CN8,"PHIXERO P500 512GB SATA SSD, 2.5"" Internal Solid State Drive, Up to 550MB/s Read and 480MB/s Write Speeds, 3D NAND, for Lapto",https://www.amazon.co.uk/PHIXERO-P500-SSD/dp/B0D7DK2CN8/ref=zg_bs_g_430505031_d_sccl_8/524-3698123-6031407,"https://images-eu.ssl-images-amazon.com/images/I/61aXKyVX2PL._AC_UL600_SR600,400_.jpg",58,,4.6,445,52.99,,,2026-09-25 11:36:22.600692
storage,Internal Solid State Drives,B0B217LZBG,"Silicon Power 1TB UD90 NVMe 4.0 Gen4 PCIe M.2 SSD R/W up to 5,000/4,800 MB/s (SP01KGBP44UD9005)",https://www.amazon.co.uk/Silicon-Power-NVMe-Gen4-SP01KGBP44UD9005/dp/B0B217LZBG/ref=zg_bs_g_430505031_d_sccl_9/524-3698123-6031407,"https://images-eu.ssl-images-amazon.com/images/I/61ZdMoaYqcL._AC_UL600_SR600,400_.jpg",59,,4.6,1264,139.99,,,2026-09-25 11:36:22.600693
storage,Internal Solid State Drives,B0GLGJZMPW,"Ediloca 128GB NVMe M.2 SSD PCIe Gen 3x4, Up to 1130MB/s Read, M.2 2280 Internal Solid State Drive, Dynamic SLC Cache, Compati",https://www.amazon.co.uk/Ediloca-Internal-Dynamic-Compatible-EN680E/dp/B0GLGJZMPW/ref=zg_bs_g_430505031_d_sccl_10/524-3698123-6031407,"https://images-eu.ssl-images-amazon.com/images/I/517b2bW2bYL._AC_UL600_SR600,400_.jpg",60,,4.4,285,32.99,,,2026-09-25 11:36:22.600694
storage,Internal Solid State Drives,B0BKNX1XVL,MSI SPATIUM S270 SATA 2.5 480GB,https://www.amazon.co.uk/SPATIUM-S270-SATA-2-5-480GB/dp/B0BKNX1XVL/ref=zg_bs_g_430505031_d_sccl_11/524-3698123-6031407,"https://images-eu.ssl-images-amazon.com/images/I/71qxxRo393L._AC_UL600_SR600,400_.jpg",61,,4.5,1006,60.99,,,2026-09-25 11:36:22.600695
storage,Internal Solid State Drives,B0GHN3NM5Z,"fanxiang 128GB M.2 SATA III Internal SSD, Up to 550MB/s-S201 | M.2 SATA Only, B&M Key, 2280 Form Factor, Easy Upgrade for Des",https://www.amazon.co.uk/fanxiang-Internal-Drives-Desktop-Laptop/dp/B0GHN3NM5Z/ref=zg_bs_g_430505031_d_sccl_12/524-3698123-6031407,"https://images-eu.ssl-images-amazon.com/images/I/61TAPf17j+L._AC_UL600_SR600,400_.jpg",62,,4.4,369,27.69,,,2026-09-25 11:36:22.600697
storage,Internal Solid State Drives,B0BYWB6237,"Crucial P3 Plus SSD 1TB M.2 NVMe PCIe Gen4 Internal SSD, Up to 5000MB/s, Laptop & Desktop (PC) Compatible, Solid State Drive",https://www.amazon.co.uk/Crucial-Plus-PCIe-Gen4-Internal/dp/B0BYWB6237/ref=zg_bs_g_430505031_d_sccl_13/524-3698123-6031407,"https://images-eu.ssl-images-amazon.com/images/I/51xZaoS+Q1L._AC_UL600_SR600,400_.jpg",63,,4.7,35640,,,,2026-09-25 11:36:22.600698
storage,Internal Solid State Drives,B0F3BMBQ75,"WD_BLACK SN8100 PCIe Gen 5 NVMe SSD 1TB (Up to 14,900MB/s read, 11,000MB/s write speeds, M.2 2280, Next Gen TLC 3D NAND, Best",https://www.amazon.co.uk/WD_BLACK-Applications-Editing-POWERED-SANDISK/dp/B0F3BMBQ75/ref=zg_bs_g_430505031_d_sccl_14/524-3698123-6031407,"https://images-eu.ssl-images-amazon.com/images/I/51qMSD089BL._AC_UL600_SR600,400_.jpg",64,,4.7,1071,185.8,,,2026-09-25 11:36:22.600699
storage,Internal Solid State Drives,B06XC538RK,Integral V Series 2 120GB SATA III 2.5-Inch Internal Solid State Drive (SSD) – Up to 460MB/s Read and 300MB/s Write,https://www.amazon.co.uk/Integral-120-Solid-State-Drive/dp/B06XC538RK/ref=zg_bs_g_430505031_d_sccl_15/524-3698123-6031407,"https://images-eu.ssl-images-amazon.com/images/I/71er35AcjLL._AC_UL600_SR600,400_.jpg",65,,4.6,3819,29.95,,,2026-09-25 11:36:22.600701
storage,Internal Solid State Drives,B0F5W9VNFM,"Fikwot FX910 1TB SSD M.2 NVMe, PCIe Gen4 Gaming SSD with Heatsink, HMB+SLC, Up to 7300MB/s, M2 2280 Internal Solid State Driv",https://www.amazon.co.uk/Fikwot-FX910-Heatsink-Internal-console/dp/B0F5W9VNFM/ref=zg_bs_g_430505031_d_sccl_16/524-3698123-6031407,"https://images-eu.ssl-images-amazon.com/images/I/61RXNokqUuL._AC_UL600_SR600,400_.jpg",66,559bb19fdfc09036,4.6,343,149.99,,,2026-09-25 11:36:22.600702
storage,Internal Solid State Drives,B0DXDRZ2QN,"fanxiang NVMe SSD 1TB M.2 Heatsink PCIe Gen4, Up to 7100MB/s | M.2 SSD with heatsink compatible with PS5, desktop PCs and lap",https://www.amazon.co.uk/fanxiang-Heatsink-Internal-Professionals-Desktop/dp/B0DXDRZ2QN/ref=zg_bs_g_430505031_d_sccl_17/524-3698123-6031407,"https://images-eu.ssl-images-amazon.com/images/I/61hOCuma1BL._AC_UL600_SR600,400_.jpg",67,,4.6,633,139.99,,,2026-09-25 11:36:22.600703
storage,Internal Solid State Drives,B0H3C6XHGK,"Samsung 990 1TB M.2 2280 NVMe PCIe 4.0 SSD | Data Storage, NVMe 2.0, Up to 7,150/6,450 MB/s Read/Write Speed, For Work, Gamin",https://www.amazon.co.uk/Samsung-990-2280-NVMe-PCIe/dp/B0H3C6XHGK/ref=zg_bs_g_430505031_d_sccl_18/524-3698123-6031407,"https://images-eu.ssl-images-amazon.com/images/I/61dcLiSGdFL._AC_UL600_SR600,400_.jpg",68,,4.6,64,199.99,,,2026-09-25 11:36:22.600705
storage,Internal Solid State Drives,B0FH4QHSVR,OSCOO 1TB NVMe SSD Up to 5200MB/s Read & 4800MB/s Write M.2 2230 PCIe Gen4x4 Internal Solid State Drive 3D NAND Compact High-,https://www.amazon.co.uk/OSCOO-Internal-Compact-High-Speed-Storage/dp/B0FH4QHSVR/ref=zg_bs_g_430505031_d_sccl_19/524-3698123-6031407,"https://images-eu.ssl-images-amazon.com/images/I/611R66mmozL._AC_UL600_SR600,400_.jpg",69,8de3fa89f47e95d7,4.5,72,161.49,,,2026-09-25 11:36:22.600706
storage,Internal Solid State Drives,B0BNQ1NXC3,"fanxiang 1TB M.2 NVMe SSD with Heatsink, PCIe Gen4 PS5 SSD, Up to 5000MB/s | PCIe Gen4x4, M.2 2280, PS5 Compatible, Desktop &",https://www.amazon.co.uk/fanxiang-S660-Internal-Solid-State/dp/B0BNQ1NXC3/ref=zg_bs_g_430505031_d_sccl_20/524-3698123-6031407,"https://images-eu.ssl-images-amazon.com/images/I/51uJ2CBdIBL._AC_UL600_SR600,400_.jpg",70,31a4c9ecc351b63c,4.6,3718,135.99,,,2026-09-25 11:36:22.600851
storage,Internal Solid State Drives,B0GGYKRN2Q,"KEXIN 2.5"" SATA III Internal SSD 64GB - Up to 280MB/s Read and 250MB/s Write Speed, High Speed SSD for Laptop and Desktop PC",https://www.amazon.co.uk/KEXIN-2-5-SATA-Internal-64GB/dp/B0GGYKRN2Q/ref=zg_bs_g_430505031_d_sccl_21/524-3698123-6031407,"https://images-eu.ssl-images-amazon.com/images/I/51kg5BHUHiL._AC_UL600_SR600,400_.jpg",71,,4.5,67,19.99,,,2026-09-25 11:36:22.600853
storage,Internal Solid State Drives,B0CK39YR9V,"Crucial T500 1TB SSD PCIe Gen4 NVMe M.2, Up to 7300MB/s, TLC NAND, Laptop and Desktop Compatible, Microsoft DirectStorage, So",https://www.amazon.co.uk/Crucial-Internal-Compatible-Microsoft-DirectStorage/dp/B0CK39YR9V/ref=zg_bs_g_430505031_d_sccl_22/524-3698123-6031407,"https://images-eu.ssl-images-amazon.com/images/I/51W5aZlKQeL._AC_UL600_SR600,400_.jpg",72,,4.7,5514,,,,2026-09-25 11:36:22.600855
storage,Internal Solid State Drives,B0C4H4YH8V,"Lexar NM790 2TB SSD, M.2 2280 PCIe Gen4x4 NVMe 1.4 Internal SSD, Up to 7400MB/s Read, Up to 6500MB/s Write, Internal Solid St",https://www.amazon.co.uk/Lexar-Gen4x4-Internal-Professionals-LNM790X002T-RNNNG/dp/B0C4H4YH8V/ref=zg_bs_g_430505031_d_sccl_23/524-3698123-6031407,"https://images-eu.ssl-images-amazon.com/images/I/71B52QCcqEL._AC_UL600_SR600,400_.jpg",73,,4.6,2244,259.99,,,2026-09-25 11:36:22.600856
storage,Internal Solid State Drives,B0FWRGXH6G,"Netac SSD 480GB Internal Solid State Drive Hard Drive SATA SSD 2.5 Inch SATAIII 6Gb/s,3D NAND Solid State Drive Internal,for",https://www.amazon.co.uk/Netac-Internal-SATAIII-Desktop-N530S/dp/B0FWRGXH6G/ref=zg_bs_g_430505031_d_sccl_24/524-3698123-6031407,"https://images-eu.ssl-images-amazon.com/images/I/61GkMaY7CuS._AC_UL600_SR600,400_.jpg",74,,4.6,15,54.29,,,2026-09-25 11:36:22.600857
storage,Internal Solid State Drives,B0DN7CYYSD,"WD_BLACK SN7100 1TB NVMe SSD, M.2 2280, Read speeds up to 7250 MB/s, Write Speed up to 6,900 MB/s, Next Gen TLC 3D NAND, WD_B",https://www.amazon.co.uk/WD_BLACK-DASHBOARD-Laptops-handheld-devices/dp/B0DN7CYYSD/ref=zg_bs_g_430505031_d_sccl_25/524-3698123-6031407,"https://images-eu.ssl-images-amazon.com/images/I/61uDl4amtnL._AC_UL600_SR600,400_.jpg",75,,4.6,2818,,,,2026-09-25 11:36:22.600859
storage,Internal Solid State Drives,B0GQT656RP,Silicon Power 1TB NVMe M.2 PCIe Gen3x4 2280 SSD (SP001TBP34A60M28AY),https://www.amazon.co.uk/Silicon-Power-NVMe-Gen3x4-SP001TBP34A60M28AY/dp/B0GQT656RP/ref=zg_bs_g_430505031_d_sccl_26/524-3698123-6031407,"https://images-eu.ssl-images-amazon.com/images/I/51jxJVQAxfL._AC_UL600_SR600,400_.jpg",76,5a82c01e91cfc6b5,4.6,66,129.99,,,2026-09-25 11:36:22.600863
storage,Internal Solid State Drives,B0DQ4XVCJC,"KOOTION 1TB NVMe M.2 SSD, PCIe 4.0 M.2 2280 Internal Solid State Drive,Up to 5000MB/s, Laptop & Desktop (PC) Compatible、Gamin",https://www.amazon.co.uk/KOOTION-Internal-Desktop-Compatible%E3%80%81Gaming-Expansion/dp/B0DQ4XVCJC/ref=zg_bs_g_430505031_d_sccl_27/524-3698123-6031407,"https://images-eu.ssl-images-amazon.com/images/I/617dtyTeCNL._AC_UL600_SR600,400_.jpg",77,7698f56f5b513272,4.2,68,123.99,,,2026-09-25 11:36:22.600865
storage,Internal Solid State Drives,B0CFLSHNL3,"WD Blue SA510 2 TB, M.2 SATA SSD, up to 560 MB/s, Includes Acronis True Image for Western Digital, Disk & Cloning Migration,",https://www.amazon.co.uk/Migration-Flexible-recovery-ransomware-protection/dp/B0CFLSHNL3/ref=zg_bs_g_430505031_d_sccl_28/524-3698123-6031407,"https://images-eu.ssl-images-amazon.com/images/I/61Sze6v6paL._AC_UL600_SR600,400_.jpg",78,3c360325b91c6bef,4.6,226,189.76,,,2026-09-25 11:36:22.600866
storage,Internal Solid State Drives,B0B9BL9T4H,"Crucial BX500 3D NAND SATA 2.5-inch SSD Drive, 500 GB Black",https://www.amazon.co.uk/Crucial-BX500-2-5-inch-Drive-Black/dp/B0B9BL9T4H/ref=zg_bs_g_430505031_d_sccl_29/524-3698123-6031407,"https://images-eu.ssl-images-amazon.com/images/I/41t2uPN1ayL._AC_UL600_SR600,400_.jpg",79,,4.7,9765,109.0,,,2026-09-25 11:36:22.600867
storage,Internal Solid State Drives,B08YYTFQLY,"Acer SA100 2.5 Inch SATA III SSD 240GB, Up to 560 MB/s, Internal Solid State Drive for Laptop and Desktop PC Upgrade - BL.9BW",https://www.amazon.co.uk/Acer-SA100-240GB-Internal-Solid/dp/B08YYTFQLY/ref=zg_bs_g_430505031_d_sccl_30/524-3698123-6031407,"https://images-eu.ssl-images-amazon.com/images/I/51XT8GY3WFL._AC_UL600_SR600,400_.jpg",80,74835586ca0df95c,4.7,2426,49.99,,,2026-09-25 11:36:22.600869
storage,Internal Solid State Drives,B0CQZ6SYD1,"SABRENT M.2 NVMe to PCIe x16 Adapter for Gen5 SSDs PCIe 5.0, Tool-Free Add-on Card with Aluminium Heatsink (EC-TFPE)",https://www.amazon.co.uk/SABRENT-Tool-Free-Compatible-Generations-EC-TFPE-Black/dp/B0CQZ6SYD1/ref=zg_bs_g_430505031_d_sccl_81/524-3698123-6031407,"https://images-eu.ssl-images-amazon.com/images/I/71PeNetYj8L._AC_UL300_SR300,200_.jpg",81,,4.6,646,19.99,,,2026-09-25 11:36:22.600870
storage,Internal Solid State Drives,B09K7DRMSC,Kingston KC3000 PCIe 4.0 NVMe M.2 SSD - High-performance storage for desktop and laptop PCs -SKC3000D/2048G,https://www.amazon.co.uk/Kingston-KC3000-PCIe-NVMe-High-performance/dp/B09K7DRMSC/ref=zg_bs_g_430505031_d_sccl_82/524-3698123-6031407,"https://images-eu.ssl-images-amazon.com/images/I/61b1pY91OlL._AC_UL300_SR300,200_.jpg",82,,4.6,3943,303.94,,,2026-09-25 11:36:22.600871
storage,Internal Solid State Drives,B0FDG5K21M,"KingSpec OneBoom 1TB SSD 2.5 Inch SATA III 6Gb/s Internal Solid State Drive, Read Speed Up to 550MB/s, For PC/Laptop/PS4",https://www.amazon.co.uk/KingSpec-OneBoom-Internal-Solid-Laptop/dp/B0FDG5K21M/ref=zg_bs_g_430505031_d_sccl_83/524-3698123-6031407,"https://images-eu.ssl-images-amazon.com/images/I/71P+y4GfUTL._AC_UL300_SR300,200_.jpg",83,,4.0,323,89.99,,,2026-09-25 11:36:22.600872
storage,Internal Solid State Drives,B0BJVPS4SB,"KingSpec 2TB SATA III SSD 6Gb/s, 2.5"" SATA SSD with 3D NAND Flash, Internal Solid State Hard Drives, for Laptop and PC Deskto",https://www.amazon.co.uk/KingSpec-Internal-Drives-Compatible-Desktop/dp/B0BJVPS4SB/ref=zg_bs_g_430505031_d_sccl_84/524-3698123-6031407,"https://images-eu.ssl-images-amazon.com/images/I/51YwKU-01DL._AC_UL300_SR300,200_.jpg",84,,4.5,758,178.99,,,2026-09-25 11:36:22.600874
storage,Internal Solid State Drives,B07L3NWHL6,"Crucial BX500 2.5 inch 240GB Serial ATA III QLC 3D NAND SSD - Solid State Drives (240GB, 2.5"", 540MB/s, 6Gbps)",https://www.amazon.co.uk/Crucial-BX500-inch-240GB-Serial/dp/B07L3NWHL6/ref=zg_bs_g_430505031_d_sccl_85/524-3698123-6031407,"https://images-eu.ssl-images-amazon.com/images/I/518xJatGRiL._AC_UL300_SR300,200_.jpg",85,,4.7,197,68.1,,,2026-09-25 11:36:22.600875
storage,Internal Solid State Drives,B0BBWH7DBT,Kingston NV2 NVMe PCIe 4.0 Internal SSD 250GB M.2 2280 - SNV2S/250G,https://www.amazon.co.uk/Kingston-NVMe-PCIe-250G-2280/dp/B0BBWH7DBT/ref=zg_bs_g_430505031_d_sccl_86/524-3698123-6031407,"https://images-eu.ssl-images-amazon.com/images/I/71HDFuABFeL._AC_UL300_SR300,200_.jpg",86,,4.6,33060,70.95,,,2026-09-25 11:36:22.600876
storage,Internal Solid State Drives,B07XZLW68F,"PNY CS900 250GB Internal SSD SATA III 2.5""",https://www.amazon.co.uk/PNY-CS900-250GB-Internal-Solid/dp/B07XZLW68F/ref=zg_bs_g_430505031_d_sccl_87/524-3698123-6031407,"https://images-eu.ssl-images-amazon.com/images/I/61cyHqB+KmL._AC_UL300_SR300,200_.jpg",87,,4.6,30401,46.99,,,2026-09-25 11:36:22.600878
storage,Internal Solid State Drives,B0DPG1DM38,"fanxiang NVMe M.2 SSD 1TB with Heatsink, Up to 7300MB/s, PCIe Gen4,PS5 SSD | PCIe Gen4x4, M.2 2280,3D TLC NAND,Internal SSD C",https://www.amazon.co.uk/fanxiang-Heatsink-7300MB-Gen4x4-Internal/dp/B0DPG1DM38/ref=zg_bs_g_430505031_d_sccl_88/524-3698123-6031407,"https://images-eu.ssl-images-amazon.com/images/I/61BBI2S5I-L._AC_UL300_SR300,200_.jpg",88,,4.5,53,142.99,,,2026-09-25 11:36:22.600879
storage,Internal Solid State Drives,B0BXVS3TSK,WD Western Digital Green SN350 NVMe SSD 250GB M.2 2280,https://www.amazon.co.uk/Western-Digital-Green-SN350-250Go/dp/B0BXVS3TSK/ref=zg_bs_g_430505031_d_sccl_89/524-3698123-6031407,"https://images-eu.ssl-images-amazon.com/images/I/51BRworEhOL._AC_UL300_SR300,200_.jpg",89,9f89d566705542e9,4.5,1092,59.71,,,2026-09-25 11:36:22.600880
storage,Internal Solid State Drives,B0H3NYNKFW,"Fikwot FX520 128GB M.2 2280 NVMe SSD, PCIe Gen3 x4, Up to 1100MB/s | Graphite Cooling Sticker • 3D NAND • Laptop & Desktop Co",https://www.amazon.co.uk/Fikwot-FX520-128GB-2280-1100MB/dp/B0H3NYNKFW/ref=zg_bs_g_430505031_d_sccl_90/524-3698123-6031407,"https://images-eu.ssl-images-amazon.com/images/I/61aI6ZtmeWL._AC_UL300_SR300,200_.jpg",90,,4.4,120,27.99,,,2026-09-25 11:36:22.600881
storage,Internal Solid State Drives,B0CTRVZKG7,"Crucial T705 2TB SSD PCIe Gen5 NVMe M.2, Up to 14,500MB/s, Microsoft DirectStorage, PCIe 4.0 Backwards Compatible, Internal S",https://www.amazon.co.uk/Crucial-Microsoft-DirectStorage-Backwards-Compatible/dp/B0CTRVZKG7/ref=zg_bs_g_430505031_d_sccl_91/524-3698123-6031407,"https://images-eu.ssl-images-amazon.com/images/I/51dhbsC8C4L._AC_UL300_SR300,200_.jpg",91,,4.5,619,401.79,,,2026-09-25 11:36:22.600883
storage,Internal Solid State Drives,B09H1D7Y93,WD RED 2TB SN700 NAS NVMe M.2 2280 SSD,https://www.amazon.co.uk/RED-2TB-SN700-NVMe-2280/dp/B09H1D7Y93/ref=zg_bs_g_430505031_d_sccl_92/524-3698123-6031407,"https://images-eu.ssl-images-amazon.com/images/I/61eVjRIvuGL._AC_UL300_SR300,200_.jpg",92,,4.6,977,307.76,,,2026-09-25 11:36:22.600884
storage,Internal Solid State Drives,B07YFG1N7Q,WD Red 500 GB NAS SSD M.2 SATA,https://www.amazon.co.uk/Western-Digital-Red-500GB-SATA/dp/B07YFG1N7Q/ref=zg_bs_g_430505031_d_sccl_93/524-3698123-6031407,"https://images-eu.ssl-images-amazon.com/images/I/51iwh8DPz0L._AC_UL300_SR300,200_.jpg",93,75c1d6bb92ac1452,4.6,783,,,,2026-09-25 11:36:22.600885
storage,Internal Solid State Drives,B0C5R9RKYL,"Netac NV7000-t 2TB NVMe 1.4 Internal Solid State Hard Drive M.2 SSD PCIe 4.0 High Speeds Up to 7300MB/S for PC, Laptops,Compu",https://www.amazon.co.uk/Netac-NV7000-t-Internal-Laptops-Computer/dp/B0C5R9RKYL/ref=zg_bs_g_430505031_d_sccl_94/524-3698123-6031407,"https://images-eu.ssl-images-amazon.com/images/I/61CCtD8lszL._AC_UL300_SR300,200_.jpg",94,,4.4,271,205.99,,,2026-09-25 11:36:22.600887
storage,Internal Solid State Drives,B0G3X58MMS,"Ediloca 120GB SSD Internal Solid State Drive, 2.5"" SATA III 6Gb/s, Up to 400MB/s Read Speed, 3D NAND Flash, Shock Drop-Proof",https://www.amazon.co.uk/Ediloca-Internal-Drop-Proof-Desktop-Compatible/dp/B0G3X58MMS/ref=zg_bs_g_430505031_d_sccl_95/524-3698123-6031407,"https://images-eu.ssl-images-amazon.com/images/I/61o+1BOKTsL._AC_UL300_SR300,200_.jpg",95,,4.6,306,22.99,,,2026-09-25 11:36:22.600888
storage,Internal Solid State Drives,B09F5P2JT8,"Acer Predator GM7000 1TB SSD, PCIe Gen4x4 NVMe M.2 SSD with DRAM Cache, Up to 7400 MB/s, PCIe 4.0 Internal Gaming Solid State",https://www.amazon.co.uk/Acer-Predator-Internal-Cooling-GM7000-1TB/dp/B09F5P2JT8/ref=zg_bs_g_430505031_d_sccl_96/524-3698123-6031407,"https://images-eu.ssl-images-amazon.com/images/I/6139fEmAMfL._AC_UL300_SR300,200_.jpg",96,,4.7,3147,185.99,,,2026-09-25 11:36:22.600889
storage,Internal Solid State Drives,B0BS9WKNXV,Patriot P220 SATA 3 256GB Internal Solid State Drive 2.5” - P220S256G25,https://www.amazon.co.uk/Patriot-P220-256GB-Internal-Solid/dp/B0BS9WKNXV/ref=zg_bs_g_430505031_d_sccl_97/524-3698123-6031407,"https://images-eu.ssl-images-amazon.com/images/I/61Cm3F3pn5L._AC_UL300_SR300,200_.jpg",97,,4.3,2409,35.99,,,2026-09-25 11:36:22.600890
storage,Internal Solid State Drives,B0GXG6G6FP,"DIGIERA CAS100 256GB SATA III SSD, 2.5"" Internal Solid State Drive Up to 550MB/s, SATA 6Gb/s Internal SSD for Desktop PC and",https://www.amazon.co.uk/DIGIERA-CAS100-Internal-Desktop-Laptop/dp/B0GXG6G6FP/ref=zg_bs_g_430505031_d_sccl_98/524-3698123-6031407,"https://images-eu.ssl-images-amazon.com/images/I/61jJLPAQAdL._AC_UL300_SR300,200_.jpg",98,84f5e82502bf7008,4.3,22,34.99,,,2026-09-25 11:36:22.600892
storage,Internal Solid State Drives,B0DZX42SD7,"fanxiang NVMe SSD 1TB M.2 2230 PCIe Gen4x4, Up to 5000MB/s | Internal M.2 2230 SSD compatible with Steam Deck, ROG Ally, Surf",https://www.amazon.co.uk/fanxiang-Internal-Compatible-Surface-Laptops/dp/B0DZX42SD7/ref=zg_bs_g_430505031_d_sccl_99/524-3698123-6031407,"https://images-eu.ssl-images-amazon.com/images/I/61RF6zES6rL._AC_UL300_SR300,200_.jpg",99,39ee27491ae8d1cf,4.5,258,165.99,,,2026-09-25 11:36:22.600893
storage,Internal Solid State Drives,B0G2G7P5FC,"WD_BLACK SN7100X NVMe SSD 2TB (up to 7,250 MB/s read speeds, officially licensed for ROG Xbox Ally (X) & PC, PCIe Gen4, SANDI",https://www.amazon.co.uk/WD_BLACK-SN7100X-officially-licensed-Ultimate/dp/B0G2G7P5FC/ref=zg_bs_g_430505031_d_sccl_100/524-3698123-6031407,"https://images-eu.ssl-images-amazon.com/images/I/51LtYtStALL._AC_UL300_SR300,200_.jpg",100,11c47c587af925f6,4.6,31,251.8,,,2026-09-25 11:36:22.600894
